tree
version=v4
num_class=1
num_tree_per_iteration=1
label_index=0
max_feature_idx=24
objective=binary sigmoid:1
feature_names=blocking_score str_lev_ratio_raw str_lev_ratio_norm str_jaro_winkler_raw str_jaro_winkler_norm str_token_jaccard_raw str_token_jaccard_norm str_token_sort_ratio_raw str_token_sort_ratio_norm date_missing date_year_inferred date_day_diff date_exact_match date_same_weekday venue_missing venue_exact_match venue_alias_match venue_fuzzy_score venue_geo_distance_km venue_geo_distance_missing source_official_feed source_partner_feed_a source_scraped_feed_b source_scraped_feed_c embedding_cosine_sim
feature_infos=[0.37418913999999998:36.660666999999997] [0.037735849056603703:0.97777777777777763] [0.088888888888888906:1] [0.25624461670973298:0.98857142857142877] [0.29487179487179488:1] [0:1] [0:1] [0.037735849056603703:0.97777777777777763] [0.088888888888888906:1] [0:1] [0:1] [0:1184] [0:1] [0:1] [0:1] [0:1] [0:1] [0:1] [-1:16672.329000000002] [0:1] [0:1] [0:1] [0:1] [0:1] [-0.064143874000000003:0.9787264]
tree_sizes=3335 3392 3386 3381 3378 3377 3390 3395 3396 3407 3406 3406 3409 3431 3413 3415 3413 3427 3422 3433 3415 3428 3426 3417 3408 3415 3416 3411 3425 3409 3432 3439 3423 3427 3442 3423 3433 3438 3443 3423 3422 3454 3447 3441 3434 3429 3437 3441 3442 3439 3429 3457 3432 3437 3464 3442 3446 3464 3459 3464 3445 3430 3453 3458 3448 3445 3459 3450 3443 3443 3450 3432 3451 3462 3445 3459 3460 3458 3442 3459 3447 3449 3453 3452 3454 3448 3446 3443 3457 3460 3455 3439 3448 3448 3443 3482 3452 3471 3467 3466 3455 3439 3456 3463 3483 3467 3448 3455 3468 3459 3461 3437 3456 3448 3444 3452 3467 3461 3480 3481 3437 3474 3468 3460 3420 3438 3446 3457 3456 3462 3441 3455 3465 3482 3478 3470 3460 3467 3449 3431 3478 3466 3456 3464 3458 3473 3465 3447 3459 3450 3459 3446 3455 3448 3452 3483 3472 3444 3460 3467 3454 3463 3476 3468 3471 3488 3480 3472 3471 3457 3442 3441 3445 3427 3458 3458 3458 3457 3436 3450 3468 3467 3455 3455 3459 3489 3459 3486 3488 3462 3435 3458 3464 3469 3460 3468 3450 3464 3458 3474 3469 3466 3480 3469 3464 3478 3466 3463 3457 3456 3459 3452 3446 3465 3454 3481 3481 3446

Tree=0
num_leaves=31
num_cat=0
split_feature=11 11 18 11 2 0 11 2 2 18 0 9 11 18 0 2 1 21 0 0 4 0 8 2 4 3 4 2 8 0
split_gain=302534 64141.2 63817.1 29468.4 13256.8 4899.78 7342.05 3838.6 4636.2 2682.99 2501.71 1558.76 1357.27 6403.15 2290.1 4157.86 2136.05 1812.88 1221.62 880.919 1012.79 591.813 395.514 325.591 312.347 263.162 299.303 230.91 387.25 227.015
threshold=1.0000000180025095e-35 360.50000000000006 1.0000000180025095e-35 365.50000000000006 0.85895117540687183 13.705018500000003 2.5000000000000004 0.53546277665995989 0.3741666666666667 1.0000000180025095e-35 2.5423961500000005 1.0000000180025095e-35 2.5000000000000004 1.0000000180025095e-35 3.9404113500000006 0.49253065774804905 0.87695265561163194 1.0000000180025095e-35 8.3934425000000008 7.1046948500000005 0.59630794982625657 4.832657750000001 0.76253132832080206 0.3393028461784458 0.59226755218216331 0.56388239743502921 0.60555910770105148 0.36788399570354463 0.29818990155604957 7.5104160500000008
decision_type=2 2 2 2 2 2 2 2 2 2 2 2 2 2 2 2 2 2 2 2 2 2 2 2 2 2 2 2 2 2
left_child=2 5 10 -3 7 12 -7 8 18 -6 27 -10 13 14 -2 17 -17 19 23 20 -16 -13 -9 -5 -23 26 -20 28 -1 -25
right_child=1 3 -4 4 9 6 -8 22 11 -11 -12 21 -14 -15 15 16 -18 -19 25 -21 -22 24 -24 29 -26 -27 -28 -29 -30 -31
leaf_value=-2.9485631320453431 -2.9092259370701439 -1.9558935617814708 -2.9485631320453431 -2.9220408840669796 -2.0238607482725812 -2.0552691688702991 -2.9485631320453431 -2.9429914552255254 -2.9485631320453431 -2.9485631320453431 -1.9431399235066982 -2.6705569491594527 -2.9485631320453431 -2.9485631320453431 -2.9485631320453431 -2.914797695389185 -2.0354973928991766 -2.9485631320453431 -2.9485631320453431 -1.9936640417579174 -2.2062877317530112 -2.5613566323824646 -2.3804076313648745 -2.770814563616018 -2.1358053084538615 -2.0411762330067793 -2.2497870642992455 -2.9485631320453431 -2.2291115689835186 -2.2995255904746275
leaf_weight=2.9771894216537458 46.007300108671188 273.47440510988235 171.48611068725586 68.236981123685837 91.008323043584824 41.532645791769028 51.554996818304062 162.41054472327232 8.187270909547804 8.584229499101637 2188.8439744114876 6.5099204480648032 1446.5667201578617 559.51313197612762 5.9047590196132687 53.599133133888245 7.9284461438655844 8.0384114384651166 2.5306110084056836 36.95789846777916 20.724496781826019 4.6739869713783255 3.1853922605514517 30.545362204313278 55.668431669473648 4.986291229724884 3.8849315643310547 4.3665444850921622 5.0310492813587189 2.7884336709976187
leaf_count=60 893 382 3456 1341 244 136 1039 3256 165 173 2530 97 29153 11276 119 1046 23 162 51 78 127 60 30 513 267 15 27 88 33 22
internal_value=-2.44157 -2.77481 -2.01952 -2.36578 -2.61312 -2.90527 -2.55 -2.75663 -2.60203 -2.10356 -1.94715 -2.29738 -2.9204 -2.86526 -2.60511 -2.50003 -2.80149 -2.24107 -2.80438 -2.15164 -2.37088 -2.21763 -2.93217 -2.85947 -2.16877 -2.31365 -2.52542 -2.65607 -2.49658 -2.73139
internal_weight=5377.71 3005 2372.7 726.675 453.201 2278.33 93.0876 353.608 188.012 99.5926 2201.22 75.0396 2185.24 738.674 179.16 133.153 61.5276 71.6256 112.973 63.5872 26.6293 66.8523 165.596 101.571 60.3424 11.4018 6.41554 12.3748 8.00824 33.3338
internal_count=56862 50695 6167 6643 6261 44052 1175 5844 2558 417 2711 589 42877 13724 2448 1555 1069 486 1969 324 246 424 3286 1876 327 93 78 181 93 535
is_linear=0
shrinkage=1


Tree=1
num_leaves=31
num_cat=0
split_feature=11 11 18 11 9 2 11 2 2 2 11 17 6 18 21 24 2 0 0 0 0 18 8 7 2 7 7 1 0 3
split_gain=68082.6 29380.6 12810.1 5195.96 3842.3 3221.21 3042.31 2056.16 1922.4 1288.47 992.193 3779.17 1273.06 485.667 459.286 428.908 857.544 398.074 373.419 326.441 307.67 289.397 277.879 267.112 213.758 191.215 174.219 224.309 155.516 143.455
threshold=1.0000000180025095e-35 363.50000000000006 1.0000000180025095e-35 368.50000000000006 1.0000000180025095e-35 0.85895117540687183 2.5000000000000004 0.85895117540687183 0.53546277665995989 0.35859165709911983 2.5000000000000004 0.93750000000000011 0.15476190476190474 1.0000000180025095e-35 1.0000000180025095e-35 0.39075681500000009 0.38924963924963929 13.209223500000002 8.6088110000000011 2.6507173500000003 7.5104160500000008 -1.0000000180025095e-35 0.70801282051282055 0.20550527903469082 0.40651483050847464 0.17445652173913043 0.24440019910403188 0.20431354359925794 20.257357000000003 0.49538166214995488
decision_type=2 2 2 2 2 2 2 2 2 2 2 2 2 2 2 2 2 2 2 2 2 2 2 2 2 2 2 2 2 2
left_child=2 5 19 -3 -5 10 -7 8 9 18 11 13 14 15 25 16 -2 -10 -6 26 21 29 -19 -23 -25 -13 27 -1 -8 -11
right_child=1 3 -4 4 7 6 28 -9 17 20 -12 12 -14 -15 -16 -17 -18 22 -20 -21 -22 23 -24 24 -26 -27 -28 -29 -30 -31
leaf_value=-0.053714185631944571 -0.017826816837294174 0.40037637500898732 -0.052620751995090469 -0.052880575259509122 0.016428132548901603 0.37701874953400155 -0.052665901605536393 0.38729686749946968 -0.052658332649809673 0.17050360598370448 -0.051981330518073701 0.13812422674589991 -0.025417085025207398 -0.052620751995090469 -0.052623113635975161 -0.052786111426517505 0.41070730057095411 -0.052635391729108062 0.37591808256763937 0.39814139352168287 0.41977002253245055 -0.05459610804624207 0.60216550653534295 0.32848360888778083 -0.055107786576507667 0.37482006933458756 -0.053926831289383886 0.38570023023796579 0.39278308395856609 0.40596598779144105
leaf_weight=3.8019554466009202 25.723383627831936 597.4394683688879 163.55167293548584 126.34129059314728 52.26571087539196 100.22792171686888 74.916581250727177 185.54697345197201 80.691436786204576 8.025312624871729 1362.2112787365913 9.3598446212708932 33.056660924106836 531.92152887582779 7.4356975182890883 35.88908427208662 21.374771606177092 2.6634673774242392 8.3822828605771047 4829.5301138162613 66.599339678883553 9.9537864997982961 4.1366019882261753 18.878076277673248 4.4969653189182273 96.542394071817398 5.0783511549234381 12.300663225352762 2.0120032206177703 33.349032592028379
leaf_count=67 484 381 3456 2543 972 196 1574 299 1689 69 28677 88 653 11240 157 726 94 56 25 2516 123 139 11 108 56 222 87 41 2 111
internal_value=0.264487 0.0952358 0.382608 0.295942 0.192183 -0.0093425 0.195491 0.257367 0.174075 0.25889 -0.026431 0.0192867 0.2476 -0.0350692 0.32723 0.0774307 0.176657 -0.0216975 0.066114 0.397282 0.34163 0.271967 0.345692 0.162318 0.254687 0.3539 0.201421 0.281951 -0.0410156 0.360294
internal_weight=8513.7 3499.44 5014.26 1198.77 601.33 2300.67 177.157 474.989 289.442 201.951 2123.51 761.303 146.395 614.909 113.338 82.9872 47.0982 87.4915 60.648 4850.71 141.303 74.7032 6.80007 33.3288 23.375 105.902 21.181 16.1026 76.9286 41.3743
internal_count=56862 50695 6167 6582 6201 44113 1772 3658 3359 1603 42341 13664 1120 12544 467 1304 578 1756 997 2711 606 483 67 303 164 310 195 108 1576 180
is_linear=0
shrinkage=0.05


Tree=2
num_leaves=31
num_cat=0
split_feature=11 11 18 2 11 9 11 2 2 11 18 6 0 2 0 3 0 4 0 0 7 4 4 4 3 3 2 2 7 0
split_gain=35458.4 19603 6864.81 2486.75 2414.52 2514.28 1910.44 1014.56 1233.53 948.567 2890.41 834.334 908.427 669.795 278.108 269.54 210.063 165.94 220.079 140.14 166.175 120.945 205.023 120.041 159.353 116.435 135.315 180.824 203.44 109.644
threshold=1.0000000180025095e-35 360.50000000000006 1.0000000180025095e-35 0.85895117540687183 368.50000000000006 1.0000000180025095e-35 2.5000000000000004 0.85895117540687183 0.53546277665995989 2.5000000000000004 1.0000000180025095e-35 0.087121212121212113 3.9404113500000006 0.35859165709911983 13.209223500000002 0.57625270731089151 4.3784611500000006 0.59509844873621975 7.3815808000000009 2.7320753500000006 0.25677655677655681 0.63453598830836699 0.64259546813894652 0.61543610710277397 0.50967804378504622 0.37389306599832922 0.3393028461784458 0.34094447327451999 0.12793235133660663 13.209223500000002
decision_type=2 2 2 2 2 2 2 2 2 2 2 2 2 2 2 2 2 2 2 2 2 2 2 2 2 2 2 2 2 2
left_child=2 3 19 9 -3 -6 -5 8 13 10 11 12 21 15 -10 25 -15 18 -14 20 -1 -2 -23 24 29 -7 -27 -28 -29 -18
right_child=1 4 -4 6 5 7 -8 -9 14 -11 -12 -13 17 16 -16 -17 23 -19 -20 -21 -22 22 -24 -25 -26 26 27 28 -30 -31
leaf_value=0.23270444283743028 -0.052758045019156243 0.28209349519800736 -0.052486410795814578 0.26940731514013277 -0.052733324082276135 0.37981472555811036 -0.05248761556510833 0.27535960489769917 -0.052522047903058415 -0.052487999794077117 -0.052486410795814578 -0.020468266064253181 -0.053139422500253178 -0.054433181162552614 0.23784894133584339 0.2930107648422135 -0.054935631226226259 0.26951567615998623 0.25262759290288539 0.28380980269648909 -0.055278833766910541 0.44094382844796798 -0.053065760163837905 0.27639296651898837 0.24785681799679429 -0.052812799316009511 0.42556485342919209 0.58769077211694742 -0.053378725461665749 0.32812156630638628
leaf_weight=31.069645825773478 33.773474358022213 803.03644393384457 155.96330451965332 132.16176983714104 120.50665774941444 2.0918335616588584 70.779960554093122 245.85984402894974 76.950203731656075 1292.4995504617691 507.24176585674286 56.008860029280186 9.9087780267000216 5.6197769381105891 9.2357876449823362 10.323494803160427 9.3014223389327508 143.27580327913165 14.491431020200251 6372.835514202714 5.9720920138061038 3.6588688194751722 4.9303862564265728 143.29591653868556 23.735590521246195 36.549814980477095 3.759196735918521 1.4119783677160729 10.018442016094921 2.3375732898712149
leaf_count=118 690 442 3456 196 2543 25 1568 299 1689 28624 11240 1115 184 77 67 44 123 289 27 2501 92 25 94 308 97 735 12 8 173 1
internal_value=0.20508 0.0829243 0.275271 -0.00987371 0.222904 0.155098 0.15714 0.198243 0.141583 -0.026281 0.0175221 0.150999 0.196723 0.198125 -0.0214056 0.0589812 0.246563 0.248989 0.128457 0.283246 0.186274 -0.0101528 0.157373 0.25603 0.173544 0.0141001 -0.000685764 0.124744 0.0258114 0.0219975
internal_weight=10338.6 3772.76 6565.84 2268.73 1504.03 700.998 202.942 580.491 334.631 2065.79 773.289 266.048 210.039 248.445 86.186 64.1548 184.29 167.676 24.4002 6409.88 37.0417 42.3627 8.58926 178.671 35.3746 53.8313 51.7394 15.1896 11.4304 11.639
internal_count=56862 50695 6167 44052 6643 6201 1764 3658 3359 42288 13664 2424 1309 1603 1756 997 606 500 211 2711 210 809 119 529 221 953 928 193 181 124
is_linear=0
shrinkage=0.05


Tree=3
num_leaves=31
num_cat=0
split_feature=18 11 11 11 11 9 2 2 2 0 21 11 0 0 11 3 7 1 7 0 2 1 11 22 2 3 2 7 0 3
split_gain=24368.3 10624.1 10607.1 3556.68 1002.55 1246.29 548.651 808.006 385.712 369.751 337.75 277.605 223.586 209.603 197.388 175.003 116.311 111.67 170.438 104.875 375.84 239.912 96.2233 89.7878 82.6232 117.968 108.512 110.985 79.8467 131.394
threshold=1.0000000180025095e-35 1.5000000000000002 363.50000000000006 2.5000000000000004 365.50000000000006 1.0000000180025095e-35 0.85895117540687183 0.53546277665995989 0.35859165709911983 2.7320753500000006 1.0000000180025095e-35 368.50000000000006 13.209223500000002 4.1634054500000008 1.0000000180025095e-35 0.57625270731089151 0.25677655677655681 0.29217479674796748 0.21304964539007087 14.095970500000002 0.47943661971830992 0.89825495415557544 360.50000000000006 1.0000000180025095e-35 0.3393028461784458 0.37389306599832922 0.34094447327451999 0.12793235133660663 5.4029843500000014 0.54160618363404756
decision_type=2 2 2 2 2 2 2 2 2 2 2 2 2 2 2 2 2 2 2 2 2 2 2 2 2 2 2 2 2 2
left_child=1 9 3 10 -4 11 7 8 15 14 13 -6 -9 17 16 24 -1 -3 -19 20 -15 -22 -5 -24 25 -7 -26 -28 29 -10
right_child=-2 2 4 22 5 6 -8 12 28 -11 -12 -13 -14 19 -16 -17 -18 18 -20 -21 21 -23 23 -25 26 -27 27 -29 -30 -31
leaf_value=0.18773967150333842 -0.052451670706392506 -0.052811471164971459 0.22767975340646404 -0.052360816645723875 0.18117192557595185 0.3016586881172163 0.22642779638194874 -0.052394941801043399 -0.055236433277179343 0.22527482960719913 -0.053824971077146649 -0.052637685282197977 0.19463754112244047 0.20717767316322774 -0.052684413996782413 0.22913712297057376 -0.055011672170558537 0.41808733985545299 -0.052830718105069924 0.23183009346155914 -0.053112055592858955 0.20306098013338436 -0.058901269051889818 0.21484241359466172 0.3079229018468681 -0.052678915209616053 0.33524698809618336 -0.053231283476311134 0.21428737275872117 0.20427877279284382
leaf_weight=36.421610284596682 1106.288701672107 15.232397940009834 924.52711907029152 898.02123626321554 14.993412792682646 2.5442926809191695 284.69187542796135 61.712393201887608 7.5576658956706551 7724.1910343542695 18.068773522973061 82.827333129942417 10.75602865219116 114.4077004827559 15.736634388566015 12.511273562908171 5.7077207267284384 3.8157951496541491 3.8701594918966293 76.934000119566917 27.732019361108541 13.632360056042669 5.5162136703729612 6.5552000254392624 4.9316170364618328 30.591624058783054 2.3144692555069915 8.9405357241630536 190.85467467829585 13.753033343702553
leaf_count=118 25383 315 316 20858 51 20 197 1420 96 3155 343 1820 62 206 333 41 92 6 79 60 559 17 43 11 9 644 8 161 390 49
internal_value=0.170869 0.194134 0.111309 -0.00294833 0.193108 0.149263 0.175001 0.132743 0.172012 0.224332 0.155092 -0.0168007 -0.0157295 0.169859 0.0984122 0.0621235 0.154851 0.0255877 0.180963 0.184068 0.160478 0.0313143 -0.0504759 0.0897511 0.0197584 -0.0254716 0.11235 0.026655 0.204038 0.112244
internal_weight=11725.6 10619.4 2837.29 1183.79 1653.51 728.98 631.159 346.468 273.999 7782.06 273.693 97.8207 72.4684 255.624 57.866 61.8338 42.1293 22.9184 7.68595 232.706 155.772 41.3644 910.093 12.0714 49.3225 33.1359 16.1866 11.255 212.165 21.3107
internal_count=56862 31479 27781 22497 5284 4968 3097 2900 1418 3698 1585 1871 1482 1242 543 883 210 400 85 842 782 576 20912 54 842 664 178 169 535 145
is_linear=0
shrinkage=0.05


Tree=4
num_leaves=31
num_cat=0
split_feature=18 11 11 11 11 9 0 20 21 0 6 4 4 11 0 7 0 0 8 11 3 0 8 4 22 3 4 4 3 0
split_gain=18469.3 7255.49 6770.75 4401.9 691.86 927.791 468.29 442.161 427.304 365.51 392.936 324.41 268.236 233.89 192.841 141.525 103.436 90.8682 126.11 88.2968 83.3177 75.8528 73.3493 73.1693 69.5893 68.5829 61.5331 100.243 53.7168 57.11
threshold=1.0000000180025095e-35 1.0000000180025095e-35 363.50000000000006 2.5000000000000004 365.50000000000006 1.0000000180025095e-35 3.9404113500000006 1.0000000180025095e-35 1.0000000180025095e-35 11.605358500000003 0.087121212121212113 0.59094578792854668 0.90035153573199123 368.50000000000006 6.9580013500000009 0.15484515484515488 5.1472082500000012 7.4272598500000013 0.53410852713178303 360.50000000000006 0.54160618363404756 2.6507173500000003 0.29818990155604957 0.59630794982625657 1.0000000180025095e-35 0.55051132442436801 0.63453598830836699 0.64259546813894652 0.46559906149783059 9.3954720000000016
decision_type=2 2 2 2 2 2 2 2 2 2 2 2 2 2 2 2 2 2 2 2 2 2 2 2 2 2 2 2 2 2
left_child=1 21 3 6 -4 13 26 8 15 10 11 14 -12 -6 -7 -8 20 18 23 -5 -13 22 -1 -17 -21 -22 -3 -28 29 -18
right_child=-2 2 4 19 5 9 7 -9 -10 -11 12 16 -14 -15 -16 17 28 -19 -20 24 25 -23 -24 -25 -26 -27 27 -29 -30 -31
leaf_value=-0.055815573851092794 -0.052327204025670149 -0.052582107632959167 0.19141136811315795 -0.05224038134688877 0.1527345660208824 -0.053360405589295661 -0.057687472994829084 -0.056305995703876448 -0.054191832148579866 0.18833588435631474 -0.038188171473420573 -0.054099629738474736 0.1454880353220569 -0.052503593429632234 0.15902488134943737 0.028848291189786237 -0.055517190726252719 0.19241589719620056 -0.052793236979735148 -0.058392118441375797 0.28341678787242219 0.19041747333440101 0.14724034018561424 0.17056375930689655 0.17865620599995208 0.052023817271263872 0.21358298271137011 -0.052787746326935926 0.18314990439613205 0.21518130833164936
leaf_weight=5.3617709353566196 1054.7742067761719 32.422400407493114 1041.2267840206623 856.1437877304852 16.841307274997234 29.626806937158108 6.4194463789463034 24.13006291911006 21.371283136308193 324.30172155797482 58.748766481876373 8.8408413119614142 30.04106044024229 78.983936585485935 16.719286527484655 10.320274971425532 4.8973255194723588 302.36598757654428 8.0544591248035413 5.2917761802673322 5.303025744855403 8517.6380050629377 26.078522928059101 77.555086977779865 7.4616213440895081 8.0835022702813131 6.6586189717054349 7.5219753682613373 209.46513823792338 3.2357702665030956
leaf_count=68 25383 709 316 20858 51 559 73 390 384 341 1283 145 71 1820 116 93 75 399 165 43 15 2516 127 175 11 57 28 156 433 2
internal_value=0.148097 0.166087 0.10189 0.0175824 0.164592 0.129471 0.136294 0.151912 0.163704 0.149466 0.115847 0.144357 0.0239567 -0.0164329 0.0232573 0.17521 0.16776 0.178964 0.136564 -0.050295 0.0650196 0.190131 0.112612 0.15392 0.0802976 0.143689 -0.0145857 0.0722889 0.178255 0.0521808
internal_weight=12805.9 11751.1 3202.03 1365.72 1836.32 795.088 496.82 450.217 426.087 699.263 374.962 286.172 88.7898 95.8252 46.3461 404.715 239.826 398.296 95.9298 868.897 22.2274 8549.08 31.4403 87.8754 12.7534 13.3865 46.603 14.1806 217.598 8.1331
internal_count=56862 31479 28768 23484 5284 4968 2572 1679 1289 3097 2756 1402 1354 1871 675 905 727 832 433 20912 217 2711 195 268 54 72 893 184 510 77
is_linear=0
shrinkage=0.05


Tree=5
num_leaves=31
num_cat=0
split_feature=18 11 11 11 11 9 0 20 7 11 2 2 4 0 2 0 0 11 4 0 0 1 22 0 3 4 4 24 0 3
split_gain=14585.6 5495.12 4881.2 3973.9 561.66 686.679 380.943 362.023 268.3 186.794 165.23 590.981 155.532 146.899 405.61 120.446 95.6466 82.6253 79.3342 95.3579 74.1525 69.6596 61.8513 58.012 73.0604 54.1129 75.7035 52.8229 49.7672 164.512
threshold=1.0000000180025095e-35 1.0000000180025095e-35 363.50000000000006 2.5000000000000004 365.50000000000006 1.0000000180025095e-35 3.9404113500000006 1.0000000180025095e-35 0.1719211822660098 368.50000000000006 0.85895117540687183 0.53546277665995989 0.54694998154300489 10.885345500000001 0.51899951899951913 4.3784611500000006 13.209223500000002 360.50000000000006 0.59048155147226367 7.3815808000000009 13.451532750000002 0.89825495415557544 1.0000000180025095e-35 2.7299810500000006 0.48387321490769775 0.63453598830836699 0.64259546813894652 0.36248933000000005 6.8998042500000007 0.54160618363404756
decision_type=2 2 2 2 2 2 2 2 2 2 2 2 2 2 2 2 2 2 2 2 2 2 2 2 2 2 2 2 2 2
left_child=1 23 3 6 -4 9 25 13 -7 -6 11 12 -10 14 18 -14 -13 -5 19 -8 -18 -16 -19 24 -1 -3 -27 -26 29 -17
right_child=-2 2 4 17 5 8 7 -9 10 -11 -12 16 15 -15 21 28 20 22 -20 -21 -22 -23 -24 -25 27 26 -28 -29 -30 -31
leaf_value=-0.055646222550279893 -0.052217125643046841 -0.052445159448571713 0.16650487179422793 -0.052126265140508755 0.12241160884577013 0.0060451443989719385 -0.053614818606538564 -0.056182032184700137 -0.053773034409777869 -0.052403825672833949 0.16210313094261972 -0.05226650327997584 -0.053688870394572402 0.17662871347073239 -0.053128266644384949 0.050854521709631395 0.21789142618498736 -0.05791601273820407 0.15673833561316297 0.15184367922386319 -0.056214559577666856 0.17446723195471669 0.16283663173291224 0.16606239497184577 0.16977581953217558 0.17118291835028143 -0.052659820553760575 0.033261774207910794 0.17279936476621172 0.18129452550723657
leaf_weight=5.9087455645203582 1003.1972501687706 30.614659558981657 1065.5576311945915 818.84567876160145 19.244927324354649 42.406241726130247 10.378635287284853 23.218535523861647 9.6720630861818773 74.18215486779809 312.8011304885149 53.504624482244253 7.0482398159801951 214.50610671192408 34.073759309947491 40.87355187907815 6.4551790952682477 5.3099644333124143 198.00531846657395 12.388370025902985 3.99391770362854 3.7299979180097571 7.8846453875303268 9112.6622439920902 26.928593408316374 7.8262089937925321 7.3008322305977345 9.6166842542588693 162.93511539325118 59.156921371817589
leaf_count=73 25303 703 301 20928 47 535 177 387 178 1784 188 1303 124 165 649 362 10 45 283 18 46 2 9 2465 44 29 158 87 217 141
internal_value=0.131153 0.146004 0.0899538 0.0185042 0.142799 0.110917 0.123852 0.136578 0.127936 -0.0163938 0.135811 0.111877 0.143232 0.146038 0.120661 0.150289 -0.0252446 -0.0501262 0.146575 0.0581828 0.113121 -0.030672 0.0739982 0.165791 0.107478 -0.0142176 0.0631487 0.133853 0.155756 0.127995
internal_weight=13390.2 12387 3231.91 1374.08 1857.83 792.274 542.042 496.301 698.847 93.4271 656.441 343.64 279.686 473.082 258.576 270.014 63.9537 832.04 220.772 22.767 10.4491 37.8038 13.1946 9155.12 42.454 45.7417 15.127 36.5453 262.966 100.03
internal_count=56761 31458 28789 23553 5236 4935 2571 1681 3104 1831 2569 2381 1022 1294 1129 844 1359 20982 478 195 56 651 54 2669 204 890 187 131 720 503
is_linear=0
shrinkage=0.05


Tree=6
num_leaves=31
num_cat=0
split_feature=18 11 11 11 11 9 21 20 0 7 11 2 2 0 7 8 11 17 21 0 2 3 3 3 22 0 6 1 3 0
split_gain=11998.4 4228.57 3937.33 3458.16 448.175 553.747 330.222 306.176 276.502 214.056 165.41 132.071 469.389 121.732 102.681 91.3603 76.9979 60.5574 59.9555 54.9453 83.2087 108.44 129.267 54.4789 51.1632 49.9136 258.409 58.1838 47.9412 55.8233
threshold=1.0000000180025095e-35 1.0000000180025095e-35 363.50000000000006 2.5000000000000004 365.50000000000006 1.0000000180025095e-35 1.0000000180025095e-35 1.0000000180025095e-35 4.6039099500000011 0.1719211822660098 368.50000000000006 0.85895117540687183 0.53546277665995989 4.3784611500000006 0.15484515484515488 0.70801282051282055 360.50000000000006 0.24316334072431633 1.0000000180025095e-35 8.8459605000000021 0.35859165709911983 0.57625270731089151 0.37389306599832922 0.55343526299408663 1.0000000180025095e-35 10.885345500000001 0.087121212121212113 0.89825495415557544 0.49538166214995488 8.014580500000001
decision_type=2 2 2 2 2 2 2 2 2 2 2 2 2 2 2 2 2 2 2 2 2 2 2 2 2 2 2 2 2 2
left_child=1 -1 3 6 -4 10 7 8 17 -7 -6 12 13 -11 -10 -14 -5 -3 -17 20 21 22 -15 -19 -18 26 -16 -28 29 -22
right_child=-2 2 4 16 5 9 -8 -9 14 11 -12 -13 15 19 25 18 24 23 -20 -21 28 -23 -24 -25 -26 -27 27 -29 -30 -31
leaf_value=0.14802767331726882 -0.052105101127201681 -0.026511220082965123 0.1485425265718375 -0.05201826927888295 0.1090706550610356 0.0057164870589235042 -0.053849541116384785 -0.055681500145864676 -0.058486829176968319 -0.053274066913013431 -0.052282181308860955 0.14385274558807104 -0.052294320146144525 0.34739222705905304 0.14407631527814732 -0.055111531761136867 -0.057470570683245494 -0.05701982332872229 0.19521669963724358 0.16451881148049652 0.0025920740701768242 0.21695338269607573 -0.053289707391536913 0.19023459176262345 0.14290882891231679 0.15858542232262762 -0.053184603429682037 0.15336948700926309 0.14301414855393257 0.13491294100498782
leaf_weight=9724.6823448240757 956.27059749886394 32.745868559926748 1132.7629550397396 780.48639121651649 20.484033472836018 42.597043011337519 28.737246092408895 23.698175579309464 6.4874166138470164 9.1677583716809732 70.724281284958124 334.24735233187675 51.548928864300251 2.2356455028057161 215.18878699839115 3.6497894413769227 5.0891501381993267 3.25207921117544 6.9404397532343864 88.983707897365093 14.47976194322109 6.6170943528413764 20.205341402441263 7.0734435580670834 8.5167441070079803 227.94453916698694 22.367466136813167 4.0225060284137717 141.57262662053108 17.731477819383144
leaf_count=2669 25303 651 301 20928 47 535 572 422 73 178 1784 188 1281 3 234 70 45 56 8 77 111 32 395 9 9 128 424 2 205 21
internal_value=0.118853 0.131376 0.082743 0.0175382 0.128082 0.100199 0.111327 0.120072 0.128096 0.114527 -0.0160447 0.121173 0.100297 0.126126 0.139073 -0.0248148 -0.0499626 0.00678055 0.108944 0.131762 0.117393 0.0390773 -0.0133724 0.11236 0.0679589 0.141803 0.125967 -0.0217005 0.130488 0.0754314
internal_weight=14010.5 13054.2 3329.56 1365.61 1963.95 831.185 571.518 542.78 519.082 739.977 91.2083 697.38 363.133 300.993 476.011 62.1392 794.092 43.0714 10.5902 291.826 202.842 29.0581 22.441 10.3255 13.6059 469.523 241.579 26.39 173.784 32.2112
internal_count=56761 31458 28789 23553 5236 4935 2571 1999 1577 3104 1831 2569 2381 1022 861 1359 20982 716 78 844 767 430 398 65 54 788 660 426 337 132
is_linear=0
shrinkage=0.05


Tree=7
num_leaves=31
num_cat=0
split_feature=11 11 11 0 0 11 9 20 21 1 1 7 0 11 0 19 0 1 3 2 0 4 1 16 1 3 0 24 8 0
split_gain=7543.35 5977.14 1730.33 1892.71 1476.21 536.878 612.558 477.133 367.974 190.956 314.348 182.366 158.721 152.362 119.172 117.125 113.1 114.442 101.529 83.8673 102.653 80.5438 69.0067 57.4577 56.0614 50.8293 74.9695 91.4003 60.4293 44.1287
threshold=1.0000000180025095e-35 360.50000000000006 2.5000000000000004 4.6039099500000011 2.5423961500000005 365.50000000000006 1.0000000180025095e-35 1.0000000180025095e-35 1.0000000180025095e-35 0.77015755329008351 0.44575163398692813 0.1719211822660098 13.209223500000002 368.50000000000006 4.3784611500000006 1.0000000180025095e-35 7.1046948500000005 0.29300813008130083 0.43780521593021599 0.37786843447220814 5.0088807000000006 0.54694998154300489 0.24048192771084337 1.0000000180025095e-35 0.89825495415557544 0.52779866332497927 6.9580013500000009 0.18344868 0.29300813008130083 8.1534830000000031
decision_type=2 2 2 2 2 2 2 2 2 2 2 2 2 2 2 2 2 2 2 2 2 2 2 2 2 2 2 2 2 2
left_child=4 2 3 23 15 -3 13 8 16 10 11 29 -12 -7 -13 -1 17 18 -5 20 -20 -16 -17 -2 -19 26 27 -23 -28 -8
right_child=1 5 -4 7 -6 6 9 -9 -10 -11 12 14 -14 -15 21 22 -18 24 19 -21 -22 25 -24 -25 -26 -27 28 -29 -30 -31
leaf_value=-0.051914104957675726 -0.047622268633096571 0.1336768800408272 -0.051915786957658527 -0.059171113657181675 0.13446207426430107 0.093225463164926997 -0.028431350025216601 -0.053727596890783429 -0.053361647825319894 0.12925876669536562 -0.053860291008746702 -0.052977608869787862 0.10800264226758892 -0.052120648397714756 -0.054169322880307375 -0.057362659172850029 0.1306948788028123 -0.054344311069326613 0.17682323312915671 0.15376544064788533 -0.061069888036548649 0.12259196748801145 0.11025661137968779 0.13286368281762198 0.14944780317155623 0.13364806546189004 0.24310270368678802 -0.022037947969255952 0.1064831409461225 0.081729736977502895
leaf_weight=111.50523625314236 389.597447168082 1199.9517357647419 1072.4125688709319 8.7520501352846605 10140.5862984173 22.301633067429066 32.833201386034489 49.262983031570911 32.951913390308619 308.89737471938133 58.779583994299173 11.109782584011553 20.402327120304108 94.146882638335228 7.0366350039839736 8.7448333762586135 414.45409942418337 20.774095002561811 7.4189690053463009 52.649814818054438 11.664189491420982 19.24639093503356 20.615361131727695 4.4601010605692855 4.0291762351989737 195.06633314117789 8.7997546270489675 25.261522620916367 100.9155951552093 12.571692399680613
leaf_count=3140 10564 372 30175 133 2811 57 501 1140 740 236 1454 232 63 2515 130 92 561 476 9 66 114 66 89 10 1 326 12 327 250 99
internal_value=0.109192 0.0526075 -0.00784346 0.0396094 0.132229 0.111663 0.0828671 0.0953763 0.108666 0.0984463 0.0791018 0.0966045 -0.012154 -0.0242847 0.108286 -0.028519 0.118939 0.072663 0.101601 0.121217 0.0314159 0.113314 0.0603318 -0.0455795 -0.0212392 0.116688 0.0952372 0.0405038 0.117441 0.00207002
internal_weight=14467.2 4185.75 2068.43 996.015 10281.5 2117.32 917.369 601.957 552.694 800.92 492.023 412.841 79.1819 116.449 367.436 140.865 519.742 105.288 80.485 71.733 19.0832 356.326 29.3602 394.058 24.8033 349.29 154.223 44.5079 109.715 45.4049
internal_count=56761 50629 43989 13814 6132 6640 6268 3240 2100 3696 3460 1943 1517 2572 1343 3321 1360 799 322 189 123 1111 181 10574 477 981 655 393 262 600
is_linear=0
shrinkage=0.05


Tree=8
num_leaves=31
num_cat=0
split_feature=18 11 11 11 11 9 21 20 0 7 11 2 2 4 8 7 4 11 4 0 2 0 2 21 1 0 24 0 2 1
split_gain=8743.98 2768.29 2740.87 2730.5 317.848 385.422 237.896 218.125 174.521 147.466 134.034 95.3545 325.734 88.0835 76.5148 74.3546 68.4421 63.3502 62.5837 62.4547 82.3113 52.6649 50.6755 42.8871 42.781 40.3479 57.4642 36.5389 196.134 46.9151
threshold=1.0000000180025095e-35 1.0000000180025095e-35 363.50000000000006 2.5000000000000004 365.50000000000006 1.0000000180025095e-35 1.0000000180025095e-35 1.0000000180025095e-35 4.6039099500000011 0.1719211822660098 368.50000000000006 0.85895117540687183 0.53546277665995989 0.54694998154300489 0.70801282051282055 0.15484515484515488 0.63173197213797894 360.50000000000006 0.64259546813894652 5.056621100000001 0.40936473165388826 2.6507173500000003 0.3741666666666667 1.0000000180025095e-35 0.24048192771084337 8.1534830000000031 0.44943427500000005 10.885345500000001 0.51899951899951913 0.89825495415557544
decision_type=2 2 2 2 2 2 2 2 2 2 2 2 2 2 2 2 2 2 2 2 2 2 2 2 2 2 2 2 2 2
left_child=1 21 3 6 -4 10 7 8 16 25 -6 12 13 -11 -14 -10 -3 -5 -18 20 -15 22 24 -16 -1 -7 -27 28 -17 -30
right_child=-2 2 4 17 5 9 -8 -9 15 11 -12 -13 14 19 23 27 18 -19 -20 -21 -22 -23 -24 -25 -26 26 -28 -29 29 -31
leaf_value=0.013306026766417046 -0.051935348426532871 -0.052680330689298199 0.12415092212423194 -0.051819038109255602 0.089876726265328458 -0.026066255819246178 -0.05349324146166437 -0.055164512890068552 -0.05828829366032845 -0.053644864770995386 -0.052057760952965965 0.11921156785338508 -0.052166818264741815 -0.055637504631313318 -0.055373843111260361 0.11796064654671257 0.13711545195000344 0.052498691005709301 -0.053639274808028353 0.11388634185568901 0.11669687529424602 0.12400210482959328 -0.055250504613944922 0.15525369260841138 0.13274936389456202 0.1630790784357353 -0.058477767260846948 0.13003559738759801 -0.053304676743968875 0.12438035223846966
leaf_weight=11.309068597853182 875.2051508538425 21.974104437977076 1221.1893192827702 708.86003942042589 22.441739320755005 30.16058512404561 26.216215085238218 21.680123548954725 6.1652265116572371 8.7473622560501081 64.265734329819679 363.84091797471046 47.789667718112469 13.100294351577761 3.4621350057423088 237.02234596759081 13.350005973130466 14.858708173036574 6.342711877077817 295.72671400755644 14.707658410072325 10434.338776230812 7.0191838964819899 8.0041572898626328 22.237908657640219 7.869462847709654 4.659467414021492 251.27898150682449 22.617910381406549 4.4450157284736624
leaf_count=72 25303 539 301 20928 47 454 572 422 73 178 1784 188 1281 208 70 234 41 54 136 598 38 2473 93 8 31 13 68 128 424 2
internal_value=0.101359 0.111 0.0720889 0.0160355 0.107617 0.0847961 0.0938593 0.100464 0.106455 0.0956737 -0.0153221 0.100783 0.0836582 0.102917 -0.0243363 0.114322 0.00798406 -0.0496773 0.0756764 0.10715 0.0355103 0.123781 0.0669211 0.0916568 0.0924837 0.00526349 0.0806828 0.116387 0.1034 -0.0241204
internal_weight=14790.9 13915.7 3440.78 1334.81 2105.97 884.776 611.093 584.876 563.196 798.068 86.7075 755.379 391.538 332.282 59.256 521.529 41.6668 723.719 19.6927 323.535 27.808 10474.9 40.5662 11.4663 33.547 42.6895 12.5289 515.364 264.085 27.0629
internal_count=56761 31458 28789 23553 5236 4935 2571 1999 1577 3104 1831 2569 2381 1022 1359 861 716 20982 177 844 246 2669 196 78 103 535 81 788 660 426
is_linear=0
shrinkage=0.05


Tree=9
num_leaves=31
num_cat=0
split_feature=18 11 11 11 11 9 21 20 0 7 11 1 1 0 4 7 4 11 4 0 0 3 4 22 3 3 0 6 1 3
split_gain=7610.06 2331.21 2338.64 2452.87 280.257 328.396 206.063 188.157 147.162 125.26 121.556 84.1465 238.144 126.822 73.6389 63.725 61.3787 59.9984 51.9613 50.3371 47.1133 54.5383 42.0693 40.5257 38.5329 46.0065 30.6741 164.783 42.5544 30.3847
threshold=1.0000000180025095e-35 1.0000000180025095e-35 363.50000000000006 2.5000000000000004 365.50000000000006 1.0000000180025095e-35 1.0000000180025095e-35 1.0000000180025095e-35 4.6039099500000011 0.1719211822660098 368.50000000000006 0.77015755329008351 0.44575163398692813 13.209223500000002 0.54694998154300489 0.15484515484515488 0.63173197213797894 360.50000000000006 0.64259546813894652 4.6039099500000011 2.6507173500000003 0.49370725892465023 0.66191313412842456 1.0000000180025095e-35 0.50326847856259638 0.51136422908750745 10.885345500000001 0.087121212121212113 0.89825495415557544 0.49538166214995488
decision_type=2 2 2 2 2 2 2 2 2 2 2 2 2 2 2 2 2 2 2 2 2 2 2 2 2 2 2 2 2 2
left_child=1 20 3 6 -4 10 7 8 16 24 -6 12 14 -14 -11 -10 -3 -5 -18 22 21 -1 -16 -19 -7 -26 27 -17 -29 -21
right_child=-2 2 4 17 5 9 -8 -9 15 11 -12 -13 13 -15 19 26 18 23 -20 29 -22 -23 -24 -25 25 -27 -28 28 -30 -31
leaf_value=-0.057236582970009969 -0.051838323129625358 -0.052550876981823771 0.11541111832168371 -0.051727174185536906 0.082319623792818708 -0.026326454014931479 -0.053326516783973189 -0.054919837968197022 -0.057854492436646011 -0.053426213568493988 -0.051954190835175218 0.11261186658258443 -0.054414407262224351 0.092328605021932936 -0.054846641880887337 0.10824864736096236 0.12129399673705457 -0.058496686533482715 -0.053467390010822416 0.077927957046410451 0.11533574726913552 0.089515163305368031 0.12905290737708031 0.11075806301407694 0.14475494965713318 -0.055934254405915478 0.11957129443551731 -0.053185691030338156 0.1146874482162481 0.11019823225443126
leaf_weight=7.7932160980999461 834.03976530954242 20.952605929225683 1247.244036629796 675.45576301962137 23.254458770155907 29.690217468887568 25.013634398579597 20.712328404188156 5.9074041657149783 8.2462769933044893 61.250246081501245 322.80446971207857 45.919869415462017 21.673110976815224 9.5394993945956212 245.15032491460443 14.30959662050009 5.586883366107938 6.0522804409265509 101.07061602547765 10651.294246047735 33.74357633292675 4.6140750497579566 9.6371604055166245 8.5122324116528016 4.2973770685493937 259.3782577291131 21.568073917180303 4.5759731680154792 262.11684551462531
leaf_count=86 25303 539 301 20928 47 461 572 422 73 177 1784 153 1211 58 167 234 41 45 136 391 2473 110 12 9 16 58 128 424 2 400
internal_value=0.0949329 0.103579 0.0679349 0.0153907 0.100052 0.078837 0.0872757 0.0931509 0.0984579 0.0885256 -0.015004 0.0931032 0.079207 -0.00736252 0.0943826 0.105459 0.0075274 -0.0495148 0.0693486 0.0976127 0.115128 0.0619813 0.00510474 0.0486454 0.00494541 0.0774276 0.107277 0.0955231 -0.023803 0.101218
internal_weight=14991.4 14157.4 3464.53 1314.3 2150.23 902.989 623.62 598.607 577.895 818.485 84.5047 775.985 453.18 67.593 385.587 536.58 41.3145 690.68 20.3619 377.341 10692.8 41.5368 14.1536 15.224 42.4998 12.8096 530.673 271.294 26.144 363.187
internal_count=56761 31458 28789 23553 5236 4935 2571 1999 1577 3104 1831 2569 2416 1269 1147 861 716 20982 177 970 2669 196 179 54 535 74 788 660 426 791
is_linear=0
shrinkage=0.05


Tree=10
num_leaves=31
num_cat=0
split_feature=18 11 11 11 11 9 21 20 0 4 2 2 2 4 0 8 2 1 1 0 2 0 0 24 4 2 2 1 2 4
split_gain=6733.27 2002.09 2039.74 2258.88 234.785 327.582 170.364 170.828 130.211 123.358 122.993 228.591 110.792 103.081 78.0559 74.5155 64.3052 58.2041 84.7183 49.3451 45.3546 45.2454 64.3865 106.479 87.6316 40.8889 53.737 36.1295 35.1015 38.3872
threshold=1.0000000180025095e-35 1.0000000180025095e-35 363.50000000000006 2.5000000000000004 365.50000000000006 1.0000000180025095e-35 1.0000000180025095e-35 1.0000000180025095e-35 7.1046948500000005 0.59630794982625657 0.85895117540687183 0.53546277665995989 0.94957627118644072 0.54694998154300489 5.1472082500000012 0.70801282051282055 0.40936473165388826 0.31139971139971145 0.26138716356107661 20.257357000000003 0.71081871345029246 5.3166401000000008 7.5104160500000008 0.26392902000000001 0.61543610710277397 0.40651483050847464 0.36254107338444691 0.89825495415557544 0.37786843447220814 0.60862720349227095
decision_type=2 2 2 2 2 2 2 2 2 2 2 2 2 2 2 2 2 2 2 2 2 2 2 2 2 2 2 2 2 2
left_child=1 -1 3 6 -4 12 7 8 9 -3 11 13 -6 -7 16 -13 -15 18 -11 -5 -17 28 23 -23 -25 26 -26 -19 29 -16
right_child=-2 2 4 19 5 10 -8 -9 -10 17 -12 15 -14 14 21 20 -18 27 -20 -21 -22 22 -24 24 25 -27 -28 -29 -30 -31
leaf_value=0.10805544578969395 -0.051746875068387668 -0.053396641532013539 0.10834085045886553 -0.051777382930116904 -0.052959859976738778 -0.053121344546154595 -0.053158233518573274 -0.054908121368250254 0.10578339628940808 0.033066090315473445 0.10409353431941171 -0.052064762003465763 0.094763902175454148 -0.054952445849023791 0.14926198337540705 0.15432899371768841 0.080501507002139525 -0.05557128338552858 0.12532552104820796 0.11473000230726503 -0.059050743816908502 0.10907309977636669 0.10734662785876131 -0.057748455717135661 -0.055498601307758626 -0.066421291289317216 0.10051613795690124 0.10672357181689723 0.067533108183906843 0.32671817698796612
leaf_weight=11076.005972787738 794.85401859506965 23.676266081631184 1230.9331251233816 649.33816714771092 62.309692207723856 13.994884345680473 22.384989274665713 20.398782160133123 439.46364411711693 43.325901947915554 402.35575948655605 48.432669837027788 15.939351603388785 17.186091311275959 8.6140281744301337 8.0858034640550596 17.875404376536608 12.911833062767984 58.452692452818155 4.480265147984027 3.5986565537750712 63.323513936251402 182.2974856197834 24.032275881618261 6.5330213978886595 5.6969301104545584 35.568865977227688 4.6692887693643561 6.1366500221192828 4.7159171365201464
leaf_count=2716 25305 521 290 20916 1788 308 537 427 438 287 196 1387 44 294 43 14 55 278 70 2 68 94 170 301 91 32 49 2 13 19
internal_value=0.0899501 0.0977107 0.0643715 0.0143427 0.0940299 0.0750206 0.0822871 0.087316 0.0922966 0.0508599 0.0840486 0.0659689 -0.0228685 0.0800945 0.0851064 -0.0247228 0.0141061 0.0715403 0.0860518 -0.0506364 0.0886109 0.092495 0.0879577 0.0618058 0.0201368 0.0592959 0.0763071 -0.0124681 0.166488 0.212043
internal_weight=15307.6 14512.7 3436.73 1279.1 2157.63 926.697 625.283 602.898 582.5 143.036 848.448 446.092 78.249 385.975 371.98 60.1171 35.0615 119.36 101.779 653.818 11.6845 336.919 317.452 135.155 71.8311 47.7988 42.1019 17.5811 19.4666 13.3299
internal_count=56755 31450 28734 23478 5256 4966 2560 2023 1596 1158 3134 2938 1832 1469 1161 1469 349 637 357 20918 82 812 737 567 473 172 140 280 75 62
is_linear=0
shrinkage=0.05


Tree=11
num_leaves=31
num_cat=0
split_feature=18 11 11 11 11 9 21 20 0 0 4 2 2 2 1 1 1 7 0 17 1 0 0 4 2 24 4 7 0 0
split_gain=5979.61 1745 1781.35 2050.66 214.398 285.9 150.069 150.046 115.059 111.095 109.778 115.798 100.967 70.8023 64.0245 61.4865 48.9648 56.945 45.6831 40.5081 66.7137 61.623 45.1257 32.9647 33.0468 139.197 37.7188 31.2439 49.6293 30.9909
threshold=1.0000000180025095e-35 1.0000000180025095e-35 363.50000000000006 2.5000000000000004 365.50000000000006 1.0000000180025095e-35 1.0000000180025095e-35 1.0000000180025095e-35 3.9404113500000006 8.8459605000000021 0.61543610710277397 0.47140522875816998 0.94957627118644072 0.93166251556662527 0.17817460317460324 0.22969662709628799 0.29217479674796748 0.21304964539007087 20.257357000000003 0.26491228070175449 0.23294573643410846 5.1472082500000012 8.7550145000000033 0.59968511929296253 0.85895117540687183 0.62041610000000014 0.89398495693279501 0.1719211822660098 8.1534830000000031 7.4272598500000013
decision_type=2 2 2 2 2 2 2 2 2 2 2 2 2 2 2 2 2 2 2 2 2 2 2 2 2 2 2 2 2 2
left_child=1 -1 3 6 -4 12 7 8 16 10 15 27 -6 -13 -10 -7 -3 -18 -5 21 -21 -17 -22 -11 25 -25 -27 28 -12 -16
right_child=-2 2 4 18 5 9 -8 -9 14 23 11 13 -14 -15 29 19 17 -19 -20 20 22 -23 -24 24 -26 26 -28 -29 -30 -31
leaf_value=0.10204124093731877 -0.051659569004858567 -0.052573178683015136 0.1022837751581811 -0.051690624763160359 -0.052826999233699302 -0.054311547121854042 -0.053007611353350248 -0.054674305877730936 -0.061530569156489412 0.16468457309432671 -0.05703625860536881 -0.055993136221467094 0.087131965444780357 0.10674794504344474 0.071922462198466333 -0.055222102015815046 0.15596544414432312 -0.052534640081584177 0.10743962448571627 0.12066174670591996 -0.059423971188123051 0.13443358202706171 0.11163093533281365 0.095937200928403035 0.097490297592478126 -0.053905346176474127 0.089090675360419744 0.094420641289014631 0.15791660592167356 0.10012145609969857
leaf_weight=11140.386415161192 757.33409458771348 20.217840097844601 1238.4060193449259 618.6800788231194 59.416121000424027 27.37915300950408 21.352238329127431 19.484808336943388 6.7284554354846469 15.301152940839527 8.3568381667137128 24.508156798779964 16.454541146755219 9.1892219185829145 126.48440687544644 5.6722321026027229 7.9721083939075452 5.5578467417508364 4.5432567037641993 9.3476068153977376 24.72704449668527 17.488029662519693 4.5678653083741656 104.84123704209924 398.14575916528702 24.091345358639959 5.7033177725970736 175.8870416842401 3.9566968232393256 424.2089058496058
leaf_count=2716 25305 536 290 20916 1788 517 537 427 83 24 106 662 44 3 427 100 9 147 2 25 318 28 3 190 192 635 36 293 2 394
internal_value=0.0853208 0.0924414 0.0612497 0.0138261 0.0886383 0.0705656 0.0772884 0.0818444 0.086344 0.0787816 0.0549163 0.0737465 -0.0224732 -0.0116139 0.0917716 0.00806415 -0.00330458 0.0703176 -0.0505306 0.0356971 0.00435879 0.0879846 -0.0327519 0.092327 0.0902489 0.0688348 -0.0265329 0.0890303 0.0120343 0.0936447
internal_weight=15326.4 14569.1 3428.67 1255.23 2173.44 935.033 632.007 610.654 591.17 859.163 311.08 221.898 75.8707 33.6974 557.422 89.1819 33.7478 13.53 623.223 61.8028 38.6425 23.1603 29.2949 548.083 532.782 134.636 29.7947 188.201 12.3135 550.693
internal_count=56755 31450 28734 23478 5256 4966 2560 2023 1596 3134 2057 1066 1832 665 904 991 692 156 20918 474 346 128 321 1077 1053 861 671 401 108 821
is_linear=0
shrinkage=0.05


Tree=12
num_leaves=31
num_cat=0
split_feature=18 11 11 11 11 9 21 20 0 4 2 2 2 7 0 8 0 2 1 1 0 2 0 0 4 24 0 1 24 1
split_gain=5350.88 1541.94 1569.97 1868.33 198.259 251.472 133.018 132.659 101.967 101.893 98.9528 176.085 92.4424 84.0546 67.4742 64.144 57.9593 52.8414 47.9082 64.945 42.4736 34.5419 34.255 35.4896 78.9794 35.2555 33.183 34.0218 49.6023 31.7649
threshold=1.0000000180025095e-35 1.0000000180025095e-35 363.50000000000006 2.5000000000000004 365.50000000000006 1.0000000180025095e-35 1.0000000180025095e-35 1.0000000180025095e-35 7.1046948500000005 0.59630794982625657 0.85895117540687183 0.53546277665995989 0.94957627118644072 0.1719211822660098 8.1534830000000031 0.70801282051282055 5.1472082500000012 0.40936473165388826 0.31139971139971145 0.26138716356107661 20.257357000000003 0.71081871345029246 5.3166401000000008 6.8998042500000007 0.62543595578985789 0.14828595500000005 4.2933065000000008 0.31643132220795894 0.40113396500000004 0.89825495415557544
decision_type=2 2 2 2 2 2 2 2 2 2 2 2 2 2 2 2 2 2 2 2 2 2 2 2 2 2 2 2 2 2
left_child=1 26 3 6 -4 12 7 8 9 -3 11 13 -6 14 -7 -13 17 -15 19 -11 -5 -17 -18 24 25 -24 27 -1 -29 -20
right_child=-2 2 4 20 5 10 -8 -9 -10 18 -12 15 -14 16 -16 21 22 -19 29 -21 -22 -23 23 -25 -26 -27 -28 28 -30 -31
leaf_value=0.082817195464321938 -0.051576739247267724 -0.053407866821557161 0.097133893187496795 -0.051608206059131405 -0.052699847178329096 -0.054476442061331391 -0.052864164545501628 -0.054451379764600308 0.092853079389385251 0.028840717051964476 0.092015836149261718 -0.051901703327332793 0.080562424413958278 -0.054610379217572391 0.099259736630285991 0.12908054313147752 0.14493410572446128 0.0711844578835341 -0.05563639689878877 0.10818343317694018 0.10130386358029747 -0.058446611079104462 0.094472758089603481 0.089898386822514456 0.08042038056274653 -0.056538358990918983 0.097265407434635187 0.09018023523235677 -0.07443599677533265 0.09588977408852789
leaf_weight=154.01027957722545 721.52619891427457 22.372060524299741 1238.8216665387154 589.42281955108047 56.651290357112885 22.771965369582176 20.364600241184235 18.608487665653229 451.62295119836926 44.170360263437033 410.54721382260323 44.664322746917605 16.894477397203445 15.222809636965392 10.395230676978825 8.8724967427551729 21.038445314392447 18.485432375222445 12.671131743118169 61.983517397195101 4.5765168219804755 3.3953005578368893 4.8594723287969854 219.41458754427731 67.331898838281631 18.886157056316733 10969.569436177611 9.4842017292976397 8.8427113145589811 4.757220283150672
leaf_count=178 25305 521 290 20916 1788 414 537 427 438 287 196 1387 44 287 24 14 53 51 278 70 2 68 4 236 119 281 2463 6 69 2
internal_value=0.08133 0.0879205 0.0584939 0.0133478 0.083998 0.0666757 0.0728624 0.0770176 0.0811116 0.0447801 0.074215 0.0581653 -0.0220877 0.0699191 -0.0062926 -0.0240871 0.0768399 0.0143749 0.062555 0.0751691 -0.0504301 0.0771795 0.083191 0.0790074 0.0527699 -0.0256344 0.0969234 0.0751537 0.0107531 -0.014276
internal_weight=15272.2 14550.7 3408.8 1230.55 2178.25 939.431 636.55 616.186 597.577 145.954 865.885 455.338 73.5458 398.406 33.1672 56.9321 365.239 33.7082 123.582 106.154 593.999 12.2678 331.531 310.492 91.0775 23.7456 11141.9 172.337 18.3269 17.4284
internal_count=56755 31450 28734 23478 5256 4966 2560 2023 1596 1158 3134 2938 1832 1469 438 1469 1031 338 637 357 20918 82 693 640 404 285 2716 253 75 280
is_linear=0
shrinkage=0.05


Tree=13
num_leaves=31
num_cat=0
split_feature=18 11 11 11 11 9 21 20 2 8 1 2 7 8 4 16 4 4 1 2 2 1 8 7 8 24 17 14 7 2
split_gain=4819.84 1377.13 1393.46 1709.5 185.055 222.72 118.773 118.191 89.9997 155.664 88.0302 84.9625 76.0267 50.2833 44.3066 52.7612 43.7262 34.8982 33.2506 31.8806 29.6759 28.3034 31.7981 27.9268 22.2761 27.435 18.625 57.0342 20.2423 50.0685
threshold=1.0000000180025095e-35 1.0000000180025095e-35 363.50000000000006 2.5000000000000004 365.50000000000006 1.0000000180025095e-35 1.0000000180025095e-35 1.0000000180025095e-35 0.85895117540687183 0.4624765478424015 0.17817460317460324 0.94957627118644072 0.1719211822660098 0.70801282051282055 0.59048155147226367 1.0000000180025095e-35 0.54694998154300489 0.62248557216796796 0.17817460317460324 0.97100840336134464 0.71081871345029246 0.31139971139971145 0.40224719101123596 0.15484515484515488 0.35214626391096981 0.60364270000000009 0.21921921921921925 1.0000000180025095e-35 0.29300813008130083 0.85895117540687183
decision_type=2 2 2 2 2 2 2 2 2 2 2 2 2 2 2 2 2 2 2 2 2 2 2 2 2 2 2 2 2 2
left_child=1 -1 3 6 -4 11 7 10 9 12 -3 -6 17 -11 15 -12 -14 -7 -19 -5 -15 -18 24 -16 25 -23 27 -25 -29 -30
right_child=-2 2 4 19 5 8 -8 -9 -10 13 14 -13 16 20 23 -17 21 18 -20 -21 -22 22 -24 26 -26 -27 -28 28 29 -31
leaf_value=0.092526945230050131 -0.051498140905561443 -0.057214246933540915 0.092704304899634049 -0.051530380406843192 -0.052578155792927364 -0.053744669868005523 -0.052727537648175782 -0.054238856935736351 0.087188774812178821 -0.040119988585678806 -0.054619742788321192 0.07482694655803418 -0.052763808258358413 0.11758506493129005 -0.059265441662630737 0.072236845404826819 0.081734277801774446 0.10149358683900483 -0.058303190895030645 0.067406623557738257 -0.058100830424580724 -0.07006969769491414 -0.067531574905771885 -0.059792209572284795 0.074286740061216994 0.084883560534177532 0.088108846023775833 0.097211242912356485 -0.054275314509635623 0.077787035028109297
leaf_weight=11088.909298542887 687.35801070742309 12.042624553665517 1233.2352507412434 560.39997196011245 54.009953243657947 17.766200717538595 19.42033545486629 17.768547059968114 411.57783575356007 50.616145236417651 13.093095647171138 17.269724525511265 6.757377363741397 9.2425263784825784 3.4381098747253409 21.91675466299057 298.97752241417766 10.103048503398893 4.80301834270358 5.6914229765534392 3.2484464813023797 6.7536840178072435 5.8319895993918172 8.464979585260151 38.303678154945374 4.9503958709537983 446.8330903686583 50.747505534440279 9.0058283656835538 35.34362630546093
leaf_count=2716 25305 247 290 20873 1788 355 537 427 196 1339 321 44 177 14 41 38 698 28 60 45 68 51 74 154 68 6 427 146 200 22
internal_value=0.0778663 0.0840129 0.0560607 0.0129144 0.0799653 0.0632561 0.0690281 0.0728502 0.070226 0.0549609 0.0766083 -0.0217103 0.0666315 -0.0179484 0.0793451 0.0247946 0.0732318 -0.00641141 0.050004 -0.0503346 0.0718956 0.0756313 0.0429549 0.0827935 0.05584 -0.00453016 0.0836808 0.0645756 0.0756461 0.0509698
internal_weight=15153.9 14466.5 3377.61 1204.17 2173.45 940.212 638.074 618.654 868.932 457.354 600.886 71.2797 394.247 63.1071 588.843 35.0099 361.575 32.6723 14.9061 566.091 12.491 354.817 55.8397 553.833 50.0078 11.7041 550.395 103.562 95.097 44.3495
internal_count=56755 31450 28734 23478 5256 4966 2560 2023 3134 2938 1596 1832 1517 1421 1349 359 1074 443 88 20918 82 897 199 990 125 57 949 522 368 222
is_linear=0
shrinkage=0.05


Tree=14
num_leaves=31
num_cat=0
split_feature=18 11 11 11 11 9 21 20 0 0 3 4 2 2 4 2 1 1 0 2 0 0 0 0 17 1 0 0 1 1
split_gain=4364.07 1244.03 1242.4 1568.97 175.98 197.712 106.628 105.897 89.1079 84.5921 83.6122 82.91 79.6158 78.3377 71.0903 57.1191 51.0215 49.5126 37.8581 36.9812 62.9949 43.0434 36.2816 30.5298 48.2022 47.9552 36.5441 30.0795 47.9981 27.5722
threshold=1.0000000180025095e-35 1.0000000180025095e-35 363.50000000000006 2.5000000000000004 365.50000000000006 1.0000000180025095e-35 1.0000000180025095e-35 1.0000000180025095e-35 8.8459605000000021 7.1046948500000005 0.46197841205447698 0.61543610710277397 0.47140522875816998 0.94957627118644072 0.59630794982625657 0.93166251556662527 0.31139971139971145 0.22969662709628799 20.257357000000003 0.38924963924963929 5.0088807000000006 3.9404113500000006 4.2933065000000008 5.1472082500000012 0.93750000000000011 0.23294573643410846 8.7550145000000033 1.9102344500000001 0.24048192771084337 0.89825495415557544
decision_type=2 2 2 2 2 2 2 2 2 2 2 2 2 2 2 2 2 2 2 2 2 2 2 2 2 2 2 2 2 2
left_child=1 22 3 6 -4 13 7 9 11 10 -3 17 -13 -6 -12 -14 19 -7 -5 20 21 -16 27 -19 -25 -26 -27 28 -1 -18
right_child=-2 2 4 18 5 8 -8 -9 -10 -11 14 12 15 -15 16 -17 29 23 -20 -21 -22 -23 -24 24 25 26 -28 -29 -30 -31
leaf_value=-0.060692071472520474 -0.051423552580149925 -0.061029077407539933 0.088856353032203961 -0.051455831884216222 -0.052461705669461102 -0.054356456015897295 -0.05259739798934137 -0.054036272665170505 0.078655339073497615 0.083283475345714994 -0.053373927115870481 0.073134234973471698 -0.056481438178391408 0.069759547253112536 -0.05378912318799664 0.091339458152825764 -0.055678469420309823 -0.055033962064190381 0.09305541050186017 0.10163811909788341 -0.076505459266596132 0.11468212016387339 0.089061453648546701 0.10547317467702957 0.098754798231896701 -0.060412810358731465 0.094862016621473824 0.076666367446170891 0.064080934430546868 0.086829362427690779
leaf_weight=11.176647648215292 654.75961388088763 18.086939828470349 1222.5648004561663 535.00708475708961 51.487022845074534 25.506264748051763 18.517748491838574 16.963731046766043 553.42428211122751 455.09764174371958 13.817311616614459 197.19856260344386 22.046498831361536 17.589304804801941 4.7805039137601879 9.2883138805627805 11.770725261420013 9.4025183599442226 4.5707800760865203 66.318749997764826 8.9368591308593732 18.323465973138809 10817.598100841045 19.487624349072576 10.110785212367771 19.792946849018339 4.6864768136292687 138.06575436145067 24.833112575113773 4.7694862037897101
leaf_count=92 25305 336 290 20916 1788 517 537 427 1077 438 333 401 662 44 101 3 278 174 2 54 44 10 2463 28 23 246 3 94 67 2
internal_value=0.0748097 0.080577 0.0538511 0.0125119 0.0763495 0.0600834 0.0656276 0.0691652 0.0665413 0.0726374 0.0396343 0.045427 0.0613702 -0.0213398 0.0537792 -0.0126641 0.0666649 0.00448206 -0.0502317 0.080328 0.0362199 0.0798233 0.088697 0.0281232 0.0425818 0.0071497 -0.0306861 0.0660518 0.0253541 -0.0145853
internal_weight=14986 14331.2 3339.55 1176.96 2162.59 940.021 637.383 618.865 870.944 601.902 146.804 317.52 228.533 69.0763 128.717 31.3348 114.9 88.9866 539.578 98.3596 32.0408 23.104 10991.7 63.4804 54.0778 34.5902 24.4794 174.076 36.0098 16.5402
internal_count=56755 31450 28734 23478 5256 4966 2560 2023 3134 1596 1158 2057 1066 1832 822 665 489 991 20918 209 155 111 2716 474 300 272 249 253 159 280
is_linear=0
shrinkage=0.05


Tree=15
num_leaves=31
num_cat=0
split_feature=18 11 11 11 11 9 0 20 21 2 2 0 0 4 24 0 2 2 2 3 0 7 0 24 0 2 0 17 4 3
split_gain=3969.51 1074.38 1167.2 1424.88 170.456 240.035 109.475 94.2125 85.2853 73.6993 218.446 69.8053 59.8635 47.5674 41.6582 34.9453 30.2243 27.7063 194.026 26.8345 44.1735 41.0922 33.3683 86.0779 24.5567 39.2333 30.4161 19.3087 17.5239 17.1346
threshold=1.0000000180025095e-35 1.0000000180025095e-35 363.50000000000006 2.5000000000000004 368.50000000000006 1.0000000180025095e-35 3.9404113500000006 1.0000000180025095e-35 1.0000000180025095e-35 0.85895117540687183 0.53546277665995989 5.056621100000001 1.9102344500000001 0.54694998154300489 0.35090069000000007 20.257357000000003 0.40936473165388826 0.85895117540687183 0.51899951899951913 0.4871063121511604 5.3166401000000008 0.21654184304786719 8.1534830000000031 0.20817088000000003 9.2392160000000025 0.35859165709911983 7.6918828500000016 0.18898809523809523 0.53660873440285217 0.92722431077694256
decision_type=2 2 2 2 2 2 2 2 2 2 2 2 2 2 2 2 2 2 2 2 2 2 2 2 2 2 2 2 2 2
left_child=1 12 3 6 28 -6 -3 8 17 10 11 16 14 -13 -1 -5 -7 18 -8 22 21 -21 23 -15 25 26 -22 29 -4 -11
right_child=-2 2 4 15 5 9 7 -9 -10 27 -12 13 -14 19 -16 -17 -18 -19 -20 20 24 -23 -24 -25 -26 -27 -28 -29 -30 -31
leaf_value=0.056540652865814528 -0.05134357273099982 -0.027755154513660264 -0.090478142870065906 -0.05135838994908553 -0.051694809290627745 -0.053834392246161114 0.076617265722281072 -0.05409585754528861 -0.052720630359049829 0.017471331507224335 -0.052446579657178728 -0.052625898994696288 0.085488874945458593 0.096299759734976412 -0.059205868175929426 0.086958558627058327 0.042792458277685304 0.085910822887586752 -0.056117667665040533 0.2209071608463527 -0.055293794262915523 0.089607186441103437 0.078848680982100766 -0.059771453735911063 0.092811391372764826 0.069056619567055236 0.055564221106886483 0.082955438918116853 0.085864332598630633 0.073641036968953785
leaf_weight=25.876820079982281 624.50024075806141 31.942991938441992 1.4103673994541157 508.25227563083172 47.643856344744563 17.465290196239948 280.35953145846725 15.567889649420975 13.69586308673024 22.312218546867371 46.948012014850974 8.1120270192623121 10618.628340251744 15.652607295662163 11.111699432134627 4.6078422963619223 15.080727163702248 251.19057027995586 30.529454587027431 9.5707422718405741 11.998322816565635 15.790383890271185 31.263790160417557 20.282161695882678 85.263469338417053 176.94527411460876 12.7757600992918 362.99071578681469 1289.5502897650003 34.680551826953888
leaf_count=63 25379 861 8 20889 1813 377 305 393 391 39 1491 214 2523 25 107 3 55 101 471 22 172 29 36 274 44 223 26 146 343 20
internal_value=0.0719974 0.0774924 0.0528484 0.0116129 0.0738973 0.0576365 0.0624052 0.0672755 0.0705572 0.0635082 0.0498436 0.0612723 0.0852677 0.0671772 0.0217693 -0.0501157 -0.00906077 0.073561 0.0635826 0.0697377 0.0759044 0.139157 0.0410746 0.00821066 0.0703147 0.0608057 0.00187464 0.0787074 0.0856717 0.051651
internal_weight=14642 14017.5 3361.88 1136.15 2225.74 934.776 623.286 591.343 575.775 887.132 467.149 420.201 10655.6 387.655 36.9885 512.86 32.546 562.08 310.889 379.543 312.344 25.3611 67.1986 35.9348 286.983 201.719 24.7741 419.983 1290.96 56.9928
internal_count=56843 31464 28771 23414 5357 5006 2522 1661 1268 3193 2988 1497 2693 1065 170 20892 432 877 776 851 516 51 335 299 465 421 198 205 351 59
is_linear=0
shrinkage=0.05


Tree=16
num_leaves=31
num_cat=0
split_feature=18 11 11 11 11 11 0 20 2 2 0 0 4 7 24 0 2 8 2 1 3 0 1 7 0 2 8 0 24 17
split_gain=3626.69 983.731 1051.04 1316.41 162.206 200.454 99.0408 85.3533 71.6908 201.962 64.7755 56.1645 42.7287 41.6222 37.8245 32.8081 28.5936 27.8851 172.961 30.2889 23.798 32.3933 30.4414 26.4213 22.3801 34.7365 33.1791 21.6847 70.8294 17.7148
threshold=1.0000000180025095e-35 1.0000000180025095e-35 363.50000000000006 2.5000000000000004 368.50000000000006 998.50000000000011 3.9404113500000006 1.0000000180025095e-35 0.85895117540687183 0.53546277665995989 5.056621100000001 1.9102344500000001 0.54694998154300489 0.15831244778613204 0.35090069000000007 20.257357000000003 0.40936473165388826 0.74646766169154233 0.51899951899951913 0.89825495415557544 0.4871063121511604 5.3166401000000008 0.24357284113381675 0.21654184304786719 9.2392160000000025 0.35859165709911983 0.28147007042253525 8.1534830000000031 0.20817088000000003 0.18898809523809523
decision_type=2 2 2 2 2 2 2 2 2 2 2 2 2 2 2 2 2 2 2 2 2 2 2 2 2 2 2 2 2 2
left_child=1 11 3 6 -4 -6 -3 13 9 10 16 14 -12 -8 -1 -5 -7 18 -15 -20 22 23 27 -22 25 26 -23 28 -14 -10
right_child=-2 2 4 15 5 8 7 -9 29 -11 12 -13 20 17 -16 -17 -18 -19 19 -21 21 24 -24 -25 -26 -27 -28 -29 -30 -31
leaf_value=0.052992475936260414 -0.051276766701250268 -0.026995015570215455 0.082630568071769009 -0.051291858350497592 -0.051607203467984086 -0.053538529754917165 -0.056869508923031956 -0.053898534420256689 0.04931028000975321 -0.052300718205033361 -0.052484043759666865 0.082534121991722498 0.094016277200637627 0.072890380245976369 -0.058741361832433718 0.083293326068021784 0.040073081237394288 0.081587456779290315 -0.056036466218962737 0.079198339665323789 0.18405474178865372 0.057863151019460747 -0.06115443752470965 0.083224748649423086 0.088011638740431677 0.065167597241545014 -0.058692016006624527 0.079832163504801421 -0.059616695871197972 0.079371910484901165
leaf_weight=26.219700895249844 594.79742035642266 31.21900923922658 1272.0212355554104 484.07579162716866 41.989285353571177 17.482435595244169 6.6518415715545407 14.861480627208946 56.722432568669319 46.342720938846469 7.8051337376236907 10452.980456225574 15.553873684257271 280.43964247964323 10.651240069419144 4.570970192551612 15.293203659355639 246.02653743885458 34.163976460695267 4.7114364206790915 10.873705148696901 12.651439087465407 6.8553525619208804 16.141632474958897 85.399944685399532 177.97858837246895 11.801232207566498 30.355738833546638 14.492164585739372 360.25070363655686
leaf_count=63 25379 861 351 20889 1680 410 113 393 59 1560 217 2523 21 383 107 3 55 115 655 2 22 51 76 29 45 229 150 29 223 150
internal_value=0.0696091 0.0748207 0.0510409 0.0112967 0.0710344 0.0551391 0.0597836 0.0644 0.0601981 0.0467877 0.0576517 0.0823168 0.0633266 0.0674736 0.0207149 -0.0500329 -0.00985909 0.0689366 0.0591894 -0.0396469 0.0656923 0.0714595 0.0386944 0.123809 0.0665461 0.0574904 0.00161185 0.0500268 0.0199142 0.0752825
internal_weight=14391.4 13796.6 3306.73 1106.72 2200.01 927.99 618.074 586.855 886 469.027 422.684 10489.9 389.909 571.993 36.8709 488.647 32.7756 565.342 319.315 38.8754 382.104 314.847 67.2571 27.0153 287.831 202.431 24.4527 60.4018 30.046 416.973
internal_count=56843 31464 28771 23414 5357 5006 2522 1661 3326 3117 1557 2693 1092 1268 170 20892 465 1155 1040 657 875 526 349 51 475 430 201 273 244 209
is_linear=0
shrinkage=0.05


Tree=17
num_leaves=31
num_cat=0
split_feature=18 11 11 11 11 11 0 20 2 2 0 0 4 7 4 0 24 24 8 2 1 0 7 15 24 4 24 4 23 1
split_gain=3324.9 907.067 950.616 1218.08 155.083 182.301 89.8401 77.5394 66.9447 182.991 57.6638 53.0073 38.354 37.8035 34.5161 30.851 27.5457 40.7831 26.0262 155.468 28.3653 22.1813 35.4414 28.4504 42.1127 24.4791 23.8792 36.9444 18.6728 39.0958
threshold=1.0000000180025095e-35 1.0000000180025095e-35 363.50000000000006 2.5000000000000004 368.50000000000006 998.50000000000011 3.9404113500000006 1.0000000180025095e-35 0.85895117540687183 0.53546277665995989 5.056621100000001 1.9102344500000001 0.54694998154300489 0.15831244778613204 0.58924880993846518 20.257357000000003 0.23717984500000003 0.25781440000000005 0.74646766169154233 0.51899951899951913 0.89825495415557544 9.2392160000000025 0.14962686567164177 1.0000000180025095e-35 0.44317451000000002 0.59226755218216331 0.45873110000000006 0.60555910770105148 1.0000000180025095e-35 0.30860805860805868
decision_type=2 2 2 2 2 2 2 2 2 2 2 2 2 2 2 2 2 2 2 2 2 2 2 2 2 2 2 2 2 2
left_child=1 11 3 6 -4 -6 -3 13 9 10 16 14 -12 -8 -1 -5 -7 -18 19 -15 -21 22 -14 -24 25 -25 -26 -28 -27 -30
right_child=-2 2 4 15 5 8 7 -9 -10 -11 12 -13 21 18 -16 -17 17 -19 -20 20 -22 -23 23 24 26 28 27 -29 29 -31
leaf_value=-0.06198442756503586 -0.051213346698025269 -0.026240271777962777 0.079917324347699645 -0.051228646213219348 -0.051528926157384664 -0.05956743097734897 -0.056536650625151258 -0.05371058547917567 0.072283703051795697 -0.052199547869106404 -0.052360803598292566 0.07990871681057217 -0.055334440950261632 0.069355164748354153 0.048485594215986021 0.080016779562448584 0.099683025320310953 -0.055338812589591738 0.078311520072390228 -0.055790958386868011 0.076056179230653165 0.083233368677022121 0.074856919373077854 -0.059075601535905908 0.11231342018915891 0.04826137987159082 -0.064339778821584467 0.065318448223769296 -0.073655633085113317 0.057651487259775439
leaf_weight=9.5591542050242406 566.47177864983678 30.528914026916027 1250.0002644211054 461.02099012583494 40.000587791204453 14.843826923519371 6.3637382909655562 14.184896945953367 412.66861597448587 44.165843155235052 7.4415065329521886 10261.410468444228 7.0554516259580842 280.00637320429087 27.163793839514256 4.5214658826589575 9.8995657097548264 7.4245155379176131 243.5634269528091 32.637177228927612 4.6620053797960272 94.770323175936937 133.45936696976423 9.6432708539068681 22.1127550303936 37.73318457044661 6.1833122242242089 49.281996060162783 11.538155613467099 11.143999110907314
leaf_count=81 25379 861 351 20889 1680 261 113 393 209 1560 217 2523 123 383 89 3 21 183 115 655 2 51 219 122 14 95 67 76 96 12
internal_value=0.0674655 0.0724288 0.0493854 0.0109969 0.0684523 0.0528641 0.0573656 0.0617555 0.0576127 0.0446401 0.0547624 0.0796941 0.0600648 0.064643 0.0197297 -0.049954 -0.00958265 0.0332459 0.066018 0.0565814 -0.0393115 0.0622496 0.0553483 0.0581264 0.0430025 0.0149017 0.0683795 0.0508641 0.0267097 -0.00914296
internal_weight=14111.5 13545 3246.86 1077.49 2169.37 919.366 611.947 581.418 879.366 466.697 422.531 10298.1 390.363 567.233 36.7229 465.542 32.1679 17.3241 560.869 317.306 37.2992 382.922 288.151 281.096 147.637 70.0586 77.5781 55.4653 60.4153 22.6822
internal_count=56843 31464 28771 23414 5357 5006 2522 1661 3326 3117 1557 2693 1092 1268 170 20892 465 204 1155 1040 657 875 824 701 482 325 157 143 203 108
is_linear=0
shrinkage=0.05


Tree=18
num_leaves=31
num_cat=0
split_feature=18 11 11 11 11 9 21 20 2 1 3 7 4 24 2 6 4 24 2 16 17 2 24 4 3 4 1 3 2 7
split_gain=3057.57 840.686 863.439 1128.91 148.547 181.282 85.695 73.7645 60.0209 163.492 54.5678 53.7454 39.934 38.7672 28.6566 141.58 26.5997 39.6874 24.3177 20.868 17.2227 17.1699 18.6864 16.6055 16.1757 13.8712 10.9777 17.1733 19.68 16.1984
threshold=1.0000000180025095e-35 1.0000000180025095e-35 363.50000000000006 2.5000000000000004 368.50000000000006 1.0000000180025095e-35 1.0000000180025095e-35 1.0000000180025095e-35 0.85895117540687183 0.44575163398692813 0.46559906149783059 0.15831244778613204 0.55343526299408674 0.25145286000000006 0.85895117540687183 0.087121212121212113 0.59630794982625657 0.46765463000000007 0.97100840336134464 1.0000000180025095e-35 0.18898809523809523 0.30407264722069344 0.66371497000000013 0.53660873440285217 0.92722431077694256 0.79078571335952608 0.33137254901960794 0.59506990164814477 0.47413024085637828 0.20112359550561798
decision_type=2 2 2 2 2 2 2 2 2 2 2 2 2 2 2 2 2 2 2 2 2 2 2 2 2 2 2 2 2 2
left_child=1 -1 3 6 23 -6 7 11 9 10 13 -3 -12 19 15 16 17 -13 -5 -7 24 22 -14 -4 -10 26 29 28 -28 -23
right_child=-2 2 4 18 5 8 -8 -9 20 -11 12 14 21 -15 -16 -17 -18 -19 -20 -21 -22 25 -24 -25 -26 -27 27 -29 -30 -31
leaf_value=0.077348607844787892 -0.051153135263066432 -0.054482244366683752 -0.092534931419082145 -0.05116973015089539 -0.051480662774362279 -0.053131979790668075 -0.052576950726855323 -0.053412866617177861 0.01064003368234054 -0.055306789006369456 -0.052854421532452178 -0.061048287480946761 -0.055347501532051861 -0.054816511915330247 0.076193652687133517 -0.055426960676430582 0.069429507478211583 0.055129861016571885 0.056288786657988636 0.09644655068013111 0.073768466745189817 0.043510125628256319 0.079528941382236346 0.077685926211006756 0.065640889529846272 0.090841060409235494 -0.078330993312772906 0.055100597250273831 0.051458268722273028 0.069232609610208953
leaf_weight=10085.265742417425 539.46288094110787 9.860295055434106 1.434413120150565 438.1713992357254 41.344444938004017 3.1223425641655931 17.915713215246797 14.380635531619189 22.111007958650589 38.509704982861876 8.0364169497042877 9.9813104979693872 6.5484502483159286 19.39320051856339 243.38776537775993 27.31989885494113 254.09256188757718 27.89431519061327 5.3288151025772086 9.2089255657047033 351.28294356167316 86.608058186247945 4.2247171401977539 1223.9377394318581 33.807101279497147 36.50816086307168 6.1950582265853864 27.593673221766949 5.525946382433176 208.66852270439267
leaf_count=2693 25379 252 8 20847 1813 77 573 426 39 1294 229 236 132 477 101 499 346 89 45 11 146 308 1 343 20 22 39 32 9 357
internal_value=0.065534 0.0702785 0.0478729 0.0107141 0.0661268 0.050808 0.0551443 0.0584325 0.0556839 0.0433106 0.0523178 0.0612418 0.0574486 -0.0107423 0.0632697 0.053418 0.0636028 0.0245136 -0.0498786 0.0585725 0.0696658 0.0597699 -0.00245546 0.0774867 0.0438926 0.0615764 0.0583832 0.033563 -0.017141 0.0616879
internal_weight=13807.1 13267.7 3182.39 1048.33 2134.06 908.689 604.832 586.917 867.344 460.143 421.633 572.536 389.909 31.7245 562.676 319.288 291.968 37.8756 443.5 12.3313 407.201 381.873 10.7732 1225.37 55.9181 371.099 334.591 39.3147 11.721 295.277
internal_count=56843 31464 28771 23414 5357 5006 2522 1949 3193 2988 1694 1523 1129 565 1271 1170 671 325 20892 88 205 900 133 351 59 767 745 80 48 665
is_linear=0
shrinkage=0.05


Tree=19
num_leaves=31
num_cat=0
split_feature=18 11 11 11 11 9 21 20 0 0 4 6 1 0 24 0 15 4 24 0 0 1 3 24 24 1 0 8 8 24
split_gain=2818.7 783.053 785.437 1048.46 143.793 165.581 78.4608 67.4334 63.6375 55.7668 55.0864 90.1076 68.3482 49.087 32.5157 30.3665 30.5368 39.2124 33.7407 27.9199 26.0321 41.089 33.7094 25.2684 34.0325 22.539 22.5093 21.782 21.3222 20.2534
threshold=1.0000000180025095e-35 1.0000000180025095e-35 363.50000000000006 2.5000000000000004 368.50000000000006 1.0000000180025095e-35 1.0000000180025095e-35 1.0000000180025095e-35 3.9404113500000006 1.9102344500000001 0.90330606731769547 0.087121212121212113 0.83096903096903107 5.056621100000001 0.35090069000000007 9.2392160000000025 1.0000000180025095e-35 0.57119266278193026 0.44317451000000002 20.257357000000003 8.4788090000000018 0.31139971139971145 0.44414863646608072 0.23717984500000003 0.25781440000000005 0.89825495415557544 8.1534830000000031 0.31851119894598162 0.37708504238446822 0.45873110000000006
decision_type=2 2 2 2 2 2 2 2 2 2 2 2 2 2 2 2 2 2 2 2 2 2 2 2 2 2 2 2 2 2
left_child=1 9 3 6 -4 -6 7 8 -3 14 11 13 -13 23 -1 16 -15 -18 27 -5 21 22 26 -7 -25 -23 -10 -19 -24 -20
right_child=-2 2 4 19 5 10 -8 -9 20 -11 -12 12 -14 15 -16 -17 17 18 29 -21 -22 25 28 24 -26 -27 -28 -29 -30 -31
leaf_value=0.043999594881398763 -0.051095967476723486 -0.020121567230912258 0.075304872528320285 -0.051111820382513176 -0.051408724169573129 -0.059387380690898696 -0.052455841137228454 -0.053248568068904156 -0.069881387046404828 0.075460276473018464 0.067594242437830271 -0.042575847440806724 0.071085490989518593 0.065381802646749462 -0.05870964049685904 0.081960086098692819 -0.054619861406480189 -0.057912100503527332 0.10300127635240862 0.075519339509631786 0.070235533467306044 -0.058858483006095391 0.045928827596639389 0.089308602909007828 -0.055686402557199456 0.070550724139346904 0.066464104194938978 0.025529416052688686 0.084422767671188129 0.046448968626807599
leaf_weight=26.790439702570438 513.71262059360743 24.358109261840582 1198.5104205161333 418.18598081171513 39.381697522476315 14.002934195101263 17.080307263880968 13.720426017418502 8.5539855454117042 9819.3127748891711 381.79361673630774 48.707750355824828 18.156789392232895 137.07700104825199 10.817036319524048 85.942116491496563 11.793638397008179 9.0360856503248197 22.261132337152958 4.3986234217882147 361.11586718261242 13.083989581093194 88.238420553505421 10.144433442503216 6.7329465039074412 4.529493883252143 4.6849569976329795 58.173194503411651 60.734658857807517 54.819173607975245
leaf_count=63 25379 646 351 20889 1813 244 573 426 102 2523 215 1485 8 283 107 36 276 117 11 3 294 263 165 20 168 2 4 182 47 148
internal_value=0.0637725 0.0683214 0.0464697 0.0104523 0.0639702 0.0488428 0.0531616 0.0562772 0.0589355 0.0752275 0.0534408 0.0421087 -0.0117116 0.0508863 0.0144573 0.0558241 0.0481621 0.0330393 0.0402042 -0.0497937 0.0624953 0.0469519 0.0548276 -0.00973261 0.0314653 -0.0255795 -0.0216319 0.014311 0.0616224 0.0627815
internal_weight=13485.9 12972.1 3115.22 1018.68 2096.53 898.023 596.1 579.02 565.299 9856.92 858.641 476.847 66.8645 409.983 37.6075 379.102 293.16 156.083 144.29 422.585 540.941 179.826 162.212 30.8803 16.8774 17.6135 13.2389 67.2093 148.973 77.0803
internal_count=56843 31464 28771 23414 5357 5006 2522 1949 1523 2693 3193 2978 1493 1485 170 1053 1017 734 458 20892 877 583 318 432 188 265 106 299 212 159
is_linear=0
shrinkage=0.05


Tree=20
num_leaves=31
num_cat=0
split_feature=18 11 11 11 11 11 4 0 7 21 20 0 1 4 2 1 0 2 1 19 17 0 3 7 17 24 24 8 0 6
split_gain=2621.47 682.554 691.586 1015.67 124.596 137.927 86.3599 79.0005 67.8388 64.007 63.9547 52.8029 65.8605 34.9081 39.5345 40.8984 34.0683 33.4339 33.259 31.0264 28.1017 26.873 26.6791 23.3811 18.7153 22.7532 17.9758 15.1181 22.7498 27.8604
threshold=1.0000000180025095e-35 1.0000000180025095e-35 363.50000000000006 2.5000000000000004 368.50000000000006 998.50000000000011 0.59048155147226367 8.8459605000000021 0.1719211822660098 1.0000000180025095e-35 1.0000000180025095e-35 4.2933065000000008 0.30860805860805868 0.59226755218216331 0.4662100456621005 0.8523965141612202 3.9404113500000006 0.32466216216216215 0.22361111111111107 1.0000000180025095e-35 0.24316334072431633 20.257357000000003 0.38631684792675508 0.15484515484515488 0.26491228070175449 0.32595308000000006 0.60141167000000006 0.31782106782106784 13.209223500000002 0.087121212121212113
decision_type=2 2 2 2 2 2 2 2 2 2 2 2 2 2 2 2 2 2 2 2 2 2 2 2 2 2 2 2 2 2
left_child=1 11 3 6 -4 -6 26 8 -7 10 16 12 17 22 -15 -16 20 18 -1 -14 -8 -5 -10 -18 25 -24 -3 -9 29 -29
right_child=-2 2 4 21 5 7 9 27 13 -11 -12 -13 19 14 15 -17 23 -19 -20 -21 -22 -23 24 -25 -26 -27 -28 28 -30 -31
leaf_value=-0.089103528786324299 -0.051050604237883483 -0.057255706993103429 0.07347057352355725 -0.051059447121581163 -0.051298294576503714 -0.054440506659979987 -0.053179877305130199 0.10122327219097232 0.09835023480549003 -0.05295706474086246 -0.053088648347254103 0.073800335758636579 0.07451827276425349 0.052010419236944806 -0.059025151500157393 0.074280001969194057 -0.059245550412892145 0.067341100417039043 0.040209762528393006 -0.084377438280968095 0.084824953001615438 0.075439011203648862 -0.06026855836724633 0.065273599193096971 -0.055984031002113216 0.10586921037914532 0.035117991755067218 0.06830548884072582 0.070263852820597383 0.030738561721607105
leaf_weight=7.030021637678149 489.28683367371559 20.441744979470972 1181.2694161832333 394.49324400350451 33.290005248039961 21.267478015273809 11.270823638886215 25.731125138700008 4.8230592906475058 12.898463763296602 12.297415189445017 9594.4275964051485 3.9954383373260507 212.66622238233685 16.925819521769885 8.7170391231775266 3.7968083955347529 112.58128794282675 16.988231461495161 13.295112617313862 5.4834620859473935 4.2435824498534194 3.6547053940594214 532.28405540436506 19.423107707872987 4.7254927456378937 7.0944107715040436 94.327687349170446 316.5347772538662 103.51190227270126
leaf_count=51 25339 587 351 20705 1625 493 289 15 4 405 400 2462 1 499 639 3 41 85 32 96 26 2 97 739 383 4 68 56 189 873
internal_value=0.0625327 0.0668746 0.0462363 0.0122525 0.0629106 0.0484996 0.0530539 0.0524913 0.0315482 0.0571751 0.0596887 0.0733343 0.0442781 0.038298 0.0449387 -0.0137094 0.0621974 0.0559156 0.00236041 -0.0476604 -0.00801267 -0.0497132 -0.0102069 0.0643917 -0.0290384 0.0334145 -0.0334566 0.0638217 0.0619507 0.04865
internal_weight=13288.8 12799.5 3051.17 1004.3 2046.87 865.598 605.567 832.308 292.203 578.031 565.133 9748.32 153.89 270.935 238.309 25.6429 552.835 136.6 24.0183 17.2906 16.7543 398.737 32.6264 536.081 27.8033 8.3802 27.5362 540.105 514.374 197.84
internal_count=56559 31220 28493 23262 5231 4880 2555 3255 2122 1900 1495 2727 265 1629 1141 642 1095 168 83 97 315 20707 488 780 484 101 655 1133 1118 929
is_linear=0
shrinkage=0.05


Tree=21
num_leaves=31
num_cat=0
split_feature=18 11 11 11 11 9 4 0 7 21 20 0 1 0 2 1 4 2 1 19 0 7 23 24 0 2 2 1 24 3
split_gain=2426.9 646.595 632.58 942.527 122.99 137.079 78.7038 72.2303 62.5325 58.4691 58.3332 51.3239 60.3811 31.9637 30.7799 30.7042 30.5595 33.9093 37.7324 28.8724 25.3734 24.5462 22.484 17.013 16.7164 48.0021 24.1083 19.2047 14.53 13.9328
threshold=1.0000000180025095e-35 1.0000000180025095e-35 363.50000000000006 2.5000000000000004 368.50000000000006 1.0000000180025095e-35 0.59048155147226367 8.8459605000000021 0.1719211822660098 1.0000000180025095e-35 1.0000000180025095e-35 4.2933065000000008 0.30860805860805868 2.6507173500000003 0.32466216216216215 0.22361111111111107 0.59630794982625657 0.4662100456621005 0.8523965141612202 1.0000000180025095e-35 20.257357000000003 0.15484515484515488 1.0000000180025095e-35 0.60141167000000006 9.1335040000000003 0.51899951899951913 0.38924963924963929 0.89825495415557544 0.40113396500000004 0.54670140749473095
decision_type=2 2 2 2 2 2 2 2 2 2 2 2 2 2 2 2 2 2 2 2 2 2 2 2 2 2 2 2 2 2
left_child=1 11 3 6 -4 -6 23 8 -7 10 13 12 14 -8 15 -1 22 29 -19 -14 -5 -15 -10 -3 25 26 -23 -27 -24 -18
right_child=-2 2 4 20 5 7 9 -9 16 -11 -12 -13 19 21 -16 -17 17 18 -20 -21 -22 24 28 -25 -26 27 -28 -29 -30 -31
leaf_value=-0.087353904339866451 -0.050998656443472123 -0.057064489679749891 0.07166641562672886 -0.051007827437751188 -0.051258166880330171 -0.054252549101215866 -0.052725819130954144 0.061646956748527715 -0.057728273984930356 -0.052817782185454513 -0.052939723808117005 0.072082967038672272 0.072757627181281675 -0.057759226973901692 0.064954880203124968 0.038301206128377993 0.037308648370643939 -0.058909282074947479 0.072016798964298995 -0.082636291077891139 0.07322404710523002 0.031960002227500235 0.040383796176489579 0.033080130522237204 0.068923252712133662 -0.053538600217388377 0.070731350595091891 0.06614760551840615 -0.056108846075296474 0.063365716858768406
leaf_weight=6.8177036866545704 465.88615399226546 19.508311007171873 1151.2188633978367 375.62375739775598 34.325724963098764 20.200589461252093 6.2441779132932416 532.38762676529586 12.958930544555185 12.300937021151183 11.729739123955367 9338.3515053391457 3.8901832103729257 4.3125592656433573 110.92350565642118 16.944141235202551 101.2079172693193 15.455716529861094 8.5457680225372297 12.90638442337513 4.1555806174874297 58.684813790023327 21.408300353214148 7.1533149927854529 332.28603195399046 14.343243189156057 126.56781356409192 4.3736846745014182 4.770800231024622 104.03605852089822
leaf_count=51 25339 587 351 20705 1747 488 177 1083 253 405 400 2462 1 61 85 32 306 611 3 96 2 158 169 68 267 328 102 2 84 136
internal_value=0.0610465 0.0652313 0.0449296 0.0119417 0.0609964 0.0466348 0.051089 0.0507278 0.0305839 0.0550108 0.0573855 0.0716146 0.0427441 0.0597521 0.0538919 0.00224848 0.0369694 0.0439407 -0.0122928 -0.0466462 -0.0496485 0.0610513 -0.00386408 -0.0328787 0.0620068 0.0507393 0.0584493 -0.0255709 0.0227993 0.0505167
internal_weight=12939.5 12473.6 2983.8 977.284 2006.52 855.297 597.505 820.972 288.584 570.843 558.542 9489.83 151.482 546.812 134.685 23.7618 268.383 229.245 24.0015 16.7966 379.779 540.568 39.138 26.6616 536.256 203.97 185.253 18.7169 26.1791 205.244
internal_count=56559 31220 28493 23262 5231 4880 2555 3133 2050 1900 1495 2727 265 1095 168 83 1562 1056 614 97 20707 918 506 655 857 590 260 330 253 442
is_linear=0
shrinkage=0.05


Tree=22
num_leaves=31
num_cat=0
split_feature=18 11 11 11 11 9 4 0 21 20 0 1 1 24 0 2 1 4 19 4 0 4 7 24 0 0 6 2 8 1
split_gain=2251.12 614.274 578.202 877.177 122.098 125.464 72.1064 67.1062 53.6755 53.4812 50.0599 55.4162 47.2466 35.2994 29.2729 28.3947 27.9359 27.6342 26.8894 25.3477 23.9762 23.8107 22.4995 21.8158 26.7369 20.0968 43.5014 79.0877 16.4782 62.0648
threshold=1.0000000180025095e-35 1.0000000180025095e-35 363.50000000000006 2.5000000000000004 368.50000000000006 1.0000000180025095e-35 0.59048155147226367 7.8213599000000009 1.0000000180025095e-35 1.0000000180025095e-35 4.2933065000000008 0.30860805860805868 0.20126582278481006 0.54156935000000017 2.6507173500000003 0.32466216216216215 0.20431354359925794 0.6810370622034666 1.0000000180025095e-35 0.59630794982625657 20.257357000000003 0.55583743598449498 0.15484515484515488 0.20817088000000003 3.9404113500000006 13.209223500000002 0.087121212121212113 0.85895117540687183 0.70801282051282055 0.55403151065801681
decision_type=2 2 2 2 2 2 2 2 2 2 2 2 2 2 2 2 2 2 2 2 2 2 2 2 2 2 2 2 2 2
left_child=1 10 3 6 -4 -6 -3 12 9 14 11 15 -7 16 -8 23 -14 19 -13 21 -5 -18 -16 -1 -25 26 -9 -28 29 -24
right_child=-2 2 4 20 5 7 8 25 -10 -11 -12 18 13 -15 22 -17 17 -19 -20 -21 -22 -23 28 24 -26 -27 27 -29 -30 -31
leaf_value=0.059685613540609667 -0.050949312554412429 -0.032297792787842498 0.07001771807255687 -0.050958747755568481 -0.051197025870354268 -0.054073204691629788 -0.052591618880085927 0.063320232392909792 -0.05268489528179765 -0.052797891562526879 0.070522360428041941 0.071160634183000115 0.17017271819364141 -0.057399562964026485 -0.057361087255315246 0.062724771596473647 0.034743871409268628 -0.079596865024331803 -0.080977368185322807 0.045996501381134008 0.07119546241771034 -0.05718584406170299 0.059317613726235612 -0.081745435857914037 0.072834458833917134 0.066111617937070655 -0.037187042737441431 0.051337544625849565 0.069453203249600901 -0.01926786441913806
leaf_weight=9.6846068724989909 443.5829898044467 25.825161265209317 1120.1972531676292 357.63979598321021 32.689649282023311 17.693106487393379 5.9544195737689725 181.56425274908543 11.729782298207281 11.186889637261627 9074.4427139908075 3.7813704013824472 3.8339234050363293 10.565953658893703 4.1299857832491389 109.16870349645615 16.023680249229077 5.2182429656386367 12.522039726376534 139.95909497328103 4.0626465603709212 12.568588772788642 260.01371704600751 9.92567230761051 3.8950860500335684 305.63408196717501 36.23273211158812 83.086370572447777 240.63224426284432 27.812108190730214
leaf_count=10 25339 655 351 20705 1747 444 177 157 405 400 2462 1 10 285 61 85 185 40 96 367 2 216 415 72 1 183 1178 68 112 330
internal_value=0.0596845 0.0637277 0.0437169 0.011667 0.0591931 0.0448443 0.0493925 0.048709 0.0531499 0.0554082 0.0700504 0.0413016 0.0240426 0.0313877 0.0576559 0.0519916 0.0366698 0.0337243 -0.0456909 0.0372326 -0.0495867 -0.00566659 0.0588885 0.00214205 -0.0381804 0.0570812 0.0479081 0.024456 0.059797 0.051724
internal_weight=12581.3 12137.7 2914.25 948.987 1965.27 845.07 587.284 812.38 561.459 549.729 9223.42 148.977 205.863 188.169 538.542 132.674 177.604 173.77 16.3034 168.551 361.702 28.5923 532.588 23.5054 13.8208 606.517 300.883 119.319 528.458 287.826
internal_count=56559 31220 28493 23262 5231 4880 2555 3133 1900 1495 2727 265 1547 1103 1095 168 818 808 97 768 20707 401 918 83 73 1586 1403 1246 857 745
is_linear=0
shrinkage=0.05


Tree=23
num_leaves=31
num_cat=0
split_feature=18 11 11 11 11 8 2 4 7 21 20 0 1 1 0 4 0 2 2 7 0 0 3 2 7 7 24 24 0 24
split_gain=2091.84 584.772 531.139 816.541 120.905 78.3897 122.416 66.1754 59.9566 49.3134 49.0731 48.649 51.0046 38.0071 35.5465 44.8643 28.0478 26.1613 25.6995 25.062 22.6711 21.9559 21.8022 21.8613 18.0077 17.4739 39.3401 21.2133 37.3059 22.6112
threshold=1.0000000180025095e-35 1.0000000180025095e-35 363.50000000000006 2.5000000000000004 365.50000000000006 0.70438540332906541 0.53546277665995989 0.59048155147226367 0.1719211822660098 1.0000000180025095e-35 1.0000000180025095e-35 4.2933065000000008 0.30860805860805868 0.87695265561163194 8.8459605000000021 0.59630794982625657 3.9404113500000006 0.29818990155604957 0.44136745607333849 0.21778656126482207 20.257357000000003 3.9404113500000006 0.37389306599832922 0.37176079734219269 0.15484515484515488 0.25677655677655681 0.36985656000000006 0.44622616000000009 5.3166401000000008 0.36647239500000006
decision_type=2 2 2 2 2 2 2 2 2 2 2 2 2 2 2 2 2 2 2 2 2 2 2 2 2 2 2 2 2 2
left_child=1 11 3 7 -4 6 8 -3 18 10 16 12 17 -8 15 22 -9 21 -6 -14 -5 -1 -10 -24 -18 27 -27 29 -29 -17
right_child=-2 2 4 20 5 -7 13 9 14 -11 -12 -13 19 -15 -16 25 24 -19 -20 -21 -22 -23 23 -25 -26 26 -28 28 -30 -31
leaf_value=-0.079138008969551574 -0.050902443190282559 -0.031357609244004651 0.068877486721752368 -0.050912083159232228 -0.05542776104372707 0.060435116243865751 -0.052377968356963248 -0.0091082543644140906 0.08798541720759874 -0.052558115355384995 -0.052662828390745708 0.069099371534836015 0.069707164468706798 0.06229343744051366 0.06631423311054295 0.049180722131952015 -0.057860096144213204 0.056950339402376385 0.075866336842531093 -0.079397244859819582 0.069326368720737441 0.071230445241954946 -0.05454319777775362 0.020685214580293092 0.058449228008876045 0.038241584403953761 -0.081779662664198727 0.15367985945602236 0.054415696080544355 -0.0075813624322970162
leaf_weight=6.7646945714950544 422.32791355811059 25.283491434529424 1059.4605622589588 340.5014566630125 21.940911011770371 384.93388782069087 51.981196153908968 16.20965164899826 4.9129418097436419 11.18394931219518 10.667901512235401 8805.0800262987614 3.6700282096862784 8.3925948739051801 127.77375106327236 96.051159454509616 3.3497156891971818 119.77425491064787 4.4898141995072356 12.142353571951388 3.9660261198878279 3.7864124774932861 23.509309804067016 16.389948653057218 510.71260212175548 36.412061501294374 8.4030855670571309 12.174181928858159 42.537643827497959 21.46571884304285
leaf_count=56 25339 655 303 20705 567 363 2385 315 6 405 400 2462 1 4 105 246 41 111 7 96 2 1 708 109 739 96 80 26 100 126
internal_value=0.058435 0.0623503 0.0425938 0.0113965 0.0575665 0.0436543 0.0300963 0.0477425 0.0397508 0.0513647 0.0535133 0.0686245 0.0400123 -0.0364374 0.0446944 0.0341449 0.0556494 0.0503014 -0.0331247 -0.0447904 -0.0495277 -0.0251762 -0.0114026 -0.0236406 0.0576913 0.0435489 0.0157369 0.0507858 0.0765034 0.0388125
internal_weight=12216.2 11793.9 2842.7 921.875 1920.83 861.368 476.434 577.407 416.061 552.124 540.94 8951.22 146.138 60.3738 389.63 261.856 530.272 130.325 26.4307 15.8124 344.467 10.5511 44.8122 39.8993 514.062 217.044 44.8151 172.229 54.7118 117.517
internal_count=56559 31220 28493 23262 5231 4928 4565 2555 2176 1900 1495 2727 265 2389 1602 1497 1095 168 574 97 20707 57 823 817 780 674 176 498 126 372
is_linear=0
shrinkage=0.05


Tree=24
num_leaves=31
num_cat=0
split_feature=18 11 11 11 11 0 4 0 1 9 21 7 11 2 0 0 7 1 1 1 2 1 7 0 0 0 3 4 17 0
split_gain=1946.43 559.557 490.093 759.363 120.194 74.6452 60.5814 47.7115 46.8976 45.6161 45.2319 32.6107 30.3359 32.7181 28.4498 25.7355 24.9167 47.2784 34.9272 40.632 24.7402 25.6936 23.3763 22.9984 21.947 60.4317 28.1847 42.8244 21.5814 21.4496
threshold=1.0000000180025095e-35 1.0000000180025095e-35 363.50000000000006 2.5000000000000004 365.50000000000006 13.209223500000002 0.59048155147226367 4.2933065000000008 0.30860805860805868 1.0000000180025095e-35 1.0000000180025095e-35 0.1719211822660098 368.50000000000006 0.34960317460317464 9.2392160000000025 3.9404113500000006 0.29459980713596917 0.83096903096903107 0.44575163398692813 0.35859165709911983 0.32466216216216215 0.22361111111111107 0.21778656126482207 13.0218115 6.765063500000001 5.9844680000000006 0.54160618363404756 0.62543595578985789 0.24316334072431633 20.257357000000003
decision_type=2 2 2 2 2 2 2 2 2 2 2 2 2 2 2 2 2 2 2 2 2 2 2 2 2 2 2 2 2 2
left_child=1 7 3 6 -4 9 -3 8 20 12 15 14 13 -6 -11 28 24 18 19 -18 21 -1 -10 -20 25 26 27 -13 -8 -5
right_child=-2 2 4 29 5 -7 10 -9 22 11 -12 16 -14 -15 -16 -17 17 -19 23 -21 -22 -23 -24 -25 -26 -27 -28 -29 -30 -31
leaf_value=-0.083923052140178214 -0.050857914374276017 -0.030425573047130811 0.067556192396028475 -0.05086770261915468 0.084931003966497817 0.06168861421936013 -0.053042742384598135 0.067797832510517297 0.068380218325953201 -0.054046668941169142 -0.052437178058265178 -0.056853053618778737 -0.050928241542310418 -0.06681330510259649 0.044103503112258337 0.053534554357491819 -0.072545094487232509 0.052641858647474005 -0.059438776712424569 0.061361507413578903 0.058769815159228078 0.0345562726585514 -0.07789279402269389 0.054481178820420244 0.054668137335965261 -0.062354476082992598 0.066828841356812177 0.046050384002104483 0.065621497572798435 0.067594206065775972
leaf_weight=6.3754284456372288 402.07359472475946 24.768424215726554 1026.9963059723377 324.17047195322812 10.937770098447801 309.55119103752077 10.518019737675788 8532.325224250555 3.557048797607421 18.418479003012184 10.662418760359285 14.697623915970324 26.953009993769228 5.2607872337102881 12.322618052363394 516.88870900683105 7.438042804598811 57.327245131134987 30.591113483533263 23.766009505838156 105.57914087176323 16.212174113839865 11.76757302507758 5.1806434113532296 223.18643190525472 15.998066736385224 54.134081970900297 32.394833393394947 6.0272747091948977 3.8668000698089591
leaf_count=51 25339 655 303 20705 16 295 293 2462 1 491 405 310 1639 28 36 1158 72 38 1218 31 85 32 96 16 324 228 105 81 44 2
internal_value=0.0572708 0.0610685 0.0415123 0.0111137 0.0560522 0.0421226 0.0460502 0.067317 0.0387248 0.0308775 0.0495315 0.0351718 -0.0184282 0.0356492 -0.014703 0.0515697 0.038471 0.0193116 -0.00921715 0.0294425 0.048609 0.00111508 -0.0439409 -0.0429403 0.0454672 0.0279494 0.0422212 0.0139341 -0.00981462 -0.0494713
internal_weight=11849.9 11447.9 2772.06 896.902 1875.15 848.158 568.865 8675.82 143.491 538.607 544.096 495.455 43.1516 16.1986 30.7411 533.434 464.714 124.303 66.9758 31.2041 128.167 22.5876 15.3246 35.7718 340.411 117.225 101.227 47.0925 16.5453 328.037
internal_count=56559 31220 28493 23262 5231 4928 2555 2727 265 4633 1900 2950 1683 44 527 1495 2423 1375 1337 103 168 83 97 1234 1048 724 496 391 337 20707
is_linear=0
shrinkage=0.05


Tree=25
num_leaves=31
num_cat=0
split_feature=18 11 11 11 11 0 4 0 6 4 7 20 4 0 3 0 7 24 3 0 8 0 7 24 0 0 4 24 24 3
split_gain=1828.42 553.059 459.966 699.997 114.774 60.4239 76.4017 54.7523 60.084 57.8372 48.4003 46.1199 43.7107 43.1329 37.7033 31.7011 30.8011 51.5235 27.7408 32.6173 21.8373 20.6481 25.018 20.0486 19.1443 18.6436 25.7293 21.0303 25.6156 40.9179
threshold=1.0000000180025095e-35 1.0000000180025095e-35 360.50000000000006 2.5000000000000004 365.50000000000006 7.1046948500000005 0.61845212010779405 13.209223500000002 0.087121212121212113 0.82433867180577713 0.29300813008130083 1.0000000180025095e-35 0.54694998154300489 4.7112292500000006 0.44414863646608072 4.2933065000000008 0.31287650602409645 0.33425173000000002 0.48895202020202028 2.6507173500000003 0.61064030131826752 8.8459605000000021 0.14962686567164177 0.54156935000000017 8.5278930000000006 8.3334675000000029 0.59431730903505109 0.44622616000000009 0.45873110000000006 0.551890446718033
decision_type=2 2 2 2 2 2 2 2 2 2 2 2 2 2 2 2 2 2 2 2 2 2 2 2 2 2 2 2 2 2
left_child=1 13 3 5 -4 6 -3 8 12 -10 14 -7 -6 16 -8 -14 18 -18 19 -1 -11 22 -17 25 -25 27 -27 -24 -29 -30
right_child=-2 2 4 -5 7 11 10 -9 9 20 -12 -13 15 -15 -16 21 17 -19 -20 -21 -22 -23 23 24 -26 26 -28 28 29 -31
leaf_value=-0.064258946981082393 -0.050816147035909358 -0.044953675141515104 0.066251179841324545 -0.050760624743709182 -0.053172377949285213 0.056207326715596244 -0.074464287395127782 0.057676450177980731 -0.055686966016700104 -0.05222112103164267 -0.060932817311139045 -0.052674898370378059 -0.054446357054290018 0.066676218485117442 0.058191552840793505 -0.054291736381880111 0.078478232813963808 -0.088195570354401967 0.061521379650962993 0.039810099683353098 0.030031682487601692 0.063665112640944418 0.038948507021448545 -0.064894678539593104 0.059669739272225325 0.056910360221803229 -0.10640531780070131 0.10859924445149867 -0.066175965078119348 0.083409698006607524
leaf_weight=10.224864978343247 385.82924167625606 38.139288170263171 947.02749182283878 306.70321743376553 12.147868661209939 393.79500105697662 5.7135640662163487 300.94959739036858 33.675474825315177 9.0025564981624466 11.041086765006183 9.9718301463872177 8.1454602405428869 8242.0314438641071 85.666458919644356 7.1713205063715568 7.9512414932251003 11.123048953711985 110.54624074324965 28.557925015687943 77.843808242119849 108.57228525541723 192.81316688656807 8.4518569009378535 4.8572305571287862 4.8315122257918102 4.8150886008515954 26.618284195661545 6.7912767147645381 13.987668170593677
leaf_count=83 25543 910 347 20782 510 621 97 301 1541 473 347 371 239 2446 191 180 2 87 77 24 459 86 796 153 11 12 30 25 108 23
internal_value=0.0561739 0.0599167 0.0398513 0.00965041 0.054391 0.0436892 0.0154549 0.0407047 0.0308772 -6.32921e-05 0.0379496 0.0535183 0.0402183 0.0661644 0.0498972 0.0431494 0.0411144 -0.0187165 0.0487568 0.0123729 0.0215053 0.0452474 0.0378505 0.0403614 -0.0194342 0.0435466 -0.0246085 0.0462836 0.0761229 0.0345199
internal_weight=11415 11029.2 2618.73 851.03 1767.7 544.327 140.56 820.674 519.725 120.522 102.421 403.767 399.203 8410.43 91.38 387.055 168.403 19.0743 149.329 38.7828 86.8464 378.91 270.337 263.166 13.3091 249.857 9.6466 240.21 47.3972 20.7789
internal_count=56875 31332 28613 23319 5294 2537 1545 4947 4646 2473 635 992 2173 2719 288 1663 273 89 184 107 932 1424 1338 1158 164 994 42 952 156 131
is_linear=0
shrinkage=0.05


Tree=26
num_leaves=31
num_cat=0
split_feature=18 11 11 11 11 0 4 0 2 2 7 0 1 20 4 24 8 0 3 2 24 0 2 2 7 7 0 2 24 3
split_gain=1705.43 533.527 424.192 652.841 114.836 55.6913 70.2091 51.9661 55.2993 66.2327 44.4599 42.4541 43.5816 42.3873 40.3683 35.8613 32.5567 27.7683 27.4834 45.6282 19.2146 25.3332 18.0237 30.7505 17.2931 22.3469 16.7179 27.0805 25.7492 25.1814
threshold=1.0000000180025095e-35 1.0000000180025095e-35 360.50000000000006 2.5000000000000004 365.50000000000006 7.1046948500000005 0.61845212010779405 13.209223500000002 0.48610038610038614 0.85895117540687183 0.29300813008130083 4.7112292500000006 0.31139971139971145 1.0000000180025095e-35 0.54694998154300489 0.196732025 0.28759398496240607 4.2933065000000008 0.48895202020202028 0.3393028461784458 0.57348662500000014 10.119407500000003 0.37786843447220814 0.33137254901960794 0.16064516129032258 0.15831244778613204 8.8459605000000021 0.31851119894598162 0.11864144500000001 0.45239633321028677
decision_type=2 2 2 2 2 2 2 2 2 2 2 2 2 2 2 2 2 2 2 2 2 2 2 2 2 2 2 2 2 2
left_child=1 11 3 5 -4 6 24 8 14 20 16 12 18 -7 -6 -14 -8 -16 19 -1 21 -10 23 -18 25 -3 27 28 -19 -29
right_child=-2 2 4 -5 7 13 10 -9 9 -11 -12 -13 15 -15 17 -17 22 26 -20 -21 -22 -23 -24 -25 -26 -27 -28 29 -30 -31
leaf_value=-0.094871264709262618 -0.050775929682360679 -0.053517446417106845 0.065088478826941673 -0.050722978877056624 -0.053039522772484332 0.054311537957185733 -0.083451140948819391 0.05597822874543551 -0.065908010539297651 0.035813025959708138 -0.060740287357309401 0.065579566081412341 0.083995275182041695 -0.052545634030321697 -0.054155333914534448 -0.084045622920833729 0.062494880652661226 0.07777816596830002 0.060981048226046712 0.03985483265531773 -0.053991657670014563 0.063853625593897123 0.06540856414801309 -0.080803188715646498 -0.066271907260527049 0.089401441878698418 0.060711957535207133 -0.056150797422639821 -0.054394656907499041 0.044055890499358819
leaf_weight=7.9438406042754641 367.29548611026257 6.3361922390758973 916.52161328494549 291.95620094612241 11.583625630475579 387.32987987622619 4.4920713230967513 294.73469525761902 6.3788649942725888 64.382661372423172 10.535068382509051 7967.8185610771179 4.360225677490237 9.5082443021237832 7.4045739518478504 11.679497204720972 9.5224137492477876 4.9723464772105244 110.69888216257095 30.085935220122337 44.368878790177405 9.1660495800897461 70.483588849194348 6.1692757066339245 25.969999455846846 4.8125700205564499 103.35425917431712 6.436231490224599 14.230838356539605 241.87894828245044
leaf_count=60 25543 259 347 20782 510 621 53 301 176 73 347 2446 1 371 235 98 24 8 67 47 2214 39 147 64 641 10 87 137 406 761
internal_value=0.0551592 0.0588007 0.0388579 0.00941841 0.0529703 0.0422285 0.0149083 0.0392397 0.0296445 0.000603845 0.036482 0.0650601 0.0399384 0.0517512 0.0389034 -0.0383655 0.0477787 0.0417189 0.0483832 0.0117126 -0.0372315 0.0106059 0.0546193 0.00615644 -0.0439112 0.00817614 0.043633 0.0370347 -0.0201707 0.0414586
internal_weight=11052.4 10685.1 2552.53 827.116 1725.41 535.159 138.321 808.892 514.157 124.296 101.202 8132.59 164.768 396.838 389.861 16.0397 90.6673 378.277 148.729 38.0298 59.9138 15.5449 86.1753 15.6917 37.1188 11.1488 370.873 267.518 19.2032 248.315
internal_count=56875 31332 28613 23319 5294 2537 1545 4947 4646 2502 635 2719 273 992 2144 99 288 1634 174 107 2429 215 235 88 910 269 1399 1312 414 898
is_linear=0
shrinkage=0.05


Tree=27
num_leaves=31
num_cat=0
split_feature=18 11 11 11 11 8 6 1 21 4 8 2 2 24 2 8 1 17 1 2 4 8 7 2 4 22 2 11 24 24
split_gain=1592.61 514.955 391.831 609.545 114.47 47.6253 81.3434 54.7544 45.0964 36.6939 30.3924 113.723 29.6094 30.9235 28.4806 23.1616 21.3017 21.1164 18.2243 14.8971 12.0141 14.9471 26.2498 21.1646 15.2448 13.1583 19.1226 48.2121 15.154 15.5817
threshold=1.0000000180025095e-35 1.0000000180025095e-35 360.50000000000006 2.5000000000000004 365.50000000000006 0.76253132832080206 0.087121212121212113 0.8523965141612202 1.0000000180025095e-35 0.54694998154300489 0.70801282051282055 0.49253065774804905 0.36882591093117417 0.51142912000000018 0.32049382716049379 0.27953488372093033 0.92390405293631106 0.21921921921921925 0.17337627482555018 0.92637759710930456 0.79078571335952608 0.30471628592483418 0.1719211822660098 0.31851119894598162 0.66389176443524278 1.0000000180025095e-35 0.37176079734219269 371.50000000000006 0.18344868 0.30653053500000005
decision_type=2 2 2 2 2 2 2 2 2 2 2 2 2 2 2 2 2 2 2 2 2 2 2 2 2 2 2 2 2 2
left_child=1 -1 3 8 -4 6 9 -8 10 -6 11 12 13 14 15 -3 -13 -7 -11 -12 21 22 -20 -23 -24 26 27 -25 -27 -30
right_child=-2 2 4 -5 5 17 7 -9 -10 18 19 16 -14 -15 -16 -17 -18 -19 20 -21 -22 23 24 25 -26 28 -28 -29 29 -31
leaf_value=0.064039239211088769 -0.050737714479250254 -0.066822416566045803 0.064007663264164003 -0.050687219893732996 -0.052911491561582424 0.018051684742362756 -0.044337744212680268 0.051070822886816726 -0.051937770665845533 -0.055049973188529 0.086258076330071098 -0.056436829700891977 0.056484784868707533 0.04769895378869636 -0.078108913200623672 0.0390837670899871 0.069804867778044427 0.057245010962004475 -0.053572913449983807 0.051809595626300553 0.070836738094651006 -0.05573282051128553 0.060134479149786361 0.12408939896720694 0.16107613319279865 0.0092478914166981823 0.032073906648004087 -0.063047464101167114 0.085189627992369524 0.041930875718659805
leaf_weight=7856.1397307738662 349.63878511451185 6.6649937313050058 886.16824920475483 277.90830806829035 11.044676196761428 39.035819906741381 56.969639893621206 20.43073670938611 12.769187362864612 5.0255608530715099 39.42075564712286 36.538760367780924 186.83353500720114 51.315791580826044 11.301190689206122 22.901972632855177 3.6779065132141104 287.31349857151508 4.9235802972689262 153.93019679933786 30.581829839386046 6.601840576156973 65.523869470693171 4.4450083971023568 3.966875944286584 21.083150463178754 129.5088093066588 15.248682642355561 30.991780038923025 63.402487761341035
leaf_count=2719 25543 211 347 20782 510 67 2507 14 564 159 33 831 320 113 190 150 1 185 139 124 21 171 372 2 10 65 302 237 23 163
internal_value=0.0542152 0.0577635 0.0379275 0.00919797 0.0516455 0.0378847 0.0276914 -0.0191535 0.0408768 0.0369327 0.0431889 0.0337137 0.0450436 0.0218553 -0.010595 0.0152104 -0.0448917 0.052557 0.0395351 0.058833 0.0407984 0.0381411 0.0579921 0.0326958 0.0658967 0.0349015 0.0250937 -0.0208093 0.0475736 0.0561337
internal_weight=10691.3 10341.7 2485.53 803.263 1682.27 796.098 469.749 77.4004 525.354 392.348 512.585 319.234 279.017 92.1839 40.8682 29.567 40.2167 326.349 381.303 193.351 376.278 345.696 74.4143 271.282 69.4907 264.68 149.203 19.6937 115.477 94.3943
internal_count=56875 31332 28613 23319 5294 4947 4695 2521 2537 2174 1973 1816 984 664 551 361 832 252 1664 157 1505 1484 521 963 382 792 541 239 251 186
is_linear=0
shrinkage=0.05


Tree=28
num_leaves=31
num_cat=0
split_feature=18 11 11 11 11 0 4 0 0 2 2 1 0 20 7 4 10 0 0 1 24 0 0 2 24 7 7 14 4 8
split_gain=1488.32 497.05 361.471 570.078 114.408 50.2692 62.56 47.3105 46.5369 45.1667 56.7332 41.0598 40.6296 37.6938 34.7125 33.9133 32.8511 24.6025 19.5964 41.4489 18.4735 23.7071 16.6436 23.0799 23.0358 19.6557 41.6772 20.5227 48.2221 19.5204
threshold=1.0000000180025095e-35 1.0000000180025095e-35 360.50000000000006 2.5000000000000004 365.50000000000006 7.1046948500000005 0.61845212010779405 13.209223500000002 4.7112292500000006 0.48610038610038614 0.85895117540687183 0.31139971139971145 6.0645475000000006 1.0000000180025095e-35 0.29300813008130083 0.54694998154300489 1.0000000180025095e-35 4.2933065000000008 2.5423961500000005 0.24048192771084337 0.57348662500000014 10.119407500000003 8.8459605000000021 0.31851119894598162 0.11864144500000001 0.20112359550561798 0.18286311389759663 1.0000000180025095e-35 0.6663879572296757 0.27334993773349942
decision_type=2 2 2 2 2 2 2 2 2 2 2 2 2 2 2 2 2 2 2 2 2 2 2 2 2 2 2 2 2 2
left_child=1 8 3 5 -4 6 -3 9 11 15 20 18 14 -7 -8 -6 -13 -17 19 -1 21 -11 23 24 -19 26 27 28 -25 -27
right_child=-2 2 4 -5 7 13 12 -9 -10 10 -12 16 -14 -15 -16 17 -18 22 -20 -21 -22 -23 -24 25 -26 29 -28 -29 -30 -31
leaf_value=-0.06543806886899789 -0.050701403011544632 -0.043653120831988051 0.062999428017336628 -0.050653257308096215 -0.052788156577976086 0.051371496344443213 0.051748368979408293 0.052964785007382754 0.063642851453096588 -0.06571104592395377 0.032974586045436835 -0.083651247326133937 -0.088702345232343771 -0.052587132046846723 -0.057132750760451836 -0.054046989195828787 0.079317567826578894 0.072139229907223434 0.054554018129513132 0.053834719207772275 -0.053770970435311552 0.062395403786934117 0.05736990035066767 -0.063926390694094309 -0.054240397033994497 0.10134927516946768 -0.07399087215710605 0.096329991540041085 0.054829468144640507 0.040797341269169042
leaf_weight=11.554352063685657 332.81888415198773 35.440240217372775 856.09601660072803 264.52733953204006 10.529949187301098 371.75930386036634 83.989527258090675 281.62016269378364 7426.4038341194391 6.0256774211302391 62.865281224250793 11.595397047698496 6.3298314791172734 8.9288703333586437 8.0190590349957329 7.0904924916103473 4.2168612480163565 4.9175178445875671 111.32578410208225 19.708462707698345 40.75615457072854 9.0135563546791655 100.05950947105885 12.676877425983546 13.516371311619876 14.420836240053175 11.285920598544179 10.039926283061503 26.247056246735156 172.76270906347781
leaf_count=89 25543 910 347 20782 510 621 251 301 2446 176 73 98 91 371 293 235 1 8 63 22 2214 39 87 229 406 38 124 34 39 434
internal_value=0.0533162 0.0567769 0.0370412 0.00899716 0.0503627 0.0396681 0.0133027 0.0365608 0.0630709 0.0273621 0.000403753 0.0362541 0.0338291 0.0489332 0.0422588 0.0357024 -0.0401902 0.0382004 0.0447313 0.00975296 -0.0362942 0.0110678 0.0399879 0.0334461 -0.0205267 0.0374671 0.0126277 0.0325928 0.0161527 0.0454623
internal_weight=10336.5 10003.7 2418.92 778.994 1639.92 514.467 133.779 783.828 7584.8 502.208 118.661 158.401 98.3384 380.688 92.0086 383.547 15.8123 373.017 142.589 31.2628 55.7954 15.0392 365.927 265.867 18.4339 247.433 60.2498 48.9639 38.9239 187.184
internal_count=56875 31332 28613 23319 5294 2537 1545 4947 2719 4646 2502 273 635 992 544 2144 99 1634 174 111 2429 215 1399 1312 414 898 426 302 268 472
is_linear=0
shrinkage=0.05


Tree=29
num_leaves=31
num_cat=0
split_feature=18 11 11 11 11 0 4 0 0 2 2 1 0 7 4 10 3 2 0 24 0 7 7 2 2 6 2 24 0 2
split_gain=1392.45 482.34 335.246 532.337 113.736 46.5167 57.4691 45.5215 44.6134 40.8465 52.6775 38.0542 37.2949 31.7735 31.2039 30.5572 26.1041 42.0175 22.6036 17.6821 21.9505 16.8622 19.9374 16.562 19.302 16.1442 113.341 16.141 15.9501 20.8084
threshold=1.0000000180025095e-35 1.0000000180025095e-35 360.50000000000006 2.5000000000000004 365.50000000000006 7.1046948500000005 0.61845212010779405 4.7112292500000006 13.209223500000002 0.48610038610038614 0.85895117540687183 0.31139971139971145 6.0645475000000006 0.29300813008130083 0.54694998154300489 1.0000000180025095e-35 0.48895202020202028 0.3393028461784458 4.2933065000000008 0.57348662500000014 10.119407500000003 0.16064516129032258 0.15831244778613204 0.37786843447220814 0.33137254901960794 0.15476190476190474 0.85895117540687183 0.73005647000000007 8.8459605000000021 0.31851119894598162
decision_type=2 2 2 2 2 2 2 2 2 2 2 2 2 2 2 2 2 2 2 2 2 2 2 2 2 2 2 2 2 2
left_child=1 7 3 5 -4 6 21 11 9 14 19 16 13 23 -6 -13 17 -1 -16 20 -11 22 -3 24 -8 -7 -27 -12 29 -20
right_child=-2 2 4 -5 8 25 12 -9 -10 10 27 15 -14 -15 18 -17 -18 -19 28 -21 -22 -23 -24 -25 -26 26 -28 -29 -30 -31
leaf_value=-0.0964196398637307 -0.050666893125595192 -0.053269531683416263 0.062055616256155167 -0.050620992243188202 -0.052669389731629983 0.05903401621663662 0.042763879565107854 0.062778300432572737 0.051479293391896511 -0.065089778180040414 0.051487934676011177 -0.08203056659438579 -0.086370025087357027 -0.056956170444270565 -0.053868937925862462 0.077082001892303353 0.056397963096993332 0.035162794012305605 -0.02024734745825868 -0.05364448572736117 0.059993114722602006 -0.06565035955669353 0.085115840168348209 0.060251608496930613 -0.074389215734502898 -0.056355359392331619 0.052505891767899597 -0.0010754192576429434 0.055573922662594533 0.035742157198051488
leaf_weight=7.7228105664253226 316.7973087625578 5.6618139920756203 826.4139049500227 251.78252887260169 10.038415060378609 165.37553169764578 10.440503207966684 7159.0190478265285 275.4183345977217 5.7851321119815102 38.74833981692791 11.242256559431551 6.1795605020597568 7.6510215876623979 6.7664159871637812 4.1245346069335929 103.06008426845074 28.296903789043427 17.793180865235627 38.857568240724504 8.9084577485918981 24.053655048832297 4.8171507213264704 67.676162214949727 5.3010459505021563 27.55323364213109 180.83021383732557 23.440158851444721 98.176713494583964 246.3433105526492
leaf_count=60 25543 259 347 20782 510 148 46 2446 301 176 28 98 91 293 235 1 67 47 414 2214 39 641 10 133 72 696 148 45 87 898
internal_value=0.0524825 0.0558626 0.0361771 0.00877921 0.0491721 0.0383633 0.0128206 0.0621989 0.0353497 0.0263726 0.000373795 0.0353421 0.0324965 0.0405623 0.0343097 -0.0393238 0.0435919 0.00695085 0.0366754 -0.0359768 0.0107457 -0.0425892 0.0103458 0.0495067 0.00331198 0.0473692 0.0381119 0.0316757 0.0383664 0.0319705
internal_weight=9984.28 9667.48 2354.01 757.322 1596.69 505.54 131.781 7313.47 770.276 494.858 115.74 154.447 97.2483 91.0687 379.118 15.3668 139.08 36.0197 369.08 53.5512 14.6936 34.5326 10.479 83.4177 15.7415 373.759 208.383 62.1885 362.313 264.136
internal_count=56875 31332 28613 23319 5294 2537 1545 2719 4947 4646 2502 273 635 544 2144 99 174 107 1634 2429 215 910 269 251 118 992 844 73 1399 1312
is_linear=0
shrinkage=0.05


Tree=30
num_leaves=31
num_cat=0
split_feature=18 11 11 11 11 2 20 21 20 7 3 4 17 4 9 11 4 2 8 7 1 24 2 10 3 24 4 4 8 7
split_gain=1298.66 440.022 325.887 500.685 102.62 63.5648 40.5403 39.8492 33.2142 32.6061 26.6782 24.7213 24.5183 22.0144 15.1671 34.3852 15.0992 65.1558 14.4863 23.0379 15.4445 23.8096 14.3042 13.6121 12.1958 17.2801 15.5503 12.0183 81.7811 12.6719
threshold=1.0000000180025095e-35 1.0000000180025095e-35 360.50000000000006 2.5000000000000004 365.50000000000006 0.3393028461784458 1.0000000180025095e-35 1.0000000180025095e-35 1.0000000180025095e-35 0.15831244778613204 0.53127958785853535 0.56390297498309672 0.21921921921921925 0.59723066622161836 1.0000000180025095e-35 368.50000000000006 0.77206694790028141 0.48610038610038614 0.40602355072463775 0.16064516129032258 0.31139971139971145 0.74679760000000006 0.4182575494619924 1.0000000180025095e-35 0.49902004126142063 0.5469163050000001 0.6810370622034666 0.79078571335952608 0.4624765478424015 0.24156877605153473
decision_type=2 2 2 2 2 2 2 2 2 2 2 2 2 2 2 2 2 2 2 2 2 2 2 2 2 2 2 2 2 2
left_child=1 -1 3 7 -4 10 11 8 9 -3 -6 -7 18 -12 15 -13 17 22 19 -11 -20 -22 24 -21 25 26 -14 28 29 -16
right_child=-2 2 4 -5 5 6 -8 -9 -10 12 13 14 16 -15 27 -17 -18 -19 20 23 21 -23 -24 -25 -26 -27 -28 -29 -30 -31
leaf_value=0.06145697243722853 -0.050632622340586589 -0.055512065923569213 0.061216740958047661 -0.050592085060880532 -0.054745973593286937 -0.055610030858524256 -0.05921137134206083 -0.05211458859963311 -0.052557565204237537 0.085450073002800012 0.047722522595224234 0.051909715354112741 -0.078360864285438037 -0.065597936567462045 0.032983145426514968 -0.051506957983730277 0.05903213086014663 -0.060094859557775576 0.055167792284561562 -0.065374519863646438 -0.068298014213676428 0.031774871267140792 0.062315755450189664 0.028643849083287133 0.044149690323504132 0.046787190413671798 0.042876731593173262 0.049894087177157875 -0.06122619225722277 0.053755260550991939
leaf_weight=6855.6572349593043 300.07025633286685 8.5320768682286126 831.62977331876755 239.19898744020611 25.521462642587721 6.5570586770772925 10.233749507926403 12.158515365794299 9.601932901889084 4.6581654381006983 17.240295681171123 19.319000408053398 8.1163530154153722 5.703658993355929 150.50438637658954 13.764345861040054 181.89180642366409 15.280320184305308 33.552608584053814 13.555249987170102 7.9660363513976362 23.412851370871067 85.685450753197074 5.376894110813736 76.962880578823388 11.531875906512139 3.9233780056238166 353.18160449527204 20.060821576043963 143.35394765157253
leaf_count=2640 25427 275 355 20737 974 172 521 575 434 8 148 26 75 83 377 870 157 156 86 386 229 53 38 10 95 27 3 759 814 224
internal_value=0.0517278 0.0550685 0.0363397 0.00894475 0.0490573 0.0358464 0.0395925 0.0373019 0.0395204 0.0413606 -0.0195726 0.0410232 0.0431121 0.0195521 0.0419282 0.00888315 0.0485884 0.0391609 0.0193939 -0.0141631 0.0315856 0.00636976 0.0473054 -0.0386725 0.034512 0.00304439 -0.0388533 0.043567 0.0364485 0.0431165
internal_weight=9494.2 9194.13 2338.48 741.405 1597.07 765.44 716.975 502.206 490.048 480.446 48.4654 706.741 471.914 22.944 700.184 33.0833 383.392 201.5 88.5218 23.5903 64.9315 31.3789 186.22 18.9321 100.534 23.5716 12.0397 667.101 313.919 293.858
internal_count=56734 31307 28667 23344 5323 4968 3763 2607 2032 1598 1205 3242 1323 231 3070 896 551 394 772 404 368 282 238 396 200 105 78 2174 1415 601
is_linear=0
shrinkage=0.05


Tree=31
num_leaves=31
num_cat=0
split_feature=0 11 11 11 11 0 9 11 20 7 21 2 0 4 2 0 8 24 3 3 0 11 14 7 21 2 4 3 3 4
split_gain=836.598 483.079 341.549 495.568 107.858 100.311 77.8248 76.9196 54.953 49.8526 44.9727 32.8026 35.0451 32.2388 31.4243 29.6338 42.1365 31.2035 26.0751 27.1991 26.0475 26.0371 25.952 24.1923 20.9392 17.9161 14.6958 35.8514 14.5122 15.7561
threshold=4.6039099500000011 1.0000000180025095e-35 360.50000000000006 2.5000000000000004 365.50000000000006 1.7307677000000001 1.0000000180025095e-35 1.0000000180025095e-35 1.0000000180025095e-35 0.31287650602409645 1.0000000180025095e-35 0.3393028461784458 9.3954720000000016 0.63173197213797894 0.94957627118644072 7.1046948500000005 0.37708504238446822 0.61847713000000015 0.55723272828535997 0.54160618363404756 4.6802870000000008 363.50000000000006 1.0000000180025095e-35 0.17445652173913043 1.0000000180025095e-35 0.38924963924963929 0.58710167512799105 0.57118431590096697 0.4394919497070035 0.7600441677309494
decision_type=2 2 2 2 2 2 2 2 2 2 2 2 2 2 2 2 2 2 2 2 2 2 2 2 2 2 2 2 2 2
left_child=5 -2 3 8 -4 -1 14 9 10 24 15 12 22 -9 -6 16 20 -18 19 21 -3 -15 -8 -17 28 -22 27 -13 29 -7
right_child=1 2 4 -5 6 7 11 13 -10 -11 -12 26 -14 18 -16 23 17 -19 -20 -21 25 -23 -24 -25 -26 -27 -28 -29 -30 -31
leaf_value=-0.051064792426911414 0.061177759652751788 0.086555407477212257 0.060509898222591688 -0.050562633975220365 -0.053554418471941249 -0.086656457609363205 -0.058049034621706401 -0.044836841315051459 -0.051604083553047367 -0.06832616791951078 -0.051821848760673396 -0.061835895715683958 0.086698167433663875 -0.056775677321187025 0.034329320226077036 -0.091504286868416218 0.056328338663099276 -0.055853338055961682 -0.052427453440754501 0.068493180443892451 -0.074077977814278897 0.049184569769047087 0.061589728586297132 0.050234777863279581 -0.071002192973866951 0.0042313650920782512 0.04219661995683191 0.06583684720137542 0.050641184952742259 0.063479402281594627
leaf_weight=152.1571919573471 6489.8490068651736 4.4659643517807117 793.2275064215064 252.1174276843667 33.969431457109749 4.1343447631224981 22.553672677837316 82.573564298450947 17.153246778063476 11.581191929057239 13.077146468684075 11.237341961823406 7.6416442319750777 13.666029357351364 14.519062548875807 3.0369982914999119 52.298872035928071 7.0321604097262016 15.192507501691578 18.962092681787908 18.259571610949937 10.069321757182477 5.6729377536103121 344.94385298062116 4.0157027021050444 12.173343076370655 637.43410870153457 10.766984477639197 94.032116765156388 3.0269491672515869
leaf_count=13229 2467 4 358 22969 2214 95 573 5860 1142 429 754 181 4 765 76 27 181 409 1141 96 180 87 15 521 179 40 2485 16 236 1
internal_value=0.0509749 0.0542431 0.0343432 0.00604267 0.0476841 -0.0188838 0.034006 0.000150225 0.03625 0.030134 0.03956 0.038277 -0.00828888 -0.0247802 -0.0272391 0.0422623 0.0173891 0.0430321 0.00382841 0.0238452 -0.0262063 -0.0118238 -0.0340042 0.0489978 0.0409723 -0.0427538 0.0408098 0.00063593 0.0454158 -0.0231968
internal_weight=9160.84 8751.43 2261.58 724.559 1537.02 409.411 743.795 257.254 472.441 116.79 455.288 695.307 35.8683 140.464 48.4885 442.211 94.2299 59.331 57.89 42.6974 34.8989 23.7354 28.2266 347.981 105.209 30.4329 659.438 22.0043 101.193 7.16129
internal_count=56734 34616 32149 26227 5922 22118 5564 8889 3258 940 2116 3274 592 7949 2290 1362 814 590 2089 948 224 852 588 548 511 220 2682 197 332 96
is_linear=0
shrinkage=0.05


Tree=32
num_leaves=31
num_cat=0
split_feature=18 11 11 11 11 2 0 0 8 0 20 20 1 24 4 3 17 24 24 24 8 24 2 0 7 24 24 0 3 8
split_gain=1146.31 416.72 278.72 440.084 103.565 53.4469 44.1973 42.5924 61.8822 36.3446 35.6993 30.9311 24.6193 23.9699 20.9876 18.5048 16.031 16.0057 17.9914 16.5276 15.7746 92.4229 21.3963 12.8448 16.7068 13.9552 14.5455 22.215 12.4454 80.9513
threshold=1.0000000180025095e-35 1.0000000180025095e-35 360.50000000000006 2.5000000000000004 365.50000000000006 0.3393028461784458 1.9102344500000001 7.1046948500000005 0.37708504238446822 9.3954720000000016 1.0000000180025095e-35 1.0000000180025095e-35 0.24048192771084337 0.61847713000000015 0.56390297498309672 0.44414863646608072 0.070197044334975353 0.33000168500000004 0.26996131000000007 0.67063981500000014 0.76253132832080206 0.62421510000000013 0.91734972677595616 5.0088807000000006 0.19890109890109883 0.3383664950000001 0.40113396500000004 2.6507173500000003 0.60088252804051823 0.67041198501872679
decision_type=2 2 2 2 2 2 2 2 2 2 2 2 2 2 2 2 2 2 2 2 2 2 2 2 2 2 2 2 2 2
left_child=1 6 3 7 -4 9 12 8 17 16 14 28 -1 15 -7 -10 -6 18 -3 -19 21 -16 -23 24 -8 -26 -27 -28 -9 -30
right_child=-2 2 4 -5 5 10 23 11 13 -11 -12 -13 -14 -15 20 -17 -18 19 -20 -21 -22 22 -24 -25 25 26 27 -29 29 -31
leaf_value=-0.063322165335014238 -0.050580344662305626 -0.0718681288058928 0.059613221842353681 -0.050535457457754167 0.021043965523036865 -0.055182671885759788 0.060089697662817389 0.055742329882140833 -0.077536855754176015 0.079612597332583135 -0.059367807503480335 -0.052438616537799236 0.031076962909191597 -0.056924537367683603 0.04071199743628124 0.055506083579434984 -0.056721843338577188 -0.067950898838315246 0.026732027966458245 0.031996383407771806 0.047777737254838012 -0.058234376573728867 0.032070695204826222 0.06054568966051737 0.046748630080635949 0.032785721755328949 0.023969877226593148 -0.12093012225946885 -0.05967779862290671 0.049293375514968041
leaf_weight=10.075573053210972 273.18631999287754 6.2128332061693099 772.6964387819171 216.79271570593119 8.5618770085275155 5.9613452972844234 55.48754995316267 177.42388128302991 2.7272201981395474 7.7619509398937216 9.5001426888629776 8.081528075039385 21.961766891181469 5.7018013605847946 346.57292743772268 62.740932088345289 29.326133631169796 26.626426892355088 18.118950449861586 4.8969899090006939 293.7662165556103 31.724359476007521 8.2689289599657041 6224.6968478858471 20.892573401331902 9.7015011906623858 5.0496251434087736 5.5550529509782791 19.264541357755661 147.77642918657511
leaf_count=83 25427 216 355 20737 169 172 29 185 52 15 521 390 77 260 1236 253 1021 597 169 28 228 1598 8 2384 14 9 18 26 292 165
internal_value=0.0502458 0.0534622 0.0347633 0.00858311 0.0468038 0.0334545 0.0599679 0.035308 0.0104839 -0.0189553 0.036893 0.0442522 0.00138894 0.0414005 0.0382255 0.0499639 -0.0391484 -0.0289096 0.00155564 -0.0524246 0.039044 0.0324069 -0.0395631 0.0602648 0.0421804 0.0180597 -0.0114578 -0.0519331 0.0465207 0.0367259
internal_weight=8837.11 8563.93 2210.5 696.364 1514.14 741.444 6353.42 479.572 127.025 45.65 695.794 352.546 32.0373 71.17 686.294 65.4682 37.888 55.8552 24.3318 31.5234 680.332 386.566 39.9933 6321.38 96.6863 41.1988 20.3062 10.6047 344.465 167.041
internal_count=56734 31307 28667 23344 5323 4968 2640 2607 1575 1205 3763 1032 160 565 3242 305 1190 1010 385 625 3070 2842 1606 2480 96 67 53 44 642 457
is_linear=0
shrinkage=0.05


Tree=33
num_leaves=31
num_cat=0
split_feature=18 11 11 11 11 2 0 0 8 0 20 20 1 24 4 14 3 0 8 4 7 3 24 2 0 7 24 24 0 7
split_gain=1075.5 406.583 257.972 412.693 103.634 48.947 42.7029 39.8891 56.9037 33.6039 33.0546 28.736 22.8517 22.0545 19.3848 17.0149 16.9961 15.7725 30.0527 55.4622 15.3619 16.4214 13.222 38.4392 13.0968 15.7676 12.9944 13.2146 20.0771 12.458
threshold=1.0000000180025095e-35 1.0000000180025095e-35 360.50000000000006 2.5000000000000004 365.50000000000006 0.3393028461784458 1.9102344500000001 7.1046948500000005 0.37708504238446822 9.3954720000000016 1.0000000180025095e-35 1.0000000180025095e-35 0.24048192771084337 0.61847713000000015 0.56390297498309672 1.0000000180025095e-35 0.44414863646608072 13.209223500000002 0.4624765478424015 0.8149991348397323 0.21654184304786719 0.5083412397216952 0.72818860500000004 0.95101959216313492 5.0088807000000006 0.19890109890109883 0.3383664950000001 0.40113396500000004 2.6507173500000003 0.16064516129032258
decision_type=2 2 2 2 2 2 2 2 2 2 2 2 2 2 2 2 2 2 2 2 2 2 2 2 2 2 2 2 2 2
left_child=1 6 3 7 -4 9 12 8 20 15 14 -9 -1 16 -7 -6 -10 18 -16 -20 21 29 -21 -24 25 -8 -27 -28 -29 -3
right_child=-2 2 4 -5 5 10 24 11 13 -11 -12 -13 -14 -15 17 -17 -18 -19 19 22 -22 -23 23 -25 -26 26 27 28 -30 -31
leaf_value=-0.062600593174348726 -0.050551857172111206 0.0012943048435605075 0.058868048319964922 -0.050509084968917609 -0.056519106131826535 -0.05498998328752458 0.058825093454067459 0.045344793361520884 -0.076376916471123019 0.076574930134213015 -0.059312318307263773 -0.052320872147094334 0.029615602143406423 -0.056858764620948368 0.039864332041613271 0.026032232615916265 0.053333390734860278 0.048092080586907678 -0.059966106487622663 0.042230260706191562 -0.073150327420529557 0.026487508042309423 -0.090498533902388267 0.032961708766389264 0.059899075793416558 0.045717192018269293 0.031763776767148158 0.022823466831685249 -0.11505716825547088 -0.070770671177813077
leaf_weight=9.6918484717607516 260.00561231933534 10.849565250799062 744.07961647957563 206.32458262052387 28.641384629532695 5.6899766465649 53.887203700840473 335.92564288619906 2.6326151173561803 7.6687431568279854 9.0450568497180921 7.7042507156729689 21.894923005253077 5.4298397498205295 320.28374427929521 7.9813913432881227 62.04985221195966 235.98231331259012 22.708041492849588 56.605873739346862 14.081926834769545 16.187434337101877 8.3383460910990816 25.849330566823483 5983.4084459245205 20.310629665851593 9.5176924318075198 5.0383974313735944 5.5467818081378937 13.408644982613621
leaf_count=83 25427 283 355 20737 1040 172 29 642 52 15 521 390 77 260 864 150 253 230 1195 424 312 118 328 29 2384 14 9 18 26 297
internal_value=0.0495751 0.0527281 0.0340139 0.00840715 0.0457421 0.0323408 0.0593063 0.0343663 0.0101356 -0.018599 0.035637 0.0431551 0.00132068 0.0399291 0.0369084 -0.0385283 0.0480541 0.0376892 0.0320299 0.00992231 -0.0281734 -0.0125139 0.0274018 0.00284986 0.0596077 0.0411193 0.0175105 -0.0109878 -0.0494279 -0.0385394
internal_weight=8516.77 8256.76 2147.47 674.594 1472.87 728.794 6109.3 468.27 124.64 44.2915 684.503 343.63 31.5868 70.1123 675.458 36.6228 64.6825 669.768 433.785 113.502 54.5276 40.4456 90.7936 34.1877 6077.71 94.3007 40.4135 20.1029 10.5852 24.2582
internal_count=56734 31307 28667 23344 5323 4968 2640 2607 1575 1205 3763 1032 160 565 3242 1190 305 3070 2840 1976 1010 698 781 357 2480 96 67 53 44 580
is_linear=0
shrinkage=0.05


Tree=34
num_leaves=31
num_cat=0
split_feature=18 11 11 11 11 2 0 7 0 8 0 20 20 24 8 24 2 4 14 8 18 4 24 24 2 1 2 3 8 1
split_gain=1009.23 399.15 239.871 386.003 103.708 44.8088 41.9521 37.9337 36.8455 52.2568 31.0981 30.6151 26.536 20.3072 18.3407 77.502 19.7185 17.4995 16.244 15.9556 23.2452 15.7385 14.8831 16.5155 15.202 14.2519 13.2678 11.9615 76.8787 16.1656
threshold=1.0000000180025095e-35 1.0000000180025095e-35 360.50000000000006 2.5000000000000004 365.50000000000006 0.3393028461784458 4.7112292500000006 0.25677655677655681 7.1046948500000005 0.37708504238446822 9.3954720000000016 1.0000000180025095e-35 1.0000000180025095e-35 0.61847713000000015 0.76253132832080206 0.62421510000000013 0.91734972677595616 0.56390297498309672 1.0000000180025095e-35 0.29217479674796748 -1.0000000180025095e-35 0.61046735305047328 0.33000168500000004 0.26996131000000007 0.42947558770343586 0.26138716356107661 0.34724637681159426 0.60088252804051823 0.70801282051282055 0.92390405293631106
decision_type=2 2 2 2 2 2 2 2 2 2 2 2 2 2 2 2 2 2 2 2 2 2 2 2 2 2 2 2 2 2
left_child=1 6 3 8 -4 10 7 19 9 22 18 14 27 21 15 17 -17 -7 -6 20 26 -11 23 -3 -24 -9 -1 -10 29 -29
right_child=-2 2 4 -5 5 11 -8 25 12 13 -12 -13 -14 -15 -16 16 -18 -19 -20 -21 -22 -23 24 -25 -26 -27 -28 28 -30 -31
leaf_value=-0.094819983976024425 -0.050524777210825593 -0.070768235352416317 0.058158901655880862 -0.050484022259688337 -0.056299866835515626 -0.054965966319197923 0.059271104862523641 0.044532688683578937 0.053143551348614794 -0.066589720059466659 0.073730169184566305 -0.059258384846652259 -0.052208744399988273 -0.056789079012117119 0.045356075441079863 -0.058211360389589732 0.030033446985901508 0.037332944302136239 0.024546977369496459 0.04901579967567686 0.061067285793604202 0.051683839439811176 -0.066621476212432015 0.026080960937405053 0.030189171043249398 -0.077762595256265998 0.02262955917237474 -0.059156514940203866 0.0493004558591498 0.063576500368282371
leaf_weight=6.6122469194233418 247.45420333370566 5.8403508570045259 716.20192508399487 196.35698498412967 27.347950416617095 5.2137097362428895 5761.0771464705467 3.0797047019004813 169.59707913175225 2.9488154929131261 7.5689474642276755 8.6115583432838303 7.3438520664349189 5.171204342506825 280.20043113455176 29.764288193546236 8.0405714213848096 341.78387794550508 8.0395596204325539 78.034500360488892 8.0530705451965332 60.946546794846654 24.920669337734584 17.872433373704553 4.8430857127532354 10.519779048860071 3.7786844819784164 22.873184552416209 134.37150231935084 3.0394482612609854
leaf_count=55 25427 216 355 20737 1040 158 2392 5 185 80 15 521 390 260 228 1612 8 1236 150 80 3 225 588 169 37 97 8 344 112 1
internal_value=0.0489171 0.0520084 0.0332376 0.00819981 0.0447034 0.0312548 0.0586869 0.0281104 0.0332624 0.00978185 -0.0182575 0.0344122 0.0417949 0.0385125 0.0356252 0.0285395 -0.0394429 0.0359461 -0.0379326 0.0391304 -0.00269378 0.0462254 -0.0273246 0.00222744 -0.0508687 -0.0500679 -0.0521092 0.0438876 0.0340939 -0.0447604
internal_weight=8207.51 7960.05 2088.9 656.125 1432.77 716.571 5871.16 110.078 459.768 122.543 42.9565 673.614 337.225 69.0666 665.003 384.802 37.8049 346.998 35.3875 96.4785 18.444 63.8954 53.4765 23.7128 29.7638 13.5995 10.3909 329.881 160.284 25.9126
internal_count=56734 31307 28667 23344 5323 4968 2640 248 2607 1575 1205 3763 1032 565 3242 3014 1620 1394 1190 146 66 305 1010 385 625 102 63 642 457 345
is_linear=0
shrinkage=0.05


Tree=35
num_leaves=31
num_cat=0
split_feature=18 11 0 6 2 2 0 0 0 8 0 4 24 24 14 24 3 2 1 4 0 1 0 11 1 7 24 4 2 2
split_gain=953.136 361.272 186.143 253.62 116.6 102.096 52.137 57.8362 40.8193 38.5836 42.0282 33.8985 32.4959 49.796 31.9182 29.4716 24.684 20.5983 19.482 18.2315 17.8176 16.555 16.2045 16.0251 15.7812 14.5307 14.4437 14.1591 12.8843 14.7194
threshold=1.0000000180025095e-35 1.0000000180025095e-35 11.521996000000003 0.087121212121212113 0.85895117540687183 0.32605600379686767 7.5104160500000008 6.4253005000000005 1.9102344500000001 0.31139971139971145 6.9580013500000009 0.59630794982625657 0.57767155500000011 0.57137350000000009 1.0000000180025095e-35 0.71664142000000008 0.43625894802365395 0.33137254901960794 0.27812939521800289 0.59630794982625657 4.6802870000000008 0.27953488372093033 3.8473195000000007 1.5000000000000002 0.24048192771084337 0.18065268065268061 0.81381737500000007 0.6810370622034666 0.33137254901960794 0.3393028461784458
decision_type=2 2 2 2 2 2 2 2 2 2 2 2 2 2 2 2 2 2 2 2 2 2 2 2 2 2 2 2 2 2
left_child=1 8 3 5 12 9 7 11 24 10 19 18 13 -5 15 17 -13 -9 -7 -3 22 -20 -21 -15 -1 -12 -6 -19 -18 -30
right_child=-2 2 -4 4 26 6 -8 14 -10 -11 25 16 -14 23 -16 -17 28 27 21 20 -22 -23 -24 -25 -26 -27 -28 -29 29 -31
leaf_value=-0.064528338987625888 -0.050501178168120109 -0.048183565079776683 0.050506264686417439 -0.059112240495837957 0.047470123623731847 -0.054579940107025673 0.051520176249124111 0.068777081773100643 0.058381778087952634 -0.066040665586842545 -0.056320400284816531 -0.059342647266782428 -0.053462101692254599 0.18383154183617903 0.044817044133047691 0.08937860798980457 0.10164911756394301 -0.058909550563632299 0.079749803683442977 -0.062863652167982342 -0.0563203727976248 -0.022387943522766945 0.058981368856355298 0.046760500837986156 0.021281190096545475 0.051264878631241219 -0.018801258676139229 0.012902364768344946 -0.056138356323961358 0.042396435156794705
leaf_weight=7.863590411841872 235.31673233490437 32.766530719585717 930.25626103766263 10.309461962431671 47.450601635500789 15.189340149052443 400.93620678689331 4.0807682089507571 5720.5965655222535 24.613112113438547 3.4213353162631384 6.0222195107489815 158.06327012460679 3.6015722975134832 18.981853665784001 4.8173135090619317 9.0512680755928141 44.49995125643909 7.3354893848299971 3.3713097097352209 7.4739204728975883 8.6403422560542804 14.316298159770666 5.2268292000517249 16.816301083192229 37.965013908222318 9.9449319206178171 8.1159629849717003 3.8436591317877165 271.96538839302957
leaf_count=74 25390 2627 2749 635 86 1044 863 14 2535 1448 233 310 13328 3 48 8 26 1522 13 190 456 378 73 61 74 276 43 91 158 1989
internal_value=0.0486499 0.0516268 0.0338381 0.0204942 -0.0259501 0.0322427 0.038758 0.0260468 0.058105 -0.00999912 0.00388967 0.0355221 -0.0460117 0.015523 -0.0118617 -0.0293515 0.0408318 -0.0394396 -0.0140371 -0.0236031 0.0084068 0.0245098 0.0357574 0.102679 -0.00605973 0.042371 0.0359873 -0.0478326 0.0429496 0.0410233
internal_weight=8072.85 7837.54 2092.26 1162 234.597 927.407 803.48 402.544 5745.28 123.928 99.3144 322.048 177.201 19.1379 80.4958 61.514 290.883 56.6967 31.1652 57.9281 25.1615 15.9758 17.6876 8.8284 24.6799 41.3863 57.3955 52.6159 284.86 275.809
internal_count=56745 31355 28672 25923 14156 11767 6464 5601 2683 5303 3855 3918 14027 699 1683 1635 2483 1627 1435 3346 719 391 263 64 148 509 129 1613 2173 2147
is_linear=0
shrinkage=0.05


Tree=36
num_leaves=31
num_cat=0
split_feature=18 11 0 6 2 2 0 0 0 8 0 24 24 3 14 24 4 8 2 4 0 1 1 0 0 17 24 22 2 24
split_gain=894.667 357.964 174.519 234.719 109.96 93.662 50.2125 52.6345 39.4046 36.6684 38.8391 31.2959 44.4713 31.0162 29.4314 26.969 24.4494 19.3185 19.0898 17.1432 16.7131 16.4814 15.1977 15.0639 14.1973 20.9704 27.8958 23.2491 13.5521 13.4178
threshold=1.0000000180025095e-35 1.0000000180025095e-35 11.521996000000003 0.087121212121212113 0.85895117540687183 0.32605600379686767 7.5104160500000008 6.4253005000000005 1.8435687000000003 0.31139971139971145 6.9580013500000009 0.57767155500000011 0.57137350000000009 0.43625894802365395 1.0000000180025095e-35 0.71664142000000008 0.59630794982625657 0.35948717948717951 0.33137254901960794 0.59630794982625657 4.6802870000000008 0.27812939521800289 0.27953488372093033 3.8473195000000007 4.7112292500000006 0.17267080745341609 0.31168522000000004 1.0000000180025095e-35 0.27072835547411828 0.81381737500000007
decision_type=2 2 2 2 2 2 2 2 2 2 2 2 2 2 2 2 2 2 2 2 2 2 2 2 2 2 2 2 2 2
left_child=1 8 3 5 11 9 7 13 17 10 19 12 -5 -7 15 18 21 -1 -9 -3 23 -15 -23 -21 25 26 -10 -28 -12 -6
right_child=-2 2 -4 4 29 6 -8 14 24 -11 28 -13 -14 16 -16 -17 -18 -19 -20 20 -22 22 -24 -25 -26 -27 27 -29 -30 -31
leaf_value=-0.068181187899795145 -0.050476609522869004 -0.047606033765640057 0.049408259370936576 -0.05910090693482703 0.046064858382513278 -0.056125667617587721 0.050313871942177991 0.066854344271263175 0.045705257698766127 -0.065903659724326755 -0.070670070702183493 -0.053421984216303169 0.094285918245596817 -0.055536601858530626 0.043265370036121333 0.084805369961878832 0.041133995107937471 0.032584764744625086 -0.046681845525481463 -0.063037502627288522 -0.056120506519909102 0.077574583610011072 -0.021229793277139027 0.057210286467223696 0.058156388843129903 0.059324952960605151 -0.1070480663139525 0.0092243115282143722 0.048393543752850286 -0.017715237651201046
leaf_weight=8.8609475530684012 223.94639771897346 31.537194105796516 904.05399467051029 9.8084974316880125 46.478228646330535 9.246220341883598 390.2940133921802 3.9905263353139153 29.085333798080683 23.460193970240653 2.5496425880119196 150.46447526756674 9.1184824798256141 11.083906446583571 18.687105236575007 4.8230124711990348 282.6070319628343 10.268521603196858 51.259256029501557 3.1982647776603761 7.1340970937162629 7.1948015727102748 8.4779381360858661 14.028912503272293 5388.8796933293343 61.058889422565699 6.716157741844655 11.946851685643196 38.156477487646043 10.024749107658861
leaf_count=83 25390 2627 2749 635 86 601 863 14 26 1448 135 13328 64 762 48 8 2173 50 1613 190 456 11 371 73 2430 35 38 21 374 43
internal_value=0.0480118 0.0509314 0.0330227 0.0199554 -0.025652 0.0313051 0.0375757 0.0250644 0.0575461 -0.00983229 0.00378451 -0.0457996 0.0147965 0.0341119 -0.011536 -0.0285832 0.0368089 -0.014091 -0.0384815 -0.0232697 0.00823513 -0.00887307 0.0241278 0.034886 0.0577953 0.0399139 0.0150917 -0.032618 0.040936 0.034749
internal_weight=7778.44 7554.49 2037.68 1133.62 225.894 907.729 787.664 397.37 5516.82 120.065 96.6046 169.391 18.927 318.61 78.7599 60.0728 309.364 19.1295 55.2498 55.8985 24.3613 26.7566 15.6727 17.2272 5497.69 108.807 47.7483 18.663 40.7061 56.503
internal_count=56745 31355 28672 25923 14156 11767 6464 5601 2683 5303 3855 14027 699 3918 1683 1635 3317 133 1627 3346 719 1144 382 263 2550 120 85 59 509 129
is_linear=0
shrinkage=0.05


Tree=37
num_leaves=31
num_cat=0
split_feature=18 11 0 6 2 0 4 0 0 24 24 1 3 24 11 0 0 4 2 1 2 1 0 24 17 0 11 11 11 9
split_gain=840.111 355.77 163.717 217.04 103.797 86.7253 74.1782 45.5384 37.8156 30.0884 40.4416 25.5973 24.5906 20.9372 19.6367 16.8169 18.2146 16.5779 15.9746 22.0839 15.3298 14.0622 12.7676 18.5834 23.1441 28.2294 12.7108 54.0539 18.6794 14.3119
threshold=1.0000000180025095e-35 1.0000000180025095e-35 11.521996000000003 0.087121212121212113 0.85895117540687183 7.4272598500000013 0.59630794982625657 6.4253005000000005 1.9102344500000001 0.57767155500000011 0.57137350000000009 0.23222109875294913 0.4327333160666495 0.71664142000000008 363.50000000000006 6.8109405500000006 7.3389366000000011 0.56476360241066137 0.32605600379686767 0.20864427860696519 0.40936473165388826 0.24048192771084337 4.7112292500000006 0.3383664950000001 0.17267080745341609 2.7299810500000006 363.50000000000006 2.5000000000000004 365.50000000000006 1.0000000180025095e-35
decision_type=2 2 2 2 2 2 2 2 2 2 2 2 2 2 2 2 2 2 2 2 2 2 2 2 2 2 2 2 2 2
left_child=1 8 3 5 9 6 11 12 21 10 -5 -3 -8 15 -13 -9 20 -16 19 -14 -17 -1 23 -10 25 -25 27 -4 -28 -30
right_child=-2 2 26 4 -6 -7 7 13 22 -11 -12 14 18 -15 17 16 -18 -19 -20 -21 -22 -23 -24 24 -26 -27 28 -29 29 -31
leaf_value=-0.06325241429014436 -0.050453252508070381 -0.055180905707173294 0.046244213899732434 -0.059088707186630278 0.033554407032361858 0.047042350333747693 -0.057339012096682442 -0.056169200631383143 0.05553573479562976 -0.053384984552816553 0.08855896867860244 -0.035439659545433842 0.032672428098997446 0.089463114731964707 0.043475720212753109 0.029449577053470035 -0.082778334808994436 -0.034341247844034271 0.039150368025001894 -0.062313413174060639 -0.085057665037819585 0.019860487283987392 0.057658832144723442 0.017935614972106047 0.043788027971604485 -0.12563303506451082 0.058306804160084928 -0.038497019670424446 -0.007339556242276184 0.044123967458102195
leaf_weight=7.3591386601328876 213.12053636834025 37.833013677503914 173.29564932174981 9.332010246813299 55.622566138394177 415.42952293436974 7.2782903639599672 22.080791621468961 65.385380551218987 143.22292368812487 9.2199816601350886 26.090478372760117 17.067070461809639 4.5377843696624032 24.914728784002364 25.081141743808988 5.5708973240107289 9.4363942490890604 281.18563795741647 9.5395601140335184 3.3084363648667923 16.500086316838861 5169.1731894016266 8.728266276419161 21.24474186450243 5.634017050266265 409.04147744178772 21.110563793219626 14.246753500774501 261.06224168185145
leaf_count=74 25390 3241 198 635 129 1279 435 717 37 13328 64 2100 345 3 300 246 181 183 2198 461 78 74 2430 22 20 26 185 1765 277 324
internal_value=0.0473965 0.0502612 0.0322119 0.0194184 -0.0253659 0.0303656 0.0157472 0.0258649 0.0570305 -0.0456242 0.0142893 -0.0229273 0.0334984 -0.0138369 -0.00273834 -0.0222013 -0.000115677 0.0220991 0.0356464 -0.00138386 0.0161052 -0.00577485 0.0573148 0.0397081 0.0106438 -0.0383833 0.0483247 0.0370422 0.0515298 0.0414608
internal_weight=7492.65 7279.53 1985.51 1106.75 217.397 889.354 473.924 375.65 5294.02 161.775 18.552 98.2746 315.071 60.5791 60.4416 56.0413 33.9605 34.3511 307.792 26.6066 28.3896 23.8592 5270.17 100.992 35.607 14.3623 878.757 194.406 684.35 275.309
internal_count=56745 31355 28672 25923 14156 11767 10488 4664 2683 14027 699 5824 3439 1225 2583 1222 505 483 3004 806 324 148 2535 105 68 48 2749 1963 786 601
is_linear=0
shrinkage=0.05


Tree=38
num_leaves=31
num_cat=0
split_feature=18 11 0 6 2 0 4 0 0 24 24 1 3 2 2 11 15 15 4 21 0 24 7 7 1 2 11 11 11 9
split_gain=789.322 352.592 155.831 200.381 97.9859 81.6624 67.8935 41.3931 36.5079 28.9378 36.8706 24.7801 22.6267 19.5577 19.189 18.0624 15.482 15.0299 15.1101 14.4629 13.1795 17.6835 20.9475 16.8422 13.1467 12.731 12.528 50.1031 19.5747 13.4478
threshold=1.0000000180025095e-35 1.0000000180025095e-35 11.521996000000003 0.087121212121212113 0.85895117540687183 7.4272598500000013 0.59630794982625657 6.4253005000000005 1.9102344500000001 0.57767155500000011 0.57137350000000009 0.23222109875294913 0.4327333160666495 0.40936473165388826 0.38924963924963929 363.50000000000006 1.0000000180025095e-35 1.0000000180025095e-35 0.56476360241066137 1.0000000180025095e-35 4.7112292500000006 0.31168522000000004 0.23606811145510834 0.27812939521800289 0.24048192771084337 0.96051948051948066 363.50000000000006 2.5000000000000004 365.50000000000006 1.0000000180025095e-35
decision_type=2 2 2 2 2 2 2 2 2 2 2 2 2 2 2 2 2 2 2 2 2 2 2 2 2 2 2 2 2 2
left_child=1 8 3 5 9 6 11 12 24 10 -5 -3 -8 14 16 -13 -9 18 -17 -14 21 -10 -23 -24 -1 -6 27 -4 -28 -30
right_child=-2 2 26 4 25 -7 7 13 20 -11 -12 15 19 -15 -16 17 -18 -19 -20 -21 -22 22 23 -25 -26 -27 28 -29 29 -31
leaf_value=-0.062608887371679356 -0.050431046719128458 -0.055182179038441359 0.04508266015202296 -0.059075215700936573 0.042978900618860082 0.045819481057713538 -0.057085973353475476 0.02397165343464986 0.056435696549665619 -0.053350955370449919 0.083372083580495526 -0.034570046031524686 0.036479620688810679 -0.08213588451189717 0.041600409567147847 0.056098778332321346 -0.047764631817270753 -0.03445250019097975 -0.057208592919200454 -0.016271357934532941 0.057191421669196475 0.039643242110189492 0.024917945412461357 -0.08498131742364598 0.018901863912826316 -0.022440932523722937 0.057836306690683861 -0.037692717895564026 -0.0069819378026987986 0.04296599701242873
leaf_weight=7.0703574307262924 202.81354030082002 35.987062678206712 168.983318625018 8.8788602473214286 45.904412269592285 405.44753861054778 6.9532411256805053 11.382240016013382 57.958561077713966 136.32254949212074 9.3016841104254109 25.426556458696723 291.82468587113544 8.8156498107127828 17.136994990520179 21.841757045127455 22.172458826564252 8.9899836992844921 3.4004041692242017 13.599274132866411 4956.236733019352 26.422083675861359 6.3072108179330808 7.7943402454257011 16.470824103802443 8.8744580456987006 392.17721939086914 20.498707160353661 14.228149807080625 254.85271779727191
leaf_count=74 25390 3241 198 635 92 1279 435 217 32 13328 64 2100 2256 208 106 148 694 243 92 748 2430 23 7 43 74 37 185 1765 277 324
internal_value=0.0468115 0.0496244 0.0314505 0.0188637 -0.0250771 0.0293978 0.0151568 0.0248197 0.0565422 -0.0454487 0.0138049 -0.022414 0.0321004 -0.0133997 -0.00144604 -0.00264775 -0.0234306 0.0210631 0.040835 0.0341308 0.0568315 0.0387195 0.013381 -0.0358266 -0.00557907 0.0323806 0.0474626 0.0361278 0.0507105 0.0403249
internal_weight=7214.07 7011.26 1933 1082.26 209.282 872.978 467.53 371.885 5078.26 154.503 18.1805 95.6458 312.377 59.5073 50.6917 59.6587 33.5547 34.2321 25.2422 305.424 5054.72 98.4822 40.5236 14.1016 23.5412 54.7789 850.74 189.482 661.258 269.081
internal_count=56745 31355 28672 25923 14156 11767 10488 4664 2683 14027 699 5824 3439 1225 1017 2583 911 483 240 3004 2535 105 73 50 148 129 2749 1963 786 601
is_linear=0
shrinkage=0.05


Tree=39
num_leaves=31
num_cat=0
split_feature=18 11 11 11 11 4 8 7 7 20 9 7 1 24 17 1 24 24 2 17 24 17 8 2 7 3 4 24 24 1
split_gain=741.797 349.995 144.477 336.172 106.872 28.9798 66.1532 23.2971 21.1125 20.7411 17.5626 15.5701 28.7165 17.1871 15.2141 15.9784 26.2822 16.378 14.6553 13.6492 13.4076 13.0213 11.5998 37.1864 10.427 26.3447 16.3156 20.8467 11.646 10.008
threshold=1.0000000180025095e-35 1.0000000180025095e-35 360.50000000000006 2.5000000000000004 365.50000000000006 0.79078571335952608 0.4624765478424015 0.14962686567164177 0.15484515484515488 1.0000000180025095e-35 1.0000000180025095e-35 0.15047169811320751 0.21114551083591329 0.61661580000000005 0.21921921921921925 0.81605800214822788 0.72619235000000015 0.7185807500000001 0.45748709122203096 0.21921921921921925 0.88517308000000006 0.12132352941176471 0.30471628592483418 0.3417843388960205 0.24859550561797758 0.55343526299408663 0.61543610710277397 0.66888671500000008 0.44943427500000005 0.30068493150684933
decision_type=2 2 2 2 2 2 2 2 2 2 2 2 2 2 2 2 2 2 2 2 2 2 2 2 2 2 2 2 2 2
left_child=1 -1 3 8 -4 6 7 -6 -3 19 20 -9 13 18 15 16 17 -12 -13 21 -7 -10 -14 -24 25 26 27 -25 -27 -26
right_child=-2 2 4 -5 5 10 -8 11 9 -11 14 12 22 -15 -16 -17 -18 -19 -20 -21 -22 -23 23 24 29 28 -28 -29 -30 -31
leaf_value=0.056083885351617339 -0.05040993458638518 -0.055504329859827464 0.055748306728136778 -0.050412701284302912 -0.056672863251447825 -0.055446123684054542 -0.060201106934250119 0.086862742020535663 0.021776405849565264 -0.052525971836330225 -0.066525736836461846 -0.065392756840779762 0.04661177647106049 0.043402781564204518 0.045163813459826209 0.031078214294045586 -0.13552264562267208 0.082595622112942801 0.041842877393608036 0.040440381412070264 0.035920121748168131 -0.083926615303421381 -0.063857473547050195 -0.076611652479023573 0.049434767552520568 -0.11910114826286365 0.031813079733654243 0.061134175419276876 -0.0061937966660420276 0.016878030372827157
leaf_weight=4869.0925463177264 193.00096878083423 6.5904455715790382 594.11747825890779 164.50514516793191 8.9405172779224795 8.6700438978150505 25.7509127673693 9.906444554217158 81.175419784151018 6.7159015825018278 3.177763397805391 17.914788304828114 64.709704297129065 7.0687588951550415 257.30098245106637 35.446386203169823 4.2517340620979667 4.378073763102293 3.8752725124359122 344.38785458728671 7.4790340960025778 3.0220068953931323 11.788770092651246 8.1042026197537762 70.190525368787348 4.7499089632183296 84.195836205035448 4.15500504663214 4.3990632742643356 35.566105959936976
leaf_count=2683 25390 302 351 20821 306 454 1485 37 839 404 167 512 487 23 557 34 47 4 3 869 11 104 289 102 107 31 126 3 14 183
internal_value=0.0462425 0.0490053 0.030697 0.0106029 0.0402453 0.0267405 0.0170303 0.0229569 0.0333174 0.0346622 0.0376803 0.0251366 0.0232059 -0.0243441 0.0403747 0.0142974 -0.0360785 0.0198796 -0.0463213 0.0360284 -0.0131322 0.0179825 0.027973 0.022568 0.0273884 0.0162749 0.0239662 -0.0299256 -0.0648124 0.0384859
internal_weight=6944.63 6751.63 1882.53 606.397 1276.14 682.02 361.316 335.565 441.892 435.301 320.704 326.624 316.718 28.8588 304.555 47.254 11.8076 7.55584 21.7901 428.585 16.1491 84.1974 287.859 223.149 211.361 105.604 96.455 12.2592 9.14897 105.757
internal_count=56745 31355 28672 23339 5333 4982 3708 2223 2518 2216 1274 1917 1880 538 809 252 218 171 515 1812 465 943 1342 855 566 276 231 105 45 290
is_linear=0
shrinkage=0.05


Tree=40
num_leaves=31
num_cat=0
split_feature=18 11 11 11 11 0 7 3 0 24 24 21 0 0 20 24 2 0 3 7 1 8 7 9 14 4 3 24 8 1
split_gain=702.656 355.659 164.565 297.833 104.648 43.7795 36.3529 101.415 37.0858 31.4543 36.3801 29.9692 23.38 19.9222 19.5229 18.8899 14.3323 14.1661 26.0487 26.5464 21.3368 13.6628 20.521 17.6325 15.2021 29.0365 22.2441 24.5198 17.5075 19.0269
threshold=1.0000000180025095e-35 1.0000000180025095e-35 363.50000000000006 2.5000000000000004 365.50000000000006 1.9102344500000001 0.12793235133660663 0.51641214832975624 11.719718000000002 0.72818860500000004 0.85116190000000003 1.0000000180025095e-35 3.9404113500000006 4.832657750000001 1.0000000180025095e-35 0.29213206000000008 0.40936473165388826 8.4788090000000018 0.43780521593021599 0.29300813008130083 0.89825495415557544 0.30471628592483418 0.1719211822660098 1.0000000180025095e-35 1.0000000180025095e-35 0.62248557216796796 0.55723272828535997 0.66888671500000008 0.34094447327451999 0.17817460317460324
decision_type=2 2 2 2 2 2 2 2 2 2 2 2 2 2 2 2 2 2 2 2 2 2 2 2 2 2 2 2 2 2
left_child=1 5 3 11 -4 15 7 -6 9 13 -11 12 -3 16 17 -1 -8 18 -14 -20 -21 22 -15 -23 25 26 27 -25 29 -27
right_child=-2 2 4 -5 6 -7 8 -9 -10 10 -12 -13 14 21 -16 -17 -18 -19 19 20 -22 23 -24 24 -26 28 -28 -29 -30 -31
leaf_value=0.024865338370662217 -0.050387623270052501 -0.023783647605263317 0.055744509281597993 -0.04908796878078802 -0.052994603385325384 0.05605964131410851 -0.056203770292694001 0.45957276484136855 0.039947031226416164 -0.088904319468686668 0.037980753981690957 -0.053116537608580094 -0.071716079133193195 -0.05456913910538598 -0.052535256721303908 -0.063301637654670853 0.016439565377463283 0.044227187496700328 0.036726927181319036 -0.067387089773920009 0.070417371816332439 -0.054317978537968672 0.05175117891932695 -0.075228515564081777 0.044383585589547386 0.053008027178333 0.027242966766554345 0.058661671363252565 0.026729515428674595 -0.088452008591857353
leaf_weight=15.532636255025865 184.65431194705889 17.611926241777837 563.77742343395948 165.53681573923677 2.1360684419050808 4702.679128959775 14.383859372232111 1.7602748069912193 260.73674954101443 14.678645253647121 9.1834484888240677 10.478311980143188 6.738116559572517 4.9214194440282872 6.2461598124355069 9.9776366446167213 12.860926637426017 232.34706793725491 122.01991734653711 11.412916447967289 3.7259788513183585 8.2480373112484795 58.321040560025722 20.845699823927138 51.158766341861337 3.6237614154815656 13.080101949628441 4.090460240840911 162.78665350796655 6.9094104561954737
leaf_count=40 25540 725 300 20979 98 2555 515 8 563 863 22 558 100 203 382 116 56 298 231 268 1 651 354 348 197 5 60 4 887 53
internal_value=0.0457947 0.0485196 0.0295349 0.00752985 0.0399819 0.0557053 0.0263045 0.178571 0.0253859 0.0155268 -0.040072 0.0303569 0.032543 0.0191996 0.0351366 -0.00961873 -0.0219124 0.036592 0.0242637 0.0289789 -0.0334707 0.0225533 0.0434775 0.0176656 0.0199275 0.0140073 -0.0255653 -0.0532655 0.0226872 -0.0397851
internal_weight=6702.46 6517.81 1789.62 576.117 1213.5 4728.19 649.725 3.89634 645.829 385.092 23.8621 410.58 400.102 361.23 382.49 25.5103 27.2448 376.244 143.897 137.159 15.1389 333.985 63.2425 270.743 262.495 211.336 38.0163 24.9362 173.32 10.5332
internal_count=56980 31440 28729 23542 5187 2711 4887 106 4781 4218 885 2563 2005 3333 1280 156 571 898 600 500 269 2762 557 2205 1554 1357 412 352 945 58
is_linear=0
shrinkage=0.05


Tree=41
num_leaves=31
num_cat=0
split_feature=18 11 2 2 0 8 4 4 0 0 1 0 0 24 0 0 24 24 24 17 3 0 0 10 14 5 13 24 11 11
split_gain=660.959 350.829 155.808 185.976 76.5343 62.3681 59.5213 76.6465 42.0578 27.3066 23.673 23.0048 24.5316 21.9635 21.9526 19.872 18.6841 17.6891 16.8012 16.2662 16.1705 15.603 34.3804 14.8743 14.7026 14.5482 13.8563 13.2041 12.6911 13.9046
threshold=1.0000000180025095e-35 1.0000000180025095e-35 0.85895117540687183 0.53546277665995989 7.4272598500000013 0.70801282051282055 0.59094578792854668 0.59226755218216331 1.9102344500000001 5.9844680000000006 0.68263988522238173 6.750020000000001 7.3389366000000011 0.37364896500000006 6.9580013500000009 3.8473195000000007 0.14828595500000005 0.29213206000000008 0.26392902000000001 0.24316334072431633 0.4327333160666495 11.641545000000002 11.986080500000002 1.0000000180025095e-35 1.0000000180025095e-35 0.13392857142857142 1.0000000180025095e-35 0.60141167000000006 368.50000000000006 363.50000000000006
decision_type=2 2 2 2 2 2 2 2 2 2 2 2 2 2 2 2 2 2 2 2 2 2 2 2 2 2 2 2 2 2
left_child=1 8 3 4 6 13 14 -8 17 15 25 -11 -13 -5 -3 19 24 -1 -16 -9 -18 -15 23 -23 -17 -7 -22 -20 29 -4
right_child=-2 2 28 5 -6 10 7 9 -10 11 -12 12 -14 21 18 16 20 -19 27 -21 26 22 -24 -25 -26 -27 -28 -29 -30 -31
leaf_value=0.023713275216325585 -0.050368638507415402 -0.045616957710078523 0.038485877740664851 0.052463981681130402 0.042867950743386937 -0.068830828400267594 0.2900810044155317 -0.040500943948244245 0.055642250287852392 -0.038013817794122766 -0.055336943259426064 0.029132686211712073 -0.084362695329112253 -0.053806735185713266 0.065904843772451191 -0.048565730806229536 -0.059884447347988895 -0.062767346151088602 -0.066386301241025833 0.036169780647186678 0.038795657635614808 0.14155700748472419 -0.046360022900905733 0.0035396501066585588 0.026537089939217069 0.070994910219969329 -0.082153514791660082 0.038977387558877238 0.036802643931416905 0.056297962423675588
leaf_weight=15.474418941885235 175.71315306611359 53.713913401588798 161.36659333668649 5.8981028171256176 370.67342359572649 2.0341813946142855 2.6156681296415618 18.96401929855347 4506.0337018445134 34.509749137796462 5.5860338364727786 40.901117434259504 5.3883650843054047 120.35190271679312 9.0735010690987128 12.453470952808857 4.3554900288581839 9.5697673168033344 7.3433363619260472 10.890403341036288 210.71849109558389 4.1432185238227275 20.807311449199915 3.6913825757801533 13.669534079264849 21.758485585916787 2.3949154154397538 4.9968255921266973 250.42990981787443 341.29775270819664
leaf_count=40 25540 4838 857 32 1357 130 60 982 2555 1026 476 422 197 13411 13 82 272 116 380 136 1741 3 1175 167 53 126 235 133 241 184
internal_value=0.0452746 0.0479545 0.0288705 0.0158008 0.0262004 -0.0294987 0.0118986 0.0204143 0.0552831 0.0184231 0.0372928 -0.00711473 0.0159212 -0.0421672 -0.0285516 0.0259691 0.0306879 -0.0093323 0.0142551 -0.0125327 0.0354873 -0.0459133 -0.0127456 0.0765282 -0.00926625 0.0590403 0.0374365 -0.023722 0.0459985 0.0505799
internal_weight=6446.82 6271.1 1740.03 986.933 802.662 184.271 431.989 356.861 4531.08 354.246 29.3787 80.7992 46.2895 154.892 75.1276 273.446 243.592 25.0442 21.4137 29.8544 217.469 148.994 28.6419 7.8346 26.123 23.7927 213.113 12.3402 753.094 502.664
internal_count=56980 31440 28729 27447 11927 15520 10570 5206 2711 5146 732 1645 619 14788 5364 3501 2383 156 526 1118 2248 14756 1345 170 135 256 1976 513 1282 1041
is_linear=0
shrinkage=0.05


Tree=42
num_leaves=31
num_cat=0
split_feature=18 11 2 6 0 8 4 4 0 0 1 0 0 0 0 24 24 24 17 3 0 0 14 5 13 11 11 20 11 24
split_gain=621.507 348.319 147.646 189.133 76.1495 61.5118 54.7985 52.4807 40.4389 24.9563 21.7312 20.9568 22.0789 20.7714 16.9826 17.1091 16.5734 15.2909 14.811 14.4083 13.4962 31.1591 13.3033 13.2717 12.928 12.8845 14.6787 16.9315 12.5515 12.3567
threshold=1.0000000180025095e-35 1.0000000180025095e-35 0.85895117540687183 1.0000000180025095e-35 7.4272598500000013 0.70801282051282055 0.59094578792854668 0.59226755218216331 1.9102344500000001 5.9844680000000006 0.68263988522238173 6.750020000000001 7.3389366000000011 6.9580013500000009 3.8473195000000007 0.14828595500000005 0.29213206000000008 0.26392902000000001 0.24316334072431633 0.4327333160666495 11.641545000000002 11.986080500000002 1.0000000180025095e-35 0.13392857142857142 1.0000000180025095e-35 368.50000000000006 363.50000000000006 1.0000000180025095e-35 2.5000000000000004 0.60141167000000006
decision_type=2 2 2 2 2 2 2 2 2 2 2 2 2 2 2 2 2 2 2 2 2 2 2 2 2 2 2 2 2 2
left_child=1 8 3 4 6 20 13 -8 16 14 23 -11 -13 -3 18 22 -1 -15 -9 -17 -5 28 -16 -7 -21 26 27 -4 -22 -19
right_child=-2 2 25 5 -6 10 7 9 -10 11 -12 12 -14 17 15 19 -18 29 -20 24 21 -23 -24 -25 -26 -27 -28 -29 -30 -31
leaf_value=0.022612290903758457 -0.050350585084022841 -0.044943509167077851 0.040300739166525885 -0.05072739664879982 0.042859341317361049 -0.068427001007417304 0.21921337631344492 -0.039277852600813901 0.055245206797938255 -0.036399968769074975 -0.055148329620706919 0.027513184405929137 -0.084204067045457132 0.063650420929461243 -0.046173608953117541 -0.059471704446830476 -0.062257722733529454 -0.066120028197498903 0.035032768841122525 0.037164499127494026 0.12909156859600104 -0.045487623479283555 0.02541454274935985 0.067895394977427151 -0.083527961553382046 0.035779922241421805 0.055898971962979119 -0.053133926658263435 0.0034332732692656676 0.037135676505190583
leaf_weight=15.417945101857187 167.20193893788382 51.715868470259011 153.07511181756854 123.30838305037469 359.99587962077931 1.9461085703224004 3.2671866770833722 17.81221624836326 4316.2975742444396 34.021825234405696 5.3313163733109823 40.823279961012304 4.9599180058576158 8.9288148805499095 12.443950582761317 4.0372929722070685 9.1756741590797883 6.9232087051495892 10.753452898934482 208.98526281956583 4.3096325723454383 20.16259228438139 13.562436356209219 21.617746041622013 2.2425714666023842 244.85231693089008 326.91105435788631 5.0072522331029168 3.6877380162477493 4.982777074445039
leaf_count=40 25540 4824 610 13648 1248 130 60 909 2555 1021 476 433 195 13 82 271 116 378 130 1737 3 1175 53 126 235 241 184 247 167 133
internal_value=0.0447405 0.0473743 0.0281574 0.0153318 0.0259346 -0.0308416 0.0116139 0.01975 0.0548809 0.0178861 0.0360118 -0.00667703 0.0154103 -0.0279624 0.0251508 0.0294668 -0.009052 0.0141877 -0.0113039 0.0340947 -0.043595 -0.0123633 -0.0088401 0.0566367 0.0358831 0.0451298 0.0498501 0.0373412 0.0711482 -0.0229065
internal_weight=6203.76 6036.56 1695.67 965.819 785.456 180.364 425.46 352.909 4340.89 349.642 28.8952 79.805 45.7832 72.5507 269.837 241.272 24.5936 20.8348 28.5657 215.265 151.468 28.16 26.0064 23.5639 211.228 729.846 484.993 158.082 7.99737 11.906
internal_count=56980 31440 28729 27447 11722 15725 10474 5126 2711 5066 732 1649 628 5348 3417 2378 156 524 1039 2243 14993 1345 135 256 1972 1282 1041 857 170 511
is_linear=0
shrinkage=0.05


Tree=43
num_leaves=31
num_cat=0
split_feature=18 11 2 6 0 0 4 4 0 8 0 5 0 0 0 0 6 24 24 24 3 17 11 11 20 14 13 17 24 11
split_gain=584.54 345.623 140.211 176.508 68.8512 52.0837 49.1114 39.1145 38.9152 34.07 22.755 21.6085 19.3365 18.5816 20.9607 16.878 16.0629 15.5359 15.1815 14.2339 14.213 13.9268 13.1755 15.1624 15.7404 12.0392 12.0342 11.7627 11.6394 11.5692
threshold=1.0000000180025095e-35 1.0000000180025095e-35 0.85895117540687183 0.15476190476190474 7.4272598500000013 11.641545000000002 0.59094578792854668 0.59226755218216331 1.9102344500000001 0.65030120481927722 5.9844680000000006 0.31666666666666671 6.9580013500000009 6.750020000000001 7.3389366000000011 3.8473195000000007 0.35416666666666669 0.29213206000000008 0.14828595500000005 0.26392902000000001 0.4327333160666495 0.24316334072431633 368.50000000000006 363.50000000000006 1.0000000180025095e-35 1.0000000180025095e-35 1.0000000180025095e-35 0.21921921921921925 0.60141167000000006 368.50000000000006
decision_type=2 2 2 2 2 2 2 2 2 2 2 2 2 2 2 2 2 2 2 2 2 2 2 2 2 2 2 2 2 2
left_child=1 8 3 4 6 -5 12 -8 17 -7 15 -11 -3 -12 -15 21 -13 -1 25 -14 -20 -9 23 24 -4 -17 -22 -24 -21 -6
right_child=-2 2 22 5 29 9 7 10 -10 11 13 16 19 14 -16 18 -18 -19 20 28 26 -23 27 -25 -26 -27 -28 -29 -30 -31
leaf_value=0.021560113477567255 -0.050333421256753566 -0.044263382564496682 0.039224208246452029 -0.053555875246050766 0.046879931047214635 -0.056167087076327241 0.17728339069190294 -0.039059371947834071 0.05486677382611841 -0.065905384428798591 -0.035029961665679107 0.06832092311964022 0.061546024436888086 0.025786573505269507 -0.080422197479089713 -0.043911081589450854 -0.05545867219033427 -0.061771185727533186 -0.058643482240420819 -0.065486812861893492 0.035124982239566636 0.032492242105505158 0.011359864833067992 0.05552127004173673 -0.052979164965292362 0.024334269315600614 -0.084521876353233258 0.040019416148075346 0.035372882385892535 0.028551328781767377
leaf_weight=15.363283414393665 159.10027121333405 50.051165855489671 149.50444887299091 106.72673128964379 232.84976448630914 13.45173977781087 3.8210569517686954 18.351758562959734 4133.3923528641462 4.2644556947052505 33.967533869668841 24.498091839719567 8.7762969383038598 40.850282419472933 5.2414640109054735 12.431189657188952 2.9350049048662177 8.7951797228306514 4.2305616284720591 6.7393848639912886 208.45146292401478 10.804628347046672 43.820890158414841 313.0293403416872 4.7766081653535357 13.458987222984433 2.1230187141336492 195.64948036521673 4.9698785129003227 136.60697388509288
leaf_count=40 25540 4838 610 13334 1415 941 60 1017 2555 173 1057 83 13 455 218 82 219 116 296 381 1856 141 69 184 247 53 239 172 133 443
internal_value=0.0442195 0.0468088 0.0274646 0.0148726 0.0243221 -0.0345116 0.01058 0.0181765 0.054497 0.0105066 0.016439 0.0388014 -0.0275152 -0.00697012 0.0137087 0.0233841 0.055078 -0.00877765 0.0277362 0.0134048 0.0320957 -0.0125441 0.0443115 0.0491984 0.0363696 -0.00843379 0.0339187 0.034775 -0.0226779 0.0401029
internal_weight=5969.03 5809.93 1652.38 945.601 793.725 151.876 424.269 353.732 4157.55 45.1493 349.911 31.6976 70.5367 80.0593 46.0917 269.852 27.4331 24.1585 240.695 20.4856 214.805 29.1564 706.781 467.31 154.281 25.8902 210.574 239.47 11.7093 369.457
internal_count=56980 31440 28729 27447 12697 14750 10839 5474 2711 1416 5414 475 5365 1730 673 3684 302 156 2526 527 2391 1158 1282 1041 857 135 2095 241 514 1858
is_linear=0
shrinkage=0.05


Tree=44
num_leaves=31
num_cat=0
split_feature=18 11 0 6 4 0 4 0 4 0 0 17 1 4 0 4 24 24 1 0 24 11 11 11 3 0 24 17 7 1
split_gain=549.85 342.924 132.6 122.636 71.6497 55.9096 45.1046 37.4797 30.2208 20.7481 18.1226 17.7294 18.9133 20.3012 15.3262 14.7401 14.5705 13.8507 13.2429 13.1382 13.115 13.0969 34.0965 23.1709 13.0901 12.5524 17.1834 20.1379 11.4173 40.8114
threshold=1.0000000180025095e-35 1.0000000180025095e-35 11.521996000000003 0.17424242424242423 0.90035153573199123 7.4272598500000013 0.59094578792854668 1.9102344500000001 0.59226755218216331 5.9844680000000006 6.9580013500000009 0.30368906455862982 0.22756041426927501 0.6293755221386802 3.8473195000000007 0.60989719985907331 0.29213206000000008 0.14828595500000005 0.27072835547411828 2.7320753500000006 0.26392902000000001 363.50000000000006 2.5000000000000004 365.50000000000006 0.4327333160666495 4.7112292500000006 0.31645456500000008 0.17267080745341609 0.65868005738880919 0.44575163398692813
decision_type=2 2 2 2 2 2 2 2 2 2 2 2 2 2 2 2 2 2 2 2 2 2 2 2 2 2 2 2 2 2
left_child=1 7 3 5 -5 6 10 16 -8 14 -3 18 13 -13 19 -14 -1 -16 -11 -10 -12 22 -4 -23 -19 26 -9 -28 29 -7
right_child=-2 2 21 4 -6 28 8 25 9 11 20 12 15 -15 17 -17 -18 24 -20 -21 -22 23 -24 -25 -26 -27 27 -29 -30 -31
leaf_value=0.02055460789165612 -0.050317099052126162 -0.043541444903921055 0.038296074643805599 -0.052015147651910433 0.021276962814237684 0.039375530123398297 0.14910904437525593 0.052688099687660445 0.013722141999710464 -0.074045230182075442 0.059570900804554051 -0.061293259707123696 0.0005199066306169625 0.033055684019341003 -0.0080463281158517364 -0.075792155035949382 -0.061306275950655423 -0.058298870430259303 0.045349274083245794 -0.056548463878638426 -0.022146428291152334 0.055617249945449081 -0.036141115532600653 0.035027799572434369 0.032487164791627818 0.054928185359916018 -0.042316464494020947 0.038666613236808298 0.095048965070739358 -0.064151621348655041
leaf_weight=15.310476802289488 151.38871384551749 48.379782246425748 142.34548824373633 99.156043045222759 50.241816552355886 309.88468050863594 4.3017389047890893 55.13578886538744 18.05198540259153 2.6347684538923231 8.6179643496871012 7.8506576754152801 9.4997022515162843 20.826622441411018 25.774596496950835 18.951466359663755 8.428074296563862 4.0474233692511907 19.595995241310447 10.532538996078072 11.411573448684065 308.84406137466431 17.248107018880546 245.07671862700954 208.89367202669382 3869.9584176316857 12.687029913067816 19.437658309936523 8.4585772296413761 9.8211686722934228
leaf_count=40 25540 4838 204 12846 490 1226 60 34 529 58 13 466 291 240 135 582 116 296 93 629 514 188 1765 604 2095 2456 45 20 21 546
internal_value=0.0437081 0.0462539 0.0267856 0.0139891 -0.0273673 0.0222543 0.0101582 0.0541296 0.0173978 0.0157633 -0.0269827 -0.00668625 -0.0214287 0.00722683 0.0224284 -0.0503119 -0.00850907 0.0265714 0.0311988 -0.0121705 0.0130135 0.0428715 0.0302513 0.0465077 0.0307616 0.0545053 0.0357518 0.0066839 0.0377122 0.0361952
internal_weight=5742.79 5591.4 1610.45 896.933 149.398 747.535 419.37 3980.96 350.961 346.659 68.4093 79.3592 57.1284 28.6773 267.3 28.4512 23.7386 238.716 22.2308 28.5845 20.0295 713.514 159.594 553.921 212.941 3957.22 87.2605 32.1247 328.164 319.706
internal_count=56980 31440 28729 25968 13336 12632 10839 2711 5474 5414 5365 1730 1579 706 3684 873 156 2526 151 1158 527 2761 1969 792 2391 2555 99 65 1793 1772
is_linear=0
shrinkage=0.05


Tree=45
num_leaves=31
num_cat=0
split_feature=18 11 2 2 0 0 3 24 4 1 2 1 7 24 8 11 16 0 0 7 7 0 8 18 24 24 11 20 2 24
split_gain=510.868 324.278 115.378 180.798 61.733 51.878 47.2681 40.8978 35.3926 34.1339 30.0436 24.4811 20.7394 19.4464 18.9255 17.0168 15.9041 17.9182 15.5074 15.1982 27.1667 14.9179 16.5063 14.4056 16.762 27.1593 14.3883 16.468 13.6327 13.4717
threshold=1.0000000180025095e-35 1.0000000180025095e-35 0.85895117540687183 0.53546277665995989 7.4272598500000013 4.7112292500000006 0.49538166214995488 0.57767155500000011 0.62724193330363942 0.3504385964912281 0.30471628592483418 0.19766653099986428 0.12793235133660663 0.30653053500000005 0.70801282051282055 368.50000000000006 1.0000000180025095e-35 7.2569232000000001 4.6039099500000011 0.23845060412224592 0.26365441906653431 1.9102344500000001 0.35948717948717951 -1.0000000180025095e-35 0.79428150000000008 0.85116190000000003 363.50000000000006 1.0000000180025095e-35 0.40651483050847464 0.37364896500000006
decision_type=2 2 2 2 2 2 2 2 2 2 2 2 2 2 2 2 2 2 2 2 2 2 2 2 2 2 2 2 2 2
left_child=1 5 3 4 6 9 8 14 13 11 -8 -1 -12 -3 29 26 17 -14 -10 -18 -21 22 -13 24 -17 -26 27 -4 -20 -5
right_child=-2 2 15 7 -6 -7 10 -9 18 -11 12 21 16 -15 -16 23 19 -19 28 20 -22 -23 -24 -25 25 -27 -28 -29 -30 -31
leaf_value=-0.056377594260019849 -0.050301967345749446 -0.0031274416833315562 0.039049482974613296 0.047851524502978908 0.040281233660761681 0.05460353071175994 -0.04455655006546734 -0.046834558153260958 -0.060743343221571912 -0.07885807339087994 0.13228252167386498 -0.069899214453319578 0.03164107420553134 -0.059671315405205975 0.079762229829934653 0.026195182468850432 -0.070785067569322818 -0.094194307957128895 0.036120807848973167 0.047251543681219074 -0.071652426376365264 0.0443171004435296 0.036056889049209964 0.038696210309726392 -0.095771766816923176 0.035877663343837705 0.054984692219044118 -0.053032522784985416 -0.014538118881732696 -0.056774685700835416
leaf_weight=8.0350568369030935 142.62330370396376 23.966177477966994 154.72420988231897 5.2583829872310162 346.91202268796042 3620.8492423966527 15.35659838747233 125.31944702984765 6.5429820935241869 8.2624200489371997 4.6300148102454832 6.57293533720076 224.17994549730793 41.599109740462154 9.5787524860352278 40.596281662583351 7.4041048982180682 2.8651364450342944 42.293014388531446 16.03283286513761 6.8588607790879896 71.714317798614502 8.3389268703758699 156.38974329084158 8.4278893247246724 7.3204029500484458 278.43500399589539 5.0127633283846071 19.35932249436155 7.4153703195042908
leaf_count=65 25296 1308 601 28 1352 2403 1087 14812 290 76 75 55 2579 3674 47 45 422 62 525 92 295 56 17 149 36 8 178 260 168 609
internal_value=0.0430754 0.0455976 0.0264321 0.0148907 0.0247484 0.0536085 0.0116404 -0.0357428 -0.0127725 0.0186045 0.0234152 0.0271115 0.0273996 -0.0390027 0.0267223 0.042489 0.0255126 0.0300531 0.0124461 -0.00851531 0.0116253 0.0348556 -0.010647 0.0308864 0.00920962 -0.0345761 0.048122 0.0361598 0.0202135 -0.0133649
internal_weight=5422.87 5280.25 1556.48 905.572 758 3723.77 411.088 147.572 133.761 102.924 277.327 94.6612 261.971 65.5653 22.2525 650.906 257.341 227.045 68.1953 30.2958 22.8917 86.6262 14.9119 212.734 56.3446 15.7483 438.172 159.737 61.6523 12.6738
internal_count=56670 31374 28702 27425 11929 2672 10577 15496 5965 269 4612 193 3525 4982 684 1277 3450 2641 983 809 387 128 72 238 89 44 1039 861 693 637
is_linear=0
shrinkage=0.05


Tree=46
num_leaves=31
num_cat=0
split_feature=18 12 2 6 0 0 3 4 2 2 4 1 0 0 0 24 24 17 1 3 16 7 7 7 17 2 17 24 0 24
split_gain=480.695 322.693 109.798 183.798 58.7034 51.012 42.2414 32.6415 31.0497 26.8422 25.1965 23.7428 22.6971 19.6122 24.2173 19.1127 16.2038 16.0418 16.4755 15.8371 15.8112 17.0167 21.2631 16.5423 13.2676 12.6461 12.3622 16.4999 17.5086 35.0657
threshold=1.0000000180025095e-35 1.0000000180025095e-35 0.85895117540687183 0.15476190476190474 7.5104160500000008 5.0088807000000006 0.49538166214995488 0.62724193330363942 0.4624765478424015 0.30471628592483418 0.61731159557246518 0.3741666666666667 3.4148335000000003 11.918021000000001 11.986080500000002 0.30653053500000005 0.5469163050000001 0.24316334072431633 0.23845060412224592 0.52450636119990968 1.0000000180025095e-35 0.23845060412224592 0.26365441906653431 0.12793235133660663 0.18898809523809523 0.32392686804451509 0.088932806324110672 0.8046063200000001 11.719718000000002 0.85911767500000014
decision_type=2 2 2 2 2 2 2 2 2 2 2 2 2 2 2 2 2 2 2 2 2 2 2 2 2 2 2 2 2 2
left_child=1 2 3 4 6 8 7 15 10 -8 12 20 19 -5 -15 25 -16 18 -9 -3 23 -22 -23 -11 26 -1 27 -4 29 -29
right_child=-2 5 24 13 -6 -7 9 17 -10 11 -12 -13 -14 14 16 -17 -18 -19 -20 -21 21 22 -24 -25 -26 -27 -28 28 -30 -31
leaf_value=0.022930527014613539 -0.050287193800623464 -0.089656289706672471 0.042791249834493214 -0.053517528095578665 0.038637680258061254 0.054347325998837806 -0.043368663028686909 -0.076501208129775067 -0.070440032725982482 0.12592554600608777 0.043793797897217469 -0.03654182015009546 0.043943422525684978 0.090635896975581595 0.054846122142712408 -0.059575475884565868 -0.047922131901171193 0.027900197350681485 0.012569277036827762 0.0044012618532372292 -0.070428470150467326 0.045581674957102962 -0.072647465657527444 0.031400535300988387 0.044904603065909265 -0.05383409365098954 -0.035433218388558563 -0.16011550973201549 0.025643709709758711 0.041946924029912423
leaf_weight=15.862514801323416 135.70633483165875 9.7113496623933369 69.221024026162922 93.456568104680628 349.92784452484921 3454.8610434532166 14.997653406579046 8.8707202449440974 8.8217872045934183 4.7279564165510228 69.807295043021441 14.639244667720048 11.358615607023237 5.2452480620704618 4.7693657148629454 39.698459550272673 19.592083940748125 46.779107927810401 12.518069112207739 8.3005560897290689 7.5670541548170176 15.802055462729188 5.0082060624845317 220.08527975343168 528.36195798031986 8.1070683500729483 7.7639597197994581 4.4394128830172139 16.463652092963457 4.1581578142940998
leaf_count=715 25296 98 168 13409 1784 2395 1087 336 55 56 81 652 9 75 14 3679 1225 586 102 34 440 91 225 2353 919 596 51 39 93 7
internal_value=0.042584 0.0450645 0.0257605 0.0144283 0.0235561 0.0532895 0.0108291 -0.012545 0.019451 0.0217246 0.0274468 0.0253696 -0.0114065 -0.0422829 -0.00681959 -0.0382885 -0.0278027 0.0114991 -0.0243715 -0.0463111 0.0289493 -0.00621924 0.0171286 0.0333885 0.0417168 -0.00303305 0.0252116 0.0302055 -0.00455715 -0.0623894
internal_weight=5216.63 5080.92 1518.06 887.655 764.591 3562.86 414.663 131.836 108 282.827 99.1778 267.83 29.3705 123.063 29.6067 63.668 24.3614 68.1679 21.3888 18.0119 253.191 28.3773 20.8103 224.813 630.408 23.9696 102.046 94.2822 25.0612 8.59757
internal_count=56670 31374 28702 27425 12702 2672 10918 6014 277 4904 222 3817 141 14723 1314 4990 1239 1024 438 132 3165 756 316 2409 1277 1311 358 307 139 46
is_linear=0
shrinkage=0.05


Tree=47
num_leaves=31
num_cat=0
split_feature=11 18 0 0 6 2 2 0 3 4 0 6 8 1 2 6 21 8 7 17 1 11 11 11 9 1 2 11 8 3
split_gain=463.435 235.405 104.324 104.197 125.715 66.1947 50.3728 32.633 29.1451 32.0305 27.2624 46.9164 25.841 22.3311 20.4729 18.0394 17.9918 16.5265 15.1032 14.4497 15.1017 14.1916 23.0717 33.1304 21.578 12.3442 16.0198 12.2262 11.1872 24.9386
threshold=1.0000000180025095e-35 1.0000000180025095e-35 1.9102344500000001 11.521996000000003 0.15476190476190474 0.31851119894598162 0.85895117540687183 7.5104160500000008 0.49538166214995488 0.62724193330363942 5.0088807000000006 1.0000000180025095e-35 0.23294573643410846 0.3741666666666667 0.32049382716049379 0.64583333333333337 1.0000000180025095e-35 0.21778656126482207 0.13079116179615111 0.24316334072431633 0.23845060412224592 368.50000000000006 363.50000000000006 2.5000000000000004 1.0000000180025095e-35 0.22756041426927501 0.45748709122203096 371.50000000000006 0.29818990155604957 0.4738907033798675
decision_type=2 2 2 2 2 2 2 2 2 2 2 2 2 2 2 2 2 2 2 2 2 2 2 2 2 2 2 2 2 2
left_child=2 3 -1 4 5 12 -6 8 9 14 11 28 17 16 -7 -8 18 -2 -10 20 -11 22 23 -5 -23 -21 -27 -9 29 -4
right_child=1 -3 10 21 6 7 15 27 13 19 -12 -13 -14 -15 -16 -17 -18 -19 -20 25 -22 24 -24 -25 -26 26 -28 -29 -30 -31
leaf_value=-0.034590818181763544 -0.061482154803763872 -0.050275689465313168 -0.13585278548205279 0.03834131838235702 -0.053594895721444394 0.057193602044996898 0.031644907824082809 0.046642637923169701 0.11919165172917884 -0.077646747918868761 0.054056194442093509 -0.097613151365644454 -0.048659119286131175 -0.035200510598963571 -0.059143368290029842 -0.053222648458593126 -0.034369600023551369 0.038026392517064939 0.029868620946978647 0.043811148113956103 0.012514585795005332 -0.055031507318510801 0.054569877432216578 -0.036288555366992679 0.032719521788993997 -0.076479405139631987 0.051425450505175954 0.025980544202772071 0.045926251017072497 0.027825659524363285
leaf_weight=34.085027410648763 5.3644297425635186 111.43540947791189 2.8108831704594222 142.62895825691521 86.971681915223598 4.3076925249770275 31.344708521850407 184.55786364618689 4.833118154667317 7.4351353468373444 3303.3477124441415 7.0682986723259082 43.231665950734168 14.442368040792642 30.969473240897059 7.824578634928911 10.772978311870245 18.779379825107753 227.11702587734908 35.138450690545142 12.373310850933192 7.2681501149199894 269.23776923120022 16.602005390450358 193.95591127965599 5.4841001243330521 4.4220438529737294 116.97149390168488 65.282552377786487 13.523513468913732
leaf_count=3137 580 21802 59 207 13164 43 79 1095 42 270 2441 181 3591 652 2365 45 877 377 1855 301 96 282 186 1774 322 163 8 328 281 67
internal_value=0.0420861 0.019809 0.0524471 0.0250787 0.0136834 0.0216865 -0.0323906 0.0265139 0.0162913 -0.00659434 0.0533217 0.0259644 -0.0255185 0.0252021 -0.0449375 0.0146915 0.0287961 0.0159169 0.0317298 0.0142626 -0.0213276 0.0405032 0.0456472 0.0305601 0.02955 0.0299135 -0.0193834 0.0386272 0.0366666 -0.00034073
internal_weight=5019.59 1593.47 3426.12 1482.03 852.341 726.201 126.141 658.825 357.296 100.13 3392.03 88.6852 67.3755 257.165 35.2772 39.1693 242.723 24.1438 231.95 64.853 19.8084 629.693 428.469 159.231 201.224 45.0446 9.90614 301.529 81.6169 16.3344
internal_count=56670 50504 6166 28702 25931 12643 13288 8095 6672 3246 3029 588 4548 3426 2408 124 2774 957 1897 838 366 2771 2167 1981 604 472 171 1423 407 126
is_linear=0
shrinkage=0.05


Tree=48
num_leaves=31
num_cat=0
split_feature=11 18 2 6 0 0 2 0 6 21 3 4 2 1 0 0 8 11 11 20 2 24 17 11 11 11 7 0 8 24
split_gain=453.289 220.535 99.171 160.199 99.1456 51.5229 36.0725 27.1913 43.6503 27.0502 23.0712 27.8603 19.7074 19.1643 18.3368 21.3351 18.1155 17.399 16.2747 15.4718 14.9788 14.8128 13.396 13.3669 13.3513 35.9161 12.2805 12.0877 11.8455 10.8257
threshold=1.0000000180025095e-35 1.0000000180025095e-35 0.85895117540687183 0.15476190476190474 1.9102344500000001 7.5104160500000008 0.31851119894598162 5.0088807000000006 1.0000000180025095e-35 1.0000000180025095e-35 0.49538166214995488 0.62724193330363942 0.32049382716049379 0.3741666666666667 11.918021000000001 11.986080500000002 0.23294573643410846 368.50000000000006 363.50000000000006 1.0000000180025095e-35 0.40651483050847464 0.5469163050000001 0.18898809523809523 368.50000000000006 360.50000000000006 2.5000000000000004 0.13079116179615111 4.6039099500000011 0.21778656126482207 0.29213206000000008
decision_type=2 2 2 2 2 2 2 2 2 2 2 2 2 2 2 2 2 2 2 2 2 2 2 2 2 2 2 2 2 2
left_child=4 2 3 5 29 6 16 8 -6 10 11 12 -8 26 -5 -16 28 18 19 -4 27 -17 -19 24 25 -7 -12 -13 -2 -1
right_child=1 -3 17 14 7 23 9 -9 -10 -11 13 20 -14 -15 15 21 -18 22 -20 -21 -22 -23 -24 -25 -26 -27 -28 -29 -30 -31
leaf_value=0.0053581819136311309 -0.062728701430314282 -0.050262210213573549 0.036184244167641842 -0.05354030654757258 0.035785527409251644 0.042249610703679191 0.056826266462206211 0.053787426795900428 -0.09574101551997527 -0.042102558469239042 0.10695858581279408 -0.060516762406994107 -0.0607183798131051 -0.031662827285026167 0.082496956061617888 0.051646258834646908 -0.051864163675088039 0.001895021514470803 0.054134864021390151 -0.053163458407914005 -0.018641245550427853 -0.047737056272607326 0.034527266183677671 0.023860996712584112 0.05623391808191746 -0.05057696465565506 0.028565538811920324 0.041521680330826559 0.032647152987880172 -0.054357453680741769
leaf_weight=11.653133999556301 4.2438815697096315 106.02835224289447 143.43404697161168 84.57284798193723 79.513710774015635 84.075517762452364 4.1776477876119342 3157.546225162223 6.851699400227516 19.174245261121541 5.1088732723146668 3.1431388994678846 24.34989113220945 13.191584891639648 5.372786768712106 4.6818500105291632 32.449629275593907 39.188174739480019 245.6757393181324 5.0146347247064105 20.487858916632831 18.823068773839623 159.27007320523262 128.7192644411698 110.5582267716527 11.894623465370385 225.64215574692935 37.894348748028278 13.977960702963172 21.765121767297387
leaf_count=185 543 21802 601 13409 407 112 33 2441 181 1930 42 147 1626 560 75 14 3339 70 178 260 221 1225 168 446 78 1148 1855 258 364 2952
internal_value=0.0416082 0.01934 0.0244467 0.0135265 0.0521477 0.0220183 0.00999015 0.0530303 0.025351 0.0156505 0.018966 -0.00266266 -0.0435048 0.0269504 -0.0417942 -0.00739392 -0.0294613 0.0401573 0.0462369 0.0331661 0.0162747 -0.0279413 0.0280836 0.0365075 0.0443895 0.0307446 0.0303012 0.0337064 0.010434 -0.0335343
internal_weight=4828.48 1551.15 1445.12 852.539 3277.33 739.089 403.841 3243.91 86.3654 353.17 333.995 90.0529 28.5275 243.943 113.451 28.8777 50.6715 592.583 394.124 148.449 61.5253 23.5049 198.458 335.248 206.528 95.9701 230.751 41.0375 18.2218 33.4183
internal_count=56670 50504 28702 27425 6166 12702 10918 3029 588 6672 4742 2285 1659 2457 14723 1314 4246 1277 1039 861 626 1239 238 1784 1338 1260 1897 405 907 3137
is_linear=0
shrinkage=0.05


Tree=49
num_leaves=31
num_cat=0
split_feature=11 11 11 11 0 0 21 9 0 6 20 0 24 0 11 7 0 2 8 7 0 1 3 2 8 8 2 7 8 3
split_gain=443.03 163.584 202.316 111.336 94.0838 87.8879 30.4286 27.7348 27.3621 40.5537 24.6067 20.543 18.7084 21.7967 16.7144 14.8357 15.1543 13.1152 13.0144 13.128 12.2083 17.2422 15.5319 14.5864 17.0124 13.271 12.071 11.172 10.7797 22.5061
threshold=1.0000000180025095e-35 360.50000000000006 2.5000000000000004 365.50000000000006 1.9102344500000001 2.5423961500000005 1.0000000180025095e-35 1.0000000180025095e-35 5.0088807000000006 1.0000000180025095e-35 1.0000000180025095e-35 5.056621100000001 0.29213206000000008 5.7465161500000006 368.50000000000006 0.15484515484515488 2.5717304000000003 0.40936473165388826 0.26158232359230221 0.14962686567164177 8.6973195000000008 0.29300813008130083 0.43625894802365395 0.31851119894598162 0.22792207792207794 0.43869027731373206 0.31851119894598162 0.46894290123456794 0.29818990155604957 0.4738907033798675
decision_type=2 2 2 2 2 2 2 2 2 2 2 2 2 2 2 2 2 2 2 2 2 2 2 2 2 2 2 2 2 2
left_child=4 2 5 -3 -1 -2 10 14 9 28 12 17 13 -7 -5 -14 -17 -9 -13 -20 21 22 -18 24 -24 -23 -21 -27 29 -6
right_child=1 3 -4 7 8 6 -8 11 -10 -11 -12 18 15 -15 -16 16 20 -19 19 26 -22 25 23 -25 -26 27 -28 -29 -30 -31
leaf_value=-0.03290514121441928 -0.050363565518174891 0.051716572163346512 -0.050304605073486698 0.015181741207654711 -0.12970026022539524 -0.086977511740184657 -0.05342569026576708 -0.058219534309633447 0.053531153621743946 -0.093965998829643974 -0.051573285347115486 0.059793283062196445 -0.059263608425689118 0.034765193889750259 -0.052002961627359082 0.12415947718115483 -0.070521089426955438 0.0086293200228110128 -0.059768317135771076 -0.059154607066693371 0.039708736284579702 -0.094793067809518475 0.037858305150450029 0.039947227931945502 -0.087141803463128331 0.032837102861252715 0.022437753099196621 -0.052585143666979556 0.044181762498342748 0.025851613652516654
leaf_weight=32.396792927756906 43.898662658408284 396.96252198517323 158.91954563907348 15.822785117663441 2.8352989652194074 7.2821266311220807 12.065608358010648 12.880564105231317 3017.5668190279976 6.6375213316641739 9.5983468047343177 22.365802855696529 4.376384769100695 7.4256411492824554 22.310905730351806 4.5363225657492867 3.8136187829077235 17.048350881319493 5.0084962793625882 4.5787226255051783 195.60137678449973 4.8040325362235334 5.712044427637009 79.350793650373816 5.1998968669213355 9.9168803938664514 453.74599193548784 6.2336109569296232 61.977102525997907 12.929144388996063
leaf_count=3137 8938 364 30152 59 59 211 1277 445 2441 181 1307 180 221 7 2554 40 168 58 163 182 329 147 20 253 147 116 2625 541 281 67
internal_value=0.0411432 0.018889 -0.00258209 0.0315075 0.0518606 0.0163868 0.0246197 0.0170206 0.0527459 0.0246632 0.0273583 0.0200637 0.0296249 -0.0255122 -0.0241261 0.0321627 0.0334322 -0.0201405 0.022541 0.0207428 0.0321073 0.0191816 0.0283177 0.0324936 -0.0217083 -0.021835 0.0216226 -0.000133352 0.0347917 -0.00212502
internal_weight=4643.8 1509.46 558.735 950.724 3134.34 399.815 355.917 553.762 3101.95 84.3791 343.851 515.628 334.253 14.7078 38.1337 319.545 315.169 29.9289 485.699 463.333 310.632 115.031 94.0764 90.2627 10.9119 20.9545 458.325 16.1505 77.7415 15.7644
internal_count=56670 50504 43874 6630 6166 13722 4784 6266 3029 588 3507 3653 2200 218 2613 1982 1761 503 3150 2970 1721 1392 588 420 167 804 2807 657 407 126
is_linear=0
shrinkage=0.05


Tree=50
num_leaves=31
num_cat=0
split_feature=11 18 11 11 11 0 0 1 21 17 17 3 4 24 0 4 8 7 2 24 0 7 24 2 4 0 3 3 0 23
split_gain=415.044 203.04 100.758 179.39 90.9984 74.1292 32.2216 39.1702 20.666 17.6246 32.2726 18.2163 16.1225 15.4569 22.9202 15.3624 43.9003 24.1503 36.0498 33.0704 31.3449 20.9959 43.4406 19.2266 14.7969 14.2492 13.8224 12.9328 12.9329 12.7996
threshold=1.0000000180025095e-35 1.0000000180025095e-35 360.50000000000006 2.5000000000000004 365.50000000000006 1.7307677000000001 5.0088807000000006 0.38408851422550055 1.0000000180025095e-35 0.17267080745341609 0.10818713450292396 0.49538166214995488 0.58924880993846518 0.29213206000000008 5.7465161500000006 0.79078571335952608 0.4624765478424015 0.23606811145510834 0.34960317460317464 0.54156935000000017 5.7465161500000006 0.20864427860696519 0.44943427500000005 0.32605600379686767 0.50818509396095612 4.832657750000001 0.51136422908750745 0.52450636119990968 4.4477484500000015 1.0000000180025095e-35
decision_type=2 2 2 2 2 2 2 2 2 2 2 2 2 2 2 2 2 2 2 2 2 2 2 2 2 2 2 2 2 2
left_child=5 2 3 8 -4 -1 7 12 13 10 11 -6 27 14 -2 16 17 18 23 -19 -20 -22 -23 29 -8 -13 -27 28 -7 -11
right_child=1 -3 4 -5 9 6 24 -9 -10 15 -12 25 -14 -15 -16 -17 -18 19 20 -21 21 22 -24 -25 -26 26 -28 -29 -30 -31
leaf_value=-0.05293845427666282 -0.077548973539773983 -0.050240287932176858 0.051797121679486996 -0.050316815858184254 -0.041301648488645523 -0.091185141982103701 -0.68715780444018137 -0.079593240399461154 -0.054122273101556109 -0.055451730804727442 -0.08322293342163678 -0.029523339191091652 0.043390162439125739 0.028073233347134165 0.032515013952419451 0.034604330510909859 -0.060113399520400214 0.046047971527577329 -0.094868207866579055 -0.078286614266588658 0.010956870863370835 -0.18330445746079346 0.024264896218408261 0.065558844623998858 0.05331251983925659 0.075324168274375755 0.01833706913981482 0.031529225866080909 0.056932573265826507 0.027844766786172238
leaf_weight=16.820720536634326 8.8026499510742742 97.039168575778604 399.08306538313627 111.13393458188511 14.140289347618817 6.1782837456557917 0.067468963563441231 8.2272308003157359 8.4096000799909216 6.4062098967842784 9.9082887610420567 12.494819920510052 80.258528647944331 298.64361654920503 10.223788172006605 222.19206125964411 17.379533405648544 102.55599107174203 10.605860366951672 5.6422787243500343 52.139467597007751 4.5146340066567046 5.7069813529960811 29.58167480211705 2925.9262486640364 12.861279056407509 61.629726103041321 8.855931797064839 1.9354104995727537 16.466346961911768
leaf_count=2729 274 21977 351 20742 304 253 1 361 558 420 231 155 302 1704 10 880 1294 309 117 127 196 39 18 163 2476 8 413 60 1 280
internal_value=0.0410994 0.019734 0.0245141 0.00454384 0.0333936 0.051736 0.0523168 0.0251636 0.0232414 0.0208222 0.00289434 0.0113321 0.0340279 0.0252894 -0.0184065 0.025029 0.0165526 0.022256 0.0073246 0.0395642 -0.0154035 -0.0018888 -0.0674133 0.0389407 0.0532954 0.0198881 0.0281762 -0.0102512 -0.0558537 0.00451485
internal_weight=4565.83 1517.56 1420.52 437.214 983.309 3048.27 3031.45 105.455 326.08 584.225 111.034 101.126 97.2282 317.67 19.0264 473.191 250.999 233.619 125.421 108.198 72.9669 62.3611 10.2216 52.4542 2925.99 86.9858 74.491 16.9696 8.11369 22.8726
internal_count=56753 50570 28593 23288 5305 6183 3454 977 2546 4954 1111 880 616 1988 284 3843 2963 1669 1233 436 370 253 57 863 2477 576 421 314 254 700
is_linear=0
shrinkage=0.05


Tree=51
num_leaves=31
num_cat=0
split_feature=11 18 11 11 11 2 21 17 17 3 4 8 7 2 24 1 4 2 24 20 17 18 4 3 3 7 23 1 4 1
split_gain=407.008 190.217 93.9156 168.187 89.7725 21.8744 19.1812 16.3498 30.0924 16.8281 14.4296 40.907 22.4924 32.6976 30.6351 19.5832 20.6075 17.1561 14.0998 13.9502 12.8803 50.568 13.5212 13.7111 12.598 12.3479 11.9148 11.5192 10.7167 10.4143
threshold=1.0000000180025095e-35 1.0000000180025095e-35 360.50000000000006 2.5000000000000004 365.50000000000006 0.26365441906653431 1.0000000180025095e-35 0.17267080745341609 0.12132352941176471 0.49538166214995488 0.79078571335952608 0.4624765478424015 0.23606811145510834 0.34960317460317464 0.54156935000000017 0.23294573643410846 0.65119478054260671 0.32605600379686767 0.29213206000000008 1.0000000180025095e-35 0.93750000000000011 1.0000000180025095e-35 0.57514783691254301 0.49707602339181289 0.5083412397216952 0.15484515484515488 1.0000000180025095e-35 0.15831244778613204 0.94511887851385512 0.26365441906653431
decision_type=2 2 2 2 2 2 2 2 2 2 2 2 2 2 2 2 2 2 2 2 2 2 2 2 2 2 2 2 2 2
left_child=5 2 3 6 -4 -1 18 8 9 27 11 12 13 17 -14 -15 29 26 24 25 21 22 23 -7 -2 -20 -9 -6 -10 -17
right_child=1 -3 4 -5 7 20 -8 10 28 -11 -12 -13 14 15 -16 16 -18 -19 19 -21 -22 -23 -24 -25 -26 -27 -28 -29 -30 -31
leaf_value=-0.055292838643224887 -0.081469875066510655 -0.050228549162581876 0.051347007552580697 -0.050301328869486232 0.010431922757710099 -0.063924943805691387 -0.053947314691266617 -0.055283695891496315 -0.082580157340786095 0.016489759262232197 0.033596712206063126 -0.059880243064278284 0.044530874830744673 0.0040520561815153176 -0.077475261523899788 -0.092091458675014615 -0.1599999525535033 0.062196314824075699 -0.059236804490730426 -0.052416226376369668 0.053281458860268062 -0.050228439566778672 0.048772180478985211 0.030744962151448188 0.008824628405147087 0.029693479699269859 0.026471498768400905 -0.080010418970458852 -0.27318378228747048 -0.011396690050136533
leaf_weight=4.7894193874672046 5.4968859772197929 92.327542264945805 382.86374841630459 105.74559618486091 6.1115104486234477 5.0647517554461983 8.0247488799504918 6.1118322697002467 4.1596679845824829 90.648356367368251 217.53341652872041 16.594679672503844 100.79299149569124 47.639335928484797 5.4218922066502264 5.3459064364433351 3.6741376416757694 29.620747927576303 3.9573794314637771 5.4292271020822218 2345.5589124858379 13.642250504111869 529.30352630279958 15.619739139452575 12.995735663920639 285.79129474284127 16.454850512556732 8.3045536018908006 0.89638036489486683 15.861932133790104
leaf_count=399 223 21977 351 20742 50 39 558 420 155 628 880 1294 309 223 127 54 28 163 154 420 2028 3103 579 35 61 1130 280 272 6 65
internal_value=0.0406351 0.0192611 0.0238919 0.00440278 0.0325872 0.0514748 0.0223848 0.0200998 0.00277597 0.00850977 0.0242019 0.0159452 0.0213942 0.00699302 0.0383029 -0.0147255 -0.0506772 0.0371737 0.0243376 0.026991 0.0516506 0.0448637 0.0472224 0.00756433 -0.0180152 0.0284789 0.00432939 -0.0416685 -0.116372 -0.0317376
internal_weight=4391.78 1477.8 1385.48 427.441 958.036 2913.98 321.695 575.172 110.12 105.064 465.052 247.518 230.924 124.709 106.215 72.5213 24.882 52.1874 313.671 295.178 2909.19 563.63 549.988 20.6845 18.4926 289.749 22.5667 14.4161 5.05605 21.2078
internal_count=56753 50570 28593 23288 5305 6183 2546 4954 1111 950 3843 2963 1669 1233 436 370 147 863 1988 1704 5784 3756 653 74 284 1284 700 322 161 119
is_linear=0
shrinkage=0.05


Tree=52
num_leaves=31
num_cat=0
split_feature=11 18 11 11 11 0 0 6 21 4 3 17 17 3 0 2 22 0 8 4 8 7 2 0 7 7 2 7 0 3
split_gain=398.447 178.22 87.2782 157.843 88.5731 72.0438 28.683 17.9756 17.8324 15.7261 18.4642 15.1554 27.23 15.2389 14.2038 22.3402 20.4196 16.7602 14.7655 13.5769 38.106 20.9831 29.6432 28.5183 18.3945 22.2071 15.7503 14.5181 13.0417 12.8203
threshold=1.0000000180025095e-35 1.0000000180025095e-35 360.50000000000006 2.5000000000000004 365.50000000000006 4.2933065000000008 1.7307677000000001 1.0000000180025095e-35 1.0000000180025095e-35 0.58924880993846518 0.52450636119990968 0.17267080745341609 0.10818713450292396 0.49538166214995488 6.750020000000001 0.37786843447220814 1.0000000180025095e-35 4.6802870000000008 0.32392686804451509 0.79078571335952608 0.4624765478424015 0.23606811145510834 0.34960317460317464 5.7465161500000006 0.20864427860696519 0.22361111111111107 0.3393028461784458 0.18561584840654607 4.832657750000001 0.51136422908750745
decision_type=2 2 2 2 2 2 2 2 2 2 2 2 2 2 2 2 2 2 2 2 2 2 2 2 2 2 2 2 2 2
left_child=5 2 3 8 -4 6 -1 9 14 10 -8 12 13 -6 15 17 -17 -2 -18 20 21 22 26 -24 -25 -26 27 -13 -15 -30
right_child=1 -3 4 -5 11 -7 7 -9 -10 -11 -12 19 -14 28 -16 16 18 -19 -20 -21 -22 -23 23 24 25 -27 -28 -29 29 -31
leaf_value=-0.053011723609018804 0.0057044138093611772 -0.050217385524385864 0.050897462509575664 -0.05028659986301709 -0.038418505208072842 0.052731910312408842 -0.089264322384825165 -0.069074577733585635 -0.053778570293374184 0.037605284627513752 0.025797252664401499 -0.053234762769040558 -0.076582265911967998 -0.028994442055554317 0.029810751943805953 -0.021907186999584723 -0.083458471172043081 -0.075096012583432958 0.051832691786451307 0.03260162385322312 -0.05964892731347337 0.037070200286168052 -0.091249808776340979 0.010850467384591845 -0.16016584129976139 -0.0072067055178217185 0.067301938297743349 0.030506410357100045 0.072278088124973647 0.016848982047848907
leaf_weight=15.557625508867202 13.379304930567743 87.843705748673528 367.32718303799629 100.61704190098681 13.718002717709167 2687.9075665907003 5.7916992397513232 5.2020100746303788 7.6567256646230808 63.795219031395391 8.7606988346669805 6.680275485385212 9.8638775853905809 12.442497782409189 228.90678094793111 17.035516911186278 2.1387831862084559 12.33467729622498 35.342544142156839 213.07950398419052 15.845027237664906 104.29954702290706 10.257404781877993 51.880591401364654 3.7092271931469423 6.5864611873403192 22.245489792432636 22.9804916838184 12.594694580882786 60.748892156872898
leaf_count=2729 501 21977 351 20742 304 2533 253 204 558 395 69 451 231 155 856 270 23 139 199 880 1294 436 117 196 38 19 70 342 8 413
internal_value=0.0401551 0.0187939 0.0232789 0.00427076 0.0317714 0.0511883 0.00932307 0.0209303 0.0215987 0.0269063 -0.019996 0.0193792 0.00265792 0.010513 0.0234657 0.00536247 0.0234826 -0.0330545 0.0441126 0.0233759 0.0153353 0.0205318 0.00665899 -0.0140075 -0.00126462 -0.0623133 0.0354985 0.011646 0.0183376 0.0263674
internal_weight=4226.53 1439.51 1351.67 417.411 934.259 2787.01 99.1073 83.5496 316.794 78.3476 14.5524 566.932 109.368 99.5041 309.138 80.2308 54.5168 25.714 37.4813 457.564 244.485 228.639 124.34 72.4337 62.1763 10.2957 51.9063 29.6608 85.7861 73.3436
internal_count=56753 50570 28593 23288 5305 6183 3650 921 2546 717 322 4954 1111 880 1988 1132 492 640 222 3843 2963 1669 1233 370 253 57 863 793 576 421
is_linear=0
shrinkage=0.05


Tree=53
num_leaves=31
num_cat=0
split_feature=11 18 11 11 11 0 24 21 7 1 8 0 7 8 1 7 0 24 8 7 1 0 24 0 4 4 22 1 2 1
split_gain=390.64 166.999 81.0411 148.204 87.2561 70.2716 32.2996 16.5901 14.745 14.4065 22.9936 13.1402 18.0114 37.8662 17.2104 12.8768 12.5964 15.257 18.095 30.4944 31.9649 13.6456 19.2085 12.5854 11.9075 10.6313 14.4992 9.81549 9.63472 9.51487
threshold=1.0000000180025095e-35 1.0000000180025095e-35 360.50000000000006 2.5000000000000004 365.50000000000006 4.2933065000000008 0.34695793500000005 1.0000000180025095e-35 0.23294573643410846 0.77015755329008351 0.39052425007008695 8.4788090000000018 0.24440019910403188 0.41955396256471528 0.29300813008130083 0.15831244778613204 5.1472082500000012 0.35090069000000007 0.70801282051282055 0.23845060412224592 0.30068493150684933 12.096824500000002 0.72055679500000014 4.2933065000000008 0.60555910770105148 0.58924880993846518 1.0000000180025095e-35 0.89825495415557544 0.27842377260981921 0.55403151065801681
decision_type=2 2 2 2 2 2 2 2 2 2 2 2 2 2 2 2 2 2 2 2 2 2 2 2 2 2 2 2 2 2
left_child=5 2 3 7 -4 6 25 11 24 10 23 12 15 -14 -15 -2 -12 -18 19 -19 -21 22 -20 -6 -8 26 -1 -16 -25 -13
right_child=1 -3 4 -5 9 -7 8 -9 -10 -11 16 29 13 14 27 -17 17 18 21 20 -22 -23 -24 28 -26 -27 -28 -29 -30 -31
leaf_value=-0.094806731151229548 -0.056139145418064029 -0.050206766841959349 0.050447112211100889 -0.05027259259102506 -0.052963214971794195 0.052510332513529559 -0.04927410906299267 -0.053615931803091765 -0.060871564153148872 0.030818650933903232 -0.070667898392933234 0.04520386331224726 -0.094705469853590019 0.057707715712158152 -0.05736103590436617 0.026247326656782512 0.025861673343826799 -0.10945089587186707 0.022931165964593974 0.033838638301415931 -0.047212307639755098 0.026724630120605219 -0.11407080332073552 -0.054543772225804865 0.027631664050820032 0.043349844996347725 0.02867310212303685 0.047079466099804713 0.026799708871132318 0.021628875705029551
leaf_weight=3.5324260534252954 5.0093640726990989 83.576744623482227 352.45341122895479 95.735885784728453 5.2390000158920875 2567.333882921841 7.7055936732795116 7.3048392969649276 17.034283782821149 170.05043917056173 6.2435478088445953 73.776629211846739 11.451288131065665 12.091074656695129 8.0872076130472106 89.127331654075533 46.179691222496331 9.469774332828818 5.7909246855415386 21.74827427091077 27.605019773589447 40.180326009634882 4.5834902462083846 3.7020461526699355 14.512706291396169 46.581014061579481 7.2703509638085961 3.1165994703769675 218.15423448150977 101.93405942572281
leaf_count=187 275 21977 351 20742 333 2533 753 558 2329 203 73 95 214 11 386 490 74 362 56 40 2120 58 54 255 156 135 90 2 1326 515
internal_value=0.0396901 0.0183332 0.022676 0.00414435 0.0309645 0.0509348 0.00907801 0.0208474 -0.0258729 0.0186794 0.0133713 0.0226332 0.0105074 -0.0202588 0.0163377 0.0218632 -0.00103225 0.00176268 -0.00841199 -0.0272655 -0.011496 0.013525 -0.0375973 0.0236336 0.000959748 0.0329857 -0.0117039 -0.0283085 0.0254424 0.0315274
internal_weight=4066.58 1402.61 1319.03 407.634 911.4 2663.97 96.6364 311.898 39.2526 558.947 388.896 304.594 128.883 34.7462 23.2949 94.1367 161.801 155.558 109.378 58.8231 49.3533 50.5547 10.3744 227.095 22.2183 57.3838 10.8028 11.2038 221.856 175.711
internal_count=56753 50570 28593 23288 5305 6183 3650 2546 3238 4954 4751 1988 1378 613 399 765 2837 2764 2690 2522 2160 168 110 1914 909 412 277 388 1581 610
is_linear=0
shrinkage=0.05


Tree=54
num_leaves=31
num_cat=0
split_feature=13 18 0 0 2 4 0 24 17 24 4 2 10 1 4 3 8 24 16 3 4 4 0 7 7 3 2 9 2 0
split_gain=323.806 155.243 74.3481 59.0009 43.6043 52.3313 36.0475 34.3247 27.8266 25.7566 20.7749 18.7603 18.5545 25.0526 18.4302 16.3027 15.885 15.7814 15.4802 19.4901 17.2508 14.6339 14.1486 15.8359 24.0194 14.1404 13.8817 13.3603 14.846 13.2905
threshold=1.0000000180025095e-35 1.0000000180025095e-35 5.0088807000000006 13.705018500000003 0.47943661971830992 0.77206694790028141 8.6973195000000008 0.34695793500000005 0.93750000000000011 0.78961557500000012 0.53660873440285217 0.85895117540687183 1.0000000180025095e-35 0.87695265561163194 0.94030791700154726 0.49538166214995488 0.61064030131826752 0.3383664950000001 1.0000000180025095e-35 0.47505656108597288 0.62724193330363942 0.58924880993846518 5.0088807000000006 0.21114551083591329 0.20431354359925794 0.4327333160666495 0.25198412698412703 1.0000000180025095e-35 0.39052425007008695 6.9580013500000009
decision_type=2 2 2 2 2 2 2 2 2 2 2 2 2 2 2 2 2 2 2 2 2 2 2 2 2 2 2 2 2 2
left_child=1 3 7 4 6 17 10 21 -9 16 -1 -5 13 -11 -14 18 -7 -6 19 25 29 -2 23 24 -17 -12 -4 28 -21 -20
right_child=2 -3 26 11 5 9 -8 8 -10 12 15 -13 14 -15 -16 22 -18 -19 20 27 -22 -23 -24 -25 -26 -27 -28 -29 -30 -31
leaf_value=-0.055084910848919304 -0.019129633004888111 -0.050196576486373982 -0.20627411894995074 -0.027143175950013844 0.024551347620005395 -0.018384545021961123 0.042520526559980988 -0.044162192791274729 0.053414902251590318 -0.063130864176916102 -0.046414905229830911 0.040906142161566676 -0.036680353045576659 -0.38231533395674117 0.025742707264039346 -0.039011776969431901 0.032940135224829907 -0.051779448782817407 -0.056097465266017714 -0.057654120437082949 0.051178975261449135 0.04292017186709144 0.028091409698362765 -0.026758073647962673 0.070039514673235104 0.021802520040512398 0.051478955319970703 -0.06676032345053258 0.030522969017209401 0.03442186617960373
leaf_weight=10.180732145672662 11.450996256666256 75.829719039611518 0.52247638138942321 10.39435490220785 7.7502475054934612 17.826874198857695 169.80441745417193 35.59463497530669 9.1935669332742673 4.6500996155664316 9.1334033133462054 395.51627223938704 25.015516189625487 0.70842167688533653 22.423828080762178 7.9251404844690141 97.683433949947357 53.622030595550314 8.6539028370752948 8.383223566226663 27.671047833515331 55.829859990393743 261.58962143631652 27.074216665700078 13.915477684698997 45.14258920494467 2461.1541376973037 18.528050171211362 11.085963529301806 7.6306555240880689
leaf_count=1606 398 20940 74 293 33 1422 387 3444 42 290 861 817 2502 11 89 407 1345 8045 746 1000 233 283 2465 929 67 1076 6416 198 161 173
internal_value=0.0392384 0.019288 0.049611 0.0234621 0.0160201 -0.00261671 0.0228501 0.00978245 -0.0241328 0.0117952 0.0155399 0.0391636 -0.0171358 -0.105329 -0.00717396 0.0171494 0.0250191 -0.0421402 0.0027291 -0.00890392 0.0271496 0.0323595 0.0234761 -0.00120606 0.0304689 0.0103231 0.0514242 -0.0363682 -0.00744514 -0.0136817
internal_weight=3911.88 1338.14 2573.75 1262.31 856.399 229.68 626.718 112.069 44.7882 168.308 456.914 405.911 52.7979 5.35852 47.4393 446.733 115.51 61.3723 136.229 92.2732 43.9556 67.2809 310.504 48.9148 21.8406 54.276 2461.68 37.9972 19.4692 16.2846
internal_count=56753 46096 10657 25156 24046 13737 10309 4167 3486 5659 9922 1110 2892 301 2591 8316 2767 8078 4448 3296 1152 681 3868 1403 474 1937 6490 1359 1161 919
is_linear=0
shrinkage=0.05


Tree=55
num_leaves=31
num_cat=0
split_feature=11 18 8 6 0 0 2 15 24 1 17 4 21 0 11 11 11 8 4 3 4 2 17 0 4 11 11 11 8 1
split_gain=362.132 148.602 75.179 104.407 72.8333 36.2079 37.9532 31.727 25.4255 24.4066 24.2812 19.1732 15.0045 14.8416 14.2558 38.5924 35.7606 17.7299 14.8804 19.4633 14.746 33.7045 14.746 22.3311 15.748 13.6858 17.8604 24.5718 13.1581 24.3578
threshold=1.0000000180025095e-35 1.0000000180025095e-35 0.70438540332906541 1.0000000180025095e-35 4.2933065000000008 9.2392160000000025 0.32605600379686767 1.0000000180025095e-35 0.34695793500000005 0.87695265561163194 0.93750000000000011 0.55478841589658134 1.0000000180025095e-35 3.9404113500000006 360.50000000000006 2.5000000000000004 368.50000000000006 0.27334993773349942 0.63250915750915759 0.59205036793272103 0.69869828314100768 0.41136180499597103 0.078461538461538374 8.014580500000001 0.64750371348836844 365.50000000000006 363.50000000000006 2.5000000000000004 0.61064030131826752 0.55403151065801681
decision_type=2 2 2 2 2 2 2 2 2 2 2 2 2 2 2 2 2 2 2 2 2 2 2 2 2 2 2 2 2 2
left_child=4 2 3 5 8 6 7 13 12 28 -10 -8 -1 -2 15 -13 -16 -18 -19 20 21 22 -20 24 -24 26 27 -4 -5 -30
right_child=1 -3 25 9 -6 -7 11 -9 10 -11 -12 14 -14 -15 16 -17 17 18 19 -21 -22 -23 23 -25 -26 -27 -28 -29 29 -31
leaf_value=0.033108495724319939 -0.057809973333264111 -0.050188739334430979 0.034798270313023752 -0.056794247807575741 0.051995195632842856 0.045156862337308257 -0.062651949548535799 -0.064485226924911515 -0.049002067285120007 0.042805045829944155 0.05477383517692852 0.019505826276246703 -0.093549754643393712 0.018142691894848743 0.053915757708710745 -0.050364787040858186 0.060406682114594192 0.023222825403060508 0.041325612620283003 -0.075476430329986965 0.043683180691309886 -0.11179770040512405 -0.005095228662991432 0.029946018538449644 -0.094458184965558134 0.026438484732236076 0.053226496112019878 -0.052642579825609381 0.029634673777859361 -0.046635341538238465
leaf_weight=50.891428742557764 7.7575237115379414 75.733638679375872 119.83657195139676 54.689081298885867 2310.9488089303486 114.12800431158394 7.0139610446058205 25.556630020029843 27.514959867578 9.7148467190563661 7.0887876749038687 110.96816145908087 2.4508757654111823 37.63710174523294 86.266580015420914 24.045346494531259 20.590023423545063 120.15178730501793 18.764009526465088 8.5566293541342002 18.009662135504186 6.9103757259435943 10.00536700896919 16.312966845929623 9.7189969243481737 197.67984145553783 184.19348978996277 8.6116615834180248 15.882803357439114 30.706219873158261
leaf_count=316 1243 21892 198 8873 2513 248 781 2648 3191 18 5 608 125 1337 80 3851 85 539 47 53 22 56 49 17 81 368 179 1336 686 5338
internal_value=0.0386672 0.0178411 0.0219181 0.011881 0.0502956 0.019618 0.0141005 -0.0199242 0.00563584 -0.0328984 -0.0277429 0.0193794 0.027289 0.00516308 0.0206571 0.00706216 0.0264789 0.016144 0.0117714 -0.00381459 0.00387699 -0.00773986 0.0053817 -0.0133337 -0.049128 0.0367358 0.0432468 0.0289359 -0.0401601 -0.0206339
internal_weight=3738.34 1339.44 1263.71 753.386 2398.89 642.393 528.265 70.9513 87.9461 110.993 34.6037 457.314 53.3423 45.3946 450.3 135.014 315.286 229.02 208.43 88.278 79.7214 61.7117 54.8013 36.0373 19.7244 510.322 312.642 128.448 101.278 46.589
internal_count=56783 50633 28741 26660 6150 11745 11497 5228 3637 14915 3196 6269 441 2580 5488 4459 1029 949 864 325 272 250 194 147 130 2081 1713 1534 14897 6024
is_linear=0
shrinkage=0.05


Tree=56
num_leaves=31
num_cat=0
split_feature=11 18 0 8 6 0 13 1 1 21 4 0 11 11 11 8 11 11 11 8 1 5 11 11 17 3 24 1 3 0
split_gain=354.23 139.382 71.4262 70.7421 97.0065 34.4718 34.1496 27.4261 22.9141 22.0649 20.9939 18.3478 17.9194 43.0569 40.6905 16.1193 13.9047 18.1023 22.897 13.0234 22.7993 20.8999 12.8815 13.1579 12.2937 18.5337 13.8429 12.0964 11.1174 16.7551
threshold=1.0000000180025095e-35 1.0000000180025095e-35 4.7112292500000006 0.70438540332906541 1.0000000180025095e-35 9.2392160000000025 1.0000000180025095e-35 0.3504385964912281 0.87695265561163194 1.0000000180025095e-35 0.53660873440285217 1.7307677000000001 360.50000000000006 2.5000000000000004 368.50000000000006 0.4624765478424015 365.50000000000006 363.50000000000006 2.5000000000000004 0.61064030131826752 0.55403151065801681 0.13392857142857142 363.50000000000006 368.50000000000006 0.17267080745341609 0.49086170055997647 0.27592952500000006 0.33520599250936339 0.54005743101838444 6.750020000000001
decision_type=2 2 2 2 2 2 2 2 2 2 2 2 2 2 2 2 2 2 2 2 2 2 2 2 2 2 2 2 2 2
left_child=2 3 7 4 5 6 10 9 19 11 -2 -1 13 27 -14 -16 17 18 -5 -6 21 -21 -8 -24 25 26 -13 28 29 -12
right_child=1 -3 -4 16 8 -7 22 -9 -10 -11 12 24 14 -15 15 -17 -18 -19 -20 20 -22 -23 23 -25 -26 -27 -28 -29 -30 -31
leaf_value=-0.055886896207743952 -0.057959019377768567 -0.050179522635949075 0.051907020488714331 0.033843362281306237 -0.056781470176787752 0.044390803218697636 -0.0502869557548302 -0.062499807635208876 0.041887008522268725 -0.081407353292742568 -0.014502692973732771 0.010418375106589045 0.052542121013165813 -0.050311029110625752 0.014539891730791267 -0.08723418509649844 0.025551554358700431 0.053059292546524708 -0.052569011118848277 -0.05301949779202713 -0.046156251056644851 0.068578167977823443 -0.29978293637873105 -0.050874007277877498 0.050227086657707101 0.029261573678506844 -0.12663572631139916 -0.066386477639348365 0.039129535172553215 0.029184046647949238
leaf_weight=6.5018013876397154 9.6188749400898796 72.052961876150221 2195.7531638205983 117.12680763471872 52.033271222608164 110.38818235741928 5.6699627963826051 12.057651452487333 9.4384574508294445 5.2298751838970921 42.743715045507997 3.5490466225892296 87.598910585045815 30.693505383096635 245.24284438136965 3.9532762607559553 194.39951177104376 175.74844944477081 8.2028429091442359 5.2970781552139661 29.504284459399059 10.615249132271854 1.2437964603304865 0.92639215732924629 40.391948276432231 25.452364499913529 3.831337035400793 4.3825292456895104 42.297154159517959 45.110800863010809
leaf_count=1001 1597 21892 2468 198 8873 248 1150 1619 18 704 704 14 94 5866 1593 31 368 179 1336 636 5338 50 9 98 265 39 40 138 134 83
internal_value=0.0382176 0.0174143 0.050052 0.0213668 0.0115422 0.0190161 0.0136241 0.00806709 -0.0324999 0.0180825 0.015211 0.0246088 0.016613 0.00312612 0.0232295 0.0129253 0.0359755 0.042706 0.0281877 -0.0397046 -0.0201398 0.0280993 -0.0899375 -0.193531 0.0317562 0.00903267 -0.0607297 0.0153176 0.0180688 0.00792921
internal_weight=3597.06 1304.29 2292.77 1232.24 736.758 629.87 519.482 97.014 106.888 84.9564 511.642 79.7265 502.023 165.228 336.795 249.196 495.478 301.078 125.33 97.4499 45.4166 15.9123 7.84015 2.17019 73.2247 32.8327 7.38038 134.534 130.152 87.8545
internal_count=56783 50633 6150 28741 26660 11745 11497 3682 14915 2063 10240 1359 8643 6925 1718 1624 2081 1713 1534 14897 6024 686 1257 107 358 93 54 1059 921 787
is_linear=0
shrinkage=0.05


Tree=57
num_leaves=31
num_cat=0
split_feature=11 18 0 8 6 0 2 24 8 4 24 21 7 4 2 0 11 11 11 5 0 1 7 3 0 14 8 0 8 1
split_gain=347.04 130.723 69.2639 66.5464 90.2352 32.8375 33.8278 30.4686 23.0741 21.9928 20.2992 17.675 16.0009 15.7541 15.2227 14.9696 14.0838 18.3376 21.3342 13.862 12.1116 17.6859 19.4359 11.6785 15.9543 11.0732 10.7955 9.70853 9.56406 15.4895
threshold=1.0000000180025095e-35 1.0000000180025095e-35 5.0088807000000006 0.70438540332906541 1.0000000180025095e-35 9.2392160000000025 0.3393028461784458 0.39075681500000009 0.32049382716049379 0.79078571335952608 0.77467320000000017 1.0000000180025095e-35 0.20550527903469082 0.55478841589658134 0.27072835547411828 7.5600453500000002 365.50000000000006 363.50000000000006 2.5000000000000004 0.13392857142857142 5.1472082500000012 0.24357284113381675 0.24440019910403188 0.52450636119990968 6.9580013500000009 1.0000000180025095e-35 0.43869027731373206 4.6802870000000008 0.29818990155604957 0.30860805860805868
decision_type=2 2 2 2 2 2 2 2 2 2 2 2 2 2 2 2 2 2 2 2 2 2 2 2 2 2 2 2 2 2
left_child=2 3 7 4 5 6 8 11 14 -6 19 28 25 -8 -2 23 17 18 -5 -11 21 -15 27 24 -16 -9 -24 -23 29 -1
right_child=1 -3 -4 16 9 -7 13 12 -10 10 -12 -13 -14 20 15 -17 -18 -19 -20 -21 -22 22 26 -25 -26 -27 -28 -29 -30 -31
leaf_value=-0.067094305070991414 -0.066354579342905728 -0.050170758400094821 0.051761638076174801 0.032896272724015956 -0.055795795814539619 0.043621849480076878 -0.064194538729869716 0.02544164597201698 -0.069624336363358991 -0.054735370881490275 -0.053640698885881369 -0.097244425848786897 -0.067570963435289594 -0.051432717643682305 -0.036151066472425712 -0.089233085232602261 0.024682526964847011 0.052901236249814215 -0.052495784719054465 0.027436779059838951 0.023829931762983592 0.046628824191794219 -0.042761798388654661 0.031937153714378427 0.049218689418192844 -0.10037968177430863 0.032599982277118675 -0.067230974355030296 0.040669235008594012 0.051682560636898592
leaf_weight=5.7482525787781906 8.3893312218133342 68.550570702180266 2091.8093424458057 114.54068677173927 50.406480870908126 106.80884227901697 5.6164857947733244 11.493943793000655 15.896901921369134 6.2621883593965313 17.336764387786388 2.7465050683822474 15.962343277642502 13.110970466397701 19.753816477023069 3.9277462251484385 191.26308108586818 167.66396391391754 7.8133971337229005 28.446364862145856 351.19163876306266 28.924181908136237 16.627960760844875 32.222809120314196 7.5700879951473317 2.0624278495088211 6.6535752960480741 2.0017729974351814 55.289407183881849 5.2532806319650263
leaf_count=255 1242 21892 2452 198 9272 248 616 630 1413 782 3402 203 2407 813 2348 155 368 179 1336 1459 3098 259 534 682 177 20 77 83 175 8
internal_value=0.0377717 0.0169878 0.0498317 0.0208165 0.0112072 0.0184045 0.0131427 0.00886938 -0.0151138 -0.0322563 -0.00945796 0.027048 -0.0336462 0.0189896 -0.00305554 0.00531061 0.0352149 0.0421609 0.0274432 0.0126111 0.0201059 0.000678143 0.013282 0.0115468 -0.0124994 0.00629955 -0.0212243 0.0392589 0.0321976 -0.0103778
internal_weight=3461.35 1270.98 2190.37 1202.43 721.148 618.696 511.887 98.5562 87.7607 102.452 52.0453 69.0374 29.5187 424.127 71.8638 63.4745 481.281 290.018 122.354 34.7086 418.51 67.3185 54.2075 59.5467 27.3239 13.5564 23.2815 30.926 66.2909 11.0015
internal_count=56783 50633 6150 28741 26660 11745 11497 3698 6017 14915 5643 641 3057 5480 4604 3362 2081 1713 1534 2241 4864 1766 953 3207 2525 650 611 342 438 263
is_linear=0
shrinkage=0.05


Tree=58
num_leaves=31
num_cat=0
split_feature=11 18 0 8 6 0 2 1 0 4 21 4 15 0 11 11 11 0 0 8 13 17 8 3 1 1 4 1 7 0
split_gain=340.591 122.522 67.4146 62.7407 83.671 31.3109 31.4842 24.8469 22.7014 21.3759 18.4232 17.1167 15.9707 14.5151 14.2226 18.5648 19.8762 13.7101 13.6084 12.9587 11.6342 11.3989 28.3674 9.43013 9.67545 9.13862 8.3149 7.76898 7.86372 7.69874
threshold=1.0000000180025095e-35 1.0000000180025095e-35 5.0088807000000006 0.70438540332906541 1.0000000180025095e-35 9.2392160000000025 0.31851119894598162 0.38408851422550055 1.7307677000000001 0.79078571335952608 1.0000000180025095e-35 0.55478841589658134 1.0000000180025095e-35 6.9580013500000009 365.50000000000006 363.50000000000006 2.5000000000000004 9.9744665000000019 4.1634054500000008 0.61064030131826752 1.0000000180025095e-35 0.17267080745341609 0.31851119894598162 0.43625894802365395 0.25677655677655681 0.89825495415557544 0.51120955628628273 0.29217479674796748 0.21304964539007087 4.3784611500000006
decision_type=2 2 2 2 2 2 2 2 2 2 2 2 2 2 2 2 2 2 2 2 2 2 2 2 2 2 2 2 2 2
left_child=2 3 7 4 5 6 12 8 -1 -6 21 -8 13 -2 15 16 -5 25 27 -19 23 22 -10 24 -20 -11 -4 -13 -29 -25
right_child=1 -3 26 14 9 -7 11 -9 10 17 -12 18 -14 -15 -16 -17 -18 19 20 -21 -22 -23 -24 29 -26 -27 -28 28 -30 -31
leaf_value=-0.054204797914688602 -0.030244369221411604 -0.050162421938135575 -0.37028096059131688 0.031957461377292454 -0.055772936956729871 0.042849179127727705 -0.061103529548942395 -0.072819138235723488 -0.087198523800424532 -0.052933278883079353 -0.10350728142854349 -0.054767256498201577 -0.060536462293891903 0.038550116738943846 0.023831579805873949 0.052751779100489199 -0.052423004428427282 -0.054283943094095156 -0.061671538048682743 0.029118963178477383 -0.071758335185933483 0.048380958361044377 0.030646411096902165 0.066132866381720321 0.034981152497470726 0.042531507239869419 0.051601964012496053 0.052626473874039105 -0.031661618249688654 0.020878071919601643
leaf_weight=10.019610523479058 19.272877023089677 65.217881900491193 0.11679879575967689 112.07394063426182 47.967282061697915 103.38563257083297 6.9358157622627905 8.5250628753565234 6.243987438036128 18.333913585636768 2.6605517531279466 9.5128563102334756 19.220052055316046 12.733318649930878 188.26558243646286 159.92734068632126 7.4423933082725844 5.7919809308368739 6.8214976741000992 23.774645429104567 3.4288203446194521 40.404965555528179 28.036318555474281 9.6226880468893778 4.1734751695767045 2.9039540486410251 1996.6069776155055 5.0824401527643186 6.0744435444939882 402.29808679269627
leaf_count=2076 2105 21892 1 198 9272 248 929 999 54 3893 194 810 2298 153 368 179 1336 867 485 877 538 326 49 51 47 6 2451 24 351 3706
internal_value=0.0373054 0.0165436 0.0496106 0.0202459 0.010851 0.017779 0.0126484 0.00865875 0.0166093 -0.0318346 0.0257828 0.0168415 -0.0245097 -0.00287523 0.0344542 0.0416109 0.026703 -0.0092331 0.0180509 0.0127807 0.0199717 0.0303885 0.00918154 0.0207154 -0.0249841 -0.0398799 0.0515773 -0.0215701 0.00673523 0.0219352
internal_weight=3332.88 1240.26 2092.61 1175.04 707.334 608.562 505.176 95.8905 87.3654 98.7718 77.3458 453.95 51.2262 32.0062 467.709 279.444 119.516 50.8045 447.014 29.5666 426.345 74.6853 34.2803 422.916 10.995 21.2379 1996.72 20.6697 11.1569 411.921
internal_count=56783 50633 6150 28741 26660 11745 11497 3698 2699 14915 623 6941 4556 2258 2081 1713 1534 5643 6012 1744 4827 429 103 4289 532 3899 2452 1185 375 3757
is_linear=0
shrinkage=0.05


Tree=59
num_leaves=31
num_cat=0
split_feature=11 18 0 8 6 0 13 24 17 2 8 4 24 17 21 0 11 11 11 7 5 4 0 7 2 4 3 24 1 8
split_gain=334.628 114.811 65.4648 59.1744 77.5711 29.8662 29.1981 27.0733 23.0746 22.486 22.7339 20.7158 18.7996 17.6799 15.6552 14.5289 14.3211 18.7826 18.5164 12.9398 12.7938 11.4876 10.423 10.2335 9.98404 8.62849 10.6839 8.46774 11.2718 12.9815
threshold=1.0000000180025095e-35 1.0000000180025095e-35 5.0088807000000006 0.70438540332906541 1.0000000180025095e-35 9.2392160000000025 1.0000000180025095e-35 0.39075681500000009 0.93750000000000011 0.3393028461784458 0.32049382716049379 0.79078571335952608 0.77467320000000017 0.31414473684210531 1.0000000180025095e-35 7.5600453500000002 365.50000000000006 363.50000000000006 2.5000000000000004 0.15831244778613204 0.13392857142857142 0.55478841589658134 4.1634054500000008 0.24156877605153473 0.27072835547411828 0.58924880993846518 0.52450636119990968 0.14828595500000005 0.3417843388960205 0.36700680272108849
decision_type=2 2 2 2 2 2 2 2 2 2 2 2 2 2 2 2 2 2 2 2 2 2 2 2 2 2 2 2 2 2
left_child=2 3 7 4 5 6 9 14 -9 10 15 -6 13 -13 25 19 17 18 -5 -2 -15 -11 -23 24 -21 26 -1 -24 -29 -30
right_child=1 -3 -4 16 11 -7 -8 8 -10 21 -12 12 -14 20 -16 -17 -18 -19 -20 23 -22 22 27 -25 -26 -27 -28 28 29 -31
leaf_value=-0.079366530528380899 -0.054462119891349463 -0.050154493695992397 0.051398180912661476 0.031027461300570991 -0.055751614510646252 0.042072107132960446 -0.086617692975525074 -0.057151275208170142 0.053861375405864526 -0.059380211417316781 -0.067932672906488328 -0.05984054553528674 -0.053610909242958152 -0.056741742043637022 -0.095916489766886007 -0.083376204607858009 0.022998891898773147 0.052610406924493425 -0.052350770796879748 -0.063021837812514456 0.044336454357714078 -0.017921391729154641 -0.0050686312419994557 -0.055371119148234005 0.029029233683945801 0.038085784279089992 0.034281875858290296 0.025214797278969438 -0.088804619973335747 0.0080212324974134937
leaf_weight=3.7343765099067223 7.2588347499258807 62.046728308778256 1905.802137689665 109.72226767847314 45.64489955175668 100.11408959049731 7.3722624212969086 21.601629238808531 5.975818157196044 4.6991130381356916 14.217596678063272 6.7754011773504308 16.002276057843119 3.6226372385863241 2.533449519891291 4.6571945766918352 185.40206829202361 152.52605241537094 7.088946927106007 3.1450738988351068 23.048169716959819 18.027619290165603 28.907285987166688 4.5226318337954572 46.467964495997876 54.670522515662014 4.6342424475587904 339.97497033909895 4.4338748923037228 15.78668701299466
leaf_count=247 1384 21892 2452 198 9272 248 1257 3052 5 560 1258 1390 3402 308 203 181 368 179 1336 521 543 890 125 408 1554 165 26 3075 111 173
internal_value=0.036831 0.0160954 0.0493977 0.0196716 0.0104928 0.0171467 0.0121507 0.00846979 -0.0330957 0.0136303 -0.010579 -0.0314617 -0.00904013 0.0122847 0.0259507 0.0017663 0.0336936 0.0410554 0.0259675 0.00822494 0.0306072 0.018349 0.0192461 0.0166304 0.0231939 0.0308484 -0.0164321 0.0209681 0.0230577 -0.0132103
internal_weight=3210.42 1211.46 1998.95 1149.42 694.679 599.585 499.471 93.15 27.5774 492.099 80.2693 95.0934 49.4485 33.4462 65.5726 66.0517 454.739 269.337 116.811 61.3945 26.6708 411.83 407.13 54.1357 49.613 63.0391 8.36862 389.103 360.196 20.2206
internal_count=56783 50633 6150 28741 26660 11745 11497 3698 3057 10240 5306 14915 5643 2241 641 4048 2081 1713 1534 3867 851 4934 4374 2483 2075 438 273 3484 3359 284
is_linear=0
shrinkage=0.05


Tree=60
num_leaves=31
num_cat=0
split_feature=11 18 0 13 11 11 11 4 1 0 17 21 21 3 0 11 2 3 4 3 24 24 20 1 24 4 17 0 24 24
split_gain=332.851 107.65 58.3866 53.1297 43.858 96.4177 90.6627 20.8157 21.0584 14.8646 18.7791 14.4911 13.8045 13.565 11.5259 16.6588 11.5486 19.4112 13.4485 16.5813 19.4857 19.3248 11.3447 11.0766 13.9504 11.0057 10.6441 8.72871 8.66036 14.0436
threshold=1.0000000180025095e-35 1.0000000180025095e-35 4.2933065000000008 1.0000000180025095e-35 360.50000000000006 2.5000000000000004 365.50000000000006 0.58924880993846518 0.3417843388960205 5.056621100000001 0.36130536130536134 1.0000000180025095e-35 1.0000000180025095e-35 0.55343526299408663 19.036913000000002 998.50000000000011 0.40936473165388826 0.46559906149783059 0.79078571335952608 0.50479839445356689 0.3872459350000001 0.45262180000000002 1.0000000180025095e-35 0.19766653099986428 0.51885747500000012 0.61845212010779405 0.93750000000000011 17.888175000000004 0.55099350000000014 0.85911767500000014
decision_type=2 2 2 2 2 2 2 2 2 2 2 2 2 2 2 2 2 2 2 2 2 2 2 2 2 2 2 2 2 2
left_child=2 3 7 4 5 11 -6 13 12 10 -8 22 -9 -1 15 -11 17 -17 19 -18 -21 -22 23 24 -2 -12 -20 -28 -26 -30
right_child=1 -3 -4 -5 6 -7 9 8 -10 14 25 -13 -14 -15 -16 16 18 -19 26 20 21 -23 -24 -25 28 -27 27 -29 29 -31
leaf_value=-0.077500103224802788 -0.07693132302584621 -0.050145658096513557 0.051226418014327257 -0.066968565495221538 0.05186898501532531 -0.050232992063120978 -0.048824432198291107 0.035942930283372775 -0.054967128777671286 -0.031547881718574734 -0.056330326615086246 -0.054261485300079106 -0.090679165772355977 0.02201379748023758 0.050627369322061237 -0.062531945557169233 0.023135101508590293 0.028450771272656047 -0.0034578196314234361 -0.00010689202936317055 -0.1780380867915603 -0.044368492413495858 -0.053373037760473654 0.024210315398530184 0.050135552955467871 0.064385532655710273 0.028189262674603661 -0.028835824056228417 -0.10326850773797527 0.048923197575167207
leaf_weight=10.328618844388982 6.1853559431619969 59.123155218083411 1838.6218393393792 17.65084408223629 249.71016687899828 62.952246103435755 19.101812515174974 54.306685445597395 8.1668382796924543 18.186568500474095 2.494565819622947 6.734864031430333 2.2413239690940818 5.1229874065611503 24.378516189754009 6.0382658650632939 21.874461454339325 201.26180580654182 46.812332538655028 20.673992804251611 3.4760978473350397 12.171591370832173 5.1731251510791472 250.63745956355706 7.3902510781772417 7.7666414179839194 110.58057401538827 7.1440919637680045 3.1679879927542061 2.9064147472381592
leaf_count=1475 270 21932 2509 3426 310 17546 461 377 1378 1267 179 560 191 222 19 252 164 677 299 43 26 830 415 1203 15 15 481 16 76 4
internal_value=0.0365762 0.0156011 0.0494052 0.019089 0.0204739 0.00571896 0.027249 0.00763536 0.0200849 0.0150014 -0.0195176 0.0182007 0.0309242 -0.0445062 0.0171461 0.015325 0.0173073 0.0258006 0.00940253 -0.011256 -0.0319678 -0.0740629 0.0199724 0.0213762 -0.0147733 0.0350387 0.0167094 0.0247287 0.0137807 -0.0304495
internal_weight=3092.38 1173.59 1918.79 1114.47 1096.82 345.148 751.671 80.1665 64.7148 501.961 29.363 282.195 56.548 15.4516 472.598 448.22 430.033 207.3 222.733 58.1961 36.3217 15.6477 275.461 270.287 19.65 10.2612 164.537 117.725 13.4647 6.0744
internal_count=56638 50486 6152 28554 25128 20089 5039 3643 1946 4729 655 2543 568 1697 4074 4055 2788 929 1859 1063 899 856 1983 1568 365 194 796 497 95 80
is_linear=0
shrinkage=0.05


Tree=61
num_leaves=31
num_cat=0
split_feature=11 18 0 13 11 11 11 4 1 0 24 4 3 0 9 0 7 24 20 0 1 11 11 3 8 8 0 8 24 24
split_gain=326.232 100.963 56.8975 49.533 40.673 90.5464 88.8469 19.3735 19.6538 13.6054 18.2526 14.9418 12.9144 11.2673 16.5638 10.2634 10.1603 16.5936 10.7356 9.34345 8.68108 12.217 10.7144 8.394 8.93526 8.73845 8.10806 7.81481 8.41458 6.92855
threshold=1.0000000180025095e-35 1.0000000180025095e-35 4.2933065000000008 1.0000000180025095e-35 360.50000000000006 2.5000000000000004 365.50000000000006 0.58924880993846518 0.3417843388960205 5.056621100000001 0.23717984500000003 0.61845212010779405 0.55343526299408663 18.387796500000004 1.0000000180025095e-35 1.7307677000000001 0.17445652173913043 0.5469163050000001 1.0000000180025095e-35 17.888175000000004 0.9457002457002458 363.50000000000006 368.50000000000006 0.46559906149783059 0.29300813008130083 0.40936473165388826 7.7530334000000005 0.45773809523809522 0.71475595000000014 0.72055679500000014
decision_type=2 2 2 2 2 2 2 2 2 2 2 2 2 2 2 2 2 2 2 2 2 2 2 2 2 2 2 2 2 2
left_child=2 3 7 4 5 16 -6 12 15 10 -8 -12 -1 14 -11 -9 17 26 -18 23 21 -5 -23 25 -25 -16 -2 -27 -29 -30
right_child=1 -3 -4 20 6 -7 9 8 -10 13 11 -13 -14 -15 19 -17 18 -19 -20 -21 -22 22 -24 24 -26 27 -28 28 29 -31
leaf_value=-0.076997691506250812 -0.059424093050899733 -0.050138547016149407 0.051053142712985868 -0.050192778694271356 0.051542660406689381 -0.05022162208267536 -0.070526388961539663 -0.058974317989152106 -0.054752752146939067 -0.031485853498252933 -0.05798056339954058 0.041639115989195036 0.021107752363700827 0.046149339283002737 -0.062408152637122974 0.035241808520305361 0.021235206927633383 0.025139697870191907 -0.05320628507971803 -0.057028331831796834 0.024072514046955693 -0.21214529632425411 -0.053645489480138614 0.042593452038134291 0.016923145082330344 0.05732857810665936 -0.22251372101410222 -0.09427641010385461 0.049475616904441189 -0.013980329020236496
leaf_weight=9.8874106670264137 5.881058568134903 56.24746080278419 1754.7380866799504 10.235509317019025 238.99788101017475 59.895244603278115 10.74525041668676 3.0597035915125153 7.798187003703787 18.780028167879209 5.3690331403631744 12.591311588883398 5.0769520921166977 29.956332231406122 5.7182943527586749 52.282123791519552 258.04698498896323 8.2437524080742133 4.9358616129029533 4.2748579271137706 2.3057422561105332 2.6920415312051764 1.7654689142946152 37.650801667245105 340.17534002568573 5.7734086774289635 0.87554141879081715 2.498138606548312 5.8071804963983622 16.592840310186148
leaf_count=1475 367 21932 2509 3129 310 17546 282 351 1378 1358 321 52 222 29 243 217 1639 116 415 14 56 15 226 213 1952 10 6 162 7 86
internal_value=0.0361104 0.0151854 0.0491945 0.0185569 0.0198987 0.00554038 0.0264999 0.0074382 0.0195613 0.0144314 -0.01898 0.011859 -0.0437135 0.0164841 0.0144518 0.0300328 0.0175551 -0.0224695 0.019838 0.0165133 -0.0661258 -0.0802804 -0.149369 0.0172723 0.0194812 -0.00566262 -0.0805578 0.00491681 -0.00723648 0.00247055
internal_weight=2978.9 1146.06 1832.84 1089.81 1072.81 337.878 734.931 78.1044 63.14 495.933 28.7056 17.9603 14.9644 467.227 437.271 55.3418 277.983 15.0004 262.983 418.491 16.9988 14.693 4.45751 414.216 377.826 36.3899 6.7566 30.6716 24.8982 22.4
internal_count=56638 50486 6152 28554 25128 20089 5039 3643 1946 4729 655 373 1697 4074 4045 568 2543 489 2054 2687 3426 3370 241 2673 2165 508 373 265 255 93
is_linear=0
shrinkage=0.05


Tree=62
num_leaves=31
num_cat=0
split_feature=12 18 0 13 0 6 2 0 1 4 1 1 4 3 4 24 21 8 2 3 2 4 24 3 2 2 4 9 24 24
split_gain=320.537 94.6197 55.385 45.5457 37.648 44.1043 36.9581 25.7452 20.0932 18.0316 18.3628 17.7924 17.6749 14.7062 34.2516 13.6745 12.7883 12.3226 12.583 12.289 11.0938 25.7234 19.4811 16.0767 12.6776 12.198 10.5932 10.138 10.1352 29.4341
threshold=1.0000000180025095e-35 1.0000000180025095e-35 4.2933065000000008 1.0000000180025095e-35 13.209223500000002 0.15476190476190474 0.85895117540687183 7.4272598500000013 0.19766653099986428 0.58924880993846518 0.3417843388960205 0.31139971139971145 0.55478841589658134 0.50326847856259638 0.66283945445235781 0.71664142000000008 1.0000000180025095e-35 0.37176079734219269 0.45512082853855013 0.55343526299408663 0.3741666666666667 0.60862720349227095 0.32595308000000006 0.50479839445356689 0.29217479674796748 0.30471628592483418 0.54215044215044228 1.0000000180025095e-35 0.81381737500000007 0.85504002000000001
decision_type=2 2 2 2 2 2 2 2 2 2 2 2 2 2 2 2 2 2 2 2 2 2 2 2 2 2 2 2 2 2
left_child=1 3 9 4 5 7 -7 8 -1 19 16 12 -10 14 15 -14 -11 26 -19 -2 21 22 -15 -23 -25 -24 -13 -9 -8 -30
right_child=2 -3 -4 -5 -6 6 28 27 11 10 -12 17 13 20 -16 -17 -18 18 -20 -21 -22 23 25 24 -26 -27 -28 -29 29 -31
leaf_value=-0.026915902926552687 -0.076451261151192232 -0.050131779891729733 0.050883085258587452 -0.063976052296481331 0.033130782380608813 -0.044793268505134098 0.021827359643368266 0.0397760734396089 -0.055088979310429199 0.034127064584987724 -0.054546156089195656 0.041870690445641894 -0.034680583729472185 -0.062965402302269685 0.041473681214663057 0.067316477974062747 -0.090948325416261799 0.016583110692642275 -0.071727150035239273 0.020227731837170509 0.038650236913425083 0.069388274279609349 -0.06239301590021841 0.046029396229590173 -0.058973982592543488 0.054561446386840129 -0.078511147031092104 0.019735906386878437 -0.11375002003111495 0.019150125966723937
leaf_weight=34.086101318243891 9.4707539452938345 53.511278018122539 1674.5968790762126 16.679026157711633 335.20797770447098 55.036530734738335 50.456993134692311 137.25051757902838 7.9360894777346394 51.960068427259102 7.4452524560037991 2.2088482261169693 40.390671869507059 4.4386238497681907 32.228931207675487 3.5770990801975122 2.1273374389857045 23.458967849379409 4.8712661713361731 5.0340611475985488 107.5924615340773 3.7329734908416894 2.3721845108084372 3.3976583259645876 18.670646431390196 37.05053003737703 10.583575735799966 116.82537972507998 5.9219583829399225 14.051995879039167
leaf_count=2765 1475 21932 2509 3426 1278 12174 180 1301 1492 377 1378 58 2132 225 192 3 191 293 373 222 557 7 236 54 532 383 481 312 61 39
internal_value=0.0356186 0.0147499 0.048988 0.0180007 0.0193012 0.0128279 -0.0140949 0.0185467 0.00947739 0.00725213 0.0190737 0.0135781 0.0183878 0.0206885 0.00231871 -0.0263824 0.0292077 -0.0169936 0.00139853 -0.0428977 0.0285851 0.0130397 0.0363428 -0.0265749 -0.0428076 0.0475239 -0.057725 0.0305615 0.00989363 -0.0202526
internal_weight=2872.17 1121.54 1750.63 1068.03 1051.35 716.14 125.467 590.673 336.597 76.0375 61.5327 302.511 261.388 253.452 76.1967 43.9678 54.0874 41.1227 28.3302 14.5048 177.255 69.6626 43.8613 25.8013 22.0683 39.4227 12.7924 254.076 70.4309 19.974
internal_count=56638 50486 6152 28554 25128 23850 12454 11396 9783 3643 1946 7018 5813 4321 2327 2135 568 1205 666 1697 1994 1437 844 593 586 619 539 1613 280 100
is_linear=0
shrinkage=0.05


Tree=63
num_leaves=31
num_cat=0
split_feature=11 18 0 13 11 11 11 4 1 21 0 21 3 2 3 4 1 0 3 1 17 4 8 20 0 24 0 1 0 24
split_gain=314.643 88.699 54.0337 42.3119 36.8835 88.1194 81.4229 16.7595 17.1386 13.2335 12.2046 11.9071 11.6887 10.9417 16.0984 12.3364 18.9708 11.1766 20.7274 10.726 10.5318 10.4564 19.2432 9.75441 9.41384 40.9355 18.0112 14.5786 10.5906 10.3052
threshold=1.0000000180025095e-35 1.0000000180025095e-35 4.2933065000000008 1.0000000180025095e-35 360.50000000000006 365.50000000000006 2.5000000000000004 0.58924880993846518 0.3417843388960205 1.0000000180025095e-35 18.387796500000004 1.0000000180025095e-35 0.55343526299408663 0.40936473165388826 0.45239633321028677 0.79078571335952608 0.33872229465449805 5.056621100000001 0.45663342830009507 0.36254107338444691 0.93750000000000011 0.66283945445235781 0.41060765718299969 1.0000000180025095e-35 13.705018500000003 0.75555647000000004 11.827870500000001 0.20431354359925794 11.719718000000002 0.51885747500000012
decision_type=2 2 2 2 2 2 2 2 2 2 2 2 2 2 2 2 2 2 2 2 2 2 2 2 2 2 2 2 2 2
left_child=2 3 7 4 6 -6 9 12 11 23 13 -9 -1 14 -7 16 21 18 -16 -18 -17 -15 -23 24 25 27 28 29 -27 -2
right_child=1 -3 -4 -5 5 10 -8 8 -10 -11 -12 -13 -14 15 17 20 19 -19 -20 -21 -22 22 -24 -25 -26 26 -28 -29 -30 -31
leaf_value=-0.075866016779900014 -0.072708378584572395 -0.050125347875732085 0.050715744094147613 -0.0628845053873128 0.051121575753712026 -0.058888447179899162 -0.050212002626209187 0.033090353113093066 -0.054347210660008555 -0.054376334666150085 0.045097126870432019 -0.089931272038248133 0.019374159837374894 0.014305248968178594 0.075696397764721396 -0.0088346116687703629 -0.14464285888062656 0.024394413549062424 -0.056916218577702342 -0.040098742341540712 0.019393230529713788 -0.0011585481083994265 -0.15306969280797139 -0.053209505841134409 0.034403381947632768 -0.074552636324481059 -0.19622706766772535 0.024000542558324935 0.057096085038805838 0.0068856392015248279
leaf_weight=9.0766298378584889 6.7545085796155062 50.907870740047656 1598.049911424052 16.134167145937681 223.0925757586956 6.4398170590866348 55.765784099348821 50.935075982706621 7.1074148865882298 6.4868606792297205 28.104205994401127 2.0459041070425874 4.9941032875794908 39.676465115277097 4.0580930709838858 46.612800378119573 2.8595684729516533 202.55756053701043 10.757652647909707 17.275580129004084 113.50927559891716 7.8761268230155093 2.8350719347363338 4.7336152587085953 73.139276228845119 6.8067964748479408 2.5386319160461417 156.36716821161099 1.9697284698486326 10.219226343091576
leaf_count=1475 307 21932 2509 3426 310 422 17546 377 1378 560 29 191 222 155 1 432 17 984 442 1340 727 22 158 415 83 151 18 922 1 86
internal_value=0.0351269 0.0143247 0.0487796 0.0174597 0.0187177 0.0251353 0.00477406 0.00705712 0.0185593 0.0161724 0.0131217 0.0283398 -0.0420626 0.0111443 0.0190201 0.00350172 -0.0139225 0.0213282 -0.0205931 -0.054946 0.0111759 0.00247071 -0.0413668 0.0179156 0.0192216 0.0132084 -0.0789339 0.0192231 -0.0450065 -0.0247879
internal_weight=2769.69 1097.48 1672.21 1046.57 1030.44 705.655 324.782 74.1591 60.0884 269.016 482.562 52.981 14.0707 454.458 223.813 230.645 70.5228 217.373 14.8157 20.1351 160.122 50.3877 10.7112 262.529 257.795 184.656 11.3152 173.341 8.77652 16.9737
internal_count=56638 50486 6152 28554 25128 5039 20089 3643 1946 2543 4729 568 1697 4700 1849 2851 1692 1427 443 1357 1159 335 180 1983 1568 1485 170 1315 152 393
is_linear=0
shrinkage=0.05


Tree=64
num_leaves=31
num_cat=0
split_feature=11 18 0 13 11 11 11 4 1 21 0 3 21 0 24 9 4 1 20 0 3 7 8 7 24 3 0 0 6 0
split_gain=307.933 83.2383 52.7505 39.2862 33.9817 86.0691 76.6344 15.5662 15.9952 12.3677 11.6801 11.1135 11.0785 9.52362 15.9358 14.7474 12.5458 9.19662 9.10532 9.49968 12.9089 11.5611 24.074 15.9095 14.233 11.9463 27.2965 10.8225 10.7044 31.1885
threshold=1.0000000180025095e-35 1.0000000180025095e-35 4.2933065000000008 1.0000000180025095e-35 360.50000000000006 365.50000000000006 2.5000000000000004 0.58924880993846518 0.3417843388960205 1.0000000180025095e-35 18.387796500000004 0.55343526299408663 1.0000000180025095e-35 5.056621100000001 0.23717984500000003 1.0000000180025095e-35 0.61845212010779405 0.9457002457002458 1.0000000180025095e-35 8.4788090000000018 0.43625894802365395 0.24440019910403188 0.39767441860465119 0.18635658914728678 0.53712666500000006 0.49902004126142063 6.750020000000001 6.765063500000001 0.15476190476190474 13.705018500000003
decision_type=2 2 2 2 2 2 2 2 2 2 2 2 2 2 2 2 2 2 2 2 2 2 2 2 2 2 2 2 2 2
left_child=2 3 7 4 6 -6 9 11 12 18 13 -1 -9 14 -7 -15 -16 -5 19 20 -2 23 -23 24 -22 26 -25 -24 -21 -30
right_child=1 -3 -4 17 5 10 -8 8 -10 -11 -12 -13 -14 15 16 -17 -18 -19 -20 28 21 22 27 25 -26 -27 -28 -29 29 -31
leaf_value=-0.075247345715451941 -0.070916204665754198 -0.050119229763345791 0.050550621681147795 -0.078068735851858251 0.050785005019760569 -0.06877563775191585 -0.050201661741636094 0.032065549833747785 -0.054155777485574819 -0.054185959553380847 0.044486217638018299 0.018547320819384604 -0.088832030879817558 -0.031463930792752393 -0.057074727668437047 0.014485357426267964 0.038587314264847204 0.027955851453474418 -0.053050450091176794 0.046303910812571937 -0.061460011479982174 -0.099129870783664059 0.023994986987375455 -0.089064700735997149 0.022643720900177567 0.044335688095168697 0.058874972796639738 -0.086171380540292983 -0.036295128583665508 0.033272845340126499
leaf_weight=8.7031773080816475 4.9700392580125472 48.43082752940245 1524.9529400300235 13.222762430319561 213.58347669988871 9.856826417846607 53.056707165436819 49.960030218120664 6.7840782569255671 6.1916255452670148 27.091433238703758 4.9568797764368346 1.9696076026884828 18.247999479528517 4.795282936072911 405.51515430794097 12.014598979149012 2.4195447356905779 4.5159132438711813 48.513799123466015 9.6922663524746913 6.6951601740438518 17.78259018575773 5.8575450051575881 10.458583450177683 49.602030105423182 6.6668125875294209 2.5488356356509021 20.948564326390624 69.762071378529072
leaf_count=1475 234 21932 2509 3370 310 282 17546 377 1378 560 29 222 191 1358 321 2687 52 56 415 58 270 151 265 110 46 104 6 73 169 82
internal_value=0.0346572 0.0139333 0.0485712 0.0169626 0.0181824 0.0244014 0.00463533 0.00686271 0.0180475 0.0156475 0.0126007 -0.0412117 0.0274801 0.0106829 -0.0182995 0.0125067 0.0112982 -0.0616689 0.0173233 0.0185769 0.00789325 0.0114767 -0.0168957 0.0207965 -0.017809 0.0333183 -0.0103153 0.0101841 0.027346 0.0172069
internal_weight=2669.77 1072.44 1597.33 1024.01 1008.37 691.105 317.263 72.3738 58.7137 264.206 477.521 13.6601 51.9296 450.43 26.6667 423.763 16.8099 15.6423 258.014 253.498 114.274 109.304 27.0266 82.2772 20.1508 62.1264 12.5244 20.3314 139.224 90.7106
internal_count=56638 50486 6152 28554 25128 5039 20089 3643 1946 2543 4729 1697 568 4700 655 4045 373 3426 1983 1568 1259 1025 489 536 316 220 116 338 309 251
is_linear=0
shrinkage=0.05


Tree=65
num_leaves=31
num_cat=0
split_feature=11 11 11 11 0 0 9 1 0 0 2 0 2 11 24 7 15 0 22 24 3 0 17 0 24 24 24 7 24 2
split_gain=324.897 73.2004 85.7444 61.7746 50.0344 45.1265 27.3798 24.4396 16.6207 19.6338 16.8733 16.0695 15.6452 13.9905 13.0499 12.1042 11.9633 14.2056 11.5604 10.7116 10.3573 10.0503 9.26859 8.1757 9.71232 8.21551 7.88181 12.9965 28.8171 16.4272
threshold=1.0000000180025095e-35 363.50000000000006 365.50000000000006 2.5000000000000004 5.0479770000000004 4.1634054500000008 1.0000000180025095e-35 0.38408851422550055 8.9970155000000016 4.6802870000000008 0.36788399570354463 1.7307677000000001 0.43869027731373206 360.50000000000006 0.43625215000000006 0.96249413970932973 1.0000000180025095e-35 7.2569232000000001 1.0000000180025095e-35 0.61847713000000015 0.44414863646608072 4.7112292500000006 0.26491228070175449 4.832657750000001 0.23717984500000003 0.25781440000000005 0.20817088000000003 0.18983268983268978 0.44622616000000009 0.44136745607333849
decision_type=2 2 2 2 2 2 2 2 2 2 2 2 2 2 2 2 2 2 2 2 2 2 2 2 2 2 2 2 2 2
left_child=4 3 -3 5 7 -2 -4 11 9 -7 16 -1 -12 -5 -14 -10 17 -11 -15 -16 22 -9 -13 24 -8 -26 -25 28 29 -28
right_child=1 2 6 13 -6 8 23 21 15 10 12 20 14 18 19 -17 -18 -19 -20 -21 -22 -23 -24 26 25 -27 27 -29 -30 -31
leaf_value=-0.053697707114588655 -0.052151624404957866 0.048413859413889919 -0.044716490405644571 -0.050164559189214711 0.050535484471832232 0.04867124093455949 -0.060007217969520944 -0.06551732015517088 0.027511608383423855 -0.081898764677272029 0.017067051095744881 -0.10649791740041732 -0.13950435781088083 -0.058266643245347131 0.01601157536583565 -0.055767303208661828 -0.093351852132476099 0.046229959056421695 0.042220735234624628 -0.05818240221235485 0.031866830872554361 -0.32162187617866861 0.025725587259980864 0.032223278181695382 0.047302141499796342 -0.055405905727387766 -0.094304901995991897 0.014733715638943407 0.013142446901232112 0.05460638190193759
leaf_weight=7.0143178722355506 29.889435726217926 206.04536804929376 22.073748085647821 77.671820856165141 1426.9721814366058 15.910698166582732 8.3766225981526095 6.4084814136149353 128.54805597360246 3.9781594782834873 44.053492640028708 2.6772333637345573 2.6094162624795016 4.4226979510858628 9.9045157607179153 4.5165030984207979 9.4897128560114652 4.7416662760078907 8.1114161545410752 9.5604121261276287 59.968177294009365 0.40742967650294293 2.6247562875505537 50.719202081207186 6.1526885090861452 2.84835013106931 12.33608030178584 325.18742812401615 31.635955680394545 2.1792045608162871
leaf_count=2055 10405 297 2548 30126 2419 148 277 969 741 95 161 56 25 56 258 32 172 6 13 1735 438 11 109 89 22 182 304 2449 349 2
internal_value=0.0336287 0.0118538 0.0215951 -0.00654654 0.0483898 0.00569143 0.00962165 0.0096819 0.0131016 -0.00227347 -0.0118845 0.0182162 -0.000148539 -0.0422544 -0.0345055 0.0246849 -0.0545034 -0.0122249 0.00676348 -0.0204296 0.0259445 -0.0808263 -0.0410405 0.0123512 -0.0212594 0.0148005 0.013735 0.0112098 -0.01362 -0.0719486
internal_weight=2527.04 1020.96 667.555 353.408 1506.07 263.202 461.509 79.1004 233.313 100.248 84.3374 72.2845 66.1278 90.2059 22.0743 133.065 18.2095 8.71983 12.5341 19.4649 65.2702 6.81591 5.30199 439.436 17.3777 9.00104 422.058 371.339 46.1512 14.5153
internal_count=56549 50492 6519 43973 6057 13778 6222 3638 3373 2600 2452 2658 2179 30195 2018 773 273 101 69 1993 603 980 165 3674 481 204 3193 3104 655 306
is_linear=0
shrinkage=0.05


Tree=66
num_leaves=31
num_cat=0
split_feature=11 18 0 0 5 11 11 11 1 1 11 11 9 0 0 20 0 0 2 2 15 0 21 3 4 3 0 24 22 0
split_gain=316.808 69.6385 49.4655 49.1221 39.7072 25.5398 37.2374 31.2631 22.6683 21.014 17.2149 18.8046 18.2581 15.8007 15.0052 12.6435 11.1092 16.9725 17.6653 13.7707 11.244 13.268 10.0845 9.83373 14.8187 9.14485 8.88825 10.2497 12.1227 10.6283
threshold=1.0000000180025095e-35 1.0000000180025095e-35 11.413922250000001 5.0479770000000004 0.15476190476190474 360.50000000000006 365.50000000000006 2.5000000000000004 0.38408851422550055 0.87695265561163194 365.50000000000006 363.50000000000006 1.0000000180025095e-35 4.1634054500000008 1.7307677000000001 1.0000000180025095e-35 4.6802870000000008 8.9970155000000016 0.36788399570354463 0.47943661971830992 1.0000000180025095e-35 7.2569232000000001 1.0000000180025095e-35 0.48895202020202028 0.62248557216796796 0.44757495590828927 4.832657750000001 0.20817088000000003 1.0000000180025095e-35 5.620200500000001
decision_type=2 2 2 2 2 2 2 2 2 2 2 2 2 2 2 2 2 2 2 2 2 2 2 2 2 2 2 2 2 2
left_child=3 2 4 8 5 7 -7 13 14 -6 11 15 -12 -2 -1 22 -15 18 20 -20 21 -18 -4 24 -16 -14 -8 -28 29 -29
right_child=1 -3 10 -5 9 6 26 -9 -10 -11 12 -13 25 16 23 -17 17 -19 19 -21 -22 -23 -24 -25 -26 -27 27 28 -30 -31
leaf_value=-0.053572927228271033 -0.055734274418631803 -0.050111158773311272 0.029652201625451399 0.050382038095236115 -0.054823475409706085 0.045629759233506477 -0.024934410312558442 -0.050208871318628751 -0.07909760648163873 0.013501581288609399 -0.067427429816940901 0.051932860610948463 -0.03326379895751231 0.048868790815487381 -0.081630567771049128 -0.052562300486166093 -0.080958655503490171 0.03364966015671577 0.012095870607112133 -0.070038007712829461 -0.091879938649199244 0.045275559623394676 -0.056248150134281166 0.036809597146711129 0.02215363366825928 0.022600893283509591 0.030940328015946553 0.025939874408846288 0.018260761318894793 -0.012579253945884378
leaf_weight=6.6873761110473415 10.171427140943704 43.820891122682951 92.212264238507487 1361.4083758313209 38.916960944072343 86.370677907019854 18.896325528505258 33.123429614701308 6.6148516013054168 15.831495495280249 6.3234977123793206 113.67862588167191 7.7622144073247901 15.370461834594606 4.8323977717664119 5.342985038412734 3.7999644009396434 32.262994804885238 50.708394194021821 5.6743891002843148 9.1678493667859584 4.6030869074165821 3.5481592062860718 47.258070373442024 11.932008599862455 130.22953413124196 50.133178282529116 22.13017891801428 104.3014152860269 93.866796159883961
leaf_count=2055 914 21819 783 2419 10753 122 638 10426 980 57 276 178 34 35 265 778 72 101 149 194 172 6 440 284 54 296 93 222 810 1124
internal_value=0.0331636 0.0115208 0.0143506 0.0481802 0.00551004 0.00961947 0.0168192 -0.00678575 0.00941401 -0.0350661 0.0290068 0.0379805 0.0156513 0.00413061 0.0176942 0.0222928 0.00913863 0.00338934 -0.00981202 0.00382988 -0.0535871 -0.0118091 0.0264694 0.0251383 -0.00776252 0.0194584 0.0082186 0.0105352 0.00589157 -0.00523048
internal_weight=2436.98 998.247 954.426 1438.73 595.329 540.581 375.699 164.882 77.3247 54.7485 359.097 214.782 144.315 131.759 70.7099 101.103 121.587 106.217 73.9537 56.3828 17.5709 8.40305 95.7604 64.0225 16.7644 137.992 289.328 270.432 220.298 115.997
internal_count=56549 50492 28673 6057 25888 15078 3009 12069 3638 10810 2785 2179 606 1643 2658 2001 729 694 593 343 250 78 1223 603 319 330 2887 2249 2156 1346
is_linear=0
shrinkage=0.05


Tree=67
num_leaves=31
num_cat=0
split_feature=11 18 0 0 5 11 11 11 1 3 11 11 9 0 0 21 20 0 0 2 2 15 0 3 21 17 4 3 0 8
split_gain=308.906 65.4613 47.9498 46.4294 36.9011 23.3363 35.6929 29.7629 21.3474 20.2064 16.8381 18.792 17.1017 14.891 14.0423 12.8749 11.8032 10.2125 15.6066 16.5474 12.9079 10.5458 12.4024 9.7858 9.39007 8.99607 8.50534 8.30883 8.07459 9.08959
threshold=1.0000000180025095e-35 1.0000000180025095e-35 5.0479770000000004 11.413922250000001 0.15476190476190474 360.50000000000006 365.50000000000006 2.5000000000000004 0.38408851422550055 0.89964863402363415 365.50000000000006 363.50000000000006 1.0000000180025095e-35 4.1634054500000008 1.7307677000000001 1.0000000180025095e-35 1.0000000180025095e-35 4.6802870000000008 8.9970155000000016 0.36788399570354463 0.47943661971830992 1.0000000180025095e-35 7.2569232000000001 0.44414863646608072 1.0000000180025095e-35 0.26491228070175449 0.49676358363858364 0.44757495590828927 4.832657750000001 0.32466216216216215
decision_type=2 2 2 2 2 2 2 2 2 2 2 2 2 2 2 2 2 2 2 2 2 2 2 2 2 2 2 2 2 2
left_child=2 3 8 4 5 7 -7 13 14 -6 11 16 -12 -2 -1 23 24 -15 19 21 -21 22 -19 25 -5 -16 -4 -14 -8 -30
right_child=1 -3 26 10 9 6 28 -9 -10 -11 12 -13 27 17 15 -17 -18 18 -20 20 -22 -23 -24 -25 -26 -27 -28 -29 29 -31
leaf_value=-0.053450486722525517 -0.05559656903433139 -0.050105735749080831 -0.38217514756549048 0.02877973085644674 -0.053466691600677185 0.045004865575223284 -0.023905744412146171 -0.050198667274520853 -0.078805891216806992 0.015766140846275787 -0.067353723127332163 0.051835229154959465 -0.030908667653375077 0.047239813850941365 -0.10812893377798385 -0.099342523907390123 -0.052438895486487759 -0.079711942092297261 0.032547370521996397 0.011566693770531293 -0.069529866477517507 -0.090437097402400524 0.044327924118161527 0.034524602241660172 -0.055955128227621526 0.028154482444077797 0.050267733860561638 0.021826803309806013 0.024756399316598038 0.0043141867969970155
leaf_weight=6.375434869201853 9.698725139256565 41.688118386082351 0.11371356248855491 90.306586765102111 38.434912071214058 83.270470030605793 18.728361874818802 31.514224140089937 6.3149632556596762 14.520864030695519 6.0215068445540956 108.332983314991 7.9314506109803906 15.112122767604886 2.4070220092544323 2.0324062529252833 5.0940632587298742 3.6697334260679781 31.702409732388332 50.385345275048167 5.4361040148651218 8.8563423241721466 4.4698296301066875 55.707276141969487 3.3923418006161219 2.4367419778136536 1298.7227403726429 128.15944138192572 75.570187301840633 193.91754184581805
leaf_count=2055 914 21819 1 783 10671 122 638 10426 980 139 276 178 34 35 40 197 778 72 101 149 194 172 6 302 440 64 2418 296 807 1442
internal_value=0.0327028 0.0111969 0.0479814 0.0139316 0.00532266 0.00928244 0.016171 -0.00662731 0.0091835 -0.0344825 0.0283592 0.0374531 0.0151049 0.0039898 0.0172412 0.0244426 0.0216822 0.00882055 0.00326565 -0.0094827 0.0036692 -0.0526789 -0.0115956 0.0285975 0.0257119 -0.0395691 0.0502299 0.0187534 0.00784039 0.0100466
internal_weight=2350.32 976.214 1374.11 934.526 585.287 532.331 371.487 160.845 75.2738 52.9558 349.238 207.126 142.112 129.331 68.9589 62.5834 98.793 119.632 104.52 72.8174 55.8214 16.9959 8.13956 60.551 93.6989 4.84376 1298.84 136.091 288.216 269.488
internal_count=56549 50492 6057 28673 25888 15078 3009 12069 3638 10810 2785 2179 606 1643 2658 603 2001 729 694 593 343 250 78 406 1223 104 2419 330 2887 2249
is_linear=0
shrinkage=0.05


Tree=68
num_leaves=31
num_cat=0
split_feature=11 18 0 0 5 11 11 11 1 1 11 11 9 0 0 11 0 0 2 2 15 0 3 4 1 3 24 0 24 22
split_gain=301.343 61.5264 46.849 43.5782 34.2313 21.2911 34.1949 28.3355 20.0933 19.8023 16.447 18.7721 16.0249 14.0351 13.1384 10.8253 9.38891 14.342 15.5022 12.1006 9.8912 11.5983 8.78456 13.5166 8.20163 7.55368 7.37812 7.32722 9.60084 10.9922
threshold=1.0000000180025095e-35 1.0000000180025095e-35 5.0479770000000004 11.413922250000001 0.15476190476190474 360.50000000000006 365.50000000000006 2.5000000000000004 0.38408851422550055 0.87695265561163194 365.50000000000006 363.50000000000006 1.0000000180025095e-35 4.1634054500000008 1.7307677000000001 2.5000000000000004 4.6802870000000008 8.9970155000000016 0.36788399570354463 0.47943661971830992 1.0000000180025095e-35 7.2569232000000001 0.48895202020202028 0.62248557216796796 0.56736587333602273 0.44757495590828927 0.27592952500000006 4.832657750000001 0.20817088000000003 1.0000000180025095e-35
decision_type=2 2 2 2 2 2 2 2 2 2 2 2 2 2 2 2 2 2 2 2 2 2 2 2 2 2 2 2 2 2
left_child=2 3 8 4 5 7 -7 13 14 -6 11 15 -12 -2 -1 24 -15 18 20 -20 21 -18 23 -16 -5 -14 -25 -8 -29 -30
right_child=1 -3 -4 10 9 6 27 -9 -10 -11 12 -13 25 16 22 -17 17 -19 19 -21 -22 -23 -24 26 -26 -27 -28 28 29 -31
leaf_value=-0.053330470972539429 -0.055459455844156652 -0.050100578310949433 0.050079127511593206 0.050575980855148431 -0.054427444809981552 0.044369340829203172 -0.022907634184095006 -0.050188962543260378 -0.078474651910686533 0.013013395350230692 -0.067300330240798442 0.05174268773341667 -0.028762875448959585 0.045663150038796771 -0.080523151767977585 -0.031849863353811153 -0.078537658354225923 0.031460822443799226 0.011057591310316577 -0.06902071096454182 -0.089023243001608229 0.043385647938209648 0.035070546714803585 0.055624677698261328 0.016722940720708835 0.021068265889346981 -0.025142027424753743 0.029485400582737464 -0.0054868016300941578 0.016925139388697785
leaf_weight=6.077806146699003 9.2479502573842165 39.6589443749981 1239.1255156006664 25.021146656945348 35.654164953739382 80.315395995974541 18.571273313020356 29.982907669735141 6.0317116212099782 15.667502051219342 5.7322582917986429 103.22917020320892 8.0926863737404329 14.858759043272583 4.5877028972608995 8.7831160658970457 3.5416243313811728 31.171222793404013 50.0779237318784 5.2081707164179525 8.5548265788238496 4.3418425545096397 45.101845892495476 6.5835952038178203 62.788410372333601 126.18620233936235 4.9563406803645194 49.379993462003767 115.98693661310244 103.55550295964349
leaf_count=2055 914 21819 2419 24 10753 122 638 10426 980 57 276 178 34 35 265 1805 72 101 149 194 172 6 284 8 172 296 46 93 1346 810
internal_value=0.0322296 0.0108708 0.0477809 0.0135108 0.00513457 0.00894596 0.0155254 -0.00646948 0.00895103 -0.0338391 0.0277109 0.0369183 0.0145701 0.00385188 0.0167856 0.0210755 0.00850995 0.0031448 -0.00916126 0.0035139 -0.051791 -0.011388 0.0237456 -0.00792542 0.0263693 0.0180651 0.0209358 0.0074675 0.00956515 0.00508464
internal_weight=2268.07 955.608 1312.46 915.949 576.116 524.794 367.809 156.985 73.339 51.3217 339.833 199.822 140.011 127.002 67.3073 96.5927 117.754 102.896 71.7244 55.2861 16.4383 7.88347 61.2295 16.1276 87.8096 134.279 11.5399 287.494 268.922 219.542
internal_count=56549 50492 6057 28673 25888 15078 3009 12069 3638 10810 2785 2179 606 1643 2658 2001 729 694 593 343 250 78 603 319 196 330 54 2887 2249 2156
is_linear=0
shrinkage=0.05


Tree=69
num_leaves=31
num_cat=0
split_feature=11 18 0 0 5 11 11 11 1 1 11 11 9 0 0 21 7 23 7 11 7 1 0 0 4 3 11 7 17 17
split_gain=293.942 57.8352 45.7024 40.7623 31.7769 19.4448 32.6829 26.9774 18.9946 18.9138 15.9544 18.8789 15.0216 13.2299 12.3043 11.7809 11.7547 20.8495 10.8697 10.4188 9.66114 14.6373 10.4447 11.0875 12.1917 8.54853 8.35677 18.2 8.26065 7.26595
threshold=1.0000000180025095e-35 1.0000000180025095e-35 5.0479770000000004 11.413922250000001 0.15476190476190474 360.50000000000006 365.50000000000006 2.5000000000000004 0.83096903096903107 0.38408851422550055 365.50000000000006 363.50000000000006 1.0000000180025095e-35 4.1634054500000008 1.7307677000000001 1.0000000180025095e-35 0.96249413970932973 1.0000000180025095e-35 0.96647940074906391 2.5000000000000004 0.65868005738880919 0.34833164812942363 4.6802870000000008 8.4788090000000018 0.60862720349227095 0.44414863646608072 1.5000000000000002 0.24440019910403188 0.26491228070175449 0.22967032967032963
decision_type=2 2 2 2 2 2 2 2 2 2 2 2 2 2 2 2 2 2 2 2 2 2 2 2 2 2 2 2 2 2
left_child=2 3 9 4 5 7 -7 13 -6 14 11 16 -12 -2 -1 25 19 18 -18 -5 21 22 -15 24 -24 28 -26 -28 -16 -10
right_child=1 -3 -4 10 8 6 -8 -9 29 -11 12 -13 -14 20 15 -17 17 -19 -20 -21 -22 -23 23 -25 26 -27 27 -29 -30 -31
leaf_value=-0.053212957177541521 -0.055322955161408963 -0.050095672125027524 0.049928222729543878 0.029772451973819114 -0.056623400720466732 0.043722909375239247 0.0071227850106686807 -0.050179732666564114 -0.034920679685297155 -0.07810393498834961 -0.067264318655846589 0.051654962852329712 0.017393706950363328 0.049261086444903422 -0.10544931426022378 -0.097764516599836954 -0.089263864220416378 0.032471922747895489 -0.33157832859956965 -0.029536313833240659 0.063367409765385282 -0.068309867055899295 -0.060653985370841858 0.032098163799899798 0.024711678061001701 0.032842222714264659 0.00093970187659066532 -0.10155101644869347 0.027962344859604749 0.031191621696086136
leaf_weight=5.7938348257448515 8.818083771853706 37.728356036008336 1182.1659974977374 82.032623863313347 31.603139236569405 77.499536570161581 286.41692690341733 28.525737735326402 6.4614655685145435 5.7641041078604749 5.4555336550110942 98.357177197933197 132.55197101691738 13.951654464937745 2.2918180075939736 1.9505043316166837 1.226631014375015 2.7467597983777523 0.74321832251735021 8.1396638372680155 7.4293702989816657 6.5015756903449065 9.3961108792573196 23.508978394791484 22.158504138933495 53.249828868196346 27.878061795141548 5.1283567857462904 2.350076085771434 11.647320032119749
leaf_count=2055 914 21819 2419 173 10736 122 2887 10426 48 980 276 178 330 24 40 197 54 19 29 1726 4 170 233 63 75 302 121 39 64 26
internal_value=0.0317522 0.0105497 0.047582 0.0130971 0.004955 0.00862494 0.0149171 -0.00631235 -0.0332278 0.00873512 0.0270319 0.036305 0.0140471 0.00371685 0.0163613 0.0230973 0.020394 -0.0565526 -0.180688 0.0244188 0.00820677 0.00443054 0.0090661 0.00269859 -0.00800685 0.0271694 0.000960412 -0.0149847 -0.0379063 0.00760184
internal_weight=2189.47 935.907 1253.57 898.178 566.925 517.213 363.916 153.296 49.7119 71.4002 331.254 193.246 138.008 124.771 65.6361 59.8422 94.8889 4.71661 1.96985 90.1723 115.953 108.523 102.022 88.07 64.561 57.8917 55.1649 33.0064 4.64189 18.1088
internal_count=56549 50492 6057 28673 25888 15078 3009 12069 10810 3638 2785 2179 606 1643 2658 603 2001 102 83 1899 729 725 555 531 468 406 235 160 104 74
is_linear=0
shrinkage=0.05


Tree=70
num_leaves=31
num_cat=0
split_feature=11 18 0 0 1 8 13 11 3 0 7 24 4 4 24 8 0 0 7 2 23 3 2 24 16 4 2 24 7 0
split_gain=266.575 57.2427 53.0591 32.3927 32.395 24.8158 20.7345 17.6209 16.8578 25.0021 15.4728 14.7048 26.6136 17.2801 14.8567 13.8513 12.9703 15.49 12.954 12.4077 12.3933 11.804 11.4105 11.1617 12.2046 11.1383 10.8735 25.1288 16.7425 11.8958
threshold=1.0000000180025095e-35 1.0000000180025095e-35 4.7112292500000006 13.0218115 0.3417843388960205 0.65030120481927722 1.0000000180025095e-35 1.5000000000000002 0.50326847856259638 6.750020000000001 0.26365441906653431 0.81381737500000007 0.94511887851385512 0.93461748978990367 0.64431016500000016 0.68908988128886384 4.6802870000000008 4.2933065000000008 0.96340919232485511 0.91734972677595616 1.0000000180025095e-35 0.48387321490769775 0.34960317460317464 0.22828398500000005 1.0000000180025095e-35 0.62601141288020501 0.36700680272108849 0.44622616000000009 0.21304964539007087 2.6177595500000002
decision_type=2 2 2 2 2 2 2 2 2 2 2 2 2 2 2 2 2 2 2 2 2 2 2 2 2 2 2 2 2 2
left_child=2 3 10 4 6 -6 8 -7 9 16 21 14 13 -13 19 -16 17 -2 -5 -9 -20 22 -1 -18 -25 -26 27 28 -10 -28
right_child=1 -3 -4 18 5 7 -8 11 26 -11 -12 12 -14 -15 15 -17 23 -19 20 -21 -22 -23 -24 24 25 -27 29 -29 -30 -31
leaf_value=-0.086348598604666413 -0.038861275450755933 -0.050090216092018462 0.04966515952429907 0.03088784300723545 -0.037759223010496536 0.052415676708181862 -0.088920751059850894 -0.050966015699505075 0.0041582626466502908 0.018196436552589835 -0.047577889837669633 -0.085150806523277153 0.02331367383748836 -0.29031734897869804 -0.076663525430876983 0.024006100737516287 0.0056785253020741723 0.04158855852360191 -0.057324579251857868 -0.33559975089943306 0.024663288842527942 0.027978525434678998 0.011403239669784229 -0.070186532490907436 -0.057170563156297864 0.031892486544514057 0.10644842192815565 0.0286212925306451 -0.060830556601940103 0.02629722752248552
leaf_weight=4.9726655564154481 9.8809730140492338 36.075863745994866 1138.4662721639033 267.00893515627831 61.002854083781131 15.840021984418852 4.8904489894630379 1.4061301018809889 24.69512508646585 104.59077196440194 12.149447090399915 4.9331961277639476 5.4696348635479808 1.2958899661898611 3.8056275699054813 33.451954800169915 13.039705993491223 15.168165291193871 8.3827974684536457 0.52614109870046366 10.239104241132736 40.742794433725066 7.4699418061645702 23.365373073145747 6.804718815837985 7.2512982351472601 4.7364651188254348 60.898854611790739 16.552925331401639 204.58797898550984
leaf_count=809 1644 21959 2452 1481 11094 81 1374 354 614 2121 2264 644 33 20 1253 903 184 369 67 15 25 417 211 2253 834 157 35 1112 730 1302
internal_value=0.0315429 0.0116798 0.0471505 0.0141291 0.00774709 -0.0147095 0.0135248 0.00636246 0.014544 0.00236733 0.00333171 -0.00797246 -0.0571659 -0.127833 0.00671246 0.0137233 -0.0195579 0.00985403 0.0280758 -0.128469 -0.0122442 0.0149613 -0.0276631 -0.0341581 -0.0480394 -0.0112242 0.0215848 0.0082114 -0.0219219 0.0281108
internal_weight=2149.7 945.901 1203.8 909.825 624.194 127.731 496.463 66.7286 491.572 180.101 65.3348 50.8886 11.6987 6.22909 39.1899 37.2576 75.5102 25.0491 285.631 1.93227 18.6219 53.1854 12.4426 50.4611 37.4214 14.056 311.471 102.147 41.2481 209.324
internal_count=56811 50658 6153 28699 27126 14397 12729 3303 11355 7562 3701 3222 697 664 2525 2156 5441 2013 1573 369 92 1437 1020 3428 3244 991 3793 2456 1344 1337
is_linear=0
shrinkage=0.05


Tree=71
num_leaves=31
num_cat=0
split_feature=11 18 0 0 1 8 3 0 11 7 0 7 7 7 3 2 23 2 8 0 0 2 3 0 0 3 7 2 3 2
split_gain=261.173 53.6981 51.9389 30.2091 29.5926 22.7902 17.0986 24.9953 16.1587 14.4142 13.7191 12.3716 12.0884 11.1026 16.4711 11.2105 10.9237 10.7017 17.5337 17.5246 18.2881 13.9336 12.1428 10.6552 10.5321 16.2884 11.1621 10.0946 9.56939 10.7415
threshold=1.0000000180025095e-35 1.0000000180025095e-35 4.7112292500000006 13.0218115 0.3417843388960205 0.65030120481927722 0.50326847856259638 6.750020000000001 1.5000000000000002 0.31643132220795894 5.620200500000001 0.38266583229036299 0.96340919232485511 0.36088342440801452 0.59667184310103927 0.47413024085637828 1.0000000180025095e-35 0.36700680272108849 0.29217479674796748 9.320903000000003 5.7465161500000006 0.35859165709911983 0.58737878466139348 2.7299810500000006 5.2771565000000011 0.54160618363404756 0.26747967479674806 0.96647940074906391 0.48387321490769775 0.34960317460317464
decision_type=2 2 2 2 2 2 2 2 2 2 2 2 2 2 2 2 2 2 2 2 2 2 2 2 2 2 2 2 2 2
left_child=2 3 9 4 6 13 7 10 -7 28 -2 -12 -5 14 15 -6 27 18 -8 20 21 22 -20 -19 25 -25 -27 -14 29 -1
right_child=1 -3 -4 12 5 8 17 -9 -10 -11 11 -13 16 -15 -16 -17 -18 23 19 -21 -22 -23 -24 24 -26 26 -28 -29 -30 -31
leaf_value=-0.085055608205087341 -0.0075434428519817014 -0.050085815201960829 0.049508216215298079 0.030063082256205693 -0.10633107528103343 0.050662482525222957 0.030394153077892685 0.016611199793764922 -0.0076135754494135871 -0.061649253162915876 -0.068985595271001038 0.043243133448756965 -0.0051384567171886058 -0.052111651944964116 0.029561504987905215 0.0119047464328065 0.023883647524012494 0.078630948651064916 -0.055831080566495044 0.041488099460948703 -0.06515078656053086 0.043520211835245182 0.040212787487521662 -0.085272488542202818 0.028499260813094243 0.032360539492031062 -0.06950846001204028 -0.11407343920472715 0.022721645591994338 0.010475089081532721
leaf_weight=4.8482712871627864 53.893231738940813 34.319362917216495 1086.289711878635 260.77814217796549 5.2077854276867601 15.575594990747048 44.7608385568019 104.71599644876551 50.337748139631003 7.5557582254987201 19.036108603351753 2.8192801773548117 4.8626527346204966 39.194198884186335 12.459791854140347 3.2595717633375898 10.049579885788262 9.4223419136833382 11.882278819452045 12.34065842675045 17.828676056116819 10.978237065370193 4.5515504888026035 5.1876940780784961 173.72999854420777 15.585866705281662 3.2497539148898786 3.7796586761251092 44.288077677192632 7.4858602567110211
leaf_count=842 4130 21959 2452 1481 271 81 1137 2397 3222 1751 1930 2 32 10568 206 49 25 52 686 46 793 91 38 226 1001 106 94 35 885 223
internal_value=0.030999 0.0112923 0.046926 0.0136446 0.00745899 -0.0141488 0.013017 0.000784725 0.0061573 0.00321814 -0.021094 -0.0545084 0.027279 -0.0364112 -0.00700596 -0.0608153 -0.0115625 0.020149 0.00692101 -0.0113258 -0.0257323 -9.46565e-05 -0.0292306 0.0266835 0.0242084 -0.00682195 0.0147848 -0.0527805 0.0118741 -0.0270759
internal_weight=2080.27 929.807 1150.47 895.487 616.017 126.035 489.983 180.465 65.9133 64.178 75.7486 21.8554 279.47 60.1213 20.9271 8.46736 18.6919 309.518 102.342 57.5814 45.2407 27.4121 16.4338 207.176 197.753 24.0233 18.8356 8.64231 56.6222 12.3341
internal_count=56811 50658 6153 28699 27126 14397 12729 8459 3303 3701 6062 1932 1573 11094 526 320 92 4270 2791 1654 1608 815 724 1479 1427 426 200 67 1950 1065
is_linear=0
shrinkage=0.05


Tree=72
num_leaves=31
num_cat=0
split_feature=11 0 18 0 13 1 8 24 1 17 0 7 0 3 3 7 4 7 24 24 3 7 2 8 24 8 3 0 16 3
split_gain=255.505 50.9093 50.3969 28.1168 29.258 23.7243 19.2568 16.4252 22.0841 20.7904 16.7187 15.9232 15.1351 14.6839 12.1066 11.2624 11.0829 10.7876 10.9038 10.051 9.93731 13.7569 9.88771 13.1018 9.62456 20.3612 15.1115 9.53104 9.41411 9.2808
threshold=1.0000000180025095e-35 4.832657750000001 1.0000000180025095e-35 13.0218115 1.0000000180025095e-35 0.3417843388960205 0.65030120481927722 0.78961557500000012 0.94893524554541508 0.24316334072431633 11.986080500000002 0.31643132220795894 8.6973195000000008 0.50326847856259638 0.47505656108597288 0.96340919232485511 0.77206694790028141 0.29061583577712607 0.41164070000000003 0.41887212000000001 0.94253425526739731 0.9651115618661259 0.32605600379686767 0.29217479674796748 0.44622616000000009 0.29217479674796748 0.43095330839233287 2.6908618500000006 1.0000000180025095e-35 0.48387321490769775
decision_type=2 2 2 2 2 2 2 2 2 2 2 2 2 2 2 2 2 2 2 2 2 2 2 2 2 2 2 2 2 2
left_child=1 11 3 4 5 12 -7 10 9 -9 16 29 13 14 24 -5 -8 22 -19 -16 21 -17 23 -15 25 -2 -26 -24 -21 -1
right_child=2 -3 -4 15 -6 6 7 8 -10 -11 -12 -13 -14 17 19 20 -18 18 -20 28 -22 -23 27 -25 26 -27 -28 -29 -30 -31
leaf_value=-0.026241366379178663 0.030582858700360135 0.049394778887518823 -0.050081627762018736 0.029240468649681259 -0.08187660574547867 -0.033163364521726822 -0.052006192750985385 -0.15705014113543239 0.032286539427523762 -0.020446961385421396 -0.10545041552124146 -0.065143445503660732 0.027900493408865409 0.010476671578815294 -0.0068611691848602888 0.015252831431753655 0.038778464443144901 -0.065964341557649728 0.01340477117776378 -0.079153827049714631 0.0090289561384905327 -0.16316848871249195 0.071486783541604884 -0.077726798207620865 -0.058594793995844198 -0.054915109996917746 0.037550242263381835 0.020310664177762949 -0.011826253487975761 0.023018591198576188
leaf_weight=12.105935369560028 13.707291610655377 1034.5785642955452 32.648248358396813 254.86151199019514 9.0835728918900696 54.89455680642277 3.6791691874386734 4.6514921328052896 8.1162858796305937 6.9427111205877736 2.3715729757677755 7.4223491877783081 132.30216328287497 16.079396304790865 41.002378447097726 2.0813309156801578 38.967568511026911 7.758513277629393 9.7845891573233512 11.73534977179952 14.421708231209776 2.2463953767437488 9.6143866830971074 5.7035861702170214 4.6553636873140922 14.154188500833696 33.469079163274728 169.3907360228477 9.3116847341880202 45.497528150386643
leaf_count=1065 818 2439 21959 1481 3145 9720 1188 52 45 894 122 1761 1110 734 1354 15 605 220 222 969 50 27 82 548 1012 1248 885 1703 450 888
internal_value=0.0304612 0.0466976 0.0109199 0.0131805 0.00718527 0.00853745 -0.0113794 0.00709501 -0.0309697 -0.075251 0.023761 0.00378458 0.0135148 0.00801991 -0.00542368 0.026489 0.0309464 0.0159036 -0.0216966 -0.0212789 -0.0109114 -0.0773604 0.0191888 -0.0126182 0.00948568 -0.0128518 0.02581 0.0230593 -0.0493666 0.0126661
internal_weight=2013.24 1099.6 913.635 880.987 607.376 598.292 119.623 64.7288 19.7105 11.5942 45.0183 65.0258 478.669 346.367 128.035 273.611 42.6467 218.331 17.5431 62.0494 18.7494 4.32773 200.788 21.783 65.9859 27.8615 38.1244 179.005 21.047 57.6035
internal_count=56811 6153 50658 28699 27126 23981 12626 2906 991 946 1915 3714 11355 10245 6736 1573 1793 3509 442 2773 92 42 3067 1282 3963 2066 1897 1785 1419 1953
is_linear=0
shrinkage=0.05


Tree=73
num_leaves=31
num_cat=0
split_feature=12 0 18 0 13 1 8 24 1 17 0 7 0 3 3 7 4 2 24 0 0 7 3 2 2 24 16 4 8 0
split_gain=249.896 50.1446 47.2974 26.1774 27.5691 21.6575 17.6035 14.9964 19.6348 17.6423 15.1492 14.6847 14.0542 13.3699 11.0208 10.4767 10.2994 9.83503 21.3999 20.9555 9.96603 9.80772 15.1473 10.9007 9.68135 10.0313 13.2801 9.5545 9.36326 9.30678
threshold=1.0000000180025095e-35 5.0088807000000006 1.0000000180025095e-35 13.0218115 1.0000000180025095e-35 0.3417843388960205 0.65030120481927722 0.78961557500000012 0.94893524554541508 0.24316334072431633 11.986080500000002 0.31643132220795894 8.6973195000000008 0.50326847856259638 0.47505656108597288 0.96340919232485511 0.77206694790028141 0.36700680272108849 0.44622616000000009 7.7530334000000005 2.7299810500000006 0.36088342440801452 0.59667184310103927 0.47413024085637828 0.37176079734219269 0.37710930000000004 1.0000000180025095e-35 0.63173197213797894 0.28147007042253525 2.5423961500000005
decision_type=2 2 2 2 2 2 2 2 2 2 2 2 2 2 2 2 2 2 2 2 2 2 2 2 2 2 2 2 2 2
left_child=2 11 3 4 5 12 21 10 9 -9 16 29 13 14 -1 -5 -8 18 27 -20 -19 22 23 -7 -16 -26 -27 -15 -22 -2
right_child=1 -3 -4 15 -6 6 7 8 -10 -11 -12 -13 -14 17 24 -17 -18 20 19 -21 28 -23 -24 -25 25 26 -28 -29 -30 -31
leaf_value=0.0091544958328058281 -0.016454653847407116 0.049283591618008327 -0.050077645909154304 0.028420945981283322 -0.081608470627584334 -0.10465688677357353 -0.05191852021036112 -0.14390590501221107 0.031456282578817572 -0.019403824256821956 -0.099271604013289494 -0.05998109714935821 0.026995267726268393 -0.059990788166733935 -0.049986771616500905 -0.010359910968528872 0.037635119316223035 0.073430183245287869 0.032820250100669593 -0.10766521511824752 -0.07837984572038878 -0.048520162442832318 0.03008963033126243 0.012996117807043113 0.0098092328414976348 -0.093686031760988941 0.0041298194615372883 -0.0049330545754914194 0.021283939851233766 0.026533909870030695
leaf_weight=64.923221647622995 18.419965351000428 985.27224465087056 31.058381783775985 249.24500778713264 8.6682977940072288 4.9100122508825752 3.5054950109915799 4.8178636633092555 7.9190621201414606 6.9499644583556801 2.3927093273960045 7.8359550555469459 129.96232631441671 14.789145081071185 19.055550611577928 18.723594085429795 38.164571934146807 9.1508374437689763 40.115395199856721 2.8425399339757851 2.4000206403434268 33.647206756984815 12.420616658753714 3.2864993188995868 28.656333799124695 6.5565409378614259 7.370828133658506 16.866029817261733 130.36780821683351 39.780782274494413
leaf_count=3963 1785 2432 21959 1481 3145 245 1188 52 45 894 122 1765 1110 1065 2159 92 605 51 946 93 88 9249 180 46 267 259 88 237 1029 171
internal_value=0.0299071 0.0464566 0.0105489 0.0127189 0.00691386 0.00821208 -0.0109501 0.00686638 -0.029414 -0.0703762 0.0230762 0.00427696 0.0129925 0.0076883 -0.00522197 0.0257112 0.0301014 0.0152343 0.00053799 0.0235243 0.0229609 -0.0318808 -0.00472535 -0.0574824 -0.0203644 -0.00710881 -0.0419186 -0.0306558 0.0194823 0.0129285
internal_weight=1950.07 1051.31 898.766 867.707 599.739 591.071 118.014 63.7497 19.6869 11.7678 44.0628 66.0367 473.057 343.094 126.562 267.969 41.6701 216.532 74.6131 42.9579 141.919 54.2643 20.6171 8.19651 61.6393 42.5837 13.9274 31.6552 132.768 58.2007
internal_count=56811 6153 50658 28699 27126 23981 12626 2906 991 946 1915 3721 11355 10245 6736 1573 1793 3509 2341 1039 1168 9720 471 291 2773 614 347 1302 1117 1956
is_linear=0
shrinkage=0.05


Tree=74
num_leaves=31
num_cat=0
split_feature=11 0 18 0 13 1 8 24 1 17 0 7 0 3 3 11 11 0 24 1 4 2 1 1 17 7 3 2 1 3
split_gain=244.094 49.2205 44.412 24.2729 25.9529 19.8078 16.4298 13.7024 17.5315 15.2287 13.7001 13.6614 13.233 14.8059 16.1899 11.4639 21.4769 20.6394 9.87213 9.70795 9.57043 9.42936 12.9299 11.3633 9.41236 9.34 13.954 10.2375 9.21113 9.19133
threshold=1.0000000180025095e-35 5.0088807000000006 1.0000000180025095e-35 13.0218115 1.0000000180025095e-35 0.3417843388960205 0.65030120481927722 0.78961557500000012 0.94893524554541508 0.24316334072431633 11.986080500000002 0.31643132220795894 7.4272598500000013 0.50326847856259638 0.58890442307546598 368.50000000000006 363.50000000000006 13.705018500000003 1.0000000180025095e-35 0.32120811287477952 0.77206694790028141 0.32605600379686767 0.20864427860696519 0.19766653099986428 0.16333333333333333 0.36088342440801452 0.59667184310103927 0.47413024085637828 0.89825495415557544 0.46365578865578866
decision_type=2 2 2 2 2 2 2 2 2 2 2 2 2 2 2 2 2 2 2 2 2 2 2 2 2 2 2 2 2 2
left_child=1 11 3 4 5 12 25 10 9 -9 20 -1 13 29 18 16 17 -5 -15 21 -8 22 -20 -23 -16 26 27 -7 -27 -2
right_child=2 -3 -4 15 -6 6 7 8 -10 -11 -12 -13 -14 14 24 -17 -18 -19 19 -21 -22 23 -24 -25 -26 28 -28 -29 -30 -31
leaf_value=0.012462537264113506 0.0084538417214547884 0.049127016651191763 -0.0500738579737426 -0.15101475721065888 -0.081214723551115642 -0.10250099844658228 -0.051834232852794274 -0.13319946444125655 0.030628245153290046 -0.018411632321717955 -0.093139162746653487 -0.058957322251498002 0.022050033449719758 -0.17092445369502784 -0.10148942630791846 0.012593564353804704 0.050059029171575557 0.017024598315697966 0.032944895520854875 -0.081400112004578667 0.036503908101964945 -0.040102856631996898 -0.053038334724983011 0.026664977919769302 -0.00040724356884793821 -0.055858860101253772 0.02906094666954805 0.012430985976724951 0.040836539176423881 -0.024527413567304826
leaf_weight=57.397488869202789 34.79403843509499 940.13238242827356 29.545825368841179 1.8810260233003635 8.2845658268779498 4.7663055498851481 3.3398156806360921 4.9413894390454534 7.7313355989754191 6.9580610933480784 2.4219959436450145 7.5799908805056466 203.99871147156227 0.69514678791165252 4.6104451714782027 109.76610576827079 87.123664885759354 63.997970160795376 7.8340708280447897 2.4253438150044522 37.399660484865308 6.6804174821590996 9.8945728751132247 138.24790157109965 4.6014706869609654 29.75474537210539 12.222412147792054 3.2646844128612429 2.6851216657087198 53.768905779346824
leaf_count=1956 2756 2432 21959 194 3145 245 1188 52 45 894 122 1765 2012 6 82 342 177 860 272 165 605 169 964 1416 142 9244 180 46 5 3371
internal_value=0.0293646 0.0462182 0.0101942 0.0122791 0.00666013 0.00790877 -0.0106347 0.00664145 -0.0279919 -0.0660787 0.0223935 0.00413101 0.012489 0.00508847 0.0135194 0.0249236 0.0337694 0.0122266 0.0171045 0.0178962 0.029262 0.0193768 -0.0150434 0.0235873 -0.0509976 -0.031222 -0.00458061 -0.0557799 -0.0478552 -0.01157
internal_weight=1888.75 1005.11 883.636 854.09 591.321 583.037 115.486 62.7923 19.6308 11.8995 43.1615 64.9775 467.551 263.552 174.989 262.769 153.003 65.879 165.777 165.082 40.7395 162.657 17.7286 144.928 9.21192 52.6933 20.2534 8.03099 32.4399 88.5629
internal_count=56811 6153 50658 28699 27126 23981 12626 2906 991 946 1915 3721 11355 9343 3216 1573 1231 1054 2992 2986 1793 2821 1236 1585 224 9720 471 291 9249 6127
is_linear=0
shrinkage=0.05


Tree=75
num_leaves=31
num_cat=0
split_feature=11 0 18 8 6 4 0 2 2 8 1 2 7 4 5 3 2 2 3 0 11 11 2 7 4 22 8 1 4 21
split_gain=233.705 48.3572 42.5758 24.9149 37.6519 21.4136 18.9719 18.9198 15.4504 23.867 12.1869 14.3695 12.1446 12.481 12.0521 18.3397 11.9088 21.8587 12.8684 15.1554 11.8654 20.5356 11.6986 13.9109 10.9804 10.774 16.7312 15.275 14.0783 10.7248
threshold=1.0000000180025095e-35 5.1472082500000012 1.0000000180025095e-35 0.76253132832080206 1.0000000180025095e-35 0.77206694790028141 9.2392160000000025 0.4624765478424015 0.3393028461784458 0.31139971139971145 0.27072835547411828 0.27072835547411828 0.23606811145510834 0.59094578792854668 0.13392857142857142 0.79022435897435905 0.34960317460317464 0.37786843447220814 0.55051132442436801 7.4272598500000013 368.50000000000006 363.50000000000006 0.31503759398496245 0.17047223663726005 0.91416312853812853 1.0000000180025095e-35 0.3647450110864745 0.21778656126482207 0.62543595578985789 1.0000000180025095e-35
decision_type=2 2 2 2 2 2 2 2 2 2 2 2 2 2 2 2 2 2 2 2 2 2 2 2 2 2 2 2 2 2
left_child=1 7 3 4 6 -6 8 22 9 10 11 -2 13 -10 -7 -16 -15 18 19 -18 21 -5 23 -1 -17 26 28 -28 -19 -24
right_child=2 -3 -4 20 5 14 -8 -9 12 -11 -12 -13 -14 16 15 24 17 25 -20 -21 -22 -23 29 -25 -26 -27 27 -29 -30 -31
leaf_value=0.018099568194985854 -0.069850753419454681 0.049069183204711569 -0.050070686664969367 0.014196626652079795 -0.058078204673875491 -0.056752289598677612 0.035836560428653047 -0.096773095592020228 -0.051726754144744404 -0.069828130620449361 -0.072607654973317975 0.021078916133611562 0.02138307256512521 0.042457945733426317 0.041745171047336022 -0.05994136722835524 -0.058516445260789932 -0.078135624656270705 -0.11938739085716826 0.014845894219424484 0.01307410640313343 0.049637382190164767 0.02744574764376552 -0.088312580445669919 0.012576713614554752 0.024776319833766727 0.0079215093131609383 -0.093634471353678708 0.027111388082536526 -0.086355040207031331
leaf_weight=6.5840334074455296 4.9085189978359258 913.38355276733637 28.104653482674621 76.5795469856821 30.943034822994377 9.1844912685919535 68.778815886005759 4.2496013055206268 10.057088819448834 15.231866642658131 4.9009034573100498 37.831575649557635 163.8674118835479 19.362952294293791 19.394637499237433 11.064666067017244 14.795056810195094 3.6137244066922021 4.0045337429037309 13.43012166302651 134.26124490331858 87.662163913249969 49.305561823945027 5.7563994386582635 9.8818256143713352 62.923416392179206 6.4780232856282955 8.6422531253192556 26.315878878813237 2.1610752302221945
leaf_count=486 1120 2471 21928 877 9321 1443 249 410 1097 1848 518 2475 2070 262 680 4077 751 150 77 78 247 182 1824 496 78 419 161 223 231 544
internal_value=0.0293029 0.0460396 0.0104704 0.0124861 0.00613236 -0.0254469 0.0115955 0.00538032 0.00738908 -0.0153464 0.00207262 0.010636 0.0116754 0.0022971 -0.00505917 0.00670983 0.0057021 0.00062588 -0.0355096 -0.0236091 0.0240997 0.0331127 0.0121838 -0.0315381 -0.0257299 0.0114122 -0.00725413 -0.0501246 0.0144038 0.0226673
internal_weight=1853.66 981.44 872.218 844.114 545.611 80.4687 465.142 68.0567 396.363 62.8729 47.641 42.7401 333.49 169.623 49.5256 40.3411 159.566 140.203 32.2297 28.2252 298.503 164.242 63.8071 12.3404 20.9465 107.973 45.0499 15.1203 29.9296 51.4666
internal_count=56793 6231 50562 28634 27328 15599 11729 3760 11480 5961 4113 3595 5519 3449 6278 4835 2352 2090 906 829 1306 1059 3350 982 4155 1184 765 384 381 2368
is_linear=0
shrinkage=0.05


Tree=76
num_leaves=31
num_cat=0
split_feature=12 0 18 8 6 4 0 2 2 8 5 3 7 4 4 2 2 7 3 4 21 0 0 3 17 17 2 2 0 22
split_gain=227.6 47.4835 40.0176 23.0596 34.9072 20.5691 17.8098 17.7584 14.1692 22.6908 11.3045 16.878 11.0232 11.5039 11.0856 10.8019 10.7304 12.8457 10.5662 13.5431 10.0088 9.53616 9.23869 9.08495 8.86915 25.1559 8.70101 18.1642 12.0339 9.83418
threshold=1.0000000180025095e-35 5.1472082500000012 1.0000000180025095e-35 0.76253132832080206 1.0000000180025095e-35 0.77206694790028141 9.2392160000000025 0.4624765478424015 0.3393028461784458 0.31139971139971145 0.13392857142857142 0.79022435897435905 0.23606811145510834 0.59094578792854668 0.59226755218216331 0.27072835547411828 0.31503759398496245 0.17047223663726005 0.89964863402363415 0.95309409888357266 1.0000000180025095e-35 8.2237222500000016 1.7307677000000001 0.52450636119990968 0.18898809523809523 0.10818713450292396 0.37786843447220814 0.34724637681159426 7.4272598500000013 1.0000000180025095e-35
decision_type=2 2 2 2 2 2 2 2 2 2 2 2 2 2 2 2 2 2 2 2 2 2 2 2 2 2 2 2 2 2
left_child=2 7 3 4 6 -6 8 16 9 15 -7 -12 13 -10 -15 -1 17 23 -13 -20 22 -17 -18 -2 25 -5 27 -16 -29 -28
right_child=1 -3 -4 24 5 10 -8 -9 12 -11 11 18 -14 14 26 21 20 -19 19 -21 -22 -23 -24 -25 -26 -27 29 28 -30 -31
leaf_value=-0.069354857021154875 -0.07216669024758747 0.048912968180612922 -0.050067238636228285 0.014572914936825727 -0.057939890771801929 -0.056038491226706212 0.035014016517647219 -0.09592000307511489 -0.050224784653659219 -0.069423977330509049 0.040164441446945885 -0.060146864126585237 0.020491857772430771 0.080564445839450369 0.033871849822125176 0.015451958615054152 -0.054051612714276921 -0.085653813939279816 0.044947717488971799 -0.092979229745462522 -0.08582254814910617 -0.093647122922516382 0.032397574025232856 0.056090688585558462 0.028033901992845823 -0.1222316202162765 -0.0069738831386520796 -0.061885453693897287 -0.00070944037698805003 0.023828681638733504
leaf_weight=4.7698109191842368 1.9793090256862322 871.54282614775002 26.73576820816379 61.680323646054603 29.502438213559799 8.845072652504312 66.922539358027279 4.077395972213707 9.8454598413663899 14.571242718375286 19.156260746531188 10.49082301638555 162.4807305772556 4.7678336021490386 13.464622148079796 40.204448522767052 3.3171462446334763 5.6413279780535959 7.4632696676999313 2.3370611271820962 2.0681241437559938 2.1079730354249469 45.231329865811858 4.565247024060227 227.41293911309913 3.5539291298482558 44.423929362732451 18.386790458403993 14.283331957645713 62.183343942626379
leaf_count=1154 474 2471 21928 329 9321 1443 249 410 1097 1848 680 4035 2070 7 216 2878 1465 496 109 11 544 81 359 12 939 38 762 846 103 418
internal_value=0.0287923 0.0457973 0.010141 0.0120831 0.00592189 -0.0250462 0.0111773 0.00519617 0.00710261 -0.0148989 -0.00495098 0.00650408 0.0112152 0.00220869 0.00548614 0.00197574 0.011761 -0.0303608 -0.0252736 0.0120566 0.0219018 0.0100167 0.0264908 0.017301 0.0233719 0.00711987 0.00314258 -0.0149982 -0.0351394 0.0109931
internal_weight=1794.01 938.423 855.59 828.854 536.207 77.7949 458.412 66.8799 391.49 61.6535 48.2925 39.4474 329.836 167.355 157.51 47.0822 62.8025 12.1859 20.2912 9.80033 50.6166 42.3124 48.5485 6.54456 292.647 65.2343 152.742 46.1347 32.6701 106.607
internal_count=56793 6231 50562 28634 27328 15599 11729 3760 11480 5961 6278 4835 5519 3449 2352 4113 3350 982 4155 120 2368 2959 1824 486 1306 367 2345 1165 949 1180
is_linear=0
shrinkage=0.05


Tree=77
num_leaves=31
num_cat=0
split_feature=11 0 18 0 6 2 2 4 11 11 0 13 2 4 21 4 3 4 4 11 3 24 15 0 3 0 4 8 11 17
split_gain=222.224 46.127 37.5977 21.6975 19.8331 24.0794 16.6935 12.297 12.1349 24.2717 9.95136 10.183 9.948 11.7365 9.3672 9.35667 14.8207 9.77022 15.8592 14.0323 13.2523 10.8584 14.4102 17.9773 10.2206 17.6814 12.0054 10.1467 9.44642 14.1907
threshold=1.0000000180025095e-35 5.1472082500000012 1.0000000180025095e-35 11.305251000000002 0.087121212121212113 0.71081871345029246 0.4624765478424015 0.53660873440285217 368.50000000000006 363.50000000000006 9.2392160000000025 1.0000000180025095e-35 0.31503759398496245 0.55583743598449498 1.0000000180025095e-35 0.66283945445235781 0.59205036793272103 0.63250915750915759 0.61607316463181083 368.50000000000006 0.50326847856259638 0.44317451000000002 1.0000000180025095e-35 5.2771565000000011 0.51641214832975624 8.1105680000000024 0.60546960170616093 0.28759398496240607 363.50000000000006 0.21921921921921925
decision_type=2 2 2 2 2 2 2 2 2 2 2 2 2 2 2 2 2 2 2 2 2 2 2 2 2 2 2 2 2 2
left_child=1 6 3 4 7 -6 12 -2 9 -5 11 15 13 -1 -14 17 -17 18 21 28 -21 22 23 -9 -23 -26 -27 -20 29 -19
right_child=2 -3 -4 8 5 -7 -8 10 -10 -11 -12 -13 14 -15 -16 16 -18 19 27 20 -22 24 -24 -25 25 26 -28 -29 -30 -31
leaf_value=0.0123459119525955 -0.061806566765208105 0.048754069393385356 -0.050063959177977208 0.011778068886574138 -0.051021356026961097 0.0051636271053768197 -0.095064311326834738 -0.053224617950091924 0.010629460447914024 0.049407277238478618 0.03129061255415852 -0.083874092525542468 0.025771856950098593 -0.088697418789832741 -0.08518379596649775 0.027391934373142048 -0.051556344349120653 -0.073438069475029719 -0.064931129117187222 -0.098685801001964224 -0.019891670936405058 -0.015992794361831691 -0.054103625079315626 0.021146962986447953 0.036655512006329126 -0.014576322836621037 -0.18544307311393488 0.0293054329831554 0.05203892448431488 0.011040161989702875
leaf_weight=6.9013715159380791 5.9397011369001111 831.67174442671239 25.433473026438151 83.508058661886025 31.996165114804171 47.202384112926666 3.9125737583381115 11.48660675936844 125.51307081530103 88.026717452332377 51.362044000066817 3.0021327595459288 47.429998397943564 4.9245032507460564 1.9816517962026399 89.033452717470936 6.3699050109134978 6.1710316269891363 2.9586353350896379 6.780951437540355 25.048496070550755 22.209199818142224 18.537961376598105 27.769172818865627 39.98351439461112 3.7089283550158134 1.4222165243700144 82.694804746133741 9.2485308051109296 25.566406340105459
leaf_count=678 1786 2471 21928 2270 11359 2439 410 1608 673 197 198 1042 1824 304 544 683 161 356 209 102 117 1758 972 501 675 76 25 757 14 656
internal_value=0.028266 0.0455803 0.00980193 0.0116689 0.00549594 -0.0175351 0.00506555 0.00964812 0.0224437 0.0310883 0.0106275 0.00784917 0.011463 -0.0297303 0.021322 0.00857574 0.0221207 0.00401899 0.00947387 -0.0117707 -0.036678 -0.00187409 -0.017772 -0.000614854 0.0117733 0.0254421 -0.061936 0.0260503 0.00757216 -0.0053858
internal_weight=1737.8 896.822 840.974 815.54 518.492 79.1985 65.1501 439.294 297.048 171.535 433.354 381.992 61.2375 11.8259 49.4117 378.99 95.4034 283.586 210.771 72.8154 31.8294 125.118 57.7937 39.2558 67.3239 45.1147 5.13114 85.6534 40.986 31.7374
internal_count=56793 6231 50562 28634 25494 13798 3760 11696 3140 2467 9910 9712 3350 982 2368 8670 844 7826 6581 1245 219 5615 3081 2109 2534 776 101 966 1026 1012
is_linear=0
shrinkage=0.05


Tree=78
num_leaves=31
num_cat=0
split_feature=11 0 18 1 1 7 20 0 1 4 24 8 21 0 10 0 8 1 24 17 1 8 7 8 24 24 24 24 4 0
split_gain=216.434 45.3724 35.3361 20.4288 15.6448 12.1001 13.8502 10.0084 9.29807 9.24052 9.10412 15.3351 9.05454 8.55904 8.35709 7.61611 7.10573 10.5657 8.21925 10.0074 6.98518 6.94907 6.90589 8.13084 13.4193 9.35763 7.74506 13.6513 9.88474 9.11825
threshold=1.0000000180025095e-35 5.1472082500000012 1.0000000180025095e-35 0.9457002457002458 0.38408851422550055 0.20112359550561798 1.0000000180025095e-35 3.9404113500000006 0.94185260311020969 0.49676358363858364 0.85911767500000014 0.96051948051948066 1.0000000180025095e-35 1.9102344500000001 1.0000000180025095e-35 5.056621100000001 0.31851119894598162 0.27812939521800289 0.22828398500000005 0.10818713450292396 0.96340919232485511 0.35948717948717951 0.19890109890109883 0.42947558770343586 0.7185807500000001 0.72055679500000014 0.44622616000000009 0.196732025 0.59094578792854668 5.620200500000001
decision_type=2 2 2 2 2 2 2 2 2 2 2 2 2 2 2 2 2 2 2 2 2 2 2 2 2 2 2 2 2 2
left_child=1 4 3 5 12 10 7 -7 -9 -3 11 22 13 14 21 -6 17 18 -15 -20 -5 -1 23 26 -25 -26 27 29 -28 -2
right_child=2 9 -4 20 15 6 -8 8 -10 -11 -12 -13 -14 16 -16 -17 -18 -19 19 -21 -22 -23 -24 24 25 -27 28 -29 -30 -31
leaf_value=-0.068866600276719106 -0.014249664422204558 -0.4213739898945642 -0.05006083797696044 0.035375418419218284 -0.077285216087073005 -0.039743493254200672 -0.045632498667788825 0.014199104543080624 -0.075363237348218926 0.048654006144934252 0.052637155078855871 -0.14536299408919165 -0.081847261476061528 0.032517582085829354 0.061859662578642928 -0.51572063642528487 0.040423741546154628 0.04379920193875151 -0.19337845663538389 -0.03319049934951853 0.0016503358421947095 0.0052239527914868938 -0.039691209907420422 -0.10008740821423112 0.065388185842345098 -0.056330164139073206 -0.033439913098846204 -0.024785189858046213 0.024706978745667935 0.049264573071008504
leaf_weight=6.6330780725111236 9.8244184820796381 0.1045793741941442 24.194538399926387 101.91728502651677 4.1555706615908994 8.9214917784556729 10.362857196421826 501.24047174269799 2.9147425289265803 793.57765972241759 6.7601737831719211 1.9670334383845318 2.4917185484664506 2.0688354072626662 2.8045125007629386 0.1014703232794999 29.739617892308161 5.8208324890583754 1.4927810244262216 2.8108625163440593 18.076907688635401 6.052534386399202 12.992692655941935 5.3167112632072513 3.3288349198410287 3.0039985711919144 8.6211805111961421 46.143962439033203 48.016993334691506 13.301569920557084
leaf_count=1137 378 1 21928 567 994 1344 5764 13611 29 2470 22 9 829 5 1 5 137 16 10 70 88 556 436 590 9 515 1451 2792 999 30
internal_value=0.0277275 0.0453224 0.00947417 0.0112686 0.00488243 0.00792458 0.0115965 0.0127523 0.0136813 0.0485921 -0.00414246 -0.00665915 0.0114631 0.015512 -0.0162486 -0.0877357 0.0272445 -0.00489976 -0.049383 -0.088754 0.0302948 -0.0335167 -0.0048469 -0.00155576 -0.0415197 0.00765072 0.00214186 -0.00907154 0.0158561 0.0222824
internal_weight=1684.76 857.854 826.906 802.711 64.1718 682.717 523.44 513.077 504.155 793.682 159.278 152.517 59.9148 57.4231 15.4901 4.25704 41.9329 12.1933 6.37248 4.30364 119.994 12.6856 150.55 137.558 11.6495 6.33283 125.908 69.27 56.6382 23.126
internal_count=56793 6231 50562 28634 3760 27979 20748 14984 13640 2471 7231 7209 2761 1932 1694 999 238 101 85 80 655 1693 7200 6764 1114 524 5650 3200 2450 408
is_linear=0
shrinkage=0.05


Tree=79
num_leaves=31
num_cat=0
split_feature=11 0 18 1 7 20 7 1 0 21 24 8 1 0 10 8 11 11 20 4 24 4 1 0 1 1 24 4 1 3
split_gain=212.35 43.9182 33.1526 19.181 14.8147 11.2097 12.5945 10.271 9.19456 8.5112 8.44276 13.4307 8.15586 7.52271 7.6929 7.01429 6.97726 9.93125 6.99228 6.61455 6.60373 12.9474 31.032 14.2617 20.9604 16.4956 9.10394 11.6163 13.0038 11.7667
threshold=1.0000000180025095e-35 5.1472082500000012 1.0000000180025095e-35 0.9457002457002458 0.3504385964912281 1.0000000180025095e-35 0.20112359550561798 0.58898944193061853 3.9404113500000006 1.0000000180025095e-35 0.85911767500000014 0.96051948051948066 0.94185260311020969 1.9102344500000001 1.0000000180025095e-35 0.35948717948717951 368.50000000000006 360.50000000000006 1.0000000180025095e-35 0.49676358363858364 0.47682032000000002 0.77206694790028141 0.3504385964912281 8.3934425000000008 0.30860805860805868 0.23845060412224592 0.79428150000000008 0.93801587822890209 0.23294573643410846 0.82204762335609483
decision_type=2 2 2 2 2 2 2 2 2 2 2 2 2 2 2 2 2 2 2 2 2 2 2 2 2 2 2 2 2 2
left_child=1 4 3 5 9 6 10 -6 -8 13 11 -2 20 14 15 -1 17 18 -5 -3 -10 22 23 24 25 -22 -23 28 -28 -29
right_child=2 19 -4 16 7 -7 8 -9 12 -11 -12 -13 -14 -15 -16 -17 -18 -19 -20 -21 21 26 -24 -25 -26 -27 27 29 -30 -31
leaf_value=-0.068467409990583511 -0.0046327298780683979 -0.29367505857345322 -0.050057869377964109 0.02280573352109232 -0.074768513880071052 -0.044955796541945411 -0.038809804608048892 -0.67357371744178873 0.020299358690022525 -0.08131086890945588 0.05158026239291337 -0.13447473706821544 -0.068570691951710713 0.026398829114496414 0.061148256629570734 0.0077519581867400407 0.013290546592677324 0.050444879490937414 -0.053889697440451294 0.048491307956703276 -0.08059461916779026 0.025569496811701866 -0.059607661670209582 0.030463959055777423 -0.11670353239471146 0.015570312359783423 -0.2461312741061768 0.02756052165400193 -0.01924548223921449 -0.029694441020625975
leaf_weight=6.3470153296366316 149.5151851066621 0.1412690281867971 23.015887137386017 18.458077218150724 4.2115333175752303 10.002133442030752 8.6854076529853028 0.07285003428114567 210.75357514293864 2.3746189664816475 6.5589046111563212 2.0185154303908339 3.0399078093469134 40.904338776657823 2.6979815959930411 5.7559135355404578 42.403864823281765 52.776114404201508 3.5420870805392033 757.34396964125335 5.2945874386350615 109.98483243654482 21.255545570980757 37.856970522494521 4.3120651507051653 28.269308797607664 0.64868017984554427 44.576506997691467 23.888208697491791 11.23546377616003
leaf_count=1166 7200 1 21928 226 1168 5764 1344 13 2582 797 22 9 29 239 1 376 82 127 220 2470 578 2517 5072 354 190 784 44 153 1279 58
internal_value=0.0271232 0.045107 0.00910076 0.0108133 0.00477545 0.00758444 0.00837126 -0.0849504 0.0121948 0.0113943 -0.00395839 -0.0063623 0.0130788 0.0153461 -0.0151996 -0.032219 0.0294924 0.0386801 0.0104576 0.0484275 0.0135771 0.00864629 -0.00622246 0.00876087 -0.0129313 0.00040063 0.016223 0.00342905 -0.0252436 0.0160346
internal_weight=1637.94 819.849 818.092 795.076 62.3643 677.896 667.894 4.28438 509.801 58.0799 158.093 151.534 501.116 55.7052 14.8009 12.1029 117.18 74.7763 22.0002 757.485 498.076 287.322 96.9885 75.7329 37.876 33.5639 190.334 80.3489 24.5369 55.812
internal_count=56793 6231 50562 28634 3760 27979 22215 1181 14984 2579 7231 7209 13640 1782 1543 1542 655 573 446 2471 13611 11029 6978 1906 1552 1362 4051 1534 1323 211
is_linear=0
shrinkage=0.05


Tree=80
num_leaves=31
num_cat=0
split_feature=11 18 0 11 11 11 9 7 11 1 22 2 4 8 2 3 2 0 21 8 4 24 7 17 24 24 0 17 0 3
split_gain=191.963 32.8914 30.7726 17.3091 72.2368 41.0113 16.1608 11.0385 9.85043 9.77498 9.63733 9.5763 10.3121 9.32583 23.1228 12.2943 12.8337 8.52643 8.26451 8.25574 14.1335 20.0977 19.3742 10.223 17.1255 9.82143 30.8919 8.45461 11.947 9.7548
threshold=1.0000000180025095e-35 1.0000000180025095e-35 5.0088807000000006 368.50000000000006 363.50000000000006 2.5000000000000004 1.0000000180025095e-35 0.96249413970932973 360.50000000000006 0.3504385964912281 1.0000000180025095e-35 0.31662489557226398 0.55583743598449498 0.27334993773349942 0.3393028461784458 0.46559906149783059 0.96051948051948066 1.8435687000000003 1.0000000180025095e-35 0.35948717948717951 0.79078571335952608 0.53433475000000008 0.19890109890109883 0.17267080745341609 0.23717984500000003 0.33425173000000002 7.5104160500000008 0.30368906455862982 6.9580013500000009 0.54160618363404756
decision_type=2 2 2 2 2 2 2 2 2 2 2 2 2 2 2 2 2 2 2 2 2 2 2 2 2 2 2 2 2 2
left_child=2 3 9 4 5 7 -5 18 -7 11 -10 12 -1 -8 -15 16 -16 -13 -2 25 21 23 -23 24 -21 -17 -27 -25 -29 -30
right_child=1 -3 -4 6 -6 8 13 -9 10 -11 -12 17 -14 14 15 19 -18 -19 -20 20 -22 22 -24 27 -26 26 -28 28 29 -31
leaf_value=0.017933277724925673 0.015275720791640583 -0.050054416655802597 0.047968117771530122 -0.053164269920126676 0.045985510683091188 -0.050156467889428763 0.035427846110622267 -0.085313328005709926 -0.059531955673301717 -0.050763706071849657 0.041373488879194051 -0.016585112099592302 -0.081261719511273561 -0.06847374358319816 -0.019552078100714847 0.039588545426645701 -0.18103856531954385 0.038587409441440207 -0.054753131006681756 -0.009128903465090021 0.0155516581007625 -0.50223974581176745 -0.070334807785162198 0.032234322213582141 -0.12443780703240047 -0.067918342907050497 0.034353415669006099 -0.06113510092232867 0.017889225382896692 -0.029506824921602771
leaf_weight=6.0409721212345158 208.7948721909197 21.76076585764531 724.43162966426462 11.749174329917876 157.93197133019567 38.011215800128412 25.746760465204716 2.8431167192757121 3.6980807706713659 5.8116198110801625 6.5706420615315437 8.7254386682470777 4.6266668278258294 10.599473708542062 21.818389224703427 42.134888314991258 1.3038518130779255 35.466161295946222 4.2998750166734672 12.992060291580858 129.93128097592853 0.26852877438068201 7.8521025630179793 20.700213568750769 4.2810346052283412 10.525698663666843 24.735192853026092 8.1405072631314379 36.983101915568113 15.366958742961286
leaf_count=673 1994 21845 2485 1816 354 20868 324 23 47 1651 11 909 313 454 339 108 7 185 541 55 675 3 754 24 55 126 28 63 56 58
internal_value=0.0273847 0.010605 0.0451034 0.0122401 0.0192332 0.00324237 0.00457491 0.0125569 -0.0384179 0.0108978 0.00503436 0.01743 -0.0250886 0.00639179 0.0042413 0.00652813 -0.0286582 0.0276938 0.0138627 0.00911991 0.00448145 -0.00901362 -0.0846168 -0.00277838 -0.0377075 0.0232947 0.00382436 0.00465269 -0.0047859 0.00397648
internal_weight=1614.14 829.04 785.102 807.279 422.15 264.218 385.129 215.938 48.2799 60.6709 10.2687 54.8592 10.6676 373.38 347.633 337.034 23.1222 44.1916 213.095 313.912 236.516 106.585 8.12063 98.4639 17.2731 77.3958 35.2609 81.1908 60.4906 52.3501
internal_count=56844 50628 6216 28783 23838 23484 4945 2558 20926 3731 58 2080 986 3129 2805 2351 346 1094 2535 2005 1743 1068 757 311 110 262 154 201 177 114
is_linear=0
shrinkage=0.05


Tree=81
num_leaves=31
num_cat=0
split_feature=11 18 0 11 11 11 9 7 11 1 8 22 8 2 8 7 1 24 0 24 2 0 7 1 21 1 2 0 24 24
split_gain=186.637 30.9207 30.2488 16.2348 68.9814 38.3366 15.2281 9.93216 9.51331 9.06443 9.36919 8.96691 8.4121 21.7605 8.45969 16.9677 15.0476 9.95993 27.3534 8.36946 9.13714 8.33663 8.08646 8.01549 7.44941 7.19578 6.9939 6.89699 6.81217 11.8246
threshold=1.0000000180025095e-35 1.0000000180025095e-35 5.0088807000000006 368.50000000000006 363.50000000000006 2.5000000000000004 1.0000000180025095e-35 0.96249413970932973 360.50000000000006 0.3504385964912281 0.29217479674796748 1.0000000180025095e-35 0.27334993773349942 0.3393028461784458 0.35948717948717951 0.20550527903469082 0.27072835547411828 0.33425173000000002 7.5104160500000008 0.72619235000000015 0.38924963924963929 5.2771565000000011 0.15831244778613204 0.21114551083591329 1.0000000180025095e-35 0.27812939521800289 0.36700680272108849 1.9102344500000001 0.7185807500000001 0.31645456500000008
decision_type=2 2 2 2 2 2 2 2 2 2 2 2 2 2 2 2 2 2 2 2 2 2 2 2 2 2 2 2 2 2
left_child=2 3 9 4 5 7 -5 22 -7 10 25 -10 23 -14 17 16 19 -15 -19 20 -16 -17 -2 -8 -24 -1 -23 -12 29 -22
right_child=1 -3 -4 6 -6 8 12 -9 11 -11 27 -13 13 14 15 21 -18 18 -20 -21 28 26 24 -25 -26 -27 -28 -29 -30 -31
leaf_value=-0.057480383376833269 -0.062480738445341959 -0.050051760524139413 0.047780879457124337 -0.053021556078574707 0.045527776372512603 -0.050148858546972097 -0.053640654295788931 -0.080498693002925822 -0.059086930346669599 -0.049668322149128662 -0.0056100373923965788 0.039810761653797433 -0.068077274374920796 0.037244894205812909 -0.091145550209424955 -0.052273268991430977 -0.13400646641360286 -0.066550487439613393 0.029647903097081832 -0.10521302681803757 0.0038785903414742654 -0.066321179539446648 0.015825797373176093 0.042679403207044622 -0.054849054583228231 0.031369502075704589 0.010004706067167888 0.039070368092810663 0.064445842155515451 -0.08296397125530891
leaf_weight=6.5572013003402372 3.4650696472963309 20.700551262649242 691.7337355306372 11.205484096019061 151.70215480215847 36.162735013058409 2.3806280961725887 2.8620483241975299 3.5435474812984449 5.647037019225535 11.855142761487512 6.4892505928874016 10.139778282959012 41.958913709968328 3.31956957373768 5.7182961879298082 3.120165158994495 10.48155309492722 25.049307684414089 2.6321147817652664 21.225869137328125 3.0451129800640038 204.18886296730489 23.297050396562554 3.797833015327341 3.4925321946502663 208.80176049983129 31.818083764926996 3.2662387195741749 4.8076100740581742
leaf_count=809 337 21845 2485 1816 354 20868 176 23 47 1651 988 11 454 129 51 54 25 143 33 52 49 27 1728 148 470 111 1638 172 8 142
internal_value=0.02687 0.0102744 0.0448413 0.0118498 0.0187243 0.00311581 0.00440143 0.0120209 -0.0381975 0.0105913 0.0169254 0.00488046 0.00614405 0.00408087 0.00627526 0.00189295 -0.0287623 0.0207493 0.00126952 -0.019447 -0.0125263 0.00729956 0.0132732 0.0337494 0.0145353 -0.0266028 0.00890759 0.0269418 -0.00361903 -0.0121587
internal_weight=1564.47 813.362 751.104 792.661 412.212 260.509 380.449 214.314 46.1955 59.37 53.723 10.0328 369.244 343.566 333.427 255.937 38.3716 77.4898 35.5309 35.2514 32.6193 217.565 211.452 25.6777 207.987 10.0497 211.847 43.6732 29.2997 26.0335
internal_count=56844 50628 6216 28783 23838 23484 4945 2558 20926 3731 2080 58 3129 2805 2351 2046 327 305 176 302 250 1719 2535 324 2198 920 1665 1160 199 191
is_linear=0
shrinkage=0.05


Tree=82
num_leaves=31
num_cat=0
split_feature=11 0 18 11 11 11 9 11 7 24 8 22 8 2 3 2 7 1 3 8 4 24 1 17 24 1 2 17 0 1
split_gain=181.367 29.7325 29.0702 15.2515 65.8002 35.8527 14.3489 9.18962 8.92016 8.57867 9.46168 8.34562 7.68027 20.4733 10.7808 10.4297 7.54605 7.36147 7.28762 7.10449 12.1651 18.6557 9.92605 9.20491 15.822 9.0059 11.7153 7.66299 9.6184 13.4991
threshold=1.0000000180025095e-35 5.0088807000000006 1.0000000180025095e-35 368.50000000000006 363.50000000000006 2.5000000000000004 1.0000000180025095e-35 360.50000000000006 0.96249413970932973 0.50855660000000003 0.27072835547411828 1.0000000180025095e-35 0.27334993773349942 0.3393028461784458 0.46559906149783059 0.96051948051948066 0.15831244778613204 0.21114551083591329 0.43463101938711701 0.35948717948717951 0.79078571335952608 0.53433475000000008 0.32392686804451509 0.17267080745341609 0.23717984500000003 0.24440019910403188 0.35926246038605592 0.29893617021276603 9.2392160000000025 0.25677655677655681
decision_type=2 2 2 2 2 2 2 2 2 2 2 2 2 2 2 2 2 2 2 2 2 2 2 2 2 2 2 2 2 2
left_child=1 9 3 4 5 8 -5 -7 16 10 -1 -9 17 -14 15 -15 -2 -8 -12 25 21 23 -23 24 -21 -16 -27 -25 29 -29
right_child=2 -3 -4 6 -6 7 12 11 -10 -11 18 -13 13 14 19 -17 -18 -19 -20 20 -22 22 -24 27 -26 26 -28 28 -30 -31
leaf_value=-0.056489096540609296 -0.062122487173295299 0.047588258010028896 -0.050049235975969775 -0.052884718811767463 0.045058331408558583 -0.050141618396980669 -0.053468587459762629 -0.058663192069391128 -0.075738623756962151 -0.040159565549582173 -0.098647767838880962 0.038296009143224098 -0.067680226923089032 -0.018601215719711912 0.037283094646344099 -0.16220169778481994 0.013923291688229568 0.040857560405464788 0.027067800503632913 -0.0085864710715168584 0.014565139184347457 -0.20588646828160662 -0.056859154801202121 0.034213945665389427 -0.12128571250321583 -0.071342658338552689 0.014436482711001508 0.0063082342143611289 0.030082872736499358 -0.048822819252566603
leaf_weight=3.9718673765601116 3.3146075156400903 660.59443627065048 19.691941719909664 10.685870705347041 145.76937827467918 34.403899437224027 2.2716270631644901 3.3944583907723409 2.8891477324068537 7.3599307455879162 1.1826720314566035 6.4106702134013176 9.700421240879221 21.699623217340562 41.853972036275081 1.3426893055438984 206.29833971644985 23.123593285912648 45.614101174724055 12.889181128237398 127.63095658761449 1.3459230260923494 6.5789770460687578 17.252506721648388 4.1064998090732834 4.6396741876378647 28.013252604752779 29.003852534573525 16.003609084757045 17.99043655814603
leaf_count=499 337 2485 21845 1816 354 20868 176 47 23 2391 158 11 454 339 118 7 2198 148 683 55 675 11 746 20 55 55 89 72 31 78
internal_value=0.0263512 0.0445716 0.00994727 0.0114646 0.0182296 0.0029953 0.00422583 -0.0379717 0.0115181 0.0102887 0.0176022 0.0047295 0.00589577 0.00391493 0.00601725 -0.0269689 0.0127208 0.03242 0.0238907 0.00849058 0.00418973 -0.00840141 -0.0821692 -0.00238984 -0.0358169 0.0219289 0.00224807 0.00468945 -0.00339608 -0.0147971
internal_weight=1517.03 718.723 798.305 778.613 402.481 256.711 376.133 44.209 212.502 58.1286 50.7686 9.80513 365.447 340.052 330.351 23.0423 209.613 25.3952 46.7968 307.309 232.802 105.171 7.9249 97.2461 16.9957 74.5069 32.6529 80.2504 62.9979 46.9943
internal_count=56844 6216 50628 28783 23838 23484 4945 20926 2558 3731 1340 58 3129 2805 2351 346 2535 324 841 2005 1743 1068 757 311 110 262 144 201 181 150
is_linear=0
shrinkage=0.05


Tree=83
num_leaves=31
num_cat=0
split_feature=12 0 18 13 1 8 4 1 2 4 20 9 7 8 2 3 4 2 8 7 24 3 1 2 0 17 17 4 24 3
split_gain=176.118 29.3878 27.3301 14.616 11.0871 9.18494 8.79458 8.12228 8.48357 9.90947 7.56495 8.09055 11.5133 8.31158 18.3245 9.13565 8.16825 21.3264 7.80967 10.8928 15.1548 9.86869 8.18993 11.0809 7.47514 7.3384 19.7877 8.72262 11.2324 11.5801
threshold=1.0000000180025095e-35 5.0088807000000006 1.0000000180025095e-35 1.0000000180025095e-35 0.9457002457002458 0.97530487804878063 0.53660873440285217 0.3504385964912281 0.31662489557226398 0.60708168642951266 1.0000000180025095e-35 1.0000000180025095e-35 0.96249413970932973 0.27334993773349942 0.3393028461784458 0.46559906149783059 0.95088225118210146 0.94413233458177293 0.35948717948717951 0.20550527903469082 0.31645456500000008 0.51136422908750745 0.24440019910403188 0.36700680272108849 1.8435687000000003 0.17267080745341609 0.088932806324110672 0.93642247510668575 0.22828398500000005 0.79022435897435905
decision_type=2 2 2 2 2 2 2 2 2 2 2 2 2 2 2 2 2 2 2 2 2 2 2 2 2 2 2 2 2 2
left_child=2 7 3 4 6 -6 -1 8 9 -2 11 12 -8 -13 -15 16 17 -16 22 20 -20 -22 -17 -24 -10 26 27 28 -21 -30
right_child=1 -3 -4 -5 5 -7 10 -9 24 -11 -12 13 -14 14 15 18 -18 -19 19 25 21 -23 23 -25 -26 -27 -28 -29 29 -31
leaf_value=-0.059066024925687667 -0.004148120305340979 0.047389808765250938 -0.05004683504770252 -0.049158430785392837 0.030040047548964333 -0.054449100554050306 0.016686041892777222 -0.048434521365466256 -0.015639453380531309 -0.14228386743419591 -0.040478408492835551 0.032879881773278628 -0.15813474181301004 -0.06788950041770235 -0.023110980082894233 0.036095568255449406 0.027451727297847058 -0.20238035480892971 -0.0058207687013390515 0.014617456738842311 -0.030254577059882843 -0.15047548333800481 -0.050554563240450191 0.018679542605581159 0.036870782375046783 0.012130362254094029 -0.13024538921757944 0.031357577557097699 -0.11684035543022245 0.019502914088333444
leaf_weight=4.6447169628809197 8.7069560720992722 630.9427202930674 18.732430570584256 9.9386072137858701 97.979365305858664 3.3259202293120316 320.10599840327632 5.3953771464293814 8.5300988370727264 1.525829022983088 7.3438956678728564 24.597393625066616 0.94457101286388834 8.9335467842174676 15.691690513514919 41.176714981440455 5.5661966800689688 1.8551327586174 21.319792600348595 7.9410163657739812 3.3561629671603432 3.4739627689123154 7.5525081087835124 24.615421716589481 32.987658857251517 133.16563147248235 3.3252882295055306 11.743779025971888 4.7418138411594555 2.3189520391169935
leaf_count=1634 940 2485 21845 3428 573 27 15390 1651 909 46 4953 214 13 367 316 104 7 11 62 20 27 20 67 70 185 1147 123 13 135 62
internal_value=0.0258175 0.04428 0.00962163 0.0110815 0.0118737 0.0272662 0.00949088 0.00994531 0.0160318 -0.0247458 0.00998094 0.0105578 0.0161717 0.00494951 0.00263459 0.00482339 -0.025323 -0.0420642 0.00745539 0.00213905 -0.0265856 -0.0914018 0.0213279 0.0024245 0.0260822 0.00709259 -0.0152167 -0.000915104 -0.026179 -0.0720614
internal_weight=1472.48 688.089 784.391 765.658 755.719 101.305 654.414 57.1459 51.7505 10.2328 649.769 642.426 321.051 321.375 296.778 287.844 23.113 17.5468 264.731 191.386 28.1499 6.83013 73.3446 32.1679 41.5178 163.236 30.0708 26.7456 15.0018 7.06077
internal_count=56844 6216 50628 28783 25355 600 24755 3731 2080 986 23121 18168 15403 2765 2551 2184 334 327 1850 1609 109 47 241 137 1094 1500 353 230 217 197
is_linear=0
shrinkage=0.05


Tree=84
num_leaves=31
num_cat=0
split_feature=11 0 1 6 18 0 11 11 11 9 7 23 11 21 22 10 0 5 0 20 7 2 2 4 7 24 2 0 0 7
split_gain=172.144 29.0917 81.4925 26.3926 25.6404 15.6937 13.6357 63.7357 32.7298 13.4605 11.8279 19.4185 8.61968 8.01181 7.67212 6.98841 6.86429 20.7514 12.0223 6.64475 6.83115 6.48437 6.24032 12.7227 6.05799 13.8925 10.9035 20.9351 13.1231 10.7482
threshold=1.0000000180025095e-35 6.765063500000001 0.58499061913696071 1.0000000180025095e-35 1.0000000180025095e-35 1.9102344500000001 368.50000000000006 363.50000000000006 2.5000000000000004 1.0000000180025095e-35 0.34002408671216383 1.0000000180025095e-35 360.50000000000006 1.0000000180025095e-35 1.0000000180025095e-35 1.0000000180025095e-35 15.925614500000002 0.84523809523809534 15.589676000000003 1.0000000180025095e-35 0.15831244778613204 0.31662489557226398 0.32605600379686767 0.55478841589658134 0.21114551083591329 0.26996131000000007 0.4182575494619924 8.9970155000000016 4.2933065000000008 0.22969662709628799
decision_type=2 2 2 2 2 2 2 2 2 2 2 2 2 2 2 2 2 2 2 2 2 2 2 2 2 2 2 2 2 2
left_child=1 2 3 5 6 15 7 8 13 -8 11 -5 -10 19 -14 -1 17 18 22 20 -2 -7 23 -11 25 -22 27 28 -26 -30
right_child=4 -3 -4 10 -6 21 9 -9 12 16 -12 -13 14 -15 -16 -17 -18 -19 -20 -21 24 -23 -24 -25 26 -27 -28 -29 29 -31
leaf_value=-0.032778162599755099 -0.062978266078322478 0.048418513786955115 -0.59597061572366838 -0.052507410378380727 -0.050044550050870606 -0.00082858468580478291 -0.05280015650103486 0.044470579351632553 -0.05013698663688846 0.032222032722348339 -0.070220745296367446 -0.65445860874588779 -0.058403774267063502 -0.054835303647912663 0.036131077279103571 0.059518327876597388 0.023161780369451795 -0.13902441374891583 -0.11547165452066997 -0.053659277909383532 -0.060335148822192576 0.042079244179103373 0.0061550367933210816 -0.069134116085422068 0.018035649280937233 0.032073817434225042 0.014968369304952109 0.046439918752587156 -0.016916048353095549 -0.11205989346985042
leaf_weight=13.105515337229006 2.9161343392916015 559.47555085923523 0.53571504272986104 0.29920592540292945 17.819632329919841 10.088683135458266 10.234890400373841 137.9472088329494 32.729648253065534 5.102756232256068 3.3439187245676294 0.24261690222192556 3.2584987897425872 4.6191686486708923 6.287381500005722 2.4314162731170645 47.010894536972046 2.5628860071301451 2.0970196202397338 3.8102876970078787 4.3440589086385435 69.2067178376019 293.71054394013481 7.8733146958984435 4.9251792565919521 63.812348204082809 104.33156216563657 7.8876017518341532 4.6306952619925132 8.2687769131734949
leaf_count=3075 266 2266 30 30 21845 124 1816 354 20868 256 232 14 47 547 11 1 76 11 11 420 80 444 2429 346 170 322 663 10 22 58
internal_value=0.0251939 0.0439928 0.0190458 0.0223833 0.00923972 0.0276166 0.0106328 0.0171526 0.00218793 0.0037383 -0.105335 -0.322049 -0.037944 0.0102845 0.00386148 -0.0183344 0.00535307 0.00266409 0.0038401 0.0117523 0.0129916 0.0366201 0.00465591 -0.0292765 0.0141094 0.026184 0.007781 -0.0213829 -0.0513953 -0.0779048
internal_weight=1434.91 658.729 99.2538 98.7181 776.18 94.8323 758.361 389.769 251.821 368.592 3.88574 0.541823 42.2755 209.546 9.54588 15.5369 358.357 311.347 308.784 204.927 201.116 79.2954 306.687 12.9761 198.2 68.1564 130.044 25.7123 17.8247 12.8995
internal_count=56844 6216 3950 3920 50628 3644 28783 23838 23484 4945 276 44 20926 2558 58 3076 3129 3053 3042 2011 1591 568 3031 602 1325 402 923 260 250 80
is_linear=0
shrinkage=0.05


Tree=85
num_leaves=31
num_cat=0
split_feature=11 0 18 0 6 4 1 4 0 0 3 3 7 4 1 8 1 8 21 7 3 1 7 4 1 0 1 8 1 2
split_gain=164.114 33.5042 24.449 17.6875 27.4841 16.8231 14.1954 15.9579 12.4693 10.804 11.0154 10.4024 11.6978 19.1593 11.1713 10.3522 9.87826 11.9927 9.72349 9.50622 14.4118 11.8605 9.4411 8.29271 8.142 7.91931 10.6617 8.78147 10.1513 8.00663
threshold=1.0000000180025095e-35 5.0479770000000004 1.0000000180025095e-35 11.305251000000002 0.15476190476190474 0.59289321789321803 0.87695265561163194 0.94190815720227483 6.9580013500000009 7.8213599000000009 0.45239633321028677 0.46960978835978839 0.19112850619699934 0.6810370622034666 0.20806277056277053 0.40602355072463775 0.38165266106442575 0.29818990155604957 1.0000000180025095e-35 0.21654184304786719 0.49538166214995488 0.23606811145510834 0.7206557377049182 0.67774007774007783 0.40238095238095245 5.2771565000000011 0.29217479674796748 0.38034960819770952 0.29300813008130083 0.43869027731373206
decision_type=2 2 2 2 2 2 2 2 2 2 2 2 2 2 2 2 2 2 2 2 2 2 2 2 2 2 2 2 2 2
left_child=1 16 3 4 5 8 7 22 -2 10 -7 -12 13 23 -14 -10 17 -1 -19 20 -16 -21 -6 -13 25 26 29 28 -27 -23
right_child=2 -3 -4 -5 6 9 -8 -9 15 -11 11 12 14 -15 19 -17 -18 18 -20 21 -22 24 -24 -25 -26 27 -28 -29 -30 -31
leaf_value=-0.039513287744864733 -0.048781966684142655 0.04733354246307947 -0.05004285433317103 0.020626434293678594 -0.049878224287086818 -0.042120008250625937 0.012079898422992702 -0.27266686847565824 0.0098262940775842994 0.023876833113032084 0.04370527260136392 -0.032220978535442139 -0.048641496190211055 0.043968668072058542 -0.073550992592794157 -0.09638235591904902 -0.071035212999809139 0.028491083237401155 -0.092585812640732401 -0.070704441436081025 0.040858456753322787 -0.081152409359435573 0.045947593300447336 -0.1296482218861548 -0.06773688132687021 0.011831814749724539 0.012199757205780202 0.030885133167550052 -0.064665220330463 0.018595727138215414
leaf_weight=9.1675447611778491 20.011301098274998 570.0786291314289 17.040081473125611 274.23385655757738 32.224888533353806 11.2757709515281 14.083232642849906 0.76780079328454931 29.455599893844923 134.16868054313818 19.214004094596021 25.629161765944449 7.5458390627172767 8.8221373257692886 2.9480304631870231 2.4881160713848649 3.8152291682490604 40.670604931481648 1.728691598313161 4.8194693747791453 41.511844017426483 7.1075288328574988 2.7931767245172514 2.3875850480981162 3.3183101345784953 20.463959377084397 17.177015511028003 55.135361234017182 5.5030906772590233 2.806021629483439
leaf_count=1000 4992 2461 21925 3146 12761 926 56 20 893 1138 338 1122 263 74 182 46 1048 1206 434 241 309 319 122 28 520 291 383 313 220 21
internal_value=0.0247408 0.0437266 0.00917597 0.0105288 0.00465783 0.008808 -0.0304439 -0.0471788 -0.0178339 0.0125507 0.00610253 0.00852576 0.00523131 -0.0202896 0.0108163 0.00155364 0.00659856 0.0123424 0.0235546 0.0136067 0.0332722 0.00609076 -0.0422348 -0.0405237 0.00940981 0.0117759 -0.0116298 0.0195941 -0.00437989 -0.0529188
internal_weight=1388.39 625.461 762.932 745.892 471.658 421.789 49.8691 35.7859 51.955 369.834 235.665 224.389 205.175 36.8389 168.336 31.9437 55.3821 51.5668 42.3993 160.791 44.4599 116.331 35.0181 28.0167 111.511 108.193 27.0906 81.1024 25.9671 9.91355
internal_count=56798 6149 50649 28724 25578 12619 12959 12903 5931 6688 5550 4624 4286 1224 3062 939 3688 2640 1640 2799 491 2308 12883 1150 2067 1547 723 824 511 340
is_linear=0
shrinkage=0.05


Tree=86
num_leaves=31
num_cat=0
split_feature=11 0 18 24 7 13 17 11 11 5 11 24 4 4 3 24 3 1 11 0 24 17 0 24 4 4 24 0 7 0
split_gain=159.331 32.9418 22.9847 20.1383 16.2186 17.1597 15.9058 11.549 44.6115 37.151 37.9078 11.3154 10.7994 11.0513 10.7466 10.6366 9.46257 9.32464 8.34039 8.33429 8.00875 9.90074 9.11431 31.8519 11.5894 7.68422 20.3123 7.70831 7.54192 6.54168
threshold=1.0000000180025095e-35 5.0479770000000004 1.0000000180025095e-35 0.30154575000000006 0.9457002457002458 1.0000000180025095e-35 0.17267080745341609 363.50000000000006 365.50000000000006 0.64583333333333337 2.5000000000000004 0.29213206000000008 0.59882385812192451 0.58572501072501082 0.57118431590096697 0.11864144500000001 0.93493761140819964 0.18286311389759663 365.50000000000006 5.7465161500000006 0.3872459350000001 0.21921921921921925 16.682233000000004 0.81381737500000007 0.93461748978990367 0.63173197213797894 0.30653053500000005 7.6918828500000016 0.11970149253731341 1.8435687000000003
decision_type=2 2 2 2 2 2 2 2 2 2 2 2 2 2 2 2 2 2 2 2 2 2 2 2 2 2 2 2 2 2
left_child=1 3 4 -1 5 7 28 9 -9 10 11 19 13 14 15 -10 -11 -13 -6 -2 25 22 23 24 -22 26 -19 -28 -5 -8
right_child=2 -3 -4 6 18 -7 29 8 12 16 -12 17 -14 -15 -16 -17 -18 20 -20 -21 21 -23 -24 -25 -26 -27 27 -29 -30 -31
leaf_value=0.033034679590759446 -0.083097616023758092 0.047131934047599217 -0.050040764838269816 0.015412344045843809 0.037838145715057309 -0.060676241890072972 -0.05618486641765548 0.049517863688415813 0.049066969901849077 -0.37549964892724508 -0.051999663399276808 -0.054188649851598394 0.0082026011245040081 -0.077895239200405544 0.034695230906988651 -0.050385042584152107 -0.13576952178328991 0.057338861711807056 0.011538774489818908 0.0078512427279877513 -0.068106056496617356 0.014836380799108335 0.053114684594464327 -0.33640363609624468 0.029590400985450266 0.055591816529208672 -0.072490907627306547 -0.30422370270748877 -0.10059532090436903 0.023308782015907754
leaf_weight=30.802649286924861 5.5514173986157385 544.53735589981079 16.209686886577401 1.7180149251944401 71.081946500926279 9.275049637333721 3.3815534555760669 68.336564909666777 3.3403690606355729 0.70253261877223738 29.7674189156387 5.0521120548946774 303.22333348798566 6.9277202750090501 9.7925731414579769 13.777841332601382 0.99407204310409725 5.3813618118874746 52.347319461405277 4.6112338677048683 6.7556345902848989 105.87972809834173 2.887067735195159 0.8752831000019804 5.512670561671257 20.047680826624855 2.6604090606560935 0.41481266543269146 7.5934737113129813 11.028227861155754
leaf_count=270 310 2461 21925 7 615 3351 2778 151 40 29 17308 249 3479 175 32 929 24 19 99 8 565 1100 3 14 6 51 163 4 132 501
internal_value=0.0241873 0.0434218 0.0088526 0.00636838 0.0101511 0.00681535 -0.0282585 0.00785435 0.0126812 -0.00207387 -5.10753e-05 0.00928528 0.00521282 -0.0215783 -0.00708042 -0.0309784 -0.235037 0.0126266 0.0266844 -0.0418302 0.0148708 0.009292 -0.0273277 -0.0449973 -0.0242069 0.0387309 -0.00124047 -0.103749 -0.0791913 0.00465395
internal_weight=1350.47 599.061 751.406 54.5239 735.196 611.767 23.7213 602.492 405.398 197.093 195.397 165.629 337.062 33.8385 26.9108 17.1182 1.6966 155.467 123.429 10.1627 150.415 121.91 16.0307 13.1436 12.2683 28.5043 8.45658 3.07522 9.31149 14.4098
internal_count=56798 6149 50649 3688 28724 28010 3418 24659 4806 19853 19800 2492 4655 1176 1001 969 53 2174 714 318 1925 1688 588 585 571 237 186 167 139 3279
is_linear=0
shrinkage=0.05


Tree=87
num_leaves=31
num_cat=0
split_feature=11 0 6 18 18 0 6 8 0 1 4 2 0 0 0 0 7 8 0 10 7 1 2 4 0 15 0 0 4 1
split_gain=154.528 32.6076 64.4617 54.9583 21.6241 15.3153 24.629 15.2875 25.7709 17.575 14.4758 13.1183 11.4264 9.81551 10.8199 15.1475 13.315 9.17291 9.16719 8.54461 8.46533 8.37561 17.5992 16.9843 11.6379 12.5283 10.5262 7.63034 6.81136 40.611
threshold=1.0000000180025095e-35 6.765063500000001 0.19090909090909094 1.5050000000000001 1.0000000180025095e-35 11.305251000000002 0.15476190476190474 0.29568913175470551 6.0393687000000007 0.38924963924963929 0.59289321789321803 0.85895117540687183 6.9580013500000009 7.8213599000000009 6.4253005000000005 6.765063500000001 0.27812939521800289 0.40602355072463775 1.7307677000000001 1.0000000180025095e-35 0.20550527903469082 0.28388278388278393 0.35926246038605592 0.66877249506559855 6.1384556500000009 1.0000000180025095e-35 5.7465161500000006 4.6039099500000011 0.61543610710277397 0.48435972629521024
decision_type=2 2 2 2 2 2 2 2 2 2 2 2 2 2 2 2 2 2 2 2 2 2 2 2 2 2 2 2 2 2
left_child=1 2 7 -4 5 6 10 8 19 18 12 -8 -2 14 21 -16 20 -14 -9 -1 -17 22 26 24 25 27 -12 -24 29 -11
right_child=4 -3 3 -5 -6 -7 11 9 -10 28 13 -13 17 -15 15 16 -18 -19 -20 -21 -22 -23 23 -25 -26 -27 -28 -29 -30 -31
leaf_value=-0.04772835428950422 -0.047999886232889359 0.048257483112201953 -0.64171927048819555 -0.051740398397960609 -0.050038777426105574 0.019345632547098087 -0.055397139151834453 -0.05488645107113968 -0.52413841342445744 -0.057018889331864032 0.029041958344645541 -0.003156721525696635 0.0093727531492435231 0.022680687830307154 -0.06135701128929584 -0.031781450712529885 -0.09500371250317749 -0.091774656779795988 0.038106747682475905 0.051973354639950321 0.020810720533459805 0.02629852515766546 -0.064846494707050173 -0.086178612717118519 0.04955310164971119 -0.086520269849533524 -0.067989516965326985 0.0042002129497305443 -0.050603172506098817 -1.3098049522423114
leaf_weight=8.1531824036792333 18.642410831875168 484.1623318027705 0.67470303922891506 0.95125560586166102 15.41972818301292 265.85553030698793 24.333553019852843 2.7544306415948077 0.26096960157156068 0.4206909171189176 50.916903957491741 23.742516230326146 28.741548701713331 130.38468186272075 12.732317551097365 10.086120674299307 3.3839569730334906 2.4310911994543849 70.014916186511982 2.918079376220704 31.697063563216943 63.080163051839918 4.633427611726801 7.5439548993599592 8.0056337549467553 5.5069858398055649 2.9573658306617281 29.327398322988302 3.1712807660660474 0.076443473444669507
leaf_count=986 4992 2252 12 60 21925 3146 12860 1433 4 219 1454 99 893 1138 775 307 267 46 516 7 254 1080 326 242 42 245 206 352 653 7
internal_value=0.0236586 0.0431347 0.0153902 -0.296556 0.00855133 0.00979917 0.00425951 0.0211691 -0.0330261 0.0292038 0.00822891 -0.029598 -0.0170342 0.0117222 0.00550649 -0.0131887 0.000389635 0.00148447 0.0345868 -0.0214497 0.0081154 0.0118008 0.00340234 -0.0164888 -0.00541444 -0.016564 0.0237155 -0.00522014 -0.0775785 -0.249658
internal_weight=1312.98 573.558 89.396 1.62596 739.422 724.003 458.147 87.77 11.3322 76.4378 410.071 48.0761 49.8151 360.256 229.871 57.8995 45.1671 31.1726 72.7693 11.0713 41.7832 171.972 108.892 55.0174 47.4734 39.4678 53.8743 33.9608 3.66842 0.497134
internal_count=56798 6149 3897 72 50649 28724 25578 3825 997 2828 12619 12959 5931 6688 5550 1603 828 939 1949 993 561 3947 2867 1207 965 923 1660 678 879 226
is_linear=0
shrinkage=0.05


Tree=88
num_leaves=31
num_cat=0
split_feature=11 0 1 6 18 8 7 13 7 23 0 11 11 5 11 24 0 4 4 0 1 11 10 0 24 17 24 0 4 24
split_gain=150.187 32.0691 77.6604 24.2575 20.3338 16.1395 14.5075 15.1852 14.1369 13.3944 12.5612 10.1547 43.1751 34.4581 34.8106 10.3606 9.30061 9.24228 10.5062 9.11834 8.38008 8.08566 7.85328 7.77855 7.4235 9.02234 8.42156 7.28264 6.93787 18.7231
threshold=1.0000000180025095e-35 6.765063500000001 0.58499061913696071 1.0000000180025095e-35 1.0000000180025095e-35 0.29568913175470551 0.9457002457002458 1.0000000180025095e-35 0.34002408671216383 1.0000000180025095e-35 6.0393687000000007 363.50000000000006 365.50000000000006 0.64583333333333337 2.5000000000000004 0.29213206000000008 1.7307677000000001 0.59882385812192451 0.58572501072501082 6.9580013500000009 0.18286311389759663 365.50000000000006 1.0000000180025095e-35 5.7465161500000006 0.3872459350000001 0.21921921921921925 0.63905990500000009 15.589676000000003 0.63173197213797894 0.30653053500000005
decision_type=2 2 2 2 2 2 2 2 2 2 2 2 2 2 2 2 2 2 2 2 2 2 2 2 2 2 2 2 2 2
left_child=1 2 3 5 6 10 7 11 9 -5 22 13 -13 14 15 23 -7 18 19 -14 -17 -8 -1 -2 28 26 -26 -15 29 -22
right_child=4 -3 -4 8 -6 16 21 -9 -10 -11 -12 12 17 27 -16 20 -18 -19 -20 -21 24 -23 -24 -25 25 -27 -28 -29 -30 -31
leaf_value=-0.045480231913181818 -0.081993969086591317 0.048110481884348633 -0.6141541798085739 -0.05141051479823644 -0.050036885639963107 -0.054227919432061213 0.03666837084683483 -0.057822484936213649 -0.071574370859090936 -0.63923062904051664 -0.29518532969767158 0.049292780210529387 -0.057017185285321674 -0.1355388671649472 -0.051973516310159229 -0.052554952807695121 0.036806648879625266 0.0072890613234921735 -0.076972512072846846 0.010943569221224664 0.056352219540044039 0.010357177627839793 0.051875695872159011 0.0070555072530273377 -0.080864743904923431 0.013936407925431557 -0.0016774794124599737 -0.3460707400446279 0.053643201201527907 -0.10180612951353399
leaf_weight=8.1194397981744206 5.3242648248560709 461.92157884314656 0.48766089606578944 0.16972324511152637 14.668239700316915 2.9253243182902215 67.937237776000984 9.1070140139781852 3.4671363272354938 0.22589790608617477 0.43319047987461168 64.335649469867349 6.6287779028061804 0.92835046641994157 27.744781892572064 4.8818778460263266 68.602606129119522 298.44927065586671 6.6223678218084379 19.322743799828459 5.1133830887265521 51.209126099944115 2.7808565795421609 4.5463044419884682 4.9412864046753375 103.71800484013511 10.475556478661018 0.73675409844145179 19.423666869988665 2.9512846928555518
leaf_count=982 310 2252 27 32 21925 1956 615 3351 245 14 4 151 825 27 17308 249 630 3479 175 176 19 99 7 8 342 1100 246 26 51 167
internal_value=0.0231119 0.0428603 0.0150522 0.0185903 0.00823733 0.0242997 0.00943384 0.00624607 -0.103886 -0.387053 -0.0311366 0.00724151 0.0118132 -0.0022323 -0.000238444 0.0086562 0.0330835 0.00452893 -0.02076 -0.0064156 0.0118899 0.0253598 -0.020643 -0.0409785 0.0140356 0.00863146 -0.027058 -0.228692 0.0374573 -0.00152621
internal_weight=1278.2 549.133 87.2118 86.7242 729.066 82.8614 714.398 595.251 3.86276 0.395621 11.3335 586.144 395.359 190.786 189.12 161.376 71.5279 331.023 32.5739 25.9515 151.505 119.146 10.9003 9.87057 146.623 119.135 15.4168 1.6651 27.4883 8.06467
internal_count=56798 6149 3897 3870 50649 3579 28724 28010 291 46 993 24659 4806 19853 19800 2492 2586 4655 1176 1001 2174 714 989 318 1925 1688 588 53 237 186
is_linear=0
shrinkage=0.05


Tree=89
num_leaves=31
num_cat=0
split_feature=11 0 1 6 18 8 0 13 3 24 0 0 24 2 7 11 11 11 24 4 21 8 0 0 10 2 4 4 0 9
split_gain=145.612 31.6039 61.6619 22.1367 19.1344 14.9152 13.8466 13.2704 12.576 11.0556 44.1373 8.99288 12.0245 14.8042 8.37555 7.54812 51.5607 32.536 9.18463 9.44102 7.57882 7.68226 11.2016 7.4365 7.19466 8.9461 7.03514 10.4296 8.69685 7.88136
threshold=1.0000000180025095e-35 6.765063500000001 0.58499061913696071 1.0000000180025095e-35 1.0000000180025095e-35 0.29568913175470551 18.387796500000004 1.0000000180025095e-35 0.55818170944500745 0.56920345000000017 6.0393687000000007 4.2933065000000008 0.27592952500000006 0.34851621808143546 0.14962686567164177 363.50000000000006 365.50000000000006 2.5000000000000004 0.29213206000000008 0.97199520475382561 1.0000000180025095e-35 0.27953488372093033 7.5104160500000008 5.7465161500000006 1.0000000180025095e-35 0.40651483050847464 0.59882385812192451 0.58572501072501082 6.9580013500000009 1.0000000180025095e-35
decision_type=2 2 2 2 2 2 2 2 2 2 2 2 2 2 2 2 2 2 2 2 2 2 2 2 2 2 2 2 2 2
left_child=1 2 3 5 6 9 7 14 -5 24 -11 12 -7 -14 -2 17 -17 18 23 20 21 22 -20 -16 25 -1 27 28 -18 -28
right_child=4 -3 -4 8 -6 11 -8 -9 -10 10 -12 -13 13 -15 15 16 26 -19 19 -21 -22 -23 -24 -25 -26 -27 29 -29 -30 -31
leaf_value=-0.033805493282090052 -0.031149779299437491 0.047959132513665764 -0.50976560534571902 -0.35709799610658555 -0.05003508807636619 0.045575509485883084 0.035701977568106752 -0.048699943976342863 -0.06748976092102367 -0.058400642074660364 -1.4733868215013632 0.05048259197016839 -0.11044582197649125 0.0074068106578277634 -0.082203753748032488 0.049975309889902807 -0.057491322691018781 -0.051886990817629944 -0.089333118357896923 -0.075587941106135731 -0.055144011396632102 0.016734959314594587 0.053572224958635256 0.0067372129163924405 0.051782938427328375 -0.34058112725714368 -0.033566396334314429 -0.077113118614479476 0.012901628051009218 0.0083484143991575336
leaf_weight=8.0199885748734161 13.281630612851584 440.74548226594925 0.55678777317007089 0.42122201503661871 13.953350170806514 16.469170069904067 45.719106928561814 10.431465308094628 3.4052026254576049 0.34567007690202523 0.06556452251970768 34.51884362322744 3.2283899004105505 15.261149644880787 4.8915508944774029 76.393526632338762 5.743576971406589 25.420831317111151 4.0119866873137644 3.071132503449916 3.9947345604014108 155.23380299995188 2.0833306312561035 4.5236310437321663 2.6498514264822015 0.24490386591060165 11.631535813852677 6.0417070350958957 18.587802439229563 313.31003588513704
leaf_count=843 1934 2252 27 37 21925 51 176 3404 254 134 2 166 480 1889 223 211 683 16313 131 10 473 1461 2 8 7 7 1180 161 147 2207
internal_value=0.0225808 0.0425706 0.0146912 0.0181417 0.00794496 0.0237064 0.00909353 0.00724655 -0.0993705 -0.0294987 -0.283997 0.0323797 0.0145047 -0.013171 0.00814687 0.00896887 0.0127093 0.00102333 0.00858772 0.0112747 0.0128883 0.0145729 -0.0404892 -0.0394711 -0.01991 -0.0428958 0.00469704 -0.0183152 -0.00371508 0.00684804
internal_weight=1244.26 525.932 85.1867 84.63 718.325 80.8035 704.371 658.652 3.82642 11.326 0.411235 69.4776 34.9587 18.4895 648.221 634.939 431.708 203.231 177.81 168.395 165.324 161.329 6.09532 9.41518 10.9147 8.26489 355.315 30.3731 24.3314 324.942
internal_count=56798 6149 3897 3870 50649 3579 28724 28548 291 993 136 2586 2420 2369 25144 23210 4589 18621 2308 2077 2067 1594 133 231 857 850 4378 991 830 3387
is_linear=0
shrinkage=0.05


Tree=90
num_leaves=31
num_cat=0
split_feature=11 0 8 18 13 11 11 11 8 8 0 2 0 24 24 3 2 4 8 7 14 0 24 4 4 24 3 7 0 8
split_gain=125.992 36.0642 43.2795 19.1891 11.5118 10.9348 48.9557 28.2963 11.233 12.7223 11.0459 10.7919 13.6101 11.4388 10.3518 9.91572 12.6085 9.67598 8.25588 8.80418 7.18299 8.97131 10.2375 7.13956 10.59 6.68221 6.42822 6.94723 6.34635 6.32779
threshold=1.0000000180025095e-35 7.2569232000000001 0.59885057471264369 1.0000000180025095e-35 1.0000000180025095e-35 360.50000000000006 365.50000000000006 2.5000000000000004 0.32466216216216215 0.33872229465449805 5.056621100000001 0.48610038610038614 3.9404113500000006 0.30154575000000006 0.29213206000000008 0.60088252804051823 0.71081871345029246 0.63042203621471926 0.93030597377367663 0.94804318488529027 1.0000000180025095e-35 6.1384556500000009 0.45262180000000002 0.96260439560439559 0.9594758979264002 0.81381737500000007 0.56482674245832154 0.24440019910403188 20.257357000000003 0.35948717948717951
decision_type=2 2 2 2 2 2 2 2 2 2 2 2 2 2 2 2 2 2 2 2 2 2 2 2 2 2 2 2 2 2
left_child=1 2 11 4 5 7 -7 14 10 -10 -8 12 13 -1 -2 26 -17 -15 -18 25 21 22 -12 24 28 -20 27 -16 -11 -29
right_child=3 -3 -4 -5 -6 6 8 -9 9 23 20 -13 -14 17 15 16 18 -19 19 -21 -22 -23 -24 -25 -26 -27 -28 29 -30 -31
leaf_value=0.024442657205542621 -0.044019433384155378 0.047966895770789907 -0.26486631517982301 -0.050033216353491033 -0.041023207036605613 0.04714056717303685 -0.055240621685440611 -0.050124245116526689 -0.065032719902272329 0.0024809781494621024 -0.068646234128810588 -0.065897848240193138 0.041557902913360222 -0.069596003509925855 0.021815783678872658 -0.058173112367415784 0.028912854426309909 0.0026460723824701404 -0.0052114003232799199 0.0070022133394779425 0.072050768789209671 0.032504687903216416 0.035782075547832963 0.033006018970013061 -0.099389794192233566 -0.081249837816015177 0.046450198916692442 -0.051278790576730175 0.050852840352730355 0.0064169685078303597
leaf_weight=23.722178005118622 9.0279238961520587 422.20024507399648 1.380179526109713 13.324148171406703 10.663943876133997 97.612383954226971 4.0050533473258829 23.232134707650403 6.6550405352027147 273.23389099858468 5.1160935632651654 3.7299536774571598 41.12561231473228 7.9705306071846307 76.716578951338306 9.4748501488356833 21.072875310550444 11.076011253957402 5.3539722450077516 23.343698788434267 8.9065940435975772 48.51353952975478 4.3359950656304136 20.964102875441313 2.5144487284123889 6.2764247357845306 18.520128676260356 6.4485804244177443 6.9533202201127997 18.066366058308631
leaf_count=263 322 2257 21 22042 3444 326 364 17777 169 3360 199 280 206 2359 769 840 142 766 12 77 14 417 114 26 13 29 127 113 8 133
internal_value=0.0228854 0.0418693 0.012945 0.00941289 0.0105332 0.0113227 0.015546 0.00202703 0.00745563 0.00335369 0.0254151 0.0173208 0.0210207 0.00127252 0.00826263 0.0108102 -0.00482751 -0.0275855 0.00419067 -0.0107051 0.0302457 0.0238222 -0.0207414 0.00485242 0.00276466 -0.0462461 0.0193663 0.0144114 0.00368141 -0.00875972
internal_weight=1231.54 511.205 89.0045 720.332 707.008 696.344 478.81 217.534 381.198 310.321 70.8773 87.6243 83.8943 42.7687 194.301 185.273 65.5218 19.0465 56.047 34.9741 66.8722 57.9656 9.45209 303.666 282.702 11.6304 119.752 101.232 280.187 24.5149
internal_count=56989 6152 3895 50837 28795 25351 5010 20341 4684 3576 1108 3874 3594 3388 2564 2242 1100 3125 260 118 744 730 313 3407 3381 41 1142 1015 3368 246
is_linear=0
shrinkage=0.05


Tree=91
num_leaves=31
num_cat=0
split_feature=11 0 8 18 13 0 24 11 11 11 8 8 0 24 7 4 24 24 3 4 0 4 7 4 4 14 0 8 8 24
split_gain=122.517 35.4153 37.318 18.0299 10.4683 10.2786 10.4019 10.0163 47.0722 26.717 10.3175 11.9257 10.2254 9.34781 9.14903 8.87505 6.74716 12.6026 8.53253 8.31375 10.914 7.86366 7.24373 6.67779 9.0244 6.49036 8.1811 9.82918 6.33974 6.24067
threshold=1.0000000180025095e-35 7.2569232000000001 0.56773440106773454 1.0000000180025095e-35 1.0000000180025095e-35 3.9404113500000006 0.30154575000000006 360.50000000000006 365.50000000000006 2.5000000000000004 0.32466216216216215 0.33872229465449805 5.056621100000001 0.29213206000000008 0.96340919232485511 0.63042203621471926 0.3872459350000001 0.46464776500000005 0.50005847953216376 0.64184385875562355 6.750020000000001 0.59630794982625657 0.28187071144817627 0.96260439560439559 0.9594758979264002 1.0000000180025095e-35 6.1384556500000009 0.24828767123287673 0.4182575494619924 0.41887212000000001
decision_type=2 2 2 2 2 2 2 2 2 2 2 2 2 2 2 2 2 2 2 2 2 2 2 2 2 2 2 2 2 2
left_child=1 2 5 4 7 6 -1 9 -9 13 12 -12 -10 28 16 -8 21 18 29 -19 -21 -15 -20 24 -13 26 27 -14 -2 -18
right_child=3 -3 -4 -5 -6 -7 15 8 10 -11 11 23 25 14 -16 -17 17 19 22 20 -22 -23 -24 -25 -26 -27 -28 -29 -30 -31
leaf_value=0.022462269554909972 -0.08505703981730553 0.047814697053746483 -0.20636177981521542 -0.050031596447922405 -0.039092954309806888 0.035035764246605094 -0.06813877910601733 0.046705051277023894 -0.055017444731800452 -0.050118205348892213 -0.064376931687042366 0.0035060368660552173 0.034521878741948633 -0.070822859727815865 -0.07949862199677353 0.0010984492418026875 0.036193181502588163 0.027715543587954267 -0.14253053455113854 -0.076341435401573968 0.0061792242124283636 0.039480271398834671 0.0063048297094855229 0.032263019286112575 -0.088933164784636962 0.06892734672174676 0.031183704352903036 -0.068968563934126634 -0.0013707215914132086 -0.060202777822879028
leaf_weight=23.627506654447643 4.3623366162646544 402.855801936239 1.9029545656958351 12.674721921852322 10.631831558159318 42.189538083679508 7.80982545630832 93.696006417274475 3.8247890400234601 22.101686125737615 6.3933250863919957 279.60442406218499 4.3342230184935016 1.7123974869609835 2.7890437021851531 11.361938000191001 3.50871426949743 50.2585778098437 2.964445362216793 4.204612420347984 85.176701140997466 28.644940293976106 1.1287899238523094 20.389305930584669 2.6654262244701377 8.8461996533442271 48.052258006064221 4.8748530879965983 4.7028318597003818 3.2197405959595926
leaf_count=264 304 2257 45 22042 3444 273 2391 326 364 17777 169 3368 97 174 17 922 60 464 58 340 876 126 45 26 13 14 417 216 18 82
internal_value=0.0223277 0.0415703 0.0126192 0.00906876 0.0101418 0.0175223 0.000258321 0.0109032 0.0149715 0.00194971 0.00712607 0.00320171 0.024469 0.00792246 0.0103696 -0.0271061 0.0117558 0.00741738 -0.0445636 0.0114458 0.00229735 0.0332583 -0.101486 0.00462923 0.00263315 0.0290679 0.0229101 -0.0202611 -0.0416422 -0.00993479
internal_weight=1200.51 489.748 86.8918 710.762 698.087 84.9888 42.7993 687.456 472.681 214.775 378.985 309.052 69.9323 192.673 183.608 19.1718 180.819 150.462 10.8217 139.64 89.3813 30.3573 4.09324 302.659 282.27 66.1075 57.2613 9.20908 9.06517 6.72845
internal_count=56989 6152 3895 50837 28795 3850 3577 25351 5010 20341 4684 3576 1108 2564 2242 3313 2225 1925 245 1680 1216 300 103 3407 3381 744 730 313 322 142
is_linear=0
shrinkage=0.05


Tree=92
num_leaves=31
num_cat=0
split_feature=11 0 6 18 0 4 0 24 4 8 11 11 11 8 8 0 24 3 2 8 1 0 4 4 0 3 7 4 4 7
split_gain=118.906 34.9356 32.9514 16.9442 11.0136 9.40497 8.97228 8.61753 9.14389 8.53172 6.59983 32.8123 27.1166 11.7815 10.664 9.29565 8.60816 8.48958 11.9411 9.51897 15.7351 6.24159 6.01931 7.53215 5.94959 5.83185 5.86811 5.74751 11.6809 9.74242
threshold=1.0000000180025095e-35 7.2569232000000001 1.0000000180025095e-35 1.0000000180025095e-35 3.9404113500000006 0.53660873440285217 20.257357000000003 0.30154575000000006 0.63042203621471926 0.59885057471264369 360.50000000000006 365.50000000000006 2.5000000000000004 0.32466216216216215 0.33872229465449805 5.056621100000001 0.29213206000000008 0.60088252804051823 0.71081871345029246 0.93030597377367663 0.89825495415557544 5.8451780000000007 0.96260439560439559 0.9594758979264002 2.5423961500000005 0.56482674245832154 0.24440019910403188 0.55583743598449498 0.60546960170616093 0.26747967479674806
decision_type=2 2 2 2 2 2 2 2 2 2 2 2 2 2 2 2 2 2 2 2 2 2 2 2 2 2 2 2 2 2
left_child=1 2 4 5 7 -2 10 -1 -9 -4 12 -12 16 15 -15 -13 21 25 -19 -20 -21 -7 23 27 -10 26 -18 -16 29 -29
right_child=3 -3 9 -5 -6 6 -8 8 24 -11 11 13 -14 14 22 -17 17 18 19 20 -22 -23 -24 -25 -26 -27 -28 28 -30 -31
leaf_value=0.021641678538306851 -0.063188211310414619 0.047657611944631334 -0.069544717749505089 -0.050030056530493507 0.038582982275646369 -0.080254718379921638 0.040187589492672093 -0.067282809587981648 -0.071352653632788851 -0.21416646303854781 0.040553893545929774 -0.055060825467911884 -0.050105173413499439 -0.063894228588524463 0.056845519433458613 0.029175747472187902 0.020489390542645359 -0.05773228507070044 0.032103601785642387 -0.082635190325998628 0.005109113245151212 0.003903647032601475 0.030255895397787481 -0.079706046206652503 0.023619781158999459 0.044728512696563388 -0.0084282060176105889 -0.088997372372734362 0.0036380803791770974 -0.0058300179727691047
leaf_weight=23.319176125456579 4.3903363925928707 384.43994349148124 2.9950171329355717 12.056930276419733 39.301350451074541 4.6200330597348493 24.109503373503685 7.3537744245841195 2.043328136613126 1.5462896579920196 84.819417733699083 3.4506305641261852 22.481144584220601 6.0495391580043352 4.7161240323330267 64.365112999628764 74.101708090340253 9.0100124448363186 19.629998884629458 6.3442031294107428 26.251593295484781 4.2114027291536331 19.175153400748968 2.8411641158163539 8.5459074222599138 17.864461219811346 22.985054920020048 6.3497906714328547 253.84647900724667 7.9050317917717621
leaf_count=263 1851 2257 294 22042 210 248 68 2331 731 21 296 277 19717 158 48 584 652 839 138 25 88 8 26 14 45 127 230 167 3142 92
internal_value=0.021766 0.0412407 0.0122537 0.00873218 0.0196404 0.00975969 0.0102271 0.00159805 -0.0244511 -0.118788 0.00913439 0.0125138 0.00174824 0.00606316 0.0018199 0.0248896 0.00804882 0.0104634 -0.00457424 0.00459661 -0.0119688 -0.0401225 0.00316825 0.001284 0.00529364 0.0184742 0.0136432 0.00212744 0.00116491 -0.0428768
internal_weight=1171.12 469.545 85.1048 701.575 80.5635 689.518 685.128 41.2622 17.943 4.54131 661.018 453.518 207.5 368.699 300.883 67.8157 185.018 176.187 61.2358 52.2258 32.5958 8.83144 294.834 275.659 10.5892 114.951 97.0868 272.817 268.101 14.2548
internal_count=56989 6152 3895 50837 3580 28795 26944 3370 3107 315 26876 4804 22072 4508 3647 861 2355 2099 1090 251 113 256 3489 3463 776 1009 882 3449 3401 259
is_linear=0
shrinkage=0.05


Tree=93
num_leaves=31
num_cat=0
split_feature=11 2 6 8 17 6 17 18 7 13 11 11 11 8 8 1 24 7 2 3 8 21 3 1 8 4 4 4 3 24
split_gain=115.499 19.6807 78.683 49.7355 103.837 21.0493 16.6028 15.9287 13.0263 9.71459 8.52652 43.6465 23.7897 8.6454 10.4974 8.29119 7.84484 8.06209 7.65751 8.05481 10.7234 7.12183 6.78411 13.1085 6.02173 5.9646 10.0219 5.8336 7.42289 5.75642
threshold=1.0000000180025095e-35 0.7891030392883619 0.15476190476190474 0.57555002075550032 0.65765765765765782 0.31666666666666671 0.93750000000000011 1.0000000180025095e-35 0.58898944193061853 1.0000000180025095e-35 360.50000000000006 365.50000000000006 2.5000000000000004 0.32466216216216215 0.33872229465449805 0.38924963924963929 0.29213206000000008 0.96340919232485511 0.36882591093117417 0.48547513860013863 0.37176079734219269 1.0000000180025095e-35 0.57625270731089151 0.24048192771084337 0.4182575494619924 0.64184385875562355 0.6203781331086865 0.96260439560439559 0.95664729601518039 0.3872459350000001
decision_type=2 2 2 2 2 2 2 2 2 2 2 2 2 2 2 2 2 2 2 2 2 2 2 2 2 2 2 2 2 2
left_child=1 2 6 4 -4 8 15 9 -5 10 12 -12 16 22 -15 18 24 21 19 20 -1 29 23 -13 -2 26 -25 28 -16 -18
right_child=7 -3 3 5 -6 -7 -8 -9 -10 -11 11 13 -14 14 27 -17 17 -19 -20 -21 -22 -23 -24 25 -26 -27 -28 -29 -30 -31
leaf_value=-0.036717539920311924 -0.083398225992138877 0.049824114255786429 -0.076801010661958338 -0.04957178382036307 -0.99367670458290513 0.026817259020097337 0.047509255536593263 -0.050028588446388661 -0.26249470625150223 -0.038660764157965322 0.045855912433580476 0.028816098110333851 -0.050107860336521481 -0.063145660954203972 0.003107034860893758 -0.057616742380405199 0.032584236601059108 -0.073726910982293656 0.0347983706783958 0.014411756868845597 -0.38071532148639264 -0.055001038770188887 0.047076167559873018 -0.057249631474694564 -0.00025554178988274859 -0.11602091226192919 0.034871680850812263 0.030802309441278319 -0.091664570542643528 0.0082498111242912571
leaf_weight=5.8184086607652743 4.0773872822173853 261.39499178063124 0.84886836360601481 1.318464692682028 0.48535232245922089 2.7920839553698897 107.62200700584799 11.469234551215775 1.5780817351151197 10.358981684054013 86.883256757631898 34.686652960255742 19.996423145203153 5.8942317214095956 279.09602262888802 3.5697316333753397 29.224963089218363 2.8647947888821355 40.124777459132019 24.055694292794215 0.23572616031742644 4.0160479770856901 20.018917217268609 6.666822520317508 4.6744498426560313 1.7204191228374828 5.2990068509243429 19.328986048698425 2.0815338604152194 144.28392352245282
leaf_count=913 304 1597 42 27 15 21 630 22042 21 3444 326 727 17777 169 3373 878 238 17 1127 862 19 511 45 296 18 21 19 26 8 1476
internal_value=0.0212174 0.0409442 0.0286271 -0.135586 -0.410335 -0.0711455 0.0349836 0.00840564 -0.165575 0.00938953 0.0101315 0.0139256 0.00175611 0.0065236 0.00293583 0.0167186 0.00723927 0.00948219 0.0204967 0.00143816 -0.0501116 0.010825 0.0225971 0.0124665 -0.0389908 -0.0289701 -0.0164542 0.00423197 0.00240545 0.0123486
internal_weight=1142.49 449.844 188.449 7.02285 1.33422 5.68863 181.426 692.642 2.89655 681.173 670.814 461.676 209.138 374.793 306.401 73.8043 189.142 180.39 70.2346 30.1098 6.05413 177.525 68.3918 48.3729 8.75184 13.6862 11.9658 300.507 281.178 173.509
internal_count=56989 6152 4555 126 57 69 4429 50837 48 28795 25351 5010 20341 4684 3576 3799 2564 2242 2921 1794 932 2225 1108 1063 322 336 315 3407 3381 1714
is_linear=0
shrinkage=0.05


Tree=94
num_leaves=31
num_cat=0
split_feature=11 0 2 18 0 24 13 11 11 11 8 8 0 4 24 3 1 6 7 23 5 0 17 0 3 1 0 3 7 0
split_gain=111.907 34.1426 27.83 14.9744 11.7515 8.92315 8.81691 7.81244 41.8043 22.4684 7.94537 9.85164 8.53755 7.51119 7.17699 7.57714 11.2492 7.42617 11.2442 6.58687 6.91766 6.25581 6.08027 5.87457 5.79437 11.2684 6.90322 5.70473 5.89246 5.627
threshold=1.0000000180025095e-35 7.2569232000000001 0.48610038610038614 1.0000000180025095e-35 3.9404113500000006 0.30154575000000006 1.0000000180025095e-35 360.50000000000006 365.50000000000006 2.5000000000000004 0.32466216216216215 0.33872229465449805 5.056621100000001 0.63042203621471926 0.29213206000000008 0.60088252804051823 0.65895721925133699 0.53571428571428581 0.94804318488529027 1.0000000180025095e-35 0.81666666666666676 20.257357000000003 0.15099715099715097 5.8451780000000007 0.57625270731089151 0.24048192771084337 7.6918828500000016 0.56482674245832154 0.24440019910403188 9.597367000000002
decision_type=2 2 2 2 2 2 2 2 2 2 2 2 2 2 2 2 2 2 2 2 2 2 2 2 2 2 2 2 2 2
left_child=1 2 4 6 5 -1 7 9 -9 14 12 -12 -10 -7 23 27 -17 -18 -19 20 -20 -13 -4 -2 25 -14 -27 28 -16 -8
right_child=3 -3 22 -5 -6 13 29 8 10 -11 11 21 24 -15 15 16 17 18 19 -21 -22 -23 -24 -25 -26 26 -28 -29 -30 -31
leaf_value=0.021435115288943787 -0.077966956827124151 0.047340268284900594 -0.13638473037022134 -0.050027195533143526 0.039866234585471665 -0.06502149447433439 -0.083172394254589721 0.045365604879749249 -0.054522231938128642 -0.050102618636289002 -0.062569132999325996 0.0029067307903413034 0.031157520460383437 0.0010537283077039679 0.019027780477151111 -0.059277699794416695 0.024888562840135367 -0.055872503796097199 0.01511133236607041 0.035059113404313259 -0.063735435724807651 0.05036709303313798 -0.01883235102286876 0.0046221981288658261 0.049006906716555734 -0.065214194389292754 0.010915981031012168 0.043158197233600863 -0.0094699337773825939 -0.0074650162693914489
leaf_weight=22.473787394264946 4.4109075426240434 350.90133959148079 3.6132685353513798 10.910169714799848 35.790077848709188 7.2751807434688116 4.0057783920492493 83.516846034675837 3.4791964119067407 19.023125870997319 5.6571222473285152 292.66595858498476 33.014751648588572 10.520835875482588 73.986258010612801 8.236697712360181 23.263761995360255 10.11324669420719 6.3970663584768772 11.076395243406296 4.9223971422761679 7.111956685781478 1.5814833694330444 4.2064610123634338 19.057257287204266 5.7133389673545008 6.218801363138482 17.333822640473954 24.030740272370167 6.3372752946452238
leaf_count=263 314 2257 48 22042 206 2359 2261 326 364 17777 169 3398 486 766 769 699 287 39 22 16 37 9 253 8 29 195 34 127 246 1183
internal_value=0.0206556 0.0405774 0.0113718 0.00808157 0.0190191 0.000490968 0.0090225 0.00973666 0.0133906 0.00167977 0.00622963 0.00279912 0.0217564 -0.0259585 0.00692008 0.00906155 -0.00473426 0.00332088 -0.0121131 0.0076472 -0.0191761 0.00403268 -0.100597 -0.0376521 0.0259028 0.0161068 -0.0255366 0.016717 0.012041 -0.0367859
internal_weight=1116.85 432.156 81.2546 684.689 76.0599 40.2698 673.779 663.436 456.435 207.001 372.918 305.435 67.4833 17.796 187.978 179.36 64.0096 55.7729 32.5091 22.3959 11.3195 299.778 5.19475 8.61737 64.0041 44.9469 11.9321 115.351 98.017 10.3431
internal_count=56989 6152 3895 50837 3594 3388 28795 25351 5010 20341 4684 3576 1108 3125 2564 2242 1100 401 114 75 59 3407 301 322 744 715 229 1142 1015 3444
is_linear=0
shrinkage=0.05


Tree=95
num_leaves=31
num_cat=0
split_feature=11 0 6 4 18 0 13 24 24 11 11 11 9 24 24 14 17 3 0 7 0 22 8 7 7 3 24 24 4 8
split_gain=118.566 23.444 29.204 14.5197 11.2731 9.42392 8.42818 8.32687 7.93349 7.09091 46.8156 14.9272 10.8012 8.41246 10.4519 7.49724 15.7184 11.2712 8.61073 9.59383 10.0375 12.0913 14.199 10.885 14.8342 8.89722 8.20203 14.6133 34.7645 8.08181
threshold=1.0000000180025095e-35 6.7070560000000006 1.0000000180025095e-35 0.55478841589658134 1.0000000180025095e-35 1.9102344500000001 1.0000000180025095e-35 1.0000000180025095e-35 0.29213206000000008 368.50000000000006 363.50000000000006 2.5000000000000004 1.0000000180025095e-35 0.3872459350000001 0.38401350000000006 1.0000000180025095e-35 0.21921921921921925 0.42500971250971259 5.620200500000001 0.12793235133660663 8.9970155000000016 1.0000000180025095e-35 0.39052425007008695 0.20550527903469082 0.18983268983268978 0.50005847953216376 0.25781440000000005 0.81824298000000006 0.93642247510668575 0.34724637681159426
decision_type=2 2 2 2 2 2 2 2 2 2 2 2 2 2 2 2 2 2 2 2 2 2 2 2 2 2 2 2 2 2
left_child=1 2 5 -2 6 8 7 -5 -1 10 11 -9 -11 14 -13 16 -14 26 -19 -20 21 22 25 24 -23 -21 -18 28 -28 -27
right_child=3 -3 -4 4 -6 -7 -8 9 -10 12 -12 13 15 -15 -16 -17 17 18 19 20 -22 23 -24 -25 -26 29 27 -29 -30 -31
leaf_value=0.014193871341051174 -0.049258083398069683 0.046400645597972606 -0.12067544337443044 -0.16066794102717089 -0.050026217161862951 0.031321972215409728 -0.042238356540741311 0.0068898918266651525 -0.064633727596942026 -0.053139994929499446 0.046181512285340648 -0.050797816495930195 -0.039312126907704477 -0.053702094542887518 0.068336748351509269 0.021237813940189892 0.048509683965605767 0.028350329328028768 0.072679533766219773 -0.063973918805761407 0.010397568855634615 -0.00051313507148650331 -0.096155930611248233 0.021469060762718831 -0.11264182231713152 -0.053534073757089573 -0.077808564563666902 -0.018539073223105614 -0.56084751690504397 0.017479346159819442
leaf_weight=8.7613688891578914 11.492083451506913 332.01287636812776 3.7278515782600143 0.72383219934999843 8.4268436326237843 60.029927409224911 8.1846820753125922 179.22058566604392 5.0211690906435242 8.011339051066896 84.256200445815921 3.6008903739566476 21.181890487612691 17.269385064049857 3.7669783818419091 62.604375169728883 1.3728992835385714 40.246562014508527 4.8466203819261855 7.6783323291456353 125.99629833805375 11.204032014356924 7.2939592607435761 31.530162055161782 4.0036972577217957 5.4159294720739153 1.5848821500549095 2.9884517502505332 0.48692753165960301 15.395920963259412
leaf_count=188 7235 2240 317 11 17763 548 3146 2195 2899 1403 315 2003 304 13930 40 340 8 228 24 135 870 64 211 253 32 53 161 13 6 49
internal_value=0.0194329 0.0406195 0.0158655 0.00645857 0.00743272 0.0227614 0.00817894 0.00882302 -0.0145241 0.00901473 0.0148309 0.00187343 0.00425202 -0.0346182 0.0101122 0.00558927 0.00210572 0.0054794 0.0071373 0.00313594 0.00151952 -0.0120357 -0.0339088 0.00471117 -0.0300329 -0.0179725 -0.0598794 -0.0892864 -0.191335 -0.00100069
internal_weight=1078.34 409.553 77.5403 668.784 657.292 73.8125 648.865 640.68 13.7825 639.956 288.114 203.858 351.842 24.6373 7.36787 343.831 281.227 260.045 253.612 213.365 208.518 82.522 35.7841 46.7379 15.2077 28.4902 6.43316 5.06026 2.07181 20.8119
internal_count=56984 6192 3952 50792 43557 3635 25794 22648 3087 22637 18483 18168 4154 15973 2043 2751 2411 2107 1919 1691 1667 797 448 349 96 237 188 180 167 102
is_linear=0
shrinkage=0.05


Tree=96
num_leaves=31
num_cat=0
split_feature=11 0 6 4 18 0 24 24 1 0 24 2 8 11 5 11 11 7 21 3 8 2 6 0 4 0 24 10 5 2
split_gain=114.242 23.0889 27.1264 13.468 10.615 8.75094 7.5221 7.24636 7.08347 6.95927 11.1609 21.0752 15.8316 8.20272 8.3662 7.53679 15.2799 11.919 9.39602 9.81095 7.87628 12.6716 9.16962 7.26191 9.42482 7.1437 9.04579 8.59242 6.71263 6.49222
threshold=1.0000000180025095e-35 6.7070560000000006 1.0000000180025095e-35 0.55478841589658134 1.0000000180025095e-35 1.9102344500000001 0.29213206000000008 1.0000000180025095e-35 0.24357284113381675 18.387796500000004 0.58975797000000008 0.77032967032967048 0.38148742643124672 1.5000000000000002 0.31666666666666671 365.50000000000006 363.50000000000006 0.9651115618661259 1.0000000180025095e-35 0.43780521593021599 0.93908472479901051 0.94413233458177293 0.53571428571428581 13.451532750000002 0.77206694790028141 9.320903000000003 0.67565080000000022 1.0000000180025095e-35 0.43650793650793651 0.96738745125841918
decision_type=2 2 2 2 2 2 2 2 2 2 2 2 2 2 2 2 2 2 2 2 2 2 2 2 2 2 2 2 2 2
left_child=1 2 5 -2 7 6 8 -5 -1 10 23 12 25 14 -14 16 17 20 19 -17 -13 22 -22 24 -9 26 27 -12 -21 -23
right_child=3 -3 -4 4 -6 -7 -8 9 -10 -11 11 15 13 -15 -16 18 -18 -19 -20 28 21 29 -24 -25 -26 -27 -28 -29 -30 -31
leaf_value=-0.072150623885908149 -0.048261885304972774 0.046188894649526982 -0.11804609619005409 -0.14775944011524464 -0.050024937660933994 0.030539241953516861 -0.064438649322073702 0.010063854505587957 0.037220555884859723 0.028951189023005537 0.028238481594031424 0.034368392587212124 -0.0589394448205421 -0.058303155711426857 0.043019242201413913 -0.062382040261922893 0.050668153621841863 -0.1598134404425815 0.028824355155470955 0.012348131534509678 -0.0083136901088479397 -0.01185452417995389 -0.20384529623542955 -0.11236690726472053 0.036914913092671829 0.03482431809401753 -0.12287493922335105 -0.047259920994817538 -0.017920974042423682 0.039966911463470138
leaf_weight=1.8895315047120655 11.151593255926853 317.23222637409344 3.6230607288352976 0.7470782408490767 8.0160614275664539 58.528761324021616 4.7903831787116351 319.13585154165048 6.8371645769802853 37.502093998598866 8.6803067114087806 17.499738452810561 3.5925164323416521 30.294084143766668 4.5730844498611987 7.8200194239616385 25.750951483845711 1.0919677759520698 20.386309954046737 35.048244389472529 1.0789191988296798 23.358779308968227 1.3496361915022135 1.1623459573602293 36.409033535514027 10.864435670111559 1.8049564659595478 6.6601222505851174 38.366190366446972 8.1534903238061798
leaf_count=152 7235 2240 317 11 17763 548 2899 8080 36 174 84 325 292 14373 52 24 118 44 43 84 9 528 40 15 434 65 155 702 106 36
internal_value=0.01892 0.0402692 0.0154516 0.00622038 0.00715604 0.0221649 -0.0140958 0.00787075 0.0135392 0.00805225 0.00675267 -0.00143179 -0.0254903 -0.0463148 -0.00183824 0.00745713 0.0191171 0.00365112 -0.00152514 -0.00914154 0.00712111 -0.00692747 -0.116978 0.0124056 0.0128135 0.00310336 -0.0169971 -0.00453952 -0.00347042 0.00155376
internal_weight=1053.4 392.901 75.6689 660.498 649.346 72.0458 13.5171 641.33 8.7267 640.583 603.081 246.374 66.4695 38.4597 8.1656 179.904 78.2835 52.5325 101.621 81.2345 51.4406 33.9408 2.42856 356.707 355.545 28.0098 17.1454 15.3404 73.4144 31.5123
internal_count=56984 6192 3952 50792 43557 3635 3087 25794 188 25783 25609 17080 15723 14717 344 1357 1100 982 257 214 938 613 49 8529 8514 1006 941 786 190 564
is_linear=0
shrinkage=0.05


Tree=97
num_leaves=31
num_cat=0
split_feature=11 0 6 4 18 0 0 24 2 8 7 11 4 4 7 0 24 10 24 1 24 17 7 3 0 16 7 2 8 2
split_gain=110.209 22.6487 25.1644 12.4735 9.99221 8.57387 6.61916 9.60815 19.5785 15.0254 10.1585 7.83834 7.97112 6.8698 6.74276 6.60926 8.47837 7.80188 6.60432 6.12081 10.3089 8.45517 12.7733 6.06771 7.634 7.12216 10.4387 6.4205 13.8978 9.48454
threshold=1.0000000180025095e-35 6.7070560000000006 1.0000000180025095e-35 0.55478841589658134 1.0000000180025095e-35 3.9404113500000006 18.387796500000004 0.58975797000000008 0.77032967032967048 0.38148742643124672 0.18065268065268061 1.5000000000000002 0.87242045832648929 0.77206694790028141 0.38616427432216904 9.320903000000003 0.67565080000000022 1.0000000180025095e-35 1.0000000180025095e-35 0.24357284113381675 0.26996131000000007 0.17267080745341609 0.18983268983268978 0.56224731224731228 4.7112292500000006 1.0000000180025095e-35 0.22969662709628799 0.3417843388960205 0.32049382716049379 0.32049382716049379
decision_type=2 2 2 2 2 2 2 2 2 2 2 2 2 2 2 2 2 2 2 2 2 2 2 2 2 2 2 2 2 2
left_child=1 2 5 -2 6 19 7 13 9 15 -10 12 -11 14 18 16 17 -9 -5 20 -1 22 -22 27 -25 -26 -27 28 29 -20
right_child=3 -3 -4 4 -6 -7 -8 8 10 11 -12 -13 -14 -15 -16 -17 -18 -19 23 -21 21 -23 -24 24 25 26 -28 -29 -30 -31
leaf_value=0.029358196253125288 -0.047227340563267023 0.045969524505741877 -0.11521108892907422 -0.13664404628608229 -0.050023721219399048 0.041144464920213425 0.028195242750254715 0.027223762363002675 -0.10460268922496548 -0.058921194544267787 0.0084391024893752178 -0.057823697662362152 0.042032293558519777 0.032062088954948505 -0.063316747929473796 0.03405015132132732 -0.12060986393897906 -0.044978569647207312 0.019951893794382568 0.023709745353131542 -0.039032635377675824 0.0026429803321369647 -0.20175852777885589 -0.042793213356482229 0.034721545402391522 -0.06562691913687356 0.024068930626961832 0.0097040649933946184 -0.064774249909510848 -0.064288746949367453
leaf_weight=7.2411741008982089 10.834256725560406 303.1647785003297 3.5290430595514399 0.76691092504188318 7.6252942084684028 31.221812218020204 36.605308301979676 8.5568667699699343 2.0100700044422402 3.4567259181058025 176.36801961937454 29.049656390183372 4.5017556573729962 36.547481136716669 3.1756858356820876 10.563607357675208 1.7483684087928839 6.6483681883255477 20.52332936326275 21.648135647628806 3.886222580826141 4.4554328265076037 1.7485501011833546 4.2086261946242294 56.040474377630744 4.7191213207843239 10.375108459236797 205.70559022246744 9.5838356411550176 3.9910368315177029
leaf_count=129 7235 2240 317 11 17763 188 174 84 23 296 1334 14373 48 445 597 65 155 702 1764 2284 44 959 31 287 346 64 143 3275 1129 479
internal_value=0.0183921 0.039925 0.0150709 0.00597543 0.00687219 0.0216202 0.00755526 0.00629297 -0.00137234 -0.0249743 0.00716528 -0.0457795 -0.00181634 0.0115284 0.00917659 0.00300677 -0.016336 -0.00434613 0.00990532 0.00598162 -0.0161621 -0.0488294 -0.0895288 0.0102619 0.0226394 0.0265107 -0.00397394 0.00637311 -0.0137217 0.00623718
internal_weight=1030.5 376.895 73.7304 653.605 642.771 70.2013 635.146 598.541 242.903 64.5253 178.378 37.0081 7.95848 355.637 319.09 27.5172 16.9536 15.2052 315.914 38.9795 17.3314 10.0902 5.63477 315.147 75.3433 71.1347 15.0942 239.804 34.0982 24.5144
internal_count=56984 6192 3952 50792 43557 3635 25794 25620 17080 15723 1357 14717 344 8540 8095 1006 941 786 7498 3447 1163 1034 75 7487 840 553 207 6647 3372 2243
is_linear=0
shrinkage=0.05


Tree=98
num_leaves=31
num_cat=0
split_feature=11 0 2 4 0 18 13 11 11 11 9 24 24 14 17 2 0 24 0 0 7 4 2 2 24 24 0 4 4 11
split_gain=106.089 22.2814 22.3417 11.5422 9.46823 9.40997 7.1213 7.08541 43.9984 12.9505 9.71478 7.53323 9.60668 6.95092 14.6995 9.39045 9.4963 8.89377 8.65863 14.1392 8.45554 8.29238 21.5802 6.63711 7.9165 6.39666 9.70083 7.80183 11.2261 7.41341
threshold=1.0000000180025095e-35 6.7070560000000006 0.50301204819277123 0.55478841589658134 3.9404113500000006 1.0000000180025095e-35 1.0000000180025095e-35 368.50000000000006 363.50000000000006 2.5000000000000004 1.0000000180025095e-35 0.3872459350000001 0.38401350000000006 1.0000000180025095e-35 0.21921921921921925 0.35926246038605592 5.8451780000000007 0.73825435000000017 5.620200500000001 5.7004737500000013 0.12793235133660663 0.96260439560439559 0.96647940074906391 0.3551971326164875 0.45262180000000002 0.39075681500000009 5.0088807000000006 0.63173197213797894 0.60249924494110552 1.5000000000000002
decision_type=2 2 2 2 2 2 2 2 2 2 2 2 2 2 2 2 2 2 2 2 2 2 2 2 2 2 2 2 2 2
left_child=1 2 4 -2 -1 6 7 8 9 25 -9 12 -11 14 15 -12 -17 -18 23 -20 -21 22 -22 24 -16 27 -27 28 -5 -28
right_child=3 -3 -4 5 -6 -7 -8 10 -10 11 13 -13 -14 -15 18 16 17 -19 19 20 21 -23 -24 -25 -26 26 29 -29 -30 -31
leaf_value=0.0055795040256828741 -0.046157534465323322 0.045742184334975962 -0.095072749465339099 0.033896356884494085 0.043385670377643203 -0.05002256418902621 -0.039843841192140517 -0.053098668369080726 0.045663841983854023 -0.050764304908127417 0.026679707969870438 -0.053630190300249653 0.065957000573588484 0.019531876887724436 -0.064017887953686306 -0.10473620775412761 -0.010488373751756427 -0.14697204967352509 -0.11506877704910951 0.066825928018147004 -0.00046161571411734866 0.036482484356300589 -0.13909562226830857 0.035737787893741754 0.038862312476484001 -0.071255007443115179 0.017302667259144283 0.03389111707651684 -0.080635976634379783 -0.0070768496972206723
leaf_weight=38.755755555459473 10.538718685129423 289.77680566487834 4.3572672678606059 4.5860190375242365 28.917944543034537 7.2535678104904937 7.9245929417957077 7.5266059699060852 77.880257081240416 3.4646781926567227 4.3825462518143494 15.621789488825014 3.5888733642641455 61.537641032016836 4.0444823679863466 6.209372253855693 9.6364946246612799 1.3623632796807204 2.6209498029202214 4.8810603381134561 189.89888772595441 14.672309421002863 2.8492041379213324 32.025023588910699 3.4776758288498968 4.5457830453524357 53.408786140789744 33.308317380724475 4.0105167854344472 74.928999235999072
leaf_count=3524 7235 2240 240 208 188 17763 3146 1403 315 2003 64 13930 40 341 141 78 140 27 20 30 1780 20 13 73 35 356 468 122 107 934
internal_value=0.0178781 0.0395559 0.0146688 0.00574042 0.0217346 0.00660086 0.00725447 0.00785601 0.013838 0.00128574 0.00308355 -0.034265 0.00862393 0.00433611 0.000948761 -0.038661 -0.0553018 -0.0273938 0.0043095 0.00035316 0.00177809 0.000247373 -0.0025109 0.0258106 -0.0164539 0.00589774 0.000526351 0.0229308 -0.0195361 0.00306888
internal_weight=1007.99 361.808 72.031 646.186 67.6737 635.647 628.393 620.469 275.344 197.464 345.125 22.6753 7.05355 337.598 276.06 21.5908 17.2082 10.9989 254.47 214.922 212.301 207.42 192.748 39.5472 7.52216 174.788 132.884 41.9049 8.59654 128.338
internal_count=56984 6192 3952 50792 3712 43557 25794 22648 18483 18168 4165 15973 2043 2762 2421 309 245 167 2112 1863 1843 1813 1793 249 176 2195 1758 437 315 1402
is_linear=0
shrinkage=0.05


Tree=99
num_leaves=31
num_cat=0
split_feature=12 0 6 0 0 13 0 0 1 24 17 8 4 24 2 8 1 4 4 4 0 4 4 3 4 8 3 24 0 1
split_gain=101.75 22.1348 21.8307 10.7542 8.82735 8.5438 7.96905 6.31977 5.81501 5.64184 5.8204 6.38382 5.95632 5.63298 13.8837 14.485 11.4814 9.32276 6.73292 7.79545 6.60013 8.67616 6.35627 12.7678 11.5411 23.9755 6.12585 8.8462 17.6356 8.45935
threshold=1.0000000180025095e-35 6.7070560000000006 1.0000000180025095e-35 2.5423961500000005 2.5717304000000003 1.0000000180025095e-35 3.9404113500000006 18.387796500000004 0.19766653099986428 0.50855660000000003 0.17267080745341609 0.32392686804451509 0.54215044215044228 0.58975797000000008 0.77032967032967048 0.38148742643124672 0.16454472199838838 0.55478841589658134 0.64184385875562355 0.65017378081894217 13.867707500000002 0.77206694790028141 0.60002258355916904 0.51641214832975624 0.61731159557246518 0.40936473165388826 0.47838471588471593 0.39075681500000009 7.1046948500000005 0.23845060412224592
decision_type=2 2 2 2 2 2 2 2 2 2 2 2 2 2 2 2 2 2 2 2 2 2 2 2 2 2 2 2 2 2
left_child=3 2 6 -1 -5 7 8 13 -2 10 11 12 -10 17 15 18 -16 -6 -15 -20 21 22 23 -19 25 -24 29 -28 -29 -26
right_child=1 -3 -4 4 5 -7 -8 -9 9 -11 -12 -13 -14 14 16 -17 -18 20 19 -21 -22 -23 24 -25 26 -27 27 28 -30 -31
leaf_value=-0.054360506562653892 -0.042363721141574273 0.045506524887841543 -0.10901417230521025 0.075587394519468623 -0.057407702381282066 -0.042107752476037791 0.040245145420054883 0.027054671802775262 0.015015817003758753 -0.058472467871583868 0.044506119711903852 0.018304509605376773 -0.10106279397947407 0.015414975557877153 -0.12395938651750105 -0.043135334944900523 0.0077467844850273183 -0.016415548346517459 -0.19402348844983131 -0.020339081793461472 -0.11139519793723558 0.034352940616917502 -0.051986208769663748 0.035679622967471028 0.0015061566016340115 0.035859819421032141 0.013818366718496393 -0.049411935318307669 0.0072159027340319695 0.050671013531656199
leaf_weight=7.4106056636665008 5.4427607678808263 277.03611197974533 3.421908108630304 4.5537887872487763 5.1650912676705039 9.2002202120784187 28.970550120051485 35.045179637672845 1.9472385936533161 2.5208359166717846 13.113826740649527 12.873716558853628 2.5554359970847145 24.26496618567035 1.6707080453634251 33.818022264633328 172.91227096790681 15.821302777680101 0.79451049337512714 3.4571634797030129 1.1109907377103798 34.722759848111309 23.017801431880798 45.834376768412767 16.352907512482489 11.723014070506904 106.88255438077613 19.476936225721147 46.751360938360449 18.816366403538268
leaf_count=13558 811 2240 317 138 2442 4501 188 170 21 1953 593 41 28 1126 7 16558 2196 2405 51 153 16 803 1304 1023 801 165 1231 1346 641 157
internal_value=0.0173707 0.0391286 0.0141883 0.00552171 0.00622454 0.00572064 0.020441 0.00643308 0.00552084 0.0134159 0.0193594 0.000381376 -0.0508631 0.00519262 -0.000746094 -0.0210024 0.00648639 0.00926287 0.00524517 -0.0527955 0.0102742 0.0106724 0.00797367 0.0223116 0.00433606 -0.0223433 0.00878613 0.00492114 -0.00943766 0.0278105
internal_weight=986.685 347.882 70.8463 638.803 631.392 626.839 67.4244 617.638 38.4538 33.0111 30.4902 17.3764 4.50267 582.593 236.918 62.3347 174.583 345.675 28.5166 4.25167 340.51 339.399 304.677 61.6557 243.021 34.7408 208.28 173.111 66.2283 35.1693
internal_count=56984 6192 3952 50792 37234 37096 3635 32595 3447 2636 683 90 49 32425 20091 17888 2203 12334 1330 204 9892 9876 9073 3428 5645 1469 4176 3218 1987 958
is_linear=0
shrinkage=0.05


Tree=100
num_leaves=31
num_cat=0
split_feature=11 0 18 1 17 13 24 7 0 7 5 2 7 0 7 8 1 0 17 17 1 24 24 24 0 14 17 3 24 2
split_gain=74.4309 31.2924 11.6664 10.3799 10.9158 8.75188 9.73035 7.23134 7.1461 86.1333 31.5249 7.52527 6.90749 6.87646 8.19802 17.6523 11.3134 10.4181 9.5315 27.1314 9.63865 21.6607 8.70791 10.5443 11.0886 7.96095 34.1801 7.23078 8.19721 6.35604
threshold=1.0000000180025095e-35 3.9404113500000006 1.0000000180025095e-35 0.24048192771084337 0.17267080745341609 1.0000000180025095e-35 0.81824298000000006 0.26365441906653431 8.3934425000000008 0.55488621151271766 0.23611111111111113 0.56691542288557228 0.18983268983268978 20.257357000000003 0.29459980713596917 0.64747307373653695 0.44575163398692813 5.4515390000000012 0.18898809523809523 0.12916666666666668 0.94893524554541508 0.85116190000000003 0.79197404000000016 0.62232997500000009 14.356017000000003 1.0000000180025095e-35 0.13563218390804596 0.50717719780219783 0.85911767500000014 0.33137254901960794
decision_type=2 2 2 2 2 2 2 2 2 2 2 2 2 2 2 2 2 2 2 2 2 2 2 2 2 2 2 2 2 2
left_child=1 3 5 4 12 13 -7 -5 9 11 -11 -3 -1 14 25 16 17 -16 19 20 21 22 23 24 -17 26 -2 28 -27 -6
right_child=2 8 -4 7 29 6 -8 -9 -10 10 -12 -13 -14 -15 15 18 -18 -19 -20 -21 -22 -23 -24 -25 -26 27 -28 -29 -30 -31
leaf_value=-0.041493499380153072 -0.093797879285152916 0.043620795251339939 -0.050020498940397798 0.031025585866079487 -0.072346469687461931 -0.078786069818985921 0.032432415826085997 -0.041124175713123823 0.047301255489079132 -0.09426562674715204 -0.45527300053416991 -0.0470387268192781 -0.14325240003358056 0.038608172598951412 -0.070074221946676271 -0.050512978219277894 -0.055840763318685593 0.0093086497503509502 0.015071258519449227 -0.19972685090049677 0.030691860207693718 -0.26042072424865526 -0.06499396308182219 0.012513262067546339 -0.5634014969210267 -0.00049628138786260033 0.013088620849158326 0.03927105308644234 0.071606251069177937 0.038223125150101164
leaf_weight=3.7309180713782535 7.6639742361439849 58.304269255764666 8.1562585479114187 15.272367255645806 1.8582089152623664 5.6163743649231019 3.0262408105481882 4.4950220996111048 238.09301556413993 1.2889976096939784 1.1391710415482519 2.382475880382116 3.0156687772832811 21.506597951054573 5.0570634664327399 0.30243557656650466 18.329234404576709 22.620929930417333 146.0628610807471 1.8502916572906531 13.186703707440754 0.92114750749897112 5.9255151686666059 15.991547735524362 0.16174137592315674 28.612308249546913 310.60320289217634 52.35006613159203 4.5717393676750353 4.3246185352327302
leaf_count=58 768 472 21993 251 779 2920 457 2180 2008 21 23 45 38 71 496 127 9154 373 3141 68 107 10 50 424 2 1648 8070 616 4 275
internal_value=0.0189956 0.038293 0.00941452 -0.00816487 -0.0429985 0.0101442 -0.0398425 0.014619 0.0433361 0.0283779 -0.263632 0.0400616 -0.0869789 0.010803 0.00986015 0.00233454 -0.0253725 -0.00519544 0.00924727 -0.0129406 -0.00346898 -0.0228004 -0.0130207 0.00569432 -0.229228 0.0141543 0.0105148 0.0276966 0.00943723 0.00499215
internal_weight=1006.42 333.905 672.516 32.6968 12.9294 664.36 8.64262 19.7674 301.208 63.1149 2.42817 60.6867 6.74659 655.717 634.211 230.409 46.0072 27.678 184.402 38.3394 36.4891 23.3024 22.3812 16.4557 0.464177 403.801 318.267 85.5341 33.184 6.18283
internal_count=56649 6150 50499 3581 1150 28506 3377 2431 2569 561 44 517 96 25129 25058 13952 10023 869 3929 788 720 613 603 553 129 11106 8838 2268 1652 1054
is_linear=0
shrinkage=0.05


Tree=101
num_leaves=31
num_cat=0
split_feature=11 0 18 1 17 13 24 0 6 0 24 7 0 7 8 1 0 17 17 3 0 4 14 17 3 24 4 4 2 0
split_gain=72.4676 30.0185 10.9523 9.59023 9.96453 8.07644 9.10431 7.03694 94.1169 51.5739 6.76224 6.64612 6.54553 7.40654 16.2982 10.9336 9.83411 8.6319 23.0229 8.85909 11.629 16.7895 7.31689 31.5994 6.74873 7.53895 6.14478 6.0313 5.94514 5.89899
threshold=1.0000000180025095e-35 3.9404113500000006 1.0000000180025095e-35 0.24048192771084337 0.17267080745341609 1.0000000180025095e-35 0.81824298000000006 8.3934425000000008 0.19090909090909094 7.0608310500000009 0.18344868 0.26365441906653431 20.257357000000003 0.29459980713596917 0.64747307373653695 0.44575163398692813 5.4515390000000012 0.18898809523809523 0.12916666666666668 0.95372534969678213 11.521996000000003 0.93642247510668575 1.0000000180025095e-35 0.13563218390804596 0.50717719780219783 0.85911767500000014 0.77206694790028141 0.93461748978990367 0.33137254901960794 5.0088807000000006
decision_type=2 2 2 2 2 2 2 2 2 2 2 2 2 2 2 2 2 2 2 2 2 2 2 2 2 2 2 2 2 2
left_child=1 3 5 4 10 12 -7 8 -3 -10 -1 -5 13 22 15 16 -15 18 19 20 21 27 23 -2 25 -24 -19 -16 -6 -25
right_child=2 7 -4 11 28 6 -8 -9 9 -11 -12 -13 -14 14 17 -17 -18 26 -20 -21 -22 -23 24 29 -26 -27 -28 -29 -30 -31
leaf_value=0.023491544521529972 -0.0916694942174969 0.042393927793626426 -0.050019499639331944 0.030084050819678076 -0.071542582309588626 -0.077466873905271377 0.031397465391746052 0.04713680248216276 -0.11341250874547726 -0.56791780186517105 -0.10770477898738545 -0.039587359542996678 0.037964311202587031 -0.069705248005548601 -0.077886273247696633 -0.055612584214790428 0.0088852877571472498 -0.05454924155231259 -0.17941487310691623 0.042109552772294813 -0.0014355917134254569 -0.22144250901049381 -0.00047142217479311524 0.037796800711409902 0.037918062078215936 0.069156288371849339 0.016010126029356381 0.05472522425186474 0.03728930743915488 0.010616556317520781
leaf_weight=1.1985521083406618 7.4552156391728195 57.800326204582234 7.7586242672987273 14.970638317783598 1.7869447857810881 5.4311359231360239 2.9711287105455995 227.25156981311738 2.2342107107033367 0.86611493211239565 5.440326904761605 4.4375588018697263 20.795945670455694 4.8352451250830226 2.1464116597489946 17.505071487394162 22.516560743039008 3.1544105098000719 1.953908454888732 8.3112821342656371 22.948840712138917 1.5615223788190631 28.615022819547448 21.452041388838552 51.528427676676074 4.4988593261223278 141.40561941999476 1.4277353286743166 4.2141256824688753 287.45995697908802
leaf_count=9 768 474 21993 251 779 2920 457 2008 69 18 87 2180 71 496 474 9154 373 1466 68 32 191 22 1648 964 616 4 1675 1 275 7106
internal_value=0.0184404 0.0379863 0.00903925 -0.00791896 -0.0418114 0.00973565 -0.0389713 0.0430919 0.0279983 -0.240384 -0.0840192 0.0141541 0.0103657 0.00945289 0.0022524 -0.024756 -0.00500793 0.00887596 -0.0122126 -0.00323639 -0.016656 -0.0846687 0.0135426 0.0100492 0.0266001 0.00898821 0.0144705 -0.024913 0.00488233 0.0125041
internal_weight=985.933 320.2 665.733 32.0481 12.6399 657.974 8.40226 288.152 60.9007 3.10033 6.63888 19.4082 649.572 628.776 227.767 44.8569 27.3518 182.91 38.3497 36.3958 28.0845 5.13567 401.01 316.367 84.6423 33.1139 144.56 3.57415 6.00107 308.912
internal_count=56649 6150 50499 3581 1150 28506 3377 2569 561 87 96 2431 25129 25058 13952 10023 869 3929 788 720 688 497 11106 8838 2268 1652 3141 475 1054 8070
is_linear=0
shrinkage=0.05


Tree=102
num_leaves=31
num_cat=0
split_feature=11 0 18 3 13 0 7 1 2 6 8 17 0 2 0 7 8 1 0 17 17 1 24 5 24 2 1 14 17 24
split_gain=70.4671 28.8147 10.2867 9.10734 7.45294 8.55962 6.83006 8.85581 6.63115 95.9805 54.5961 47.7047 32.3459 6.44531 6.11645 7.15386 15.0472 10.5583 9.28686 7.85608 19.7046 8.34615 16.6841 7.55401 9.56979 12.3818 8.48886 6.92064 29.3543 5.99019
threshold=1.0000000180025095e-35 4.2933065000000008 1.0000000180025095e-35 0.48895202020202028 1.0000000180025095e-35 14.095970500000002 0.26365441906653431 0.22361111111111107 0.77849927849927869 0.15476190476190474 0.59053651266766027 0.93750000000000011 8.8459605000000021 0.23904761904761909 20.257357000000003 0.29459980713596917 0.64747307373653695 0.44575163398692813 5.4515390000000012 0.18898809523809523 0.12916666666666668 0.94893524554541508 0.83046269500000014 0.17424242424242423 0.79428150000000008 0.91734972677595616 0.87695265561163194 1.0000000180025095e-35 0.13563218390804596 0.44622616000000009
decision_type=2 2 2 2 2 2 2 2 2 2 2 2 2 2 2 2 2 2 2 2 2 2 2 2 2 2 2 2 2 2
left_child=1 3 4 -1 13 -6 7 -5 9 -3 11 -11 -12 -2 15 27 17 18 -17 20 21 22 23 -18 25 26 -25 28 -15 -30
right_child=2 8 -4 6 5 -7 -8 -9 -10 10 12 -13 -14 14 -16 16 19 -19 -20 -21 -22 -23 -24 24 -26 -27 -28 -29 29 -31
leaf_value=-0.052954765201979115 -0.099112661481917552 0.045490389594984117 -0.050018547419548282 -0.043447834091248014 -0.075981251579091177 0.031037298838940144 -0.044734503967988254 0.038267817894656331 0.049000515634394809 -0.16845703684891619 -0.24178943928968821 -0.75900673713636846 0.019104395147476843 -0.08956441669089589 0.037308958861296641 -0.069362105828744372 0.036852002036861939 -0.0553689179411333 0.0084792554873319038 0.013919731602590114 -0.16255807808935335 0.029508896154200145 -0.12786156376314275 -0.05107763125301662 -0.14142777667089929 0.0085546341215811152 -0.30326477369672938 0.026127946497009388 0.0044656496119918759 0.01853597134024423
leaf_weight=7.9887714211945413 1.3518906422541466 96.043404285766883 7.3803686185274264 4.1878305854334092 5.2794584809162171 2.8918812271440402 4.8724989751585772 15.918370027357012 171.63035675260471 0.76669889736513031 1.8888956318260168 0.61730686947703362 3.2019275845959783 7.2424262709100722 20.120456771925092 4.6216039943974492 7.2279245868849165 16.722802582691656 22.417629240779206 142.79802357044537 2.046133514144457 12.73660705675138 3.1486518200545097 0.84862938264268339 1.5995268433180161 10.041635025059803 0.54992770403623581 83.475639280077303 136.19924299119157 170.13470570481149
leaf_count=1128 339 847 21993 159 3215 162 2139 184 1584 36 31 13 29 735 71 496 85 9154 373 3141 68 107 29 419 21 55 4 2189 3005 4838
internal_value=0.0178997 0.0376795 0.0086793 -0.00648528 0.0093443 -0.0381068 0.00837675 0.0212476 0.0429905 0.0329289 -0.1534 -0.431859 -0.0776975 0.00994705 0.0101767 0.00929878 0.00217065 -0.0241397 -0.00482556 0.00853205 -0.0116085 -0.0030653 -0.0207831 -0.00414805 -0.0268744 -0.010858 -0.15024 0.0133338 0.00992794 0.0122802
internal_weight=965.951 307.116 658.835 32.9675 651.455 8.17134 24.9787 20.1062 274.149 102.518 6.47483 1.38401 5.09082 643.283 641.932 621.811 224.759 43.762 27.0392 180.997 38.199 36.1529 23.4163 20.2676 13.0397 11.4402 1.39856 397.052 313.576 306.334
internal_count=56649 6150 50499 3610 28506 3377 2482 343 2540 956 109 49 60 25129 24790 24719 13952 10023 869 3929 788 720 613 584 499 478 423 10767 8578 7843
is_linear=0
shrinkage=0.05


Tree=103
num_leaves=31
num_cat=0
split_feature=11 0 18 3 13 24 2 6 8 0 7 4 24 0 7 8 2 0 17 17 3 0 6 14 17 4 3 3 24 0
split_gain=68.4555 27.7538 9.66428 8.27252 6.87847 8.04249 6.59325 82.6199 71.2102 33.2297 6.26305 6.22592 5.87461 5.66879 7.08519 13.8204 9.93921 8.26615 7.12534 17.0365 7.87133 9.42375 12.1577 6.0049 25.9488 5.71932 5.97122 5.62871 6.61315 5.50452
threshold=1.0000000180025095e-35 4.2933065000000008 1.0000000180025095e-35 0.48895202020202028 1.0000000180025095e-35 0.81824298000000006 0.77849927849927869 0.15476190476190474 0.56773440106773454 8.8459605000000021 0.26365441906653431 0.53660873440285217 1.0000000180025095e-35 20.257357000000003 0.29459980713596917 0.64747307373653695 0.55625879043600579 5.4515390000000012 0.18898809523809523 0.12916666666666668 0.95372534969678213 11.521996000000003 0.19090909090909094 1.0000000180025095e-35 0.13563218390804596 0.77206694790028141 0.69330627015715718 0.50717719780219783 0.85911767500000014 5.0088807000000006
decision_type=2 2 2 2 2 2 2 2 2 2 2 2 2 2 2 2 2 2 2 2 2 2 2 2 2 2 2 2 2 2
left_child=1 3 4 -1 11 -6 7 -3 -9 -10 -5 -2 -13 14 23 16 17 -16 19 20 21 22 -17 24 -14 -20 -27 28 -25 -26
right_child=2 6 -4 10 5 -7 -8 8 9 -11 -12 12 13 -15 15 18 -18 -19 25 -21 -22 -23 -24 27 29 26 -28 -29 -30 -31
leaf_value=-0.050580512774885379 -0.063021316814615702 0.045203996339045621 -0.050017643669294468 0.020606212364709123 -0.074853688229317816 0.030072600950057822 0.048914560637318596 -0.47541061283954877 -0.23056176974121556 0.024740099219847461 -0.042978210584495496 -0.1003451728549199 -0.086718531955473646 0.036642516214822014 -0.068127926282270809 0.053992679986204696 -0.058852368212876788 0.0046141814675241003 -0.054410198635289155 -0.14863925093212524 0.041169037610988238 -0.0015452801623069851 -0.12166420679994334 6.1820936188360695e-05 0.037078345092797914 0.046928389634010248 0.011483355458005925 0.035762428769333665 0.066087464421243039 0.010425058652843787
leaf_weight=7.9467081767070331 2.9425025187665588 91.923710095114075 7.0205475415277752 19.716797542234421 5.0990214285993707 2.8453368735790718 163.53959752753144 1.2462687574006839 1.89411703699443 3.8965428750962019 4.8194337221798369 1.2065737009979773 6.7702477801649357 19.478512141853571 4.647878629271875 1.3267642196733529 13.54729851556476 24.449649886228144 3.0467181201383928 2.123692301218397 7.9030903862440018 22.797051936562639 3.8247033202787861 27.969736426050076 20.802098095300607 13.127196992689276 125.27094791282434 50.154554583597928 4.38737036474049 281.63113035372226
leaf_count=1128 1636 847 21993 343 2920 457 1584 39 38 32 2139 13 667 71 561 5 8743 685 1466 68 32 191 492 1386 729 112 1563 570 4 6135
internal_value=0.0173675 0.0373553 0.00832953 -0.00624299 0.00896427 -0.0372735 0.0427504 0.0325636 -0.132558 -0.0587688 0.00811689 0.00954056 0.00987708 0.0100871 0.00924435 0.00210951 -0.0234759 -0.00700524 0.00819068 -0.0110394 -0.00288855 -0.0153469 -0.0764236 0.0132891 0.0100912 0.0133536 0.0148454 0.0252731 0.00901438 0.0122583
internal_weight=947.356 294.983 652.373 32.4829 645.352 7.94436 262.5 98.9606 7.03693 5.79066 24.5362 637.408 634.465 633.259 613.78 222.065 42.6448 29.0975 179.42 37.9753 35.8516 27.9485 5.15147 391.715 309.203 141.445 138.398 82.5117 32.3571 302.433
internal_count=56649 6150 50499 3610 28506 3377 2540 956 109 70 2482 25129 23493 23480 23409 13918 9989 1246 3929 788 720 688 497 9491 7531 3141 1675 1960 1390 6864
is_linear=0
shrinkage=0.05


Tree=104
num_leaves=31
num_cat=0
split_feature=11 2 6 8 17 17 7 18 10 4 2 3 7 13 7 24 11 11 21 20 1 7 8 3 3 9 3 7 2 7
split_gain=66.3603 19.3096 64.2461 41.235 38.4734 13.2182 12.7526 9.08347 8.80172 8.60738 6.49 6.06867 7.30359 5.63827 7.42111 5.39251 5.19517 37.9152 12.4062 8.74578 6.47617 8.24199 6.31542 8.99915 6.58601 9.88456 12.7543 9.90342 26.9251 9.52305
threshold=1.0000000180025095e-35 0.77849927849927869 0.15476190476190474 0.56773440106773454 0.93750000000000011 0.93750000000000011 0.63224516988674229 1.0000000180025095e-35 1.0000000180025095e-35 0.64184385875562355 0.27072835547411828 0.53660873440285217 0.27334993773349942 1.0000000180025095e-35 0.93582704186684984 1.0000000180025095e-35 363.50000000000006 365.50000000000006 1.0000000180025095e-35 1.0000000180025095e-35 0.21654184304786719 0.1719211822660098 0.29217479674796748 0.4017585267585268 0.45663342830009507 1.0000000180025095e-35 0.47505656108597288 0.23606811145510834 0.38034960819770952 0.25677655677655681
decision_type=2 2 2 2 2 2 2 2 2 2 2 2 2 2 2 2 2 2 2 2 2 2 2 2 2 2 2 2 2 2
left_child=1 2 5 4 -4 8 -5 10 9 11 -2 -1 -13 15 -15 -12 18 -18 19 -17 -19 -22 -23 -24 -25 26 -26 28 -27 -29
right_child=7 -3 3 6 -6 -7 -8 -9 -10 -11 13 12 -14 14 -16 16 17 20 -20 -21 21 22 23 24 25 27 -28 29 -30 -31
leaf_value=-0.047129905653309372 -0.052560560751094158 0.048825346464400163 -0.11774144958852095 -0.010311896439153173 -0.60372023728689861 0.046100596564680164 -0.17745598021358919 -0.050016781746463748 0.052657481283252587 0.023124360114407466 -0.095679730495382656 0.036024583675032494 -0.070192586800202808 -0.074082167102213298 0.029875544000179433 0.0077705135849994653 0.049266527960084877 0.020949035845270622 -0.053291221606838947 -0.053356347566617279 -0.072747106901078801 0.027969094209187695 -0.10640690294764613 0.031466601809687821 -0.43139062900835201 -0.090305007802932283 -0.045527189078752167 0.031002587132452082 0.00045907773508216529 0.0025326179304170347
leaf_weight=10.789747963746779 4.3082993590505785 155.84085631452035 0.88038276441329688 4.0397440209344495 0.75780889764428139 66.939002872444689 1.5904738968238232 6.6782634534465606 10.94960133731365 22.86876969896548 1.2157227527350176 6.4124287212325708 2.1647589450099076 4.5304918599285875 2.7640733262524009 181.74438573908992 61.165895487181842 65.958914308983367 9.322617404337505 6.0462704781966741 3.4890534204896531 26.252986556559335 1.8909258085186582 18.961574721499346 0.22116024885326524 10.007689912250497 6.7617426335345954 36.313721943413839 44.518792183604091 153.66775246715406
leaf_count=1620 1300 1584 40 54 10 635 23 21993 60 809 13 113 1202 3153 73 9814 274 967 4785 4628 115 237 20 129 7 143 1039 85 98 1626
internal_value=0.0168433 0.0370217 0.0225822 -0.121768 -0.34255 0.0313165 -0.0575282 0.00799377 0.0127091 0.00235253 0.00859991 -0.0221752 0.0092169 0.00901497 -0.0346903 0.00952301 0.00972721 0.0128132 0.00300754 0.00580242 0.00675495 0.00365574 0.0045485 0.00229083 0.00305082 0.000908361 -0.0577481 0.00258353 -0.0161996 0.00797447
internal_weight=929.054 283.234 127.393 7.26841 1.63819 120.124 5.63022 645.82 53.1853 42.2357 639.142 19.3669 8.57719 634.834 7.29457 627.539 626.323 429.21 197.113 187.791 368.044 302.085 298.596 272.343 270.452 251.491 6.9829 244.508 54.5265 189.981
internal_count=56649 6150 4566 127 50 4439 77 50499 3804 3744 28506 2935 1315 27206 3226 23980 23967 4740 19227 14442 4466 3499 3384 3147 3127 2998 1046 1952 241 1711
is_linear=0
shrinkage=0.05


Tree=105
num_leaves=31
num_cat=0
split_feature=11 0 24 6 5 24 24 8 4 6 19 0 11 11 11 8 24 7 7 24 3 24 24 8 0 0 0 3 1 24
split_gain=69.1444 23.2439 11.8815 10.1989 40.2846 20.7683 19.3031 23.7594 9.45531 23.7044 8.08992 7.7985 8.76668 13.4577 17.8113 9.22721 7.97578 14.2629 17.7895 17.2212 12.0371 11.3144 9.04492 12.0112 12.6487 7.78038 7.71049 7.56609 14.6507 7.31784
threshold=1.0000000180025095e-35 7.2569232000000001 0.49399723000000001 0.77500000000000013 0.64583333333333337 0.78216355000000015 0.78462447000000013 0.93908472479901051 0.77206694790028141 1.0000000180025095e-35 1.0000000180025095e-35 2.2653307000000003 368.50000000000006 363.50000000000006 2.5000000000000004 0.4624765478424015 0.25781440000000005 0.21304964539007087 0.15047169811320751 0.32595308000000006 0.59667184310103927 0.54156935000000017 0.29658467500000008 0.36127844712182072 8.9970155000000016 5.9449322000000011 5.1472082500000012 0.42374014874014876 0.23845060412224592 0.28697551500000001
decision_type=2 2 2 2 2 2 2 2 2 2 2 2 2 2 2 2 2 2 2 2 2 2 2 2 2 2 2 2 2 2
left_child=1 2 27 4 5 8 7 -7 9 11 -8 -2 13 14 -13 16 -14 18 -18 -19 22 26 29 24 -24 -4 -21 28 -1 -20
right_child=3 -3 25 -5 -6 6 10 -9 -10 -11 -12 12 15 -15 -16 -17 17 19 20 21 -22 -23 23 -25 -26 -27 -28 -29 -30 -31
leaf_value=-0.034079314509426313 -0.05485257314798625 0.044842748245480346 -0.014126913841185371 0.018717912055186432 -0.52698921116445119 -0.050471700383033863 -0.029381546364110601 -0.83844560226053721 0.019815007378126328 -0.058660319827893992 -0.16558790773092363 0.013090282182041751 0.015550591077990804 0.041339677771062955 -0.053187339721714882 -0.092736808876661747 0.024231313962303533 -0.092119708666224681 -0.064886318826430534 -0.059935431945831064 -0.20887744195546706 -0.064772482249893321 -0.063803383596129401 -0.11332518825368416 0.022693689936222398 -0.11499293509364344 0.019403265082330687 0.023089484267550395 -0.53117986474912826 0.037712438721395847
leaf_weight=1.1513766695716174 5.3366045481234314 213.12891740305349 8.1009806201418524 142.05538618486025 0.35762238115421396 0.22137687877693935 21.847029619515528 0.16846437676576898 100.00233764461882 15.203663657142895 1.1474136984325003 103.3981542737165 58.566795489110518 36.814945692312904 11.238599267424432 2.7067068157484746 11.861071487801381 4.2545180305605745 2.5477587946807017 3.2018195178825399 1.1067825342179265 4.6138234281388568 12.953929600800626 6.6992559625650747 6.2733346950262776 2.5024083583848542 70.292065038869623 51.550938501532073 0.17012204375350837 5.4678654390736483
leaf_count=223 12713 2226 2490 1881 17 193 5497 5 6034 10205 99 1971 535 125 9313 31 277 127 73 142 10 141 633 134 16 35 371 1144 6 22
internal_value=0.016102 0.0369327 0.0103737 0.00693192 0.00348894 0.00387935 -0.0420932 -0.390983 0.00620355 0.00244896 -0.0361782 0.00512387 0.00605975 0.015039 0.00659265 -0.00107721 0.000243576 -0.00669127 -0.0286978 0.00584272 -0.0466098 0.0111787 -0.0413186 -0.0556702 -0.0355817 -0.0379314 0.0159468 0.0200611 -0.0980731 0.00510152
internal_weight=904.942 276.605 63.4758 628.337 486.282 485.924 23.3843 0.389841 462.54 362.538 22.9944 347.334 341.997 151.452 114.637 190.546 187.839 129.272 46.91 82.3622 35.0489 78.1077 33.9421 25.9265 19.2273 10.6034 73.4939 52.8724 1.3215 8.01562
internal_count=56689 6124 3898 50565 48684 48667 5794 198 42873 36839 5596 26634 13921 11409 11284 2512 2481 1946 1165 781 888 654 878 783 649 2525 513 1373 229 95
is_linear=0
shrinkage=0.05


Tree=106
num_leaves=31
num_cat=0
split_feature=11 0 24 8 24 24 4 4 6 0 11 11 11 8 24 7 7 24 24 24 8 0 4 0 2 3 0 24 2 0
split_gain=66.0413 22.9932 10.7563 9.453 67.6496 12.2706 34.0699 10.7879 22.3822 7.3709 8.05605 12.7684 16.701 8.54688 7.25617 13.022 16.3121 16.0618 10.3853 10.2383 14.0805 10.4169 7.22333 7.16635 7.28265 7.93313 23.2049 16.4125 6.74336 48.9908
threshold=1.0000000180025095e-35 7.2569232000000001 0.49399723000000001 0.9457002457002458 0.90917380000000014 0.78216355000000015 0.95309409888357266 0.77206694790028141 1.0000000180025095e-35 2.2653307000000003 368.50000000000006 363.50000000000006 2.5000000000000004 0.4624765478424015 0.25781440000000005 0.21304964539007087 0.15047169811320751 0.32595308000000006 0.54156935000000017 0.29658467500000008 0.36127844712182072 9.1335040000000003 0.58374600677232269 5.1472082500000012 0.39052425007008695 0.49086170055997647 8.7550145000000033 0.38047469000000006 0.40238095238095245 6.6107655000000003
decision_type=2 2 2 2 2 2 2 2 2 2 2 2 2 2 2 2 2 2 2 2 2 2 2 2 2 2 2 2 2 2
left_child=1 2 22 4 5 6 7 8 9 -2 11 12 -11 14 -12 16 -16 -17 23 -18 21 -21 -1 -19 -25 -26 27 -27 -4 -30
right_child=3 -3 28 -5 -6 -7 -8 -9 -10 10 13 -13 -14 -15 15 17 19 18 -20 20 -22 -23 -24 24 25 26 -28 -29 29 -31
leaf_value=-0.029756723198508223 -0.054889433918191594 0.044569603804784662 -0.0015100131285210559 0.017951837052873947 -0.71494605655555743 -0.02919560316050316 -0.33101561687542558 0.021501910759823092 -0.058473704509141737 0.012509718663326237 0.014857966673704683 0.040637626574418273 -0.053113768306770337 -0.090354517557369673 0.023077066218834791 -0.090727242855890303 0.0049222941551324848 -0.059439805158743843 -0.062725113918731687 -0.056491452003199744 -0.11881893524412018 0.03333469771358516 0.026401873883184192 0.03228097156526509 0.034472430422223067 -0.0055611592054851597 0.016916596142951958 -0.1775029844495104 -0.060649205578735099 -1.3536968896076196
leaf_weight=6.5483874413475851 5.073013247747439 203.94597551785409 6.144330444862133 143.0139275209367 0.32761429087258775 26.61943590224837 0.7498226457828413 92.67576165216451 14.50717150994751 102.80252426062361 58.240660602546996 35.609254861657973 10.704924979479982 2.640843246219446 11.832368335570207 4.1075564327184102 7.9280854136741246 3.0704175760329226 4.5284292950236695 15.174415552493889 7.3259648852981618 4.0994872953742734 45.58862809362472 40.614007545838831 10.395111686579186 2.4160799980163601 12.941955104470251 3.2612349157279823 4.4808771997927579 0.074470447376370319
leaf_count=724 12713 2226 1362 1822 20 5855 47 5982 10205 1971 535 125 9313 31 277 127 95 142 141 640 141 12 649 280 19 13 20 39 1155 8
internal_value=0.0156174 0.0364218 0.00997692 0.00667488 0.0032984 0.00379138 0.00573967 0.00630086 0.00235775 0.00493237 0.00583105 0.0145157 0.00632075 -0.0010363 0.000232285 -0.00643836 -0.0275872 0.00561635 0.0107407 -0.0449493 -0.0598136 -0.0373858 0.0193484 0.0153169 0.0186134 -0.000518245 -0.0200535 -0.10433 -0.035688 -0.0817878
internal_weight=887.443 266.783 62.8367 620.66 477.646 477.319 450.699 449.949 357.274 342.766 337.693 149.117 113.507 188.577 185.936 127.695 46.3603 81.3348 77.2272 34.528 26.5999 19.2739 52.137 72.6988 69.6284 29.0144 18.6193 5.67731 10.6997 4.55535
internal_count=56689 6124 3898 50565 48743 48723 42868 42821 36839 26634 13921 11409 11284 2512 2481 1946 1165 781 654 888 793 652 1373 513 371 91 72 52 2525 1163
is_linear=0
shrinkage=0.05


Tree=107
num_leaves=31
num_cat=0
split_feature=11 0 6 0 0 17 6 24 24 2 0 4 4 4 6 8 0 0 11 11 11 17 17 8 2 22 7 1 0 0
split_gain=63.1082 22.6256 55.6856 41.176 11.5616 9.44488 8.70047 22.807 10.9054 8.52267 10.5762 14.5331 8.36829 7.88515 21.1366 7.59411 7.02044 6.96798 7.39506 12.0999 15.6653 8.76096 14.117 7.89879 18.4671 10.6777 23.0905 19.0962 9.64405 8.52931
threshold=1.0000000180025095e-35 8.3934425000000008 0.19090909090909094 7.5600453500000002 3.9404113500000006 0.17267080745341609 0.77500000000000013 0.78216355000000015 0.78462447000000013 0.38847429519071314 1.8254656500000002 0.60282165716948344 0.58924880993846518 0.77206694790028141 1.0000000180025095e-35 0.95803990610328671 14.356017000000003 2.2653307000000003 368.50000000000006 363.50000000000006 2.5000000000000004 1.0000000180025095e-35 0.26491228070175449 0.27334993773349942 0.35859165709911983 1.0000000180025095e-35 0.23606811145510834 0.23222109875294913 9.2392160000000025 7.6918828500000016
decision_type=2 2 2 2 2 2 2 2 2 2 2 2 2 2 2 2 2 2 2 2 2 2 2 2 2 2 2 2 2 2
left_child=1 2 4 -4 5 9 7 13 16 10 -1 -12 -7 14 17 -10 -9 -2 19 20 -19 -20 -23 -24 -25 26 27 28 -26 -29
right_child=6 -3 3 -5 -6 12 -8 8 15 -11 11 -13 -14 -15 -16 -17 -18 18 21 -21 -22 22 23 24 25 -27 -28 29 -30 -31
leaf_value=0.0068253023315046624 -0.054921422296416403 0.046152064693065202 -0.081973634164114295 -0.51345819892298905 0.038379399749658316 -0.069700136987855266 0.017434676461818496 -0.14171555183194487 -0.035827935636699677 0.01403897064868031 -0.036041865288148144 -0.19659901715761385 0.03908769983510553 0.018317438196641032 -0.058287369250035581 -0.2986752123932801 -0.53088742191652238 0.011951528394846242 0.019261194050494913 0.039920796810096137 -0.053039030191775388 -0.065763055791582453 0.027022941019350506 -0.064454677500107138 -0.077611757686876559 0.013534849340954972 0.008373052385128121 -0.065047789142412438 0.032736952678820153 -0.166124971413699
leaf_weight=3.9594521342078242 4.8228610422374905 174.39574566297233 1.8305404999218802 0.79218514077365387 45.552590088598663 2.0011898006705477 138.84378508520604 0.35466542300128168 23.627462941061825 7.5811461725388645 3.6096097962872591 2.3122777612879872 15.152738629131816 97.815405643064878 13.842658739042234 0.27802919317036767 0.17212284181732684 102.23845597502077 41.504273469618056 34.465510776324663 10.196830333938122 9.4845744831545726 19.227360311022494 12.70955500542186 3.3115554042888125 58.386019707875676 28.655998952279333 3.9223228040937084 4.9242247198708355 4.4607423387060408
leaf_count=58 12713 1987 76 11 470 1590 1881 191 5600 77 37 21 1797 6042 10205 5 7 1971 365 125 9313 229 564 795 78 200 170 73 9 29
internal_value=0.0151448 0.035934 0.0144101 -0.212302 0.021827 4.53495e-05 0.00642603 0.00320411 -0.0438438 -0.0258401 -0.0564361 -0.0987335 0.0263964 0.0057587 0.00227034 -0.0388849 -0.268874 0.00474818 0.00561112 0.0140024 0.00605749 -0.000995407 -0.00679029 -0.00266536 -0.00757062 -0.000596237 -0.0188196 -0.065708 -0.0116336 -0.118832
internal_weight=870.432 257.187 82.7917 2.62273 80.169 34.6164 613.244 474.401 24.4323 17.4625 9.88134 5.92189 17.1539 449.968 352.153 23.9055 0.526788 338.31 333.487 146.901 112.435 186.587 145.082 135.598 116.37 103.661 45.2748 16.6188 8.23578 8.38307
internal_count=56689 6124 4137 87 4050 3580 50565 48684 5803 193 116 58 3387 42881 36839 5605 198 26634 13921 11409 11284 2512 2147 1918 1354 559 359 189 87 102
is_linear=0
shrinkage=0.05


Tree=108
num_leaves=31
num_cat=0
split_feature=11 0 24 8 8 24 4 15 0 3 24 4 7 4 3 0 4 1 4 11 11 11 8 17 17 7 1 24 4 0
split_gain=60.5536 22.2925 10.0837 15.9266 8.02903 35.0343 10.0492 24.5268 12.7061 17.0643 7.97956 9.03967 11.4641 10.4104 6.89426 14.2402 6.38889 5.4487 6.35987 5.31124 13.7183 14.3451 7.62488 7.98337 13.153 8.81405 19.2917 9.5871 8.09219 7.96265
threshold=1.0000000180025095e-35 7.2569232000000001 0.63347155000000011 0.29300813008130083 0.9457002457002458 0.90917380000000014 0.95088225118210146 1.0000000180025095e-35 11.719718000000002 0.95372534969678213 0.78216355000000015 0.79078571335952608 0.38616427432216904 0.77206694790028141 0.4394919497070035 6.664613300000001 0.53660873440285217 0.72613636363636369 0.93642247510668575 368.50000000000006 363.50000000000006 2.5000000000000004 0.4624765478424015 1.0000000180025095e-35 0.17267080745341609 0.21304964539007087 0.23294573643410846 0.54156935000000017 0.69869828314100768 4.832657750000001
decision_type=2 2 2 2 2 2 2 2 2 2 2 2 2 2 2 2 2 2 2 2 2 2 2 2 2 2 2 2 2 2
left_child=1 2 14 -4 5 6 10 8 -8 -10 11 12 16 -14 15 -1 -2 18 -12 20 21 -18 23 29 -25 26 -26 -27 -28 -21
right_child=4 -3 3 -5 -6 -7 7 -9 9 -11 17 -13 13 -15 -16 -17 19 -19 -20 22 -22 -23 -24 24 25 27 28 -29 -30 -31
leaf_value=-0.028381579976998084 -0.060615927194337393 0.044061306172825165 -0.56498324365692154 -0.0551826556975911 0.016685249599843428 -0.39450343748058331 -0.11506518071893679 -0.0045465434593632758 -0.6160979387760166 -0.084888942289950309 -0.038777194984719869 0.02033281625896053 -0.060981153019812051 0.040544763168718516 0.018229980652976617 -0.4697943820421247 0.0093433189844026147 0.0025960311561836918 -0.18721558247139886 -0.029646802746412682 0.040376165496158536 -0.052838932553698426 -0.076734069946120961 -0.091838367997641501 -0.00019323382919361903 0.013322585555030703 -0.076867674348064768 -0.060926614298307882 0.054178898316816299 0.030093669010221216
leaf_weight=3.9120681716740355 3.7576892973738714 186.9552343194373 0.16353613547107615 2.4242401849769522 139.82073878113442 0.55357692822872095 0.99374705459922441 5.3764897529035807 0.37560481064429041 0.25302201193699148 10.799079828953836 86.439522239859798 12.184644838620441 3.1849659751314894 53.935913620286101 0.19166357815265644 104.75633357214974 9.3699500744260131 0.77326946239918548 6.6809649991628239 33.08321030397201 10.175892874161944 3.2400453161826581 4.2265978625800917 44.580716854572529 72.552945997944335 13.76757375700981 4.6246631857502498 1.2882547378540046 33.778925555292517
leaf_count=561 4571 2226 29 808 1822 20 27 29 34 23 5421 5631 10444 270 2497 3 7957 369 10 232 122 11494 264 134 709 522 264 119 1 76
internal_value=0.0146792 0.0355174 0.00917087 -0.0873998 0.00617473 0.00302662 0.0034986 -0.0559631 -0.226356 -0.402287 0.00440475 0.00584535 0.00228653 -0.0399425 0.0134766 -0.0489976 0.00421525 -0.025747 -0.0486959 0.00494737 0.0120046 0.00383781 -0.00070691 0.000650283 -0.00496619 -0.00228245 -0.0167196 0.0088734 -0.0656547 0.020229
internal_weight=854.221 247.583 60.6274 2.58778 606.638 466.818 466.264 6.99886 1.62237 0.628627 459.265 438.323 351.883 15.3696 58.0396 4.10373 336.514 20.9423 11.5723 332.756 148.015 114.932 184.741 181.501 141.041 136.814 59.6365 77.1776 15.0558 40.4599
internal_count=56689 6124 3898 837 50565 48743 48723 113 84 57 48610 42810 37179 10714 3061 564 26465 5800 5431 21894 19573 19451 2321 2057 1749 1615 974 641 265 308
is_linear=0
shrinkage=0.05


Tree=109
num_leaves=31
num_cat=0
split_feature=11 0 6 0 0 17 14 4 6 24 5 24 4 8 0 4 0 4 6 0 4 3 17 17 0 4 24 24 0 3
split_gain=57.6641 22.1681 47.2722 23.5706 11.0358 8.76054 11.7344 7.72106 7.38741 18.8348 13.6128 9.30833 12.7413 7.13579 6.75559 6.05383 6.04287 6.88063 18.6476 6.54858 6.61929 6.3611 7.12993 11.2113 9.57017 6.66677 9.11822 8.72436 7.473 6.0533
threshold=1.0000000180025095e-35 8.3934425000000008 0.19090909090909094 7.5600453500000002 3.9404113500000006 0.17267080745341609 1.0000000180025095e-35 0.58924880993846518 0.77500000000000013 0.78216355000000015 0.64583333333333337 0.81599925000000006 0.94511887851385512 0.32392686804451509 2.2653307000000003 0.54694998154300489 2.6908618500000006 0.77206694790028141 1.0000000180025095e-35 9.2392160000000025 0.62543595578985789 0.46960978835978839 0.070197044334975353 0.13563218390804596 4.6039099500000011 0.62248557216796796 0.30653053500000005 0.43970147500000006 8.6088110000000011 0.48387321490769775
decision_type=2 2 2 2 2 2 2 2 2 2 2 2 2 2 2 2 2 2 2 2 2 2 2 2 2 2 2 2 2 2
left_child=1 2 4 -4 5 6 -1 -7 9 14 11 12 -11 15 -2 -8 -16 18 19 21 -21 25 24 -24 -23 26 -18 -27 -28 -26
right_child=8 -3 3 -5 -6 7 13 -9 -10 10 -12 -13 -14 -15 16 -17 17 -19 -20 20 -22 22 23 -25 29 27 28 -29 -30 -31
leaf_value=-0.12830662860645595 -0.054667603727379332 0.045720878080974227 -0.0791800925191051 -0.38180161143177466 0.037574667950258232 -0.069193256701999217 0.011485245342544711 0.037712863253953254 0.01619295079755886 -0.062138781664410836 -0.27370602005402145 -0.018798084588267767 -0.29337305087722382 0.014699330985293874 0.048043880208528671 -0.10425072771103408 0.036997353789053014 0.016941403168551177 -0.058173918569022626 0.044363012889788271 0.0038370151539293927 -0.036389238286193025 -0.090950857078465133 -0.0052047285984624962 -0.052525172670926691 -0.011829465422741957 -0.063928696228537155 0.049395898674823378 0.031170698615374776 0.025578641930415785
leaf_weight=2.390577815400321 4.6420855665346599 159.57687296532094 1.7726996243409296 1.0100766876712439 42.97788038130966 1.9088022059731908 1.8428335844073451 14.662344501898131 135.84250480661285 3.7823633431398838 0.60489877039799367 19.748788929573493 0.70710255537414912 10.15516707318602 8.3703292677382688 2.9205151440110058 7.0988840713253039 95.845440380770015 12.501555564187582 19.003419137268793 21.447908277390525 8.3538202382187574 3.8999731651565517 169.26400939017185 2.6189983435324384 7.999941254733133 7.2618320830370049 21.338004086428555 2.8870249962783419 47.005392113496782
leaf_count=55 13041 1987 76 11 470 1590 23 1797 1881 2628 9 3147 19 76 1004 39 746 5968 9761 107 133 901 334 7639 76 457 2090 236 31 357
internal_value=0.01421 0.0349681 0.0134227 -0.189024 0.0207526 -0.000586492 -0.0254637 0.0253985 0.00593693 0.0029368 -0.0394185 -0.0335715 -0.0985588 -0.00898389 0.00533076 -0.0594751 0.00597119 0.00514553 0.00172659 0.00408013 0.0228755 0.00134257 -0.00205457 -0.00713589 0.0131219 0.018198 -0.00647093 0.0327008 -0.036876 0.0214566
internal_weight=839.442 239.218 79.6409 2.78278 76.8581 33.8802 17.3091 16.5711 600.224 464.382 24.8432 24.2383 4.48947 14.9185 439.539 4.76335 434.897 426.526 330.681 318.179 40.4513 277.728 231.142 173.164 57.9782 46.5857 17.2477 29.3379 10.1489 49.6244
internal_count=56689 6124 4137 87 4050 3580 193 3387 50565 48684 5803 5794 2647 138 42881 62 29840 28836 22868 13107 240 12867 9307 7973 1334 3560 2867 693 2121 433
is_linear=0
shrinkage=0.05


Tree=110
num_leaves=31
num_cat=0
split_feature=11 0 11 11 11 13 0 21 8 2 3 4 3 0 2 16 0 3 0 20 8 8 17 4 2 4 0 24 24 5
split_gain=60.0134 20.9083 9.89929 25.6029 14.5667 8.44197 7.23809 7.09034 6.34701 13.9719 8.76033 11.9524 6.1948 6.15427 7.13153 15.9993 10.201 7.91937 7.65876 6.12902 5.95995 6.13661 8.44693 8.33054 5.76344 8.45299 15.4664 6.30589 14.0108 10.5114
threshold=1.0000000180025095e-35 4.7112292500000006 360.50000000000006 365.50000000000006 2.5000000000000004 1.0000000180025095e-35 3.9404113500000006 1.0000000180025095e-35 0.39052425007008695 0.39767441860465119 0.58890442307546598 0.64920677001801086 0.57625270731089151 5.0479770000000004 0.38924963924963929 1.0000000180025095e-35 8.0635450000000013 0.53500622471210713 7.1046948500000005 1.0000000180025095e-35 0.42761904761904762 0.29818990155604957 0.32642706131078225 0.63173197213797894 0.85895117540687183 0.64750371348836844 8.4788090000000018 0.79680145000000013 0.85116190000000003 0.61250000000000016
decision_type=2 2 2 2 2 2 2 2 2 2 2 2 2 2 2 2 2 2 2 2 2 2 2 2 2 2 2 2 2 2
left_child=1 7 4 5 6 -4 -2 20 10 -10 12 -12 -5 -8 15 16 18 -17 -15 -16 21 22 23 -1 25 -11 -27 -26 29 -29
right_child=2 -3 3 8 -6 -7 13 -9 9 24 11 -13 -14 14 19 17 -18 -19 -20 -21 -22 -23 -24 -25 27 26 -28 28 -30 -31
leaf_value=-0.04063580069500411 -0.0515785236237081 0.041816650285594115 0.043486936590070337 0.011789481421223305 -0.050078825039387036 -0.02577985867224097 0.027737007171721496 -0.09296276882393549 -0.084673611169719554 0.0071681693110775381 -0.0024395600663958683 -0.12071472862953524 0.04397462312638814 -0.073859692953313183 0.0068210365296756644 0.029706204491739632 0.0040978062112889107 -0.046944735168695823 -0.21530899662801928 -0.054972605040310943 -0.092463174814841328 0.021746739307156624 0.027736019096171557 -0.21408897405927174 0.01778640505208879 -0.094460806195492159 -0.011582417732224268 -0.094545835881132551 0.012270928939184125 -0.014523012681805043
leaf_weight=3.1928312338204696 6.4995704894972723 197.25609830276517 60.76847164100036 121.08213624831114 15.761094202782258 4.7420510302763423 20.652260626404313 1.9070217643893546 4.927673296610009 33.207015568419592 10.092691536090568 2.7094553960778276 17.056569787819171 9.015453644460651 107.00649617631279 12.911520289664624 4.1702714739367357 4.5597727418062268 1.0706092382606573 4.1691060158627797 1.472150285662791 26.241113871572452 3.4897621988784522 0.88385180197656144 64.910529557033442 7.0097369810537193 28.582499751326395 6.0687593721377207 38.533768706809497 12.673227791325189
leaf_count=103 10548 2483 347 2153 30112 19 281 954 87 377 50 48 36 194 1715 77 13 26 13 1091 375 1684 514 9 228 908 2235 38 76 73
internal_value=0.0138913 0.0353334 0.00548759 0.00980534 -0.00409438 0.038473 0.000167568 0.000943425 0.00439087 -0.00154594 0.0120965 -0.0274714 0.0157635 0.00222392 -0.00146321 -0.0223719 -0.0616779 0.00970134 -0.0888742 0.00450376 0.00601946 0.0103079 -0.0293631 -0.0782416 0.000598864 -0.0109764 -0.027905 0.00711652 -0.00497565 -0.0404348
internal_weight=832.624 234.443 598.181 412.365 185.816 65.5105 170.055 37.1867 346.854 195.913 150.941 12.8021 138.139 163.555 142.903 31.7276 14.2563 17.4713 10.0861 111.176 35.2797 33.8076 7.56645 4.07668 190.986 68.7993 35.5922 122.186 57.2758 18.742
internal_count=56867 6122 50745 6675 44070 366 13958 3639 6309 4022 2287 98 2189 3410 3129 323 220 103 207 2806 2685 2310 626 112 3935 3520 3143 415 187 111
is_linear=0
shrinkage=0.05


Tree=111
num_leaves=31
num_cat=0
split_feature=11 0 7 0 7 17 8 24 0 4 8 11 11 11 8 2 13 0 6 6 0 15 4 24 4 0 17 1 7 2
split_gain=57.1939 20.1495 11.2823 9.46341 6.79544 6.76157 8.50377 9.69806 8.81119 7.37716 6.59519 6.43524 22.067 12.7746 8.50579 13.2032 8.22197 6.23567 5.75692 28.6856 23.2147 21.7583 18.8153 7.92533 5.60378 5.57484 10.4512 9.16659 9.27671 8.26779
threshold=1.0000000180025095e-35 4.7112292500000006 0.14962686567164177 3.9404113500000006 0.97530487804878063 0.17267080745341609 0.31851119894598162 0.27592952500000006 2.7299810500000006 0.56853054353054355 0.36127844712182072 360.50000000000006 365.50000000000006 2.5000000000000004 0.39052425007008695 0.39767441860465119 1.0000000180025095e-35 1.8435687000000003 0.41428571428571431 0.087121212121212113 9.8500280000000018 1.0000000180025095e-35 0.85834365886997477 0.54437735500000006 0.97199520475382561 5.6902928000000008 0.17267080745341609 0.23845060412224592 0.22361111111111107 0.39767441860465119
decision_type=2 2 2 2 2 2 2 2 2 2 2 2 2 2 2 2 2 2 2 2 2 2 2 2 2 2 2 2 2 2
left_child=1 5 -2 -4 11 6 9 -8 10 -1 -9 13 16 -5 25 -16 -13 -7 19 -3 21 23 -22 -21 -17 -14 -27 29 -29 -28
right_child=2 18 3 4 -6 17 7 8 -10 -11 -12 12 14 -15 15 24 -18 -19 -20 20 22 -23 -24 -25 -26 26 27 28 -30 -31
leaf_value=-0.010540408139495763 -0.045466469873593623 0.046284266013670083 -0.041469716005351674 0.0029067681107760998 -0.2070193625695049 -0.056902769738378094 0.048398180674015301 0.026453806054825831 -0.13444320649507116 -0.12430353908922165 -0.08666925031793031 0.044086509751146752 0.026861516042988001 -0.05008387689376851 -0.083701274020162905 -0.0010720831255880377 -0.024291827532329804 0.035774906947947376 0.04887368983115279 -0.19022849034893408 -0.11165708600573106 -0.30540158785360122 0.044454529439653868 -0.017671125789904405 0.037362126289607347 -0.084872031906147047 0.036204648607964122 -0.049182308089181448 0.0066833017386983681 -0.027800305449690144
leaf_weight=2.7133063705987324 10.756935104051079 64.053097201627679 10.222945300643913 160.96457626063784 0.37042621945147303 2.0710178734661921 6.2720330134034139 4.3667631356511265 1.7337883274185513 3.0013612860057037 1.8277251408435402 55.243863847106695 58.395740208346979 12.238054693552838 4.7196462978608897 178.88551325894514 4.7763013853691509 14.681222214828265 109.18580804998055 0.87667711262475068 2.4609717181883743 1.1919544101692734 8.9474792587570828 2.761226507340325 10.01480929009267 2.9993788620340629 34.919016091618687 9.7148270266479795 31.608851625365787 5.8976277392066541
leaf_count=47 4492 792 14751 3285 10 2910 13 23 24 38 51 327 689 22346 79 3827 18 533 1491 11 29 10 88 62 17 41 420 178 231 34
internal_value=0.0134464 0.0348344 0.00527244 0.00621189 0.00706594 0.000907142 -0.0187854 0.00194143 -0.0348104 -0.0702892 -0.00692391 0.00720497 0.0107121 -0.000837415 0.00573954 -0.00109826 0.0386451 0.0243175 0.0414 0.0312366 -0.0281197 -0.120001 0.0107789 -0.0592547 0.000965559 0.0149633 0.00680253 0.0101501 -0.0064502 0.0269565
internal_weight=817.873 226.144 591.729 580.972 570.749 36.6672 19.915 14.2003 7.92828 5.71467 6.19449 570.378 397.176 173.203 337.155 193.62 60.0202 16.7522 189.477 80.2914 16.2383 4.82986 11.4085 3.6379 188.9 143.535 85.1397 82.1403 41.3237 40.8166
internal_count=56867 6122 50745 46253 31502 3639 196 111 98 85 74 31492 5861 25631 5516 3923 345 3443 2483 992 200 83 117 73 3844 1593 904 863 409 454
is_linear=0
shrinkage=0.05


Tree=112
num_leaves=31
num_cat=0
split_feature=11 0 7 0 10 7 8 11 11 11 8 2 3 13 6 6 0 0 15 24 0 2 0 1 2 24 8 21 0 24
split_gain=54.9523 19.3385 10.386 8.76959 6.49284 8.50412 6.45495 6.02111 21.0939 12.0258 7.92968 12.3252 8.69948 7.78795 5.75496 27.0835 19.887 20.0934 15.6677 6.72126 5.45501 5.85429 14.4967 13.5553 6.20994 9.18864 5.1551 5.53389 5.09801 17.3525
threshold=1.0000000180025095e-35 4.7112292500000006 0.14962686567164177 3.9404113500000006 1.0000000180025095e-35 0.25677655677655681 0.26365441906653431 360.50000000000006 365.50000000000006 2.5000000000000004 0.39052425007008695 0.39767441860465119 0.58890442307546598 1.0000000180025095e-35 0.41428571428571431 0.087121212121212113 9.8500280000000018 15.115218500000003 1.0000000180025095e-35 0.54437735500000006 5.0479770000000004 0.38924963924963929 7.2569232000000001 0.16247642991829034 0.44136745607333849 0.43970147500000006 0.42761904761904762 1.0000000180025095e-35 13.867707500000002 0.76535454500000011
decision_type=2 2 2 2 2 2 2 2 2 2 2 2 2 2 2 2 2 2 2 2 2 2 2 2 2 2 2 2 2 2
left_child=1 4 -2 -4 5 6 -1 9 13 20 12 -12 -10 -9 15 -3 18 -18 19 -17 -5 22 23 -22 -23 -26 27 -8 29 -27
right_child=2 14 3 7 -6 -7 26 8 10 -11 11 -13 -14 -15 -16 16 17 -19 -20 -21 21 24 -24 -25 25 28 -28 -29 -30 -31
leaf_value=-0.078892001234631137 -0.044170113492075731 0.046064288777466766 -0.04068757896820914 0.026720081246753704 0.054339137185679322 -0.081968417063508381 0.01835083746901707 0.043523052593186187 0.018152755262933289 -0.050079823439669949 -0.082526733304504565 0.00073531597769085346 -0.025465327359767056 -0.022907377121865188 0.048781179123392165 -0.17306812595721874 0.039448612629296075 -0.14235654235657363 -0.25439107455799764 -0.016730341761783032 0.042771575840576913 0.02452694947738189 0.010503852345637589 -0.083308471690363955 -0.13325474564689818 0.0062532825449676871 -0.11554695756207144 -0.094151904060520486 0.011433093733912646 -0.071027796776137755
leaf_weight=2.2807897424208994 10.525032000092322 61.212912473012693 9.9066108960541879 20.354379544529365 4.9025554060935965 3.4186248129803962 23.236471556301701 53.21289932995569 130.01438306558703 11.649506138950526 4.5517402283585389 188.94915015340666 12.533409075695088 4.810805249027907 104.05281964573078 0.91439203480695441 9.5176671058870834 1.808578619500621 1.3545114989392457 2.7704300104505819 2.646760491392345 28.430257414118387 16.964158316026442 10.958064962163915 1.3240255175187474 27.97267920919694 0.80493821934214693 1.1470182480989013 42.466997605282813 9.8113562951621116
leaf_count=590 4492 792 14751 254 7 2259 433 327 1507 22353 79 3846 86 18 1491 11 90 27 10 62 14 94 49 202 18 1710 33 317 143 802
internal_value=0.0130037 0.0344769 0.00505121 0.00594974 0.000884368 -0.00760004 0.00165533 0.00676509 0.0101759 -0.00102326 0.00536901 -0.00122327 0.0143177 0.0380152 0.0410963 0.0307888 -0.0263469 0.0104179 -0.108978 -0.0555257 0.0025279 -0.00097499 -0.0203312 -0.0587801 0.00440384 -0.00260939 0.00894882 0.0130586 -0.000453935 -0.0138142
internal_weight=804.504 217.422 587.082 576.557 35.7904 30.8878 27.4692 566.651 394.072 172.578 336.049 193.501 142.548 58.0237 181.631 77.5785 16.3656 11.3262 5.03933 3.68482 160.929 140.574 30.569 13.6048 110.005 81.5751 25.1884 24.3835 80.251 37.784
internal_count=56867 6122 50745 46253 3639 3632 1373 31502 5863 25639 5518 3925 1593 345 2483 992 200 117 83 73 3286 3032 265 216 2767 2673 783 750 2655 2512
is_linear=0
shrinkage=0.05


Tree=113
num_leaves=31
num_cat=0
split_feature=11 0 7 0 17 8 24 2 8 4 6 0 1 0 18 7 2 11 11 11 8 2 3 3 20 21 4 3 3 3
split_gain=52.6695 18.5922 9.55345 8.12393 6.19296 7.73099 8.79386 8.2996 8.20161 6.78001 5.7485 25.808 15.3908 25.5941 5.67801 5.6172 5.57887 4.82326 20.4477 11.6219 7.55969 11.6148 10.2327 6.00423 5.56045 5.23197 5.20905 5.12868 11.1092 5.84486
threshold=1.0000000180025095e-35 4.7112292500000006 0.14962686567164177 3.9404113500000006 0.17267080745341609 0.31851119894598162 0.27592952500000006 0.3551971326164875 0.36127844712182072 0.54215044215044228 0.41428571428571431 15.407293500000003 0.62432795698924737 11.169662000000001 1.0000000180025095e-35 0.97530487804878063 0.27842377260981921 360.50000000000006 365.50000000000006 2.5000000000000004 0.39052425007008695 0.39767441860465119 0.59806991610585969 0.6233602150537636 1.0000000180025095e-35 1.0000000180025095e-35 0.97199520475382561 0.47721693940734189 0.47966075319016499 0.92722431077694256
decision_type=2 2 2 2 2 2 2 2 2 2 2 2 2 2 2 2 2 2 2 2 2 2 2 2 2 2 2 2 2 2
left_child=1 4 -2 -4 5 9 -7 -8 -9 -1 11 12 -3 -14 -6 16 -5 19 -19 24 22 -22 -20 -24 25 -18 27 -23 -29 -30
right_child=2 10 3 15 14 6 7 8 -10 -11 -12 -13 13 -15 -16 -17 17 18 20 -21 21 26 23 -25 -26 -27 -28 28 29 -31
leaf_value=0.012199950581286867 -0.042852580809952662 0.042064602007715751 -0.039876217653870977 -0.051234113532845751 0.036047812788327513 0.047682823146004 -0.14049807731054331 0.036459318636787204 -0.082196210372007458 -0.1060813124681823 0.048685214559595597 -0.16937686804287644 -0.14642934229717788 0.047129900912132663 -0.050306671393099391 -0.17966278114519821 0.0063465469749205616 0.03814724180470936 0.016796702868690765 -0.050076759825430195 -0.081406167576681079 0.016038876946241985 -0.1041084829262386 0.012989702916402052 -0.054734912019568663 -0.055623813871946808 0.036499452277808556 -0.2365629972656898 -0.011665518841204299 0.0096588010769586476
leaf_weight=1.7866863909293922 10.311746472107187 66.418608931291601 9.6103866253615688 4.1361535252144668 13.626099346322006 5.9399280045181495 1.4627715352689845 3.8770357710309327 2.3325084035377586 3.7636484338727314 99.168352911947295 1.5834366986528028 2.9945886254372445 3.9746774286031723 2.2126661183929164 0.4049718555615972 150.5330606366042 55.728891400620341 134.85186031032936 10.844058884376862 4.3878373579645986 35.237641321997216 2.8350263376196372 1.7833013879426287 4.0045126304466967 3.4847877111023982 9.736143473419359 0.51718788509606284 94.464569541669334 48.700223110572551
leaf_count=25 4492 883 14751 854 71 13 12 17 69 60 1491 21 38 50 3372 10 1369 343 1277 21794 79 419 28 22 1143 739 17 5 3203 200
internal_value=0.0125838 0.0341029 0.00484533 0.00570632 0.000850556 -0.0182704 0.00200898 -0.0333518 -0.00811159 -0.0680059 0.0407864 0.0303383 0.0346475 -0.0360396 0.0239841 0.00648628 0.00662059 0.00705013 0.0101184 -4.10988e-06 0.00542077 -0.000987346 0.0142904 -0.0588927 0.00343205 0.00494441 0.000883069 -0.00105504 -0.00524728 -0.00441165
internal_weight=790.713 209.141 581.572 571.261 35.0013 19.1626 13.6122 7.67232 6.20954 5.55033 174.14 74.9713 73.3879 6.96927 15.8388 561.65 561.245 557.109 388.243 168.866 332.514 193.044 139.47 4.61833 158.022 154.018 188.656 178.92 143.682 143.165
internal_count=56867 6122 50745 46253 3639 196 111 98 86 85 2483 992 971 88 3443 31502 31492 30638 5593 25045 5250 3923 1327 50 3251 2108 3844 3827 3408 3403
is_linear=0
shrinkage=0.05


Tree=114
num_leaves=31
num_cat=0
split_feature=11 0 7 0 10 7 8 2 1 6 5 3 2 24 1 24 7 8 7 11 11 11 8 0 24 13 8 2 11 0
split_gain=50.4933 17.7292 8.77653 7.51818 5.93793 7.77944 5.89581 5.82878 39.256 10.6632 14.3366 9.02374 5.09372 4.7811 6.53214 9.19881 4.76416 4.60971 7.62036 5.76962 20.6272 8.92021 9.08454 8.40756 7.78097 6.33119 6.32271 5.58161 5.38182 17.376
threshold=1.0000000180025095e-35 4.7112292500000006 0.14962686567164177 3.9404113500000006 1.0000000180025095e-35 0.25677655677655681 0.26365441906653431 0.77849927849927869 0.61633428300094983 0.087121212121212113 0.087121212121212113 0.73303552603837241 0.27842377260981921 0.27592952500000006 0.2458839406207827 0.36248933000000005 0.97530487804878063 0.29300813008130083 0.27334993773349942 360.50000000000006 365.50000000000006 2.5000000000000004 0.31072796934865904 5.3585543500000012 0.30154575000000006 1.0000000180025095e-35 0.35948717948717951 0.40936473165388826 1.5000000000000002 15.589676000000003
decision_type=2 2 2 2 2 2 2 2 2 2 2 2 2 2 2 2 2 2 2 2 2 2 2 2 2 2 2 2 2 2
left_child=1 4 -2 -4 5 6 -1 8 9 -3 -11 -10 -5 -8 15 -15 17 18 -14 21 25 22 -19 24 26 -21 27 -22 29 -24
right_child=2 7 3 12 -6 -7 13 -9 11 10 -12 -13 16 14 -16 -17 -18 19 -20 20 23 -23 28 -25 -26 -27 -28 -29 -30 -31
leaf_value=-0.07785481405119149 -0.041518788403872672 0.045613609627259313 -0.039036905450354716 -0.049560275985798034 0.053986843480009275 -0.081418964485723458 0.036879406981398542 0.048052748588582515 -0.21358026967911267 -0.149797139752265 0.019783116714158736 -0.058285709502502184 0.025854685699316912 -0.090278450950829564 0.035825672436971226 0.0085485886569218583 -0.1589879845168822 -0.095997066059204869 -0.078247889680909608 0.043500213042753706 -0.05657311569403304 -0.050074862725149084 0.025570282538901312 0.0010236586730023136 0.047313334246554171 -0.01937218402195845 -0.068798194244514929 0.035549322854842323 -0.0058633397766416863 -0.060245946496675098
leaf_weight=2.1475411462452092 10.115959819551788 56.089001767802984 9.3332950346812122 4.0639424028340718 4.5506139248609534 3.1666272607656074 9.2302981642715185 100.33139656460844 1.6843700538192927 1.6304371722508211 5.2904233668796223 2.1038161095348187 44.896823102040798 4.0900902025969099 5.2747170821385216 5.5492566322500352 0.43392047542147238 2.4083805500413282 1.829525915411067 46.957516102469526 2.0841662471066211 9.3918662083487998 45.802325816941448 273.3274964534794 19.97577759300475 4.3773637143895021 2.8187734960665685 7.7899675910593942 84.356353560695425 6.770585609599947
leaf_count=590 4492 790 14751 854 7 2259 76 1572 20 24 53 24 1784 127 97 483 10 36 96 313 88 20432 1002 4554 137 16 53 9 2083 35
internal_value=0.0121663 0.0337374 0.00464328 0.00546742 0.000829861 -0.00738158 0.00153557 0.0404338 0.02899 0.0383884 -0.0201671 -0.127336 0.00621277 0.00859702 -0.00890692 -0.0333849 0.00662248 0.00675248 0.0217786 0.00536506 0.0088094 -0.00291015 0.00026892 0.00388897 0.027862 0.038139 -0.00275006 0.0161047 0.00196209 0.0145185
internal_weight=777.873 201.139 576.734 566.618 34.0091 29.4585 26.2919 167.129 66.798 63.0099 6.92086 3.78819 557.285 24.1444 14.9141 9.63935 553.221 552.787 46.7263 506.061 357.331 148.73 139.338 305.996 32.6687 51.3349 12.6929 9.87413 136.929 52.5729
internal_count=56867 6122 50745 46253 3639 3632 1373 2483 911 867 77 44 31502 783 707 610 30648 30638 1880 28758 5170 23588 3156 4841 287 329 150 97 3120 1037
is_linear=0
shrinkage=0.05


Tree=115
num_leaves=31
num_cat=0
split_feature=11 0 11 11 8 24 5 24 3 11 2 24 3 2 24 24 0 24 17 2 21 24 7 0 24 24 24 0 7 0
split_gain=41.5479 22.2622 11.7275 22.8913 14.5592 13.1564 11.3025 10.8116 13.6721 8.94587 8.63894 10.3985 16.7112 10.017 9.93573 14.9435 11.5572 7.95422 10.7467 8.45538 8.32052 12.1917 8.88815 11.3487 15.0961 8.81515 7.93377 15.1941 9.12231 8.61979
threshold=1.0000000180025095e-35 7.6918828500000016 363.50000000000006 365.50000000000006 0.32392686804451509 0.71664142000000008 1.0000000180025095e-35 0.39075681500000009 0.48381734006734017 2.5000000000000004 0.36700680272108849 0.38401350000000006 0.50479839445356689 0.31851119894598162 0.85116190000000003 0.83298915000000007 11.719718000000002 0.16928596000000004 0.17267080745341609 0.41136180499597103 1.0000000180025095e-35 0.78001331500000015 0.20431354359925794 9.2392160000000025 0.29658467500000008 0.18344868 0.44317451000000002 9.8050555000000017 0.21778656126482207 22.833607000000004
decision_type=2 2 2 2 2 2 2 2 2 2 2 2 2 2 2 2 2 2 2 2 2 2 2 2 2 2 2 2 2 2
left_child=1 6 4 -4 5 -2 -1 8 -6 26 11 12 -5 -13 15 17 -16 18 19 -12 22 25 23 24 -19 -22 27 -9 -28 -30
right_child=2 -3 3 10 7 -7 -8 9 -10 -11 14 13 -14 -15 16 -17 -18 20 -20 -21 21 -23 -24 -25 -26 -27 28 -29 29 -31
leaf_value=0.010440969950905852 -0.053040492063014394 0.043795349841352832 0.041867684324743311 0.024959400273088919 -0.082491083919970232 0.052360589055821416 -0.1047022705320355 -0.054361087385300613 0.034631834171096491 -0.048032914279394809 -0.020759134603982203 -0.036297264940250588 -0.066406656885449722 0.038673326859694004 0.067788516461985721 -0.1007927380001174 0.0092623328656531393 0.011261134378002455 -0.0069436466468322609 -0.14457253911580337 0.052649642855543216 0.010590602426146095 0.0094206610900621005 0.0099546169587005733 -0.087596092870945053 -0.12150123867051353 0.026549532500114267 -0.51880454353984107 -0.0051395510431759481 -0.11255950930750316
leaf_weight=51.06733674570205 22.552900613307433 135.1478485353291 51.580682854517363 13.603759034172983 2.6988751866374505 3.4080346338305381 2.224095920877061 2.2015634075942212 32.453847766206309 11.394191435283572 2.4708516442333375 4.8769391460955367 7.917439135402673 51.559557068452705 11.041478166385785 3.780356825067428 35.734929877944523 6.3496345923049402 12.984399299384675 3.120233774650842 0.86496084928512385 5.8263342386344448 163.33028060039214 16.603361686225981 9.8562631641107128 4.5438412237126613 25.627091521804687 0.19140518829226483 79.139877574081765 1.912660852074622
leaf_count=3718 11490 2185 293 571 1010 90 269 371 1695 21286 27 575 321 381 18 105 88 38 42 26 1 93 3053 134 267 586 784 4 7294 10
internal_value=0.012574 0.0330036 0.00602263 0.0107462 -0.00454008 -0.0392039 0.00563551 0.00124265 0.0256396 -0.00587649 0.00621748 0.0209182 -0.00865328 0.0321948 0.00207281 -0.00220401 0.0230773 -0.000554533 -0.0318997 -0.0898561 0.00225319 -0.0395935 0.00465023 -0.0190978 -0.0488628 -0.0936515 -0.00147265 -0.0915103 0.000547018 -0.00767442
internal_weight=776.065 188.439 587.626 406.045 181.58 25.9609 53.2914 155.62 35.1527 120.467 354.465 77.9577 21.5212 56.4365 276.507 229.731 46.7764 225.95 18.5755 5.59109 207.375 11.2351 196.14 32.8093 16.2059 5.4088 109.073 2.39297 106.68 81.0525
internal_count=56825 6172 50653 6619 44034 11580 3987 32454 2705 29749 6326 1848 892 956 4478 4372 106 4267 95 53 4172 680 3492 439 305 587 8463 375 8088 7304
is_linear=0
shrinkage=0.05


Tree=116
num_leaves=31
num_cat=0
split_feature=11 0 11 11 8 24 5 24 3 4 11 7 0 7 0 0 8 0 4 24 24 24 24 24 0 7 24 0 4 14
split_gain=39.4105 21.8001 10.7223 21.7773 13.3083 12.0285 10.4719 9.90691 12.6538 8.46352 8.45937 7.96715 28.2997 8.93102 9.00901 7.24561 9.506 10.4833 11.9217 8.63099 7.28153 14.6123 10.8608 7.07592 11.6997 8.32321 7.55611 7.17361 9.12664 7.02941
threshold=1.0000000180025095e-35 7.6918828500000016 363.50000000000006 365.50000000000006 0.32392686804451509 0.71664142000000008 1.0000000180025095e-35 0.39075681500000009 0.48381734006734017 0.63173197213797894 2.5000000000000004 0.20112359550561798 8.9970155000000016 0.20864427860696519 9.456444000000003 5.056621100000001 0.29300813008130083 5.3585543500000012 0.59882385812192451 0.23717984500000003 0.85116190000000003 0.83298915000000007 0.86377747500000013 0.44317451000000002 9.8050555000000017 0.21778656126482207 0.95459600000000011 8.9970155000000016 0.62724193330363942 1.0000000180025095e-35
decision_type=2 2 2 2 2 2 2 2 2 2 2 2 2 2 2 2 2 2 2 2 2 2 2 2 2 2 2 2 2 2
left_child=1 6 4 -4 5 11 -1 8 -6 -10 23 12 -2 -13 -15 19 -17 -18 29 -5 21 -20 -22 24 -9 -25 27 28 -27 -19
right_child=2 -3 3 15 7 -7 -8 10 9 -11 -12 13 -14 14 -16 16 17 18 20 -21 22 -23 -24 25 -26 26 -28 -29 -30 -31
leaf_value=0.0099807961118667504 -0.073524342405230772 0.043478709663674613 0.041316918069871589 -0.073991481412891233 -0.081022338186449772 0.051405650009617346 -0.10235845760748447 -0.051641947895001428 -0.036608131390620906 0.042879753440685994 -0.047465346008554031 0.041751031417123642 -0.64276959567802738 -0.072650795400334756 0.051190658366909447 0.031913178036800757 0.038538946836349716 -0.073034237440961533 0.0020191665811199267 0.002045037766936539 0.056012806820328803 -0.098471348997271863 0.0048379307494613357 0.025594146859191366 -0.43830182884515906 -0.099673519833533217 -0.12849081113196723 0.0016634320080132032 -0.011904641862320778 0.018613915965137423
leaf_weight=50.758837450252031 8.5081165657102282 129.46949475863948 49.70273740158882 6.0592981520167077 2.612608887582609 3.3005257417535168 2.1628440741474142 2.2016177321929713 3.8008686039756894 28.155807208982878 10.964862609638656 3.5111474706209256 0.22408487426582802 8.3268690809709334 1.7829881820362068 35.674870470145834 21.16142714311718 8.0627449038001924 217.83615800568805 9.7173923889058624 15.668220870051298 3.6785820958612012 30.648223564494401 25.263973852852359 0.21472046710550774 4.167752815046696 1.2653359882533539 65.678888091060799 10.237097143850404 2.825420717126689
leaf_count=3718 7066 2185 293 330 1010 90 269 371 964 731 21286 465 33 3915 11 605 94 458 4080 539 30 105 76 784 4 2878 14 721 3691 9
internal_value=0.0121496 0.032427 0.00578681 0.0103392 -0.00434355 -0.0376947 0.00538963 0.00119192 0.0247761 0.0334256 -0.00560247 -0.0508507 -0.0881323 -0.0269501 -0.0508099 0.0059568 0.00751375 0.00461111 0.00203518 -0.027158 0.00412016 0.000350372 0.0221497 -0.00139241 -0.0860013 0.000525213 -0.00726026 -0.0053448 -0.0372988 -0.049252
internal_weight=763.644 182.391 581.252 401.035 180.217 25.6537 52.9217 154.564 34.5693 31.9567 119.994 22.3532 8.7322 13.621 10.1099 351.332 335.556 299.881 278.719 15.7767 267.831 221.515 46.3164 109.029 2.41634 106.613 81.3491 80.0837 14.4048 10.8882
internal_count=56825 6172 50653 6619 44034 11580 3987 32454 2705 1695 29749 11490 7099 4391 3926 6326 5457 4852 4758 869 4291 4185 106 8463 375 8088 7304 7290 6569 467
is_linear=0
shrinkage=0.05


Tree=117
num_leaves=31
num_cat=0
split_feature=11 0 11 11 8 24 5 24 3 2 7 3 4 11 4 7 0 7 0 3 0 2 21 3 7 3 3 4 24 4
split_gain=37.3338 21.3253 9.76584 20.7175 12.3514 11.1671 9.69941 9.12187 11.7411 8.04779 15.8206 17.6833 8.94697 7.9828 7.80914 7.45465 15.437 8.27179 8.31352 6.90631 19.0366 7.20151 6.69613 12.8136 10.5197 7.574 7.24242 6.51791 6.22809 8.19018
threshold=1.0000000180025095e-35 7.6918828500000016 363.50000000000006 365.50000000000006 0.32392686804451509 0.71664142000000008 1.0000000180025095e-35 0.39075681500000009 0.48381734006734017 0.40651483050847464 0.65868005738880919 0.55818170944500745 0.59723066622161836 2.5000000000000004 0.63173197213797894 0.20112359550561798 8.9970155000000016 0.20864427860696519 9.456444000000003 0.43463101938711701 6.664613300000001 0.27953488372093033 1.0000000180025095e-35 0.56103911321653277 0.24859550561797758 0.9464481901077646 0.91163515695773767 0.83907326007326022 0.44317451000000002 0.63368497089724729
decision_type=2 2 2 2 2 2 2 2 2 2 2 2 2 2 2 2 2 2 2 2 2 2 2 2 2 2 2 2 2 2
left_child=1 6 4 -4 5 15 19 8 -6 -5 11 12 -11 28 -10 16 -2 -17 27 20 -1 -21 24 -24 -13 26 -26 -19 29 -9
right_child=2 -3 3 9 7 -7 -8 13 14 10 -12 22 -14 -15 -16 17 -18 18 -20 21 -22 -23 23 -25 25 -27 -28 -29 -30 -31
leaf_value=-0.021968232661082589 -0.073004737040681861 0.043150427628164678 0.040750183154283144 0.014959955058495112 -0.079594997806539836 0.050449089326876265 -0.10003082760117568 -0.0092614728473915386 -0.034871068263253556 -0.11539488603086001 0.013273848453361065 0.016429885535053021 -0.0015470007104942962 -0.046866444631775639 0.041671297436737004 0.040724290976514095 -0.42935271551882787 -0.086672462311450454 0.050897335577844607 -0.065004015428299575 -0.43260152148646869 0.019468420935373241 -0.93388445706825751 -0.12654761296031444 -0.072405147654745566 0.05372791657851278 -0.28425110651111973 0.052903025073612421 0.00049893828489025059 -0.1974913219297012
leaf_weight=3.2696703831097689 8.1493354711856263 124.06876652385108 47.919764770776965 140.19414968736237 2.5286266609837176 3.1975848200381725 2.1040215474699826 1.5400468492734938 3.7909653150491094 1.7627772390114831 104.21155379147967 4.9015140392584788 82.050312991435931 10.560061860491258 27.539606884718523 3.4219878618023349 0.31568876933306533 7.2118666133610514 1.7055609801318485 2.6757952703846959 0.30890656076371659 44.212910487454792 0.05067330226302047 1.6323585391874074 12.891853194087156 1.1686017513275153 0.41647754609584886 0.94616698916070152 106.0356853993726 0.92502043464628503
leaf_count=565 7066 2185 293 2244 1010 90 269 243 964 51 727 15 700 21286 731 465 33 3913 11 372 4 2777 1 416 2168 1 3 2 8088 132
internal_value=0.0117363 0.0318416 0.00556067 0.0099209 -0.00417623 -0.0367969 0.00515279 0.00114567 0.0240452 0.00569125 -0.000523497 -0.0142336 -0.00394148 -0.00536662 0.0324098 -0.049623 -0.0862941 -0.0262577 -0.0494958 0.00953798 -0.0574145 0.0146478 -0.0551907 -0.150855 -0.0468821 -0.0683179 -0.0790348 -0.0704845 -0.00132756 -0.079895
internal_weight=751.708 176.64 575.068 397.2 177.868 24.9482 52.5713 152.92 33.8592 349.28 209.086 104.875 83.8131 119.061 31.3306 21.7506 8.46502 13.2856 9.86359 50.4673 3.57858 46.8887 21.0615 1.68303 19.3784 14.4769 13.3083 8.15803 108.501 2.46507
internal_count=56825 6172 50653 6619 44034 11580 3987 32454 2705 6326 4082 3355 751 29749 1695 11490 7099 4391 3926 3718 569 3149 2604 417 2187 2172 2171 3915 8463 375
is_linear=0
shrinkage=0.05


Tree=118
num_leaves=31
num_cat=0
split_feature=11 8 6 21 1 17 2 11 11 8 24 21 7 2 1 4 5 24 13 2 7 3 1 24 24 24 11 7 4 2
split_gain=35.4129 18.6036 34.4624 18.6792 10.3681 9.78176 10.0031 8.90138 19.6817 11.5416 10.4251 8.49986 8.18153 9.00979 8.42364 8.74332 8.11074 7.81076 7.34565 7.28164 14.3646 16.3332 8.90046 12.4307 12.07 18.7142 7.22685 9.96647 18.0214 11.4105
threshold=1.0000000180025095e-35 0.6986039395677951 1.0000000180025095e-35 1.0000000180025095e-35 0.20431354359925794 0.17267080745341609 0.37176079734219269 363.50000000000006 365.50000000000006 0.32392686804451509 0.71664142000000008 1.0000000180025095e-35 0.3066239316239317 0.64967532467532474 0.28388278388278393 0.61192567983265678 0.38750000000000007 0.95459600000000011 1.0000000180025095e-35 0.40651483050847464 0.65868005738880919 0.55818170944500745 0.26766169154228864 0.86377747500000013 0.7185807500000001 0.41887212000000001 1.5000000000000002 0.22756041426927501 0.65325192825192835 0.42761904761904762
decision_type=2 2 2 2 2 2 2 2 2 2 2 2 2 2 2 2 2 2 2 2 2 2 2 2 2 2 2 2 2 2
left_child=1 2 5 4 -4 6 -1 9 18 10 -2 12 14 -14 15 -11 -6 -15 -9 -10 21 22 23 24 25 -21 -17 -28 29 -29
right_child=7 -3 3 -5 16 -7 -8 8 19 11 -12 -13 13 17 -16 26 -18 -19 -20 20 -22 -23 -24 -25 -26 -27 27 28 -30 -31
leaf_value=-0.042400155522908274 -0.048737390641341444 0.047750893237399693 -0.39413709292750904 0.048323162532057359 -0.093244882907740523 0.037206262432220215 0.024328850999165326 0.048305751648413137 0.014268560762943428 -0.062233936665917138 0.049488675002565589 -0.053984764684543864 -0.059805230011032863 -8.896749801301996e-05 0.037074840647715664 0.031260954665686264 -0.32811718508455967 -0.13602463709064758 -0.0086476310097496865 -0.0078105072967890295 0.012729575906224217 -0.053369102736240639 0.019693180210591167 -0.14649712885746621 0.018482323099598665 -0.093762032008348956 0.0077863273609235411 -0.17729267145373351 -0.018494172486396943 -0.64748038913415928
leaf_weight=9.1423048236902122 21.03813865076518 85.629016786930151 0.33546921581728195 2.1013675868562132 5.6413664951664941 53.234404317699955 14.561721713165751 39.621740999049507 139.65222476230701 4.7133021293411721 3.0991769043466766 6.6952337518086997 7.8436129030160364 56.006515157103422 26.983068177825771 20.920406929290039 0.39318564534187306 1.0770583729026828 6.6053251223638645 24.921403844535234 103.25879348849412 20.674498193948239 27.302434375757002 1.743743747472762 21.343117264572356 8.4904692985583079 21.804584354184048 1.1579238456470182 4.4919679249360343 0.1452153595018898
leaf_count=136 11490 1593 11 49 299 3927 151 273 2244 1582 90 7656 10682 9011 1177 228 6 17 20 112 727 2604 131 8 147 353 1690 173 212 26
internal_value=0.0113301 0.031282 0.0147708 -0.0809449 -0.123588 0.0253097 -0.00140757 0.00533884 0.00951819 -0.00400932 -0.0361254 0.00109607 0.00363685 -0.00955807 0.0143168 0.00278118 -0.108548 -0.00265381 0.0401678 0.00543963 -0.000495741 -0.013567 -0.00374749 -0.0150749 -0.0108896 -0.0296521 0.00909682 -0.00770346 -0.0659851 -0.229688
internal_weight=740.629 171.039 85.4098 8.47139 6.37002 76.9384 23.704 569.59 393.614 175.976 24.1373 151.839 145.144 64.9272 80.2165 53.2334 6.03455 57.0836 46.2271 347.387 207.734 104.476 83.8012 56.4987 54.755 33.4119 48.5201 27.5997 5.79511 1.30314
internal_count=56825 6172 4579 365 316 4214 287 50653 6619 44034 11580 32454 24798 19710 5088 3911 305 9028 293 6326 4082 3355 751 620 612 465 2329 2101 411 199
is_linear=0
shrinkage=0.05


Tree=119
num_leaves=31
num_cat=0
split_feature=11 0 5 11 11 4 0 13 7 0 24 7 24 24 24 3 2 24 24 24 3 24 24 24 2 7 17 0 6 21
split_gain=33.6318 20.5753 8.31035 8.10785 18.8055 9.80997 19.9658 7.15805 7.09665 11.1112 9.64104 7.13182 10.2507 7.35658 7.02832 6.69709 6.59589 9.56873 9.32659 8.75906 14.9902 7.97572 12.9194 10.1646 7.53957 7.53365 6.98834 8.61056 8.98419 7.6061
threshold=1.0000000180025095e-35 7.6918828500000016 1.0000000180025095e-35 363.50000000000006 365.50000000000006 0.61192567983265678 8.6973195000000008 1.0000000180025095e-35 0.29300813008130083 22.833607000000004 0.5757079300000002 0.18065268065268061 0.53712666500000006 0.54893735500000007 0.64080787000000006 0.95664729601518039 0.36700680272108849 0.44622616000000009 0.40797336000000001 0.38401350000000006 0.50479839445356689 0.85116190000000003 0.83298915000000007 0.86377747500000013 0.31851119894598162 0.21304964539007087 0.18898809523809523 5.620200500000001 0.43650793650793651 1.0000000180025095e-35
decision_type=2 2 2 2 2 2 2 2 2 2 2 2 2 2 2 2 2 2 2 2 2 2 2 2 2 2 2 2 2 2
left_child=1 2 -1 5 7 6 -2 -5 11 10 15 12 -7 -14 -12 -10 17 18 19 20 25 22 26 -23 -19 -6 27 -18 -29 -28
right_child=3 -3 -4 4 16 8 -8 -9 9 -11 14 -13 13 -15 -16 -17 21 24 -20 -21 -22 23 -24 -25 -26 -27 29 28 -30 -31
leaf_value=0.0085013916628208092 -0.069838133263329147 0.042566344992557896 -0.095476929773386149 0.048150977829038939 0.03741888310015342 -0.1007234344975861 0.036223906137475309 -0.0081895293784654179 -0.075813061173087212 -0.16313297069893021 0.034953821459024259 0.015209597975966519 0.053780329695694164 -0.057494726716280822 -0.01129489422678874 -0.51366260063539604 -0.056189859549858612 -0.031624048015134368 -0.06788307773600441 0.044124668071387534 -0.06609659165269359 0.054165850172820301 -0.096803160741919303 0.0039255075247541698 0.042745880196102815 -0.068906538813510082 0.0065268817241624019 0.0093398199956689614 -0.046093552933868048 -0.03720915273994372
leaf_weight=49.294324716600386 14.037093085746166 114.25697840726934 1.9995970822733387 37.807494088774547 11.402689117909178 3.3742972517793515 6.4880848335160399 6.6255374394822857 3.7205518068440138 1.1876437315659121 9.7056211365124891 75.89164293709473 3.5947936403244967 2.531163304556685 53.476796227929299 0.089431837783194967 11.162248243665088 3.7740794617420752 4.44939987847465 11.613025805054347 7.5949470191990249 15.100996253255287 3.5611172823264488 30.204283401195426 35.128301735254354 1.9510423680621887 162.82967693610408 26.398723716745735 10.108028394111896 10.587198313573024
leaf_count=3718 16189 2185 269 273 423 1151 259 20 2954 9 2648 3888 53 1041 15837 5 181 421 184 122 321 30 105 76 229 148 2906 544 38 598
internal_value=0.0109394 0.0307558 0.00444799 0.00512677 0.00912924 -0.00384615 -0.0363115 0.0397499 0.000492909 -0.0115358 -0.00884832 0.0100971 -0.0307434 0.00780297 -0.0041905 -0.0860907 0.00519544 0.0182162 1.67018e-05 0.00929488 -0.0100132 0.00153385 -0.00232569 0.0206714 0.0355309 0.0218842 -0.000803902 -0.0177591 -0.00600863 0.00385677
internal_weight=729.947 165.551 51.2939 564.396 390.299 174.097 20.5252 44.433 153.572 68.18 66.9924 85.3919 9.50025 6.12596 63.1824 3.80998 345.866 75.9135 37.0111 32.5617 20.9487 269.952 224.647 45.3053 38.9024 13.3537 221.086 47.669 36.5068 173.417
internal_count=56825 6172 3987 50653 6619 44034 16448 293 27586 21453 21444 6133 2245 1094 18485 2959 6326 1848 1198 1014 892 4478 4372 106 650 571 4267 763 582 3504
is_linear=0
shrinkage=0.05


Tree=120
num_leaves=31
num_cat=0
split_feature=11 0 5 0 3 18 24 0 4 0 24 0 6 3 3 2 2 4 23 17 0 2 0 2 4 0 0 0 11 11
split_gain=27.0416 16.8139 27.2975 6.85036 5.52825 5.16062 5.12492 4.80644 4.40422 4.18573 4.04864 3.92326 4.72141 6.50761 9.95361 16.3059 3.91142 3.79024 4.50545 3.40498 3.39933 5.20921 5.70977 4.05445 3.25339 3.2684 5.23607 3.699 3.49328 12.6507
threshold=1.0000000180025095e-35 8.3934425000000008 0.19090909090909094 2.5423961500000005 0.42255397108338288 1.0000000180025095e-35 0.29213206000000008 7.5600453500000002 0.53660873440285217 1.8254656500000002 1.0000000180025095e-35 20.257357000000003 0.84523809523809534 0.94253425526739731 0.42634544368415334 0.97467948717948738 0.93908472479901051 0.55583743598449498 1.0000000180025095e-35 0.28239202657807316 6.7070560000000006 0.47413024085637828 5.7004737500000013 0.36882591093117417 0.57119266278193026 2.5717304000000003 3.9404113500000006 2.2653307000000003 363.50000000000006 365.50000000000006
decision_type=2 2 2 2 2 2 2 2 2 2 2 2 2 2 2 2 2 2 2 2 2 2 2 2 2 2 2 2 2 2
left_child=1 2 3 6 -5 8 9 -4 -2 -1 -10 12 17 14 -14 -16 -13 18 -12 -15 21 23 -23 -6 -19 27 -27 -26 -28 -30
right_child=5 -3 7 4 20 -7 -8 -9 10 -11 11 16 13 19 15 -17 -18 24 -20 -21 -22 22 -24 -25 25 26 28 -29 29 -31
leaf_value=0.028042659535265121 -0.062804295288913722 0.043807308950907856 -0.072791021510309403 -0.054746426807048713 0.0059453328256003288 -0.050012765244462333 -0.064184442309292364 -0.22330067855729208 -0.093139482955433159 -0.069016362024784172 -0.020781660259684101 0.0011489290412992174 0.03742538327728881 -0.030598945255122592 -0.2743468332494613 -0.029952412191054996 0.049237752486854497 -0.01995650651691196 0.048008907736141082 0.023029289884895953 0.047547491978914808 -0.095577078706428842 0.047470819010861087 0.040741650718215533 -0.050601968042763457 -0.04672535413853094 0.0024820154961267644 0.061452443120966149 0.040410275954370675 0.0084559004725281387
leaf_weight=5.252270516677525 2.1591024683802962 100.73131312825717 0.89619022006399918 2.112100701648159 15.173667938186552 3.7967804199615776 3.9821712214852596 1.2997178845107553 0.97345883562229474 1.4087454840337157 2.9879486806385076 6.6517534153535989 1.4146543761016825 5.1094887538347376 1.1136089334031567 1.7629759623087011 11.607055523432789 10.015548659845079 11.702965590666281 7.035203427192755 15.336814816109834 1.915102908642438 1.0972663898719472 18.674581327315536 0.85917250533384404 4.2739961118422789 150.47899615147981 5.157775782950921 34.344338888302445 315.59346751529665
leaf_count=153 1827 2017 55 37 156 21967 3118 8 11 38 899 18 8 31 33 17 58 1256 466 37 252 114 13 234 448 1124 18327 75 241 3903
internal_value=0.0132261 0.0308879 0.0115073 0.0173689 0.0245572 0.00808772 -0.0193112 -0.161875 0.00847254 0.00751554 0.00874202 0.00891598 0.00816151 -0.0182348 -0.0711628 -0.124565 0.0317188 0.00897181 0.0340178 0.000466934 0.0277661 0.0195356 -0.0434714 0.025143 0.00826521 0.00881866 0.00838192 0.045452 0.00885259 0.011592
internal_weight=744.918 167.88 67.1486 64.9527 54.3095 577.038 10.6432 2.19591 573.242 6.66102 571.082 570.109 551.85 16.4359 4.29124 2.87658 18.2588 535.414 14.6909 12.1447 52.1974 36.8606 3.01237 33.8482 520.723 510.708 504.691 6.01695 500.417 349.938
internal_count=56941 6195 4178 4115 806 50746 3309 63 28779 191 26952 26941 26865 126 58 50 76 26739 1365 68 769 517 127 390 25374 24118 23595 523 22471 4144
is_linear=0
shrinkage=0.05


Tree=121
num_leaves=31
num_cat=0
split_feature=11 0 6 0 0 7 2 24 8 2 2 24 7 7 3 17 0 0 17 0 0 8 0 17 24 24 23 1 17 1
split_gain=26.0558 16.247 12.5908 13.4094 7.00442 5.37757 5.174 4.88029 4.79497 9.13507 7.11863 20.7807 9.07912 8.40482 14.6771 10.0387 7.05989 9.07297 6.47634 8.4028 7.46503 10.6121 6.75392 9.54692 6.51757 9.1019 6.46461 14.1739 6.31118 5.95489
threshold=1.0000000180025095e-35 8.3934425000000008 1.0000000180025095e-35 7.5600453500000002 2.5423961500000005 0.14962686567164177 0.63944444444444459 0.29213206000000008 0.38327018361993598 0.35859165709911983 0.85895117540687183 0.58975797000000008 0.67769272826681248 0.20864427860696519 0.5083412397216952 0.15099715099715097 8.6973195000000008 8.573396500000003 0.070197044334975353 5.6554668500000007 6.8998042500000007 0.27072835547411828 5.620200500000001 0.23392612859097126 0.71664142000000008 0.33000168500000004 1.0000000180025095e-35 0.22361111111111107 0.24316334072431633 0.21778656126482207
decision_type=2 2 2 2 2 2 2 2 2 2 2 2 2 2 2 2 2 2 2 2 2 2 2 2 2 2 2 2 2 2
left_child=1 2 4 6 7 -2 -4 -1 16 -10 11 13 -13 14 28 -16 17 18 19 -7 21 -20 23 -23 25 -24 27 -25 -11 -28
right_child=5 -3 3 -5 -6 8 -8 -9 9 10 -12 12 -14 -15 15 -17 -18 -19 20 -21 -22 22 24 26 -26 -27 29 -29 -30 -31
leaf_value=0.0072576815560331034 -0.029267072359417612 0.043499798941257307 -0.079353311206148802 -0.17151612072351352 0.026492051515012389 0.03532071753821564 0.028670324237054387 -0.064107324825480844 -0.076077703877020966 -0.065397700613119836 0.011719080444721424 -0.056531700260255918 0.0050891848214093807 0.012829756881553411 -0.24316746718285193 -0.062191556930176667 0.031689307695997808 -0.10922882461345994 -0.064893536171662367 -0.050834302161014804 0.018687238480296922 -0.075447482217137429 0.010721081132462921 0.022688887889659132 0.058505958322913769 -0.058791412850393021 -0.073681887291177528 -0.071379789447420239 0.021807846124608343 0.042727691139521164
leaf_weight=6.5477555763645778 9.6508925863454333 96.479065365158021 1.7471827042156736 1.7822583718225358 48.612645903194789 36.027132163821079 3.0322931260307087 3.7777599681794527 3.4654299180838271 2.5791870538450921 196.1089854598431 22.000062073275334 8.2077300782038929 95.654829898528988 0.92075760351144609 4.5665697484801058 45.486560694116633 1.592638829970382 6.7557666821812736 3.071377908003341 58.954805521178059 2.9315164055369669 7.8104743851508891 15.018530001631008 2.2576935126999151 11.859920329901795 1.1595035975406087 5.4603175083248052 10.607754982869663 20.912360859649198
leaf_count=191 4501 2017 296 13 631 1724 19 3028 484 172 2326 19410 1265 4323 18 131 302 52 3138 103 1166 683 262 1511 6 1626 521 5392 280 1350
internal_value=0.0127455 0.0304522 0.0112335 -0.0544664 0.0185481 0.00774056 -0.0108187 -0.0188524 0.00837448 0.00469218 0.00551386 -0.00290544 -0.0397887 0.00683979 -0.0238425 -0.0925588 0.0141525 0.00956318 0.0106617 0.0285528 0.005407 -0.00514949 0.000837975 0.0118271 -0.0219552 -0.0311903 0.0178399 -0.00239284 0.00475162 0.0366123
internal_weight=735.04 161.979 65.4999 6.56173 58.9382 573.061 4.77948 10.3255 563.41 344.111 340.646 144.537 30.2078 114.329 18.6743 5.48733 219.299 173.812 172.219 39.0985 133.121 74.1661 67.4103 45.4822 21.9281 19.6704 42.5507 20.4788 13.1869 22.0719
internal_count=56941 6195 4178 328 3850 50746 315 3219 46245 28409 27925 25599 20675 4924 601 149 17836 17534 17482 1827 15655 14489 11351 9457 1894 1888 8774 6903 452 1871
is_linear=0
shrinkage=0.05


Tree=122
num_leaves=31
num_cat=0
split_feature=11 0 5 0 3 7 0 24 8 2 0 0 2 24 7 7 3 17 17 0 8 17 4 7 1 7 17 17 24 8
split_gain=24.8358 15.818 18.018 5.27975 5.39069 4.90334 4.88748 4.66935 4.43397 8.52344 6.54305 8.11913 6.48112 19.2555 8.66928 7.65002 13.046 10.3141 5.88718 7.65539 7.22385 9.8012 8.16427 11.2848 10.3749 6.87345 6.29085 5.8844 5.51154 5.27127
threshold=1.0000000180025095e-35 8.1105680000000024 0.19090909090909094 2.5423961500000005 0.43625894802365395 0.14962686567164177 7.8949088500000011 0.29213206000000008 0.38327018361993598 0.35859165709911983 8.6973195000000008 8.573396500000003 0.85895117540687183 0.58975797000000008 0.67769272826681248 0.20864427860696519 0.5083412397216952 0.10263157894736837 0.070197044334975353 5.6554668500000007 0.37176079734219269 0.28239202657807316 0.61607316463181083 0.24859550561797758 0.23222109875294913 0.28743545611015492 0.17267080745341609 0.24316334072431633 0.40797336000000001 0.27953488372093033
decision_type=2 2 2 2 2 2 2 2 2 2 2 2 2 2 2 2 2 2 2 2 2 2 2 2 2 2 2 2 2 2
left_child=1 2 3 7 -5 -2 -4 -1 10 -10 11 18 13 15 -15 16 27 -18 19 28 21 -20 23 24 -23 -24 -22 -11 29 -7
right_child=5 -3 6 4 -6 8 -8 -9 9 12 -12 -13 -14 14 -16 -17 17 -19 20 -21 26 22 25 -25 -26 -27 -28 -29 -30 -31
leaf_value=0.0069073186744014513 -0.028038603620735087 0.042443644197712335 -0.087404643004435623 -0.039032480920944121 0.025988497638290593 -0.054294153689414495 -0.2643350036663738 -0.063882097136301511 -0.074892778027271734 -0.064558010175959454 0.030718334299499148 -0.1024398522920948 0.011229278720222231 -0.055695445534169365 0.0048410752417192143 0.012276630699163942 -0.25841229070611277 -0.059938020344642053 -0.06458123965161898 -0.048498841383270749 -0.10752573808833446 -0.057730322542552372 0.016061207529847524 -0.072643263427612334 0.015021042760497209 -0.079090729542217478 0.036912252996069289 0.021058373570782728 -0.026136710454126195 0.044688808042817302
leaf_weight=6.5361910945794062 9.5721223964355868 96.733177233720198 1.0889406369974484 3.432498557624057 44.696517002859309 1.4064885864427186 0.60839182883501042 3.6194451473129448 3.3472718992634318 2.4844985842646592 44.601025080981344 1.612730440654558 194.47253275249386 21.233498514346142 8.1972397496065224 94.983903022650338 0.75859895991743442 4.7739197518021683 5.5749987410672466 3.0586552516615475 0.78223802871071058 6.382439208529834 67.30064511414821 7.0841864406756931 21.105888766847784 1.9530044460989291 20.77481595473364 10.440368166899132 3.4495994946410056 30.785012461376027
leaf_count=191 4501 2095 56 59 672 453 4 3118 484 172 302 52 2326 19410 1265 4323 16 133 1390 103 30 3806 1737 3957 2280 1146 1309 280 258 1013
internal_value=0.0123197 0.0299349 0.00976207 0.0144386 0.0213513 0.00744347 -0.150824 -0.0183219 0.00805371 0.00450128 0.0136602 0.00921806 0.00528906 -0.00279657 -0.0388344 0.00655295 -0.0229018 -0.0871521 0.0102795 0.0274131 0.00521627 3.45987e-06 0.00347137 -0.0163727 -0.0018709 0.0133779 0.0316711 0.00460066 0.0339277 0.0403641
internal_weight=722.851 156.715 59.982 58.2847 48.129 566.136 1.69733 10.1556 556.564 340.692 215.872 171.271 337.345 142.872 29.4307 113.441 18.4574 5.53252 169.658 38.6998 130.958 109.401 103.826 34.5725 27.4883 69.2536 21.5571 12.9249 35.6411 32.1915
internal_count=56941 6195 4100 4040 731 50746 60 3309 46245 28409 17836 17534 27925 25599 20675 4924 601 149 17482 1827 15655 14316 12926 10043 6086 2883 1339 452 1724 1466
is_linear=0
shrinkage=0.05


Tree=123
num_leaves=31
num_cat=0
split_feature=13 8 0 1 0 0 0 8 7 6 7 7 2 0 0 24 8 2 24 2 24 7 7 3 17 17 24 1 2 17
split_gain=19.0836 19.0167 39.3208 19.4461 11.7763 11.2579 9.94631 5.72989 4.60685 4.5223 6.00462 25.7353 4.36854 5.01016 4.45696 5.39135 4.13939 7.94633 6.40825 5.40646 15.941 7.98365 6.97785 11.5146 7.71556 5.49002 5.39792 5.23406 4.96645 4.66042
threshold=1.0000000180025095e-35 0.6986039395677951 19.036913000000002 0.56736587333602273 7.2569232000000001 7.1046948500000005 11.305251000000002 0.29568913175470551 0.13079116179615111 0.10555555555555557 0.63944444444444459 0.64126753749395271 0.47413024085637828 5.7004737500000013 2.5423961500000005 0.29213206000000008 0.38327018361993598 0.35859165709911983 0.61661580000000005 0.85895117540687183 0.58975797000000008 0.67769272826681248 0.20864427860696519 0.5083412397216952 0.10263157894736837 0.24316334072431633 0.60570270000000004 0.68263988522238173 0.36088342440801452 0.070197044334975353
decision_type=2 2 2 2 2 2 2 2 2 2 2 2 2 2 2 2 2 2 2 2 2 2 2 2 2 2 2 2 2 2
left_child=8 2 3 4 5 7 9 -2 -1 -5 -11 -12 14 -14 15 -9 18 -18 26 20 22 -22 23 25 -25 -19 29 -23 -24 -10
right_child=1 -3 -4 6 -6 -7 -8 12 16 10 11 -13 13 -15 -16 -17 17 19 -20 -21 21 27 28 24 -26 -27 -28 -29 -30 -31
leaf_value=-0.056191214797352111 -0.027768870130603293 0.046017190274107028 -0.35275628468747638 -0.3222786290420856 0.044703858413531493 -0.3130121676526863 0.032135166777511499 0.017536946188689416 0.026076461938762764 -0.058927501698455675 -0.97158395765479144 -0.12671429593296119 -0.092659417716298625 0.044804046622990285 0.029883117633215325 -0.06593182249972801 -0.073621171737962426 -0.063698607440111008 0.035057739753577448 0.010533434798277237 -0.054165192312620347 0.027684351347485904 0.062861496288454277 -0.22123451890628287 -0.057037905921079483 0.020219712748531352 -0.088088530902978301 -0.065582098698316826 0.0089717398932007524 0.0065355559852434755
leaf_weight=2.8253781590683493 9.4098972226383903 72.590258644919231 0.73518406576476891 0.24974264262709667 31.357687598800112 0.27585145656485011 1.5636947447128475 5.5943124123878061 38.386749603552744 2.5788373046632391 0.097667037320206762 1.1686185715516328 1.8566222608906167 1.0309072909876702 28.182098742167 2.9572553864818474 3.2395731812721342 2.4039932041996535 29.005856112737092 190.46747502502694 19.251010063017024 6.1542657489771937 4.4942540149058905 0.83941763409529713 4.8444781126599992 10.296289352649181 1.3975176249514323 1.9909140898234907 87.783324245836411 148.74359311712033
leaf_count=2139 1589 2050 9 29 1157 16 434 65 1788 1397 17 280 335 67 1048 2146 465 177 2983 2063 17286 202 29 16 131 297 508 902 4030 13286
internal_value=0.0118937 0.0271189 0.0113614 0.0144624 0.0207478 0.00551255 -0.0751382 0.00730459 0.00749123 -0.116102 -0.102711 -0.191878 0.0156344 -0.0435821 0.0202893 -0.0113278 0.00781879 0.00430414 0.013179 0.00507256 -0.00246137 -0.0366082 0.00599227 -0.022137 -0.081287 0.0043351 0.00981291 0.00488737 0.0115964 0.0105441
internal_weight=711.773 159.649 87.0584 86.3232 80.6646 49.3069 5.65856 49.0311 552.124 4.09487 3.84512 1.26629 39.6212 2.88753 36.7337 8.55157 549.299 331.765 217.534 328.525 138.058 27.3962 110.662 18.3842 5.6839 12.7003 188.528 8.14518 92.2776 187.13
internal_count=56941 10639 8589 8580 6423 5266 2157 5250 46302 1723 1694 297 3661 402 3259 2211 44163 25598 18565 25133 23070 18390 4680 621 147 474 15582 1104 4059 15074
is_linear=0
shrinkage=0.05


Tree=124
num_leaves=31
num_cat=0
split_feature=11 8 0 1 0 0 8 0 0 0 17 2 0 4 15 3 0 6 24 3 3 11 24 11 11 2 0 24 2 4
split_gain=22.8179 15.1295 27.8663 16.187 10.7082 7.6561 4.42748 4.38628 4.77541 5.63468 4.06443 6.58526 6.35354 4.93992 9.01151 4.89289 3.88644 4.46373 6.21692 6.6771 17.3428 13.8774 5.40695 3.87497 3.83619 3.75532 5.8048 4.91438 8.60425 5.53351
threshold=1.0000000180025095e-35 0.6986039395677951 19.036913000000002 0.61791443850267391 7.2569232000000001 7.1046948500000005 0.29568913175470551 2.2653307000000003 2.5717304000000003 3.9404113500000006 0.24316334072431633 0.40651483050847464 4.7112292500000006 0.55478841589658134 1.0000000180025095e-35 0.56103911321653277 20.257357000000003 0.84523809523809534 0.6962049800000002 0.94253425526739731 0.44757495590828927 884.50000000000011 0.79197404000000016 360.50000000000006 2.5000000000000004 0.47413024085637828 4.2933065000000008 0.27592952500000006 0.35926246038605592 0.63042203621471926
decision_type=2 2 2 2 2 2 2 2 2 2 2 2 2 2 2 2 2 2 2 2 2 2 2 2 2 2 2 2 2 2
left_child=1 2 3 4 5 6 10 -2 -9 -10 12 13 15 14 -12 -1 17 -11 -19 20 -20 24 -21 -18 -22 26 27 -8 -29 -30
right_child=7 -3 -4 -5 -6 -7 25 8 9 16 11 -13 -14 -15 -16 -17 23 18 19 22 21 -23 -24 -25 -26 -27 -28 28 29 -31
leaf_value=-0.065250379211568621 -0.056587288758403603 0.046501140010468879 -0.25220502693889729 -0.086605926220536603 0.046793240950404512 -0.21767829662707811 0.032609818294599774 0.05574860058539155 -0.04671113972471147 0.0072263785839096102 -0.045183170175496688 -0.35952756409777131 0.050576983765832119 0.036948512031379076 -0.62513459497676616 -0.22626981889405118 -0.0092074848517361245 0.039438127058497613 0.035561366264947478 -0.068406240420429393 -0.1828086928625661 -0.45176052800621175 0.011580929864604017 0.044718376106768001 -0.0022641355399642613 -0.037464038848217911 0.049360859472475427 -0.085177515966790865 -0.074336103659655997 0.026880373173321065
leaf_weight=2.094950158163555 2.7138226852839571 67.00744101573946 0.96894562989473243 3.5611431810507375 28.317433361895382 0.37311888299882312 10.215795648633504 5.0059102693194282 4.8955205185484365 509.56211064961099 0.7463288383805774 0.12016423997920345 0.92044376581907261 4.1974017626343993 0.073585532605648041 0.60892158746719349 4.5176199059787931 3.502332646239668 1.3466885278903622 3.168335622860468 0.89788922446314223 0.42474720464088012 6.3415543043520302 12.685966461896895 0.43761827264097519 2.9157097366249891 12.262463798222596 3.1808574833412413 1.6260071280503305 7.9643746321198705
leaf_count=87 13226 1615 8 38 614 6 59 564 3621 33024 595 7 6 300 1 5 19 15 13 45 11 10 65 60 73 359 182 618 1032 663
internal_value=0.0114611 0.0289673 0.0143081 0.0175695 0.0224756 0.00791717 0.00971089 0.00682362 0.00713493 0.00669067 -0.0223425 0.00626047 -0.0628874 0.0150211 -0.0972325 -0.101513 0.00717223 0.00640691 -0.0194982 -0.0358584 -0.0994955 -0.202821 -0.0150678 0.0305576 -0.123648 0.0170696 0.0215804 0.00676086 -0.0139159 0.00971956
internal_weight=702.655 147.155 80.1476 79.1787 75.6176 47.3001 46.927 555.5 552.786 547.78 8.7618 5.13748 3.62432 5.01732 0.819914 2.70387 542.885 525.681 16.1192 12.6168 3.10694 1.76025 9.50989 17.2036 1.33551 38.1652 35.2495 22.987 12.7712 9.59038
internal_count=56941 6195 4580 4572 4534 3920 3914 50746 37520 36956 1001 903 98 896 596 92 33335 33256 232 217 107 94 110 79 84 2913 2554 2372 2313 1695
is_linear=0
shrinkage=0.05


Tree=125
num_leaves=31
num_cat=0
split_feature=11 8 0 1 0 3 2 0 2 3 1 1 24 24 8 11 7 24 21 1 0 24 3 3 3 2 8 0 7 7
split_gain=27.2708 15.0676 29.446 15.1559 11.6894 10.2036 10.5111 7.8125 5.76391 5.74027 5.08192 6.74946 5.24531 6.9411 6.94275 5.19457 4.94951 4.61228 4.20166 3.77552 7.57977 6.07346 5.62244 4.97081 3.59206 9.83591 5.62068 3.67881 3.47686 3.85963
threshold=1.0000000180025095e-35 0.70152654363180689 19.036913000000002 0.58499061913696071 11.305251000000002 0.42255397108338288 0.27953488372093033 5.235547050000001 0.63224516988674229 0.60088252804051823 0.22361111111111107 0.17817460317460324 0.30154575000000006 0.29658467500000008 0.34960317460317464 363.50000000000006 0.59720876138786594 0.65140088500000004 1.0000000180025095e-35 0.23845060412224592 5.7004737500000013 0.67222232000000004 0.54160618363404756 0.44757495590828927 0.43625894802365395 0.85895117540687183 0.4328828828828829 3.9404113500000006 0.15484515484515488 0.15759905381431114
decision_type=2 2 2 2 2 2 2 2 2 2 2 2 2 2 2 2 2 2 2 2 2 2 2 2 2 2 2 2 2 2
left_child=1 2 3 5 16 8 17 9 -1 18 11 15 13 14 -13 -2 -5 -7 -8 20 -12 22 -22 -23 25 -14 27 -26 -21 -30
right_child=10 -3 -4 4 -6 6 7 -9 -10 -11 19 12 24 -15 -16 -17 -18 -19 -20 28 21 23 -24 -25 26 -27 -28 -29 29 -31
leaf_value=-0.044839633210008653 -0.066318333584061723 0.047516546202668104 -0.23125112061753078 -0.070264400955324435 0.039174276867810581 -0.07282014438908864 0.021023866928865147 0.045249921107365816 -0.27543257150252737 -0.081162758871067456 -0.075448715416621348 -0.071070174094404123 -0.060074007352697717 -0.19227561418179415 0.011612141175146841 -0.00048008967287012079 -0.2121537999728613 -0.41187376611037269 -0.065218543546398264 -0.059126574275565683 0.012725693527808495 -0.051021448035354057 -0.10152672795155358 -0.27263679333902691 -0.061090088213536578 0.024486564571768583 -0.055272045300872652 0.034045483852203691 0.0618725932197461 0.0030739965624414097
leaf_weight=2.5049712606341923 3.9419065138281448 62.958018478762824 1.2002869769930828 1.1889081353930349 1.3567926175892351 1.6423298709050858 24.776817906684308 38.477598328667227 0.30387147516012181 1.609644465983364 4.5575466954614994 2.9041974524807364 4.4422833056996778 0.47300727846595592 20.185061371033953 12.484295206326351 1.2723803375540681 0.10682859517692112 1.4976411412062578 2.2293574705690835 15.744604972991516 1.0712025391694613 1.1558485929199367 0.33127773483283807 1.0335171073966183 15.22493534129171 1.8819830425709358 60.506443350364862 2.81082914120634 394.608194412187
leaf_count=418 4687 1595 8 28 17 429 1625 780 6 726 1208 953 2108 59 286 558 16 7 534 360 507 105 73 43 1203 92 204 1918 3 36138
internal_value=0.00965024 0.0294302 0.0144353 0.018381 -0.0786591 0.0236053 0.0274567 0.0306456 -0.0697861 0.010493 0.00461463 0.0135555 0.0181507 -0.00267198 0.00121225 -0.0162797 -0.143615 -0.0935276 0.0161081 0.00201014 -0.0177521 -0.00338532 0.00491179 -0.103369 0.0240555 0.00538666 0.0298448 0.0324478 0.00314057 0.00348986
internal_weight=684.483 138.896 75.9381 74.7378 3.81808 70.9197 68.1109 66.3617 2.80884 27.8841 545.586 123.078 106.651 23.5623 23.0893 16.4262 2.46129 1.74916 26.2745 422.509 22.8605 18.3029 16.9005 1.40248 83.0892 19.6672 63.4219 61.54 399.648 397.419
internal_count=56694 6189 4594 4586 61 4525 4101 3665 424 2885 50505 12068 6823 1298 1239 5245 44 436 2159 38437 1936 728 580 148 5525 2200 3325 3121 36501 36141
is_linear=0
shrinkage=0.05


Tree=126
num_leaves=31
num_cat=0
split_feature=11 8 6 4 2 17 18 17 3 1 1 4 24 4 2 7 10 8 3 24 24 24 1 11 7 7 7 8 24 7
split_gain=25.9992 14.7023 24.9974 8.41865 8.12291 5.89747 6.53673 5.95676 5.23481 4.70807 8.45766 7.18342 5.60864 5.43661 5.39071 4.44227 4.39026 9.03827 3.90494 3.67206 5.47238 5.60181 3.4482 4.95838 3.28836 3.67441 4.42184 3.15862 7.85731 5.79479
threshold=1.0000000180025095e-35 0.70152654363180689 0.15476190476190474 0.70759919960615669 0.27842377260981921 0.11437908496732026 1.0000000180025095e-35 0.081666666666666624 0.63760572760572776 0.23222109875294913 0.23606811145510834 0.58710167512799105 0.31645456500000008 0.59226755218216331 0.4182575494619924 0.14962686567164177 1.0000000180025095e-35 0.54653679653679665 0.43463101938711701 0.67384485000000016 0.66888671500000008 0.66371497000000013 0.17684288905435588 363.50000000000006 0.15484515484515488 0.15759905381431114 0.1719211822660098 0.28759398496240607 0.38401350000000006 0.20431354359925794
decision_type=2 2 2 2 2 2 2 2 2 2 2 2 2 2 2 2 2 2 2 2 2 2 2 2 2 2 2 2 2 2
left_child=1 2 4 8 -1 7 18 -6 -4 11 12 19 14 -13 -11 -15 17 -5 -7 20 21 -2 23 -17 -12 -26 -27 28 -28 -29
right_child=9 -3 3 16 5 6 -8 -9 -10 10 24 13 -14 15 -16 22 -18 -19 -20 -21 -22 -23 -24 -25 25 26 27 29 -30 -31
leaf_value=-0.081394406777138453 -0.046307240312260606 0.047365734174734289 -0.068940933807742841 -0.20679068276163634 0.01381607265977205 -0.025181733803820106 -0.050634124578199248 -0.083502327363519646 -0.22012691524835262 -0.09967288834330193 -0.057435420193439127 0.054382765656346137 -0.090603134984454464 -0.032349760448155941 0.040961842471162628 -0.072883042200451803 0.013004149530695725 -0.022996272682190882 0.046171045998037993 -0.25132887810547594 0.05231901860364966 -0.41066835073279501 0.017686767241778478 0.0066642577281735204 0.06115615209170764 -0.076780846031955272 -0.06340367796428488 -0.022734460212047135 0.025902440240559856 0.0033383519132011343
leaf_weight=1.7697616997938883 5.37805246078642 60.073461337597109 1.0733801588867193 0.92922373553619797 20.53320369793801 2.0192207288928321 1.9735522809359043 1.7027839023357945 1.2271167867672828 0.9828766847858782 2.2582137173812944 8.3625054782169155 4.0716298618644942 5.2388551020194418 2.2214899663231336 2.5526832436007654 2.5256841480731964 2.387620170487935 38.059178701369092 0.19229050847934548 1.5736107247721518 0.10759890353074286 99.9883611804471 8.4227547928603599 2.704269024427048 1.743312776510719 2.6940181895697632 22.72284419414791 28.712147336125781 342.96450211972842
leaf_count=556 6366 1595 20 22 255 37 2889 23 24 147 399 354 558 1499 21 809 14 48 706 103 18 17 3519 148 3 282 749 816 1386 33311
internal_value=0.00927811 0.028978 0.0140911 -0.0685664 0.0242804 0.0271895 0.0382017 0.00636364 -0.149586 0.00440572 0.00176903 0.0126283 -0.0516592 0.0154446 -0.00217511 0.0126424 -0.0366651 -0.0744868 0.0425762 -0.035748 -0.0298757 -0.053454 0.0147666 -0.011837 0.00273175 0.00307012 0.00267627 0.0030251 0.0182418 0.00171826
internal_weight=677.166 134.274 74.2007 8.14302 66.0577 64.2879 42.052 22.236 2.3005 542.892 411.075 131.817 7.276 124.565 3.20437 116.203 5.84253 3.31684 40.0784 7.25155 7.05926 5.48565 110.964 10.9754 403.799 401.541 398.837 397.094 31.4062 365.687
internal_count=56694 6189 4594 128 4466 3910 3632 278 44 50505 37672 12833 726 6329 168 5975 84 70 743 6504 6401 6383 4476 957 36946 36547 36544 36262 2135 34127
is_linear=0
shrinkage=0.05


Tree=127
num_leaves=31
num_cat=0
split_feature=11 8 6 0 0 0 24 8 23 0 4 7 0 3 2 24 4 4 1 0 0 3 7 0 1 8 3 3 2 3
split_gain=24.7328 14.3599 22.4971 10.3082 7.37711 14.0705 5.04324 4.38432 6.25206 6.14133 7.27654 5.92382 4.93395 6.26445 5.3793 4.77433 3.86424 3.64067 10.435 11.3921 14.5186 9.49219 11.7991 7.54778 6.02759 5.49373 5.45174 5.33796 8.26059 5.23708
threshold=1.0000000180025095e-35 0.70152654363180689 0.15476190476190474 4.7112292500000006 19.036913000000002 9.8500280000000018 0.23717984500000003 0.29300813008130083 1.0000000180025095e-35 5.5709956000000007 0.60989719985907331 0.14962686567164177 7.5104160500000008 0.55051132442436801 0.33137254901960794 0.38401350000000006 0.88304269641077993 0.61607316463181083 0.28388278388278393 8.4788090000000018 5.1883654500000009 0.54160618363404756 0.15759905381431114 7.2569232000000001 0.25586470267321332 0.30341388569236666 0.58285013855777668 0.51429711246200627 0.36700680272108849 0.52592943987630902
decision_type=2 2 2 2 2 2 2 2 2 2 2 2 2 2 2 2 2 2 2 2 2 2 2 2 2 2 2 2 2 2
left_child=1 2 3 6 5 16 -1 8 12 10 -10 -9 13 -2 -15 -11 -4 18 21 20 26 22 -13 -24 -23 -19 -20 -27 -29 -25
right_child=7 -3 4 -5 -6 -7 -8 11 9 15 -12 17 -14 14 -16 -17 -18 25 19 -21 -22 24 23 29 -26 27 -28 28 -30 -31
leaf_value=0.034628560539109711 -0.046143799871092073 0.047208215581227619 -0.081984792111469085 0.040452413280298916 -0.16281481461281047 0.03163459700111225 -0.013977553581447397 -0.057242876839888227 0.028636428858572399 -0.038580809706247651 -0.073470485072852851 0.052488015806540306 0.023564963087784618 0.047366289185480963 -0.051434855352842493 0.048504878915514089 -0.20490035260189324 -0.063450497827147553 -0.059621869320451604 0.014245387831770623 -0.095979160416067813 -0.065075259189669388 -0.05868452132681963 0.01970657205967672 0.039519906338256368 0.013636273660439147 0.044523117500589668 -0.043025070511613285 0.0031308039503183138 -0.048636570610703755
leaf_weight=7.4333339301956611 9.0884149084413384 57.329573512717616 2.5909843530782823 37.885713591793319 1.5299733355641363 3.3511715084314346 18.919843386179423 4.1001524907842386 4.8147919261282359 1.6828755570604723 2.7365277542048716 5.6464475796892684 11.802519972625303 4.6200464913999886 1.9630120253641505 24.289352681258606 0.84893279358220741 2.9119378370014593 1.994455393229148 7.7937746880852492 9.9008527873011172 1.4855156494595601 10.839688269454202 8.7892174899898219 18.925863396136265 133.46746925828484 3.3966769090257003 10.075468390354215 255.94642584891699 4.1157124395540441
leaf_count=107 5371 1595 85 813 8 26 3546 1492 2003 158 346 307 183 261 226 438 9 187 3810 265 718 192 3647 280 215 3660 816 723 25121 86
internal_value=0.00891443 0.0285049 0.0137275 0.0237476 -0.0636286 -0.0412828 -0.000267424 0.00420559 0.0168313 0.0313228 -0.00836616 0.00259909 -0.000851017 -0.0192392 0.0179046 0.0428621 -0.112319 0.00311532 -0.00716679 -0.0349537 -0.0600287 0.00571374 -0.0124773 -0.0279259 0.0319076 0.00497776 0.00599456 0.00547654 0.00138267 -0.00208981
internal_weight=670.277 129.89 72.56 64.2389 8.32106 6.79109 26.3532 540.387 60.9975 33.5235 7.55132 479.39 27.474 15.6715 6.58306 25.9722 3.43992 475.29 72.8882 23.0858 15.292 49.8024 29.3911 23.7446 20.4114 402.401 5.39113 399.489 266.022 12.9049
internal_count=56694 6189 4594 4466 128 120 3653 50505 8986 2945 2349 41519 6041 5858 487 596 94 40027 10336 5609 5344 4727 4320 4013 407 29691 4626 29504 25844 366
is_linear=0
shrinkage=0.05


Tree=128
num_leaves=31
num_cat=0
split_feature=11 8 6 0 2 4 3 15 0 4 1 1 4 24 2 4 1 1 24 24 15 3 3 18 17 14 24 24 24 0
split_gain=23.4343 14.0405 20.4211 10.0939 7.33061 6.83446 5.88187 5.73655 5.62251 4.81463 4.18991 7.78552 6.18802 5.12807 4.99144 4.8131 3.77882 5.26793 4.12572 4.16025 5.99907 3.41681 3.38868 3.21357 3.26274 6.28572 3.12264 5.26454 3.16368 3.11569
threshold=1.0000000180025095e-35 0.70152654363180689 0.15476190476190474 7.2569232000000001 0.27842377260981921 0.70759919960615669 0.4394919497070035 1.0000000180025095e-35 9.8500280000000018 0.88304269641077993 0.23222109875294913 0.23606811145510834 0.58710167512799105 0.31645456500000008 0.4182575494619924 0.59226755218216331 0.17684288905435588 0.15831244778613204 0.72055679500000014 0.7185807500000001 1.0000000180025095e-35 0.63760572760572776 0.56834499970464891 1.0000000180025095e-35 0.11437908496732026 1.0000000180025095e-35 0.67384485000000016 0.66888671500000008 0.66371497000000013 13.867707500000002
decision_type=2 2 2 2 2 2 2 2 2 2 2 2 2 2 2 2 2 2 2 2 2 2 2 2 2 2 2 2 2 2
left_child=1 2 3 4 22 21 7 -6 9 -7 12 13 26 14 -12 -14 17 18 19 20 -17 -4 -1 24 25 -8 27 28 -2 -13
right_child=10 -3 5 -5 6 8 23 -9 -10 -11 11 29 15 -15 -16 16 -18 -19 -20 -21 -22 -23 -24 -25 -26 -27 -28 -29 -30 -31
leaf_value=-0.077557167444670283 -0.045615937976933467 0.047043674820133212 -0.063761310333674034 0.050103938639580049 -0.029594634133811117 -0.028758247576905472 -0.076034346055380272 -0.25003690433008202 0.0021560483826370746 -0.18798172171239153 -0.098521019065929083 -0.00038529044385927371 0.051767493940854184 -0.088568037715834658 0.039944832568683836 -0.095970383826123717 0.015191731215819038 -0.060515456909490672 -0.086394974974753402 0.064502301955467689 0.024373259931153652 -0.18362921490973622 -0.35091492655091217 -0.05067890050496722 0.039445311687776485 0.017785562772729489 -0.22904847536342646 0.052134306534489333 -0.28094860303082858 0.0093146172647410857
leaf_weight=1.3847948148832063 5.0857034631590059 54.719573416048661 1.0600770822748002 22.341559741646051 2.9594051604835836 1.0334828090640256 1.9899216962658126 0.32781231775879849 4.0439072921872139 0.87823002687218821 0.93674968709819895 283.03082410533898 8.0883401817918621 3.929532216359803 2.1325041267846245 1.4185906389611753 100.48854337909506 4.0707187140287706 1.0406893740364456 3.1570408299739938 3.8353676772530889 1.3536447658347013 0.1234818282391642 1.610704670062886 14.600873245421097 17.359423276269808 0.19902648991410377 1.5714117878596878 0.14693938873460854 117.01247313348722
leaf_count=543 6366 1595 20 609 404 47 28 4 28 9 147 35396 354 558 21 718 4045 889 109 3 211 24 8 2539 138 193 103 18 17 1550
internal_value=0.00858346 0.0280063 0.0133482 0.0231407 0.00821361 -0.0600112 0.0124125 -0.0515779 -0.0312467 -0.101905 0.00402659 0.00153728 0.011875 -0.0507428 -0.00231555 0.0144966 0.0118525 -0.012962 0.00751863 0.0191385 -0.00812003 -0.130985 -0.0999368 0.0183278 0.0216016 0.00813695 -0.0338328 -0.0281225 -0.0522244 0.00245193
internal_weight=661.931 125.787 71.0673 62.698 40.3564 8.36934 38.8481 3.28722 5.95562 1.91171 536.144 407.042 129.102 6.99879 3.06925 122.099 114.011 13.5224 9.45169 8.411 5.25396 2.41372 1.50828 35.5609 33.9502 19.3493 7.00308 6.80405 5.23264 400.043
internal_count=56694 6189 4594 4466 3857 128 3306 408 84 56 50505 37672 12833 726 168 6329 5975 1930 1041 932 929 44 551 2898 359 221 6504 6401 6383 36946
is_linear=0
shrinkage=0.05


Tree=129
num_leaves=31
num_cat=0
split_feature=11 8 6 0 2 4 3 0 4 8 23 0 7 7 0 3 2 24 15 11 11 11 0 0 0 8 3 16 24 10
split_gain=22.2986 13.6529 18.5828 9.83165 6.56995 5.88948 5.27226 5.01917 4.16279 4.01992 5.7334 5.61766 6.81889 5.37675 4.40549 5.78499 5.01015 4.3326 3.8249 3.17372 16.186 8.36045 24.1334 7.37732 8.51538 9.08301 25.6192 12.168 12.0949 9.19787
threshold=1.0000000180025095e-35 0.70152654363180689 0.15476190476190474 7.2569232000000001 0.27842377260981921 0.70759919960615669 0.4394919497070035 9.8500280000000018 0.88304269641077993 0.29300813008130083 1.0000000180025095e-35 5.5709956000000007 0.16064516129032258 0.14962686567164177 7.5104160500000008 0.55051132442436801 0.33137254901960794 0.38401350000000006 1.0000000180025095e-35 360.50000000000006 365.50000000000006 1.5000000000000002 15.589676000000003 4.2933065000000008 14.763591000000002 0.93030597377367663 0.94428419533682717 1.0000000180025095e-35 0.74883996500000005 1.0000000180025095e-35
decision_type=2 2 2 2 2 2 2 2 2 2 2 2 2 2 2 2 2 2 2 2 2 2 2 2 2 2 2 2 2 2
left_child=1 2 3 4 -1 -4 18 8 -7 10 14 12 -12 -11 15 -2 -17 -13 -6 21 -21 22 -15 -23 25 29 27 -27 -28 -25
right_child=9 -3 5 -5 6 7 -8 -9 -10 13 11 17 -14 19 -16 16 -18 -19 -20 20 -22 23 -24 24 -26 26 28 -29 -30 -31
leaf_value=-0.093884231441798513 -0.045069342781810906 0.046871790153689988 -0.12142926531030949 0.050098857457002516 -0.028102438949469954 -0.027435224753013111 0.017798971245739006 0.0020517695148210393 -0.17480229377448972 -0.056092406661223719 0.039240831348998161 -0.036970411194857236 -0.057104772736233926 0.022303986475365929 0.022202728893806901 0.046476022090579189 -0.050401621453990166 0.046828059873700853 -0.19240671847818858 0.035081108863289155 0.0013315017195367077 0.031092857164264111 -0.081738205263920879 -0.0043644157960709539 0.011689725434519758 -0.15521840498837339 -0.22986837618097031 -0.50059374827352698 0.020058888747738438 -0.050497844508828715
leaf_weight=1.522771309762901 8.7940541732168658 52.237001259112731 2.4714123187831074 21.254049494862556 2.9606888423440973 1.0292669169837152 34.810863048223609 4.0371391773223877 0.89669018135828071 3.9087551717711895 3.7209577761677783 1.6501823309736234 3.6262450183567125 51.751206209126394 11.54634802930377 4.4633066955066161 1.9038460906813268 23.630510747527296 0.40234685316681851 40.506646438268945 288.90329680643845 8.3027656320009537 6.2463869722560039 32.598857576871524 17.737978638411732 3.0350946033940986 0.54068087503401319 0.27841534788603883 4.6238121373389731 16.160303328440932
leaf_count=551 5371 1595 44 609 404 47 2898 28 9 1492 1108 158 1241 4507 183 261 226 438 4 343 5163 7541 37 3130 705 635 89 23 300 17554
internal_value=0.00824306 0.0275645 0.013029 0.0226547 0.00796078 -0.0565297 0.0120234 -0.029632 -0.0960466 0.00384188 0.0161118 0.0301736 -0.00831098 0.00230785 -0.00106719 -0.0187889 0.0175086 0.0413582 -0.0477595 0.00279283 0.0054816 -0.00347654 0.0110986 -0.0136271 -0.0185794 -0.0279599 -0.0757268 -0.184238 -0.00610649 -0.0196545
internal_weight=655.552 121.622 69.3852 60.9507 39.6967 8.43451 38.1739 5.9631 1.92596 533.93 59.3355 32.6279 7.3472 474.594 26.7076 15.1612 6.36715 25.2807 3.36304 470.685 329.41 141.276 57.9976 83.2779 74.9751 57.2372 8.478 3.31351 5.16449 48.7592
internal_count=56694 6189 4594 4466 3857 128 3306 84 56 50505 8986 2945 2349 41519 6041 5858 487 596 408 40027 5506 34521 4544 29977 22436 21731 1047 658 389 20684
is_linear=0
shrinkage=0.05


Tree=130
num_leaves=31
num_cat=0
split_feature=11 0 2 0 10 8 7 8 3 2 3 24 24 7 0 3 2 0 2 11 3 17 0 0 0 0 0 2 2 8
split_gain=21.8055 9.54293 9.15545 7.02721 6.60455 9.50078 5.93383 10.476 10.8485 5.84027 5.53038 7.46077 13.9535 5.49966 5.97383 8.5549 5.15624 4.58362 19.3909 13.4446 4.29055 5.42833 4.38969 4.21853 4.83413 4.57357 25.179 7.87581 6.21942 10.1927
threshold=1.5000000000000002 8.4465700000000012 0.50301204819277123 20.257357000000003 1.0000000180025095e-35 0.32392686804451509 0.18286311389759663 0.36700680272108849 0.42047146401985119 0.33549783549783552 0.36669653524492241 0.72619235000000015 0.7185807500000001 0.20550527903469082 2.8258928000000005 0.51136422908750745 0.91734972677595616 16.682233000000004 0.85895117540687183 1.0000000180025095e-35 0.51429711246200627 0.11437908496732026 3.3271298500000008 2.7320753500000006 2.2653307000000003 6.8998042500000007 5.9844680000000006 0.47140522875816998 0.44575163398692813 0.76253132832080206
decision_type=2 2 2 2 2 2 2 2 2 2 2 2 2 2 2 2 2 2 2 2 2 2 2 2 2 2 2 2 2 2
left_child=1 2 4 10 5 20 -7 8 -8 -9 11 12 -2 14 15 -10 -4 -3 -19 -20 -1 22 -22 24 -12 26 27 -25 -27 -30
right_child=3 17 16 -5 -6 6 7 9 13 -11 23 -13 -14 -15 -16 -17 -18 18 19 -21 21 -23 -24 25 -26 28 -28 -29 29 -31
leaf_value=-0.058842203818856013 -0.11112925901561373 0.038967172153853438 -0.055790811942378449 0.040674178313802767 0.04016008852468525 0.046462863852661018 -0.62292221685824778 -0.14976273324562628 -0.11416723660015991 0.031170818658429973 -0.050586517279941748 -0.10344100116713364 0.063447835015738904 -0.01051441552155799 -0.05653856101070074 -0.54797256000231531 0.053698497692173525 -0.15009996403728276 0.050099841859675268 -0.04379482329870011 -0.1186015038370184 0.021916955223041049 0.0046136630048096653 0.0061756456120416001 0.04968641273356568 0.013615135900772632 -0.057034513408826898 -0.069459823327468931 -0.022927714749829419 0.0055614939536329944
leaf_weight=6.1370684492540013 1.833590365909912 80.099483161277021 7.0510313124293571 12.000099130062152 20.820351375099563 13.772197243393746 0.079427988523096071 0.45724980462546483 0.36298671267286264 18.127523942402149 1.404857396504666 2.8976554196851794 3.04599640637025 5.849032997993163 1.6301861380197804 0.16545024097285932 1.2687948308885095 1.6789951720275009 15.288255872204902 5.0790183693170539 1.5470518790534682 6.1493909521468595 1.356797188404016 103.05251754702113 8.3224854831787507 128.29676094434035 20.357340151596873 3.5607125393835295 40.353604924817773 141.42624162551874
leaf_count=2717 530 1765 1083 63 191 457 33 76 73 2847 8398 105 11 1753 33 9 2 9 488 24 36 855 19 7464 936 2074 4411 1735 16327 2255
internal_value=0.00868853 0.0231183 0.0107172 0.00290734 0.0161377 0.00714761 0.0198105 0.00604841 -0.0414548 0.0267192 0.0019103 -0.0398908 -0.00215257 -0.0356872 -0.103896 -0.249989 -0.0390934 0.0334105 0.0132216 0.0266852 -0.0265673 -0.00468859 -0.0610303 0.00263795 0.0352046 0.00191311 -0.00608 0.00364954 0.00518615 -0.000762872
internal_weight=653.472 186.92 84.7745 466.552 76.4547 55.6344 40.4441 26.6719 8.08708 18.5848 454.552 7.77724 4.87959 8.00766 2.15862 0.528437 8.31983 102.146 22.0463 20.3673 15.1903 9.05324 2.90385 446.775 9.72734 437.047 126.971 106.613 310.077 181.78
internal_count=56779 12470 10184 44309 9099 8908 5281 4824 1901 2923 44246 646 541 1868 115 82 1085 2286 521 512 3627 910 55 43600 9334 34266 13610 9199 20656 18582
is_linear=0
shrinkage=0.05


Tree=131
num_leaves=31
num_cat=0
split_feature=11 7 0 2 11 0 5 4 3 0 3 3 24 24 0 3 0 11 0 4 2 7 1 7 11 11 2 7 0 7
split_gain=20.48 9.35088 9.04863 9.56256 11.4591 7.71019 12.0355 7.7754 11.6146 6.61344 5.13801 5.07407 6.73908 12.8205 4.75839 4.54081 4.45045 4.43594 3.92673 4.58938 6.02833 5.3838 5.21696 7.40164 5.8311 10.3553 7.01965 5.56916 5.79927 12.2181
threshold=1.5000000000000002 0.9457002457002458 16.682233000000004 0.85895117540687183 1.0000000180025095e-35 8.4465700000000012 0.13392857142857142 0.61046735305047328 0.52001082251082253 20.257357000000003 0.52981601731601746 0.36669653524492241 0.72619235000000015 0.7185807500000001 4.2933065000000008 0.5730188792688794 2.7596907500000003 1.0000000180025095e-35 2.7320753500000006 0.55583743598449498 0.27953488372093033 0.18561584840654607 0.20126582278481006 0.1719211822660098 360.50000000000006 365.50000000000006 0.3393028461784458 0.97182539682539681 14.923655250000001 0.24440019910403188
decision_type=2 2 2 2 2 2 2 2 2 2 2 2 2 2 2 2 2 2 2 2 2 2 2 2 2 2 2 2 2 2
left_child=1 2 5 -4 -5 6 7 8 -1 11 -10 12 13 -2 15 -9 -12 -18 -13 21 -21 -20 -22 -24 27 26 -26 28 29 -25
right_child=9 -3 3 4 -6 -7 -8 14 10 -11 16 18 -14 -15 -16 -17 17 -19 19 20 22 -23 23 24 25 -27 -28 -29 -30 -31
leaf_value=-0.062201561104690162 -0.10623521735183371 0.04436470336874887 -0.1383509282483979 0.050138011825537301 -0.08153783566203876 0.034975389089789984 -0.08498778174279592 0.0096775533216856609 0.05475733513611572 0.040101974211057601 -0.077674755121125608 0.03437264818699079 -0.099008359881409713 0.062597503850465738 0.032602186566443439 -0.079622212436365664 0.035579499308918121 -0.084900683228532489 -0.055508904363869765 -0.074131904082637465 0.020155715960936689 0.041047262616015684 -0.048554391098255906 0.0035415049792276313 -0.04806945299371447 0.00042260835395398623 0.035854414077158267 -0.16055177038577745 0.015040767625591306 -0.043414828744519268
leaf_weight=7.4758634722857122 1.8224339939843037 38.736992734717205 1.7290885001420955 3.838345181196928 2.9010302452370524 51.771366874978412 3.1804892085265228 17.641708480969104 5.175801163473805 11.573638260844744 1.8427540833154124 9.469047887982013 2.8765183482682914 2.935797885980719 41.313238668313716 1.5485024994591174 4.1003313313412946 0.9389549306288244 1.6325707963442244 2.6611030203312103 33.931366667879047 12.477180292331466 7.7849225477257269 29.548246204583847 2.7004280643886878 268.39922559712795 32.22544734668918 0.62534791181678784 16.807929462695029 26.081182446079765
leaf_count=3430 530 1087 9 115 14 1061 568 1099 298 63 1850 9334 105 11 590 2203 69 77 1512 841 3023 1612 868 3047 19 4454 266 17 646 17961
internal_value=0.00836297 0.0225662 0.01668 -0.0334556 -0.00654315 0.0198253 0.0104001 0.0141906 -0.0132368 0.00278055 0.0171214 0.00182488 -0.038591 -0.00206653 0.0230456 0.00247175 -0.0111836 0.0131308 0.0025193 0.00182572 0.000885123 0.0298752 0.00136258 -0.000297286 0.000700827 0.00375519 0.0293655 -0.0119796 -0.010697 -0.0184734
internal_weight=645.747 182.194 143.457 8.46846 6.73938 134.989 83.2176 80.0372 19.5337 463.552 12.0578 451.979 7.63475 4.75823 60.5034 19.1902 6.88204 5.03929 444.344 434.875 420.765 14.1098 418.104 384.173 376.388 303.325 34.9259 73.0627 72.4374 55.6294
internal_count=56779 12470 11383 138 129 11245 10184 9616 5724 44309 2294 44246 646 541 3892 3302 1996 146 43600 34266 31142 3124 30301 27278 26410 4739 285 21671 21654 21008
is_linear=0
shrinkage=0.05


Tree=132
num_leaves=31
num_cat=0
split_feature=11 7 0 2 11 1 17 0 8 19 3 24 24 1 7 7 4 24 3 2 4 0 0 0 1 1 17 17 0 1
split_gain=19.2332 9.0621 8.26863 8.40394 10.1116 7.23572 6.76984 6.21963 6.05658 4.96301 4.66389 6.11522 11.8136 4.21063 14.0369 6.75558 5.34055 5.17548 3.90249 3.7548 4.42681 4.59564 5.11101 11.6318 9.97644 8.06542 7.31162 12.3143 10.9219 6.28564
threshold=1.5000000000000002 0.9457002457002458 16.682233000000004 0.85895117540687183 1.0000000180025095e-35 0.16045977011494258 0.93750000000000011 20.257357000000003 0.29568913175470551 1.0000000180025095e-35 0.36669653524492241 0.72055679500000014 0.7185807500000001 0.56160063079045941 0.65868005738880919 0.62889245585874809 0.58259316393072058 0.64618017000000016 0.56224731224731228 0.27842377260981921 0.55785934744268084 2.7320753500000006 8.5266805000000012 8.3334675000000029 0.22361111111111107 0.26138716356107661 1.0000000180025095e-35 0.23392612859097126 4.6039099500000011 0.27812939521800289
decision_type=2 2 2 2 2 2 2 2 2 2 2 2 2 2 2 2 2 2 2 2 2 2 2 2 2 2 2 2 2 2
left_child=1 2 5 -4 -5 -1 8 10 18 -10 11 12 -2 16 15 17 -8 -15 -7 -12 -21 -22 23 26 -24 -25 28 -28 -23 -27
right_child=7 -3 3 4 -6 6 13 -9 9 -11 19 -13 -14 14 -16 -17 -18 -19 -20 20 21 22 24 25 -26 29 27 -29 -30 -31
leaf_value=-0.066366444881618941 -0.10174512738483868 0.043981715171581073 -0.12873490938682827 0.050131305966091069 -0.072898074396377105 -0.026626669013727528 -0.013587405870106945 0.039516827299773523 -0.054041732824594992 0.016597938729248331 -0.047646435334956529 -0.095044730677316197 0.061938158599891206 -0.23104793462799861 0.031542785260288767 -0.26587728995983162 0.041529188922120333 -0.030572266804317016 -0.15180771156645245 0.031710883138921862 0.037496058534181163 -0.063755656207226938 0.032429415155951512 -0.018451081034475906 0.0020415517908053552 -0.40005791499509558 -0.078308957193082895 -0.0061795802964708423 0.018406642458458571 -0.12053474540483303
leaf_weight=2.4200269608045337 1.8080735179464671 37.160637586493976 1.7643362060189227 3.6516229491680861 3.0777196614071727 4.3983525698968142 4.7889980940090018 11.168114432890432 2.6279129400761567 46.205366541704279 3.7155817790189749 2.8491484983605915 2.824108540895395 0.36576189054176556 13.786973346228477 0.43185997195541848 53.424387262552045 2.6866773792135064 0.72525468628919032 12.877963126127723 8.9057205936551309 4.3891475632044594 31.127835627321474 2.533425973939301 204.1425479937825 0.22146779380273107 6.2393975524391854 114.62806704309332 51.550807122453989 2.1889417983111343
leaf_count=1113 530 1087 9 115 14 1743 122 63 6160 816 2996 114 2 8 261 32 756 146 88 3939 6267 823 839 133 14254 21 1259 10098 2048 923
internal_value=0.0080414 0.0220265 0.0162136 -0.0316036 -0.00613718 0.0192936 0.0208951 0.0026582 0.00737041 0.0127965 0.00174345 -0.037405 -0.00195212 0.0305627 0.00888246 -0.0807818 0.036995 -0.0545945 -0.0443462 0.0024053 0.00282911 0.00195587 0.00119689 -0.00510092 0.00606207 -0.0807446 -0.00298579 -0.00990303 0.01196 -0.146217
internal_weight=638.686 177.516 140.355 8.49368 6.72934 131.862 129.442 461.17 53.9569 48.8333 450.002 7.48133 4.63218 75.4847 17.2713 3.4843 58.2134 3.05244 5.12361 442.521 438.805 425.927 417.022 181.751 235.27 4.94384 176.807 120.867 55.94 2.41041
internal_count=56779 12470 11383 138 129 11245 10132 44309 8807 6976 44246 646 532 1325 447 186 878 154 1831 43600 40604 36665 30398 15305 15093 1077 14228 11357 2871 944
is_linear=0
shrinkage=0.05


Tree=133
num_leaves=31
num_cat=0
split_feature=11 7 0 2 11 0 5 4 0 8 24 17 14 2 8 1 7 0 2 8 0 24 1 7 1 8 2 4 0 15
split_gain=17.9852 8.80496 7.5459 7.46059 8.98714 7.19718 11.1312 6.85906 5.84529 5.1589 6.04232 4.31822 13.2749 4.13982 4.3382 6.79731 5.20125 4.95262 8.90661 16.9394 6.02111 5.05803 4.589 4.4634 4.81415 4.19462 5.66731 16.0936 6.85537 7.24094
threshold=1.5000000000000002 0.9457002457002458 16.682233000000004 0.85895117540687183 1.0000000180025095e-35 8.4465700000000012 0.13392857142857142 0.61046735305047328 20.257357000000003 0.34094447327451999 0.65140088500000004 0.17267080745341609 1.0000000180025095e-35 0.27842377260981921 0.31139971139971145 0.29300813008130083 0.20431354359925794 4.3784611500000006 0.35859165709911983 0.32049382716049379 4.6039099500000011 0.37364896500000006 0.30860805860805868 0.15831244778613204 0.17817460317460324 0.34094447327451999 0.4624765478424015 0.82433867180577713 9.2392160000000025 1.0000000180025095e-35
decision_type=2 2 2 2 2 2 2 2 2 2 2 2 2 2 2 2 2 2 2 2 2 2 2 2 2 2 2 2 2 2
left_child=1 2 5 -4 -5 6 7 9 13 10 -1 12 -9 -2 15 23 -17 21 19 -19 -20 -16 -23 24 -15 -22 28 -28 29 -27
right_child=8 -3 3 4 -6 -7 -8 11 -10 -11 -12 -13 -14 14 17 16 -18 18 20 -21 25 22 -24 -25 -26 26 27 -29 -30 -31
leaf_value=0.0094959695894730172 -0.049479047872763589 0.043581239905137993 -0.12071609430461137 0.050124925900269894 -0.065600831409539151 0.033818834502660697 -0.083743871347576007 -0.10827862812155167 0.038918771285613732 -0.056834689133324491 -0.15399101147465169 0.032912976605722198 0.017584015128740884 0.026090912326693867 -0.031957178459137203 -0.13543181527489373 -0.012421284492940363 0.030540941474369743 -0.087485398272212397 -0.065459885242985558 -0.024595832635812158 0.055305184982443446 -0.052461220398286483 0.027261145377443775 -0.062252585980798983 0.015344495118591038 -0.04453465873001336 0.0020235594062195275 0.033544938055674392 -0.0092843130350070118
leaf_weight=13.374768465596389 3.9221018054231527 35.665017383755185 1.7868139897473136 3.473962115123868 3.2444786848500371 48.962918515258934 3.0780955824261573 2.323573632733317 10.782590367627561 4.9462831352502681 0.59010366656730262 34.728834022230217 21.292945983092068 3.0809989988192674 2.6800412856136964 0.96611037838010627 7.7754620542473276 6.9492076323986138 1.9138344479360956 13.563977416011765 14.808874825845121 9.9537636021777853 1.0966895397868928 44.446891683175636 3.0873737764559337 71.069966099974408 20.910998122210003 165.1572012295328 25.398324708861765 51.446612479718169
leaf_count=3455 3105 1087 9 115 14 1061 568 64 63 1947 322 3531 297 966 1246 101 990 303 239 1806 573 1347 4763 3435 1099 1049 11964 10157 107 996
internal_value=0.00772311 0.0214385 0.0157077 -0.0299116 -0.00576152 0.0187085 0.00949896 0.013214 0.00253985 -0.0129545 0.00258762 0.0216958 0.00520069 0.00166472 0.00211619 0.0146982 -0.0260163 0.000176119 -0.000914602 -0.0329379 0.000958477 0.029665 0.04461 0.0217299 -0.0181265 0.00144377 0.00259837 -0.00320882 0.00990347 0.00500248
internal_weight=632.479 173.468 137.803 8.50525 6.71844 129.298 80.3346 77.2565 459.011 18.9112 13.9649 58.3454 23.6165 448.228 444.306 59.3568 8.74157 384.949 371.219 20.5132 350.706 13.7305 11.0505 50.6153 6.16837 348.792 333.983 186.068 147.915 122.517
internal_count=56779 12470 11383 138 129 11245 10184 9616 44309 5724 3777 3892 361 44246 41141 6591 1091 34550 27194 2109 25085 7356 6110 5500 2065 24846 24273 22121 2152 2045
is_linear=0
shrinkage=0.05


Tree=134
num_leaves=31
num_cat=0
split_feature=11 7 0 0 5 2 11 4 0 11 10 0 2 4 0 4 7 24 11 11 11 13 7 0 0 5 4 20 7 7
split_gain=16.7688 8.54778 6.88748 6.78778 10.3429 6.67915 8.03716 6.29623 5.4881 4.95455 5.31956 4.30552 3.80212 4.03208 4.07767 3.82498 4.64388 5.54497 9.55032 3.96898 11.2942 7.28051 6.76321 20.4644 15.1183 13.171 5.1674 4.88289 4.69207 5.94443
threshold=1.5000000000000002 0.9457002457002458 16.682233000000004 8.4465700000000012 0.13392857142857142 0.85895117540687183 1.0000000180025095e-35 0.61046735305047328 20.257357000000003 1.0000000180025095e-35 1.0000000180025095e-35 4.2933065000000008 0.27842377260981921 0.55785934744268084 2.7320753500000006 0.96260439560439559 0.9651115618661259 0.90917380000000014 655.50000000000011 360.50000000000006 365.50000000000006 1.0000000180025095e-35 0.24440019910403188 14.763591000000002 13.209223500000002 1.0000000180025095e-35 0.60794552669552682 1.0000000180025095e-35 0.28187071144817627 0.29300813008130083
decision_type=2 2 2 2 2 2 2 2 2 2 2 2 2 2 2 2 2 2 2 2 2 2 2 2 2 2 2 2 2 2
left_child=1 2 3 4 7 -4 -7 9 12 10 -1 -9 -2 -14 -15 16 19 18 -18 22 21 -21 -16 24 26 -26 -24 -25 -28 -30
right_child=8 -3 5 -5 -6 6 -8 11 -10 -11 -12 -13 13 14 15 -17 17 -19 -20 20 -22 -23 23 27 25 -27 28 -29 29 -31
leaf_value=-0.016332715316409216 -0.04785092008970504 0.043162745664580969 -0.11392593703315856 0.033033614807185911 -0.082205761549883016 0.050118855064799163 -0.059362379667590552 0.0011874605888809134 0.038307917959959914 -0.068252093178182247 0.053629908120213537 0.030441077858494425 0.029892740893495463 0.035254938177846043 0.0038711349463772279 0.022501792460047462 -0.01204657511153634 -0.0074256374018112081 -0.33953100617820581 0.037894509269556405 -0.00099268633668150646 -0.026892695405568736 0.01583751340909027 0.025679201416199754 -0.44112615692621715 -0.1242058103824355 -0.10593982219882946 -0.054667759045637754 0.025167808414299893 -0.059760313729794547
leaf_weight=12.076862707550392 3.8545407110177612 34.246345370716881 1.7982991570606808 47.654114132092218 2.9813671753448707 3.3049251157790422 3.4018564457073808 18.61026432830613 10.416163360016069 3.2743471489775393 3.5056362655013791 38.803129206804442 12.608353406252716 8.6159430270527064 40.825052315616631 18.878143368725432 0.46422810966032502 1.30822581727989 0.42776770086493343 30.81961567667895 284.91692848392267 5.0463670163881025 2.9570925526131822 14.697842514491642 0.41168780531006577 1.6096069664199602 3.643232414389785 2.1701369319343931 2.6369135330605777 9.4236495264121896
leaf_count=2303 3105 1087 9 1061 568 115 14 3302 63 3390 31 590 4047 6389 6391 198 31 11 11 276 5309 19 910 302 62 513 639 324 116 15593
internal_value=0.00742719 0.020846 0.015202 0.0181212 0.00915439 -0.0283567 -0.00541291 0.0127256 0.0024317 -0.0123415 -0.000593038 0.0209587 0.00159254 0.00202425 0.00120491 0.000506793 -0.000527755 -0.0729686 -0.169096 -0.00012845 0.00233601 0.0287789 -0.0102153 -0.0255302 -0.0588649 -0.188755 -0.0447956 0.0153422 -0.0562131 -0.0411917
internal_weight=625.389 169.657 135.411 126.906 79.2516 8.50508 6.70678 76.2702 455.731 18.8568 15.5825 57.4134 445.315 441.461 428.852 420.236 401.358 2.20022 0.891996 399.158 320.783 35.866 78.3752 37.5502 20.6822 2.02129 18.6609 16.868 15.7038 12.0606
internal_count=56779 12470 11383 11245 10184 138 129 9616 44309 5724 2334 3892 44246 41141 37094 30705 30507 53 42 30454 5604 295 24850 18459 17833 575 17258 626 16348 15709
is_linear=0
shrinkage=0.05


Tree=135
num_leaves=31
num_cat=0
split_feature=11 8 1 17 1 18 4 5 23 4 17 8 24 24 13 4 24 24 7 4 2 3 24 4 7 4 24 24 4 1
split_gain=14.6153 12.3331 13.3783 8.29086 5.7939 5.53973 5.11738 5.14574 15.172 19.3947 4.86503 4.95445 4.52127 4.50597 4.46309 4.37162 4.0514 8.63078 8.61989 8.28435 10.4629 7.54766 7.98603 9.40667 7.39412 7.36204 7.33711 14.8266 9.77133 7.22678
threshold=1.0000000180025095e-35 0.6986039395677951 0.61633428300094983 0.17267080745341609 0.65692963752665257 1.0000000180025095e-35 0.96260439560439559 0.84523809523809534 1.0000000180025095e-35 0.95528368794326257 0.081666666666666624 0.31782106782106784 0.89630952500000005 0.86377747500000013 1.0000000180025095e-35 0.54694998154300489 0.44622616000000009 0.42238953000000007 0.19560019129603057 0.66086139169472513 0.42761904761904762 0.49538166214995488 0.21907789500000005 0.6810370622034666 0.21114551083591329 0.63368497089724729 0.48264195000000004 0.53165947000000002 0.66086139169472513 0.31851119894598162
decision_type=2 2 2 2 2 2 2 2 2 2 2 2 2 2 2 2 2 2 2 2 2 2 2 2 2 2 2 2 2 2
left_child=1 2 3 10 -4 15 7 14 9 12 11 -1 13 -9 16 -5 17 21 -18 25 -21 22 -2 -24 -20 -19 -26 28 -28 -30
right_child=6 -3 4 5 -6 -7 -8 8 -10 -11 -12 -13 -14 -15 -16 -17 18 19 24 20 -22 -23 23 -25 26 -27 27 -29 29 -31
leaf_value=-0.046971905783686346 0.0079022856376078539 0.04490002563458087 -0.14517720681526833 -0.061074308891486476 -0.02871857078444829 -0.050990146112761293 0.023617789819129438 -0.0069762610477285885 0.02039330959418767 -0.37243436376179068 -0.072753556236830885 0.012646272083061884 -0.013686679822687731 -0.25354670670569845 -0.044344431845244892 0.038914127847597797 0.023472616353175674 -0.029746486333275441 -0.035224844724593904 0.022695925828193571 -0.13785241489769295 0.00588645664836469 -0.056304392523522519 0.033456917983614214 0.033159502215291459 -0.12484583070106643 -0.11070459550630914 0.0043560057065296373 0.019461211351498024 -0.097841128645858977
leaf_weight=4.3463967333809768 14.442650742599652 39.983582746761385 1.7323804431123324 1.1303648510074698 2.7847652743803337 1.9510091668165603 27.323150929725671 0.29926910331414536 4.2964917389326729 0.63043557479977597 2.5028276990096847 17.579356052854564 1.6343024376546962 0.48648864107963163 5.1350213134355718 33.210865153872874 57.348392367845008 4.4032687472099514 12.703739623124418 6.6498664614191503 1.1975469340759444 121.46590254653347 16.808642618456364 3.532088910607853 19.669709381818393 3.78393434559257 4.6205874190054583 197.12947010835342 4.4630552075395826 1.8603219137658014
leaf_count=71 893 1554 18 24 32 3426 226 49 20 27 58 217 24 10 4386 734 5236 987 992 75 83 3915 4878 84 1116 153 1481 25414 59 443
internal_value=0.00606817 0.0230343 0.00963307 0.0158087 -0.0733819 0.0309668 0.00256698 0.00137506 -0.0401498 -0.125422 -0.00671078 0.000828012 -0.0610743 -0.159636 0.00201705 0.0356229 0.00252349 -0.00357923 0.00605411 -0.0385136 -0.0018044 5.79918e-06 -0.0205299 -0.0407177 0.00189966 -0.0736992 0.0039705 0.00121119 -0.0554351 -0.0150488
internal_weight=615.106 105.222 65.238 60.7208 4.51715 36.2922 509.884 482.561 7.34699 3.0505 24.4286 21.9258 2.42006 0.785758 475.214 34.3412 470.079 172.284 297.795 16.0346 7.84741 156.249 34.7834 20.3407 240.447 8.1872 227.743 208.073 10.944 6.32338
internal_count=56685 6134 4580 4530 50 4184 50551 50325 130 110 346 288 83 59 50195 758 45809 11068 34741 1298 158 9770 5855 4962 29505 1140 28513 27397 1983 502
is_linear=0
shrinkage=0.05


Tree=136
num_leaves=31
num_cat=0
split_feature=11 0 5 0 4 5 23 2 8 13 0 7 7 8 3 24 0 2 24 3 3 7 4 0 24 2 0 2 8 24
split_gain=13.7472 13.2254 8.30418 6.73587 4.72342 4.52515 12.6306 18.3125 4.23241 4.06292 3.99372 3.96174 5.0486 4.86993 6.07365 4.19808 10.9002 10.5616 6.66985 5.4477 7.28921 13.6129 6.82242 7.3254 6.12281 4.27718 4.04889 3.60269 3.83744 3.99556
threshold=1.0000000180025095e-35 8.3934425000000008 0.13392857142857142 1.8435687000000003 0.96260439560439559 0.84523809523809534 1.0000000180025095e-35 0.97467948717948738 0.29568913175470551 1.0000000180025095e-35 14.356017000000003 0.12793235133660663 0.12579113924050633 0.28147007042253525 0.37389306599832922 0.3383664950000001 9.3954720000000016 0.4624765478424015 0.34264877500000007 0.48538851351351359 0.51136422908750745 0.20550527903469082 0.61845212010779405 7.3815808000000009 0.23717984500000003 0.37786843447220814 10.119407500000003 0.30877573131094266 0.29300813008130083 0.60141167000000006
decision_type=2 2 2 2 2 2 2 2 2 2 2 2 2 2 2 2 2 2 2 2 2 2 2 2 2 2 2 2 2 2
left_child=1 2 3 -1 5 9 7 -7 -5 11 -11 12 -2 14 -13 16 17 19 -17 24 -21 25 23 -23 -15 -22 -16 -20 29 -29
right_child=4 -3 -4 8 -6 6 -8 -9 -10 10 -12 13 -14 15 26 18 -18 -19 27 20 21 22 -24 -25 -26 -27 -28 28 -30 -31
leaf_value=-0.059628513504800335 -0.033496453566321319 0.040217085048144086 -0.0843718509984593 -0.01983413635291463 0.022881956950965038 -0.055206516800085696 0.019690005082796905 -0.36209736361332501 0.021102107557505381 -0.072865939884697931 0.022081028058362321 0.049721720566038539 0.071851651410629325 -0.00030194771389411667 -0.040931637734105866 0.056397093262584491 -0.12278946167037336 -0.098391996444648924 -0.0576308080284757 0.031459308395858414 -0.051288919464241904 -0.08998216513273409 0.014746244899406229 0.016602377793824494 -0.057215285136798466 -0.16520701379110106 0.042619943109173143 -0.0044447880686377421 0.0036971373801752781 0.04963677725867794
leaf_weight=3.334111556113327 1.5554423912271875 52.033404182642698 2.5115138145848155 7.6252560845077815 26.805118872413004 2.6553558231098573 4.229205244948389 0.59501967817777757 36.720652081582557 3.462905390708328 1.6283025225566232 2.5393961153859008 4.2299845362140331 11.557579202788476 15.540076867535392 6.270035957779327 1.9939688997474139 2.8800442665888104 2.3273009345066376 19.826116695774544 1.8292429530192742 3.6061701304206499 26.526927420578431 2.915289715398103 7.9944227800369836 1.4993403038824906 1.5992113675747521 5.3949493921354579 338.45569694068217 9.3068150509425305
leaf_count=3018 1723 1969 76 205 226 98 20 12 866 4234 152 167 200 498 5515 94 22 106 1519 636 167 396 333 14 920 103 11 371 32889 125
internal_value=0.00582641 0.0225538 0.00424242 0.00891012 0.00245519 0.00131548 -0.0372715 -0.111387 0.0140631 0.00192573 -0.0424994 0.00240918 0.0435283 0.00189433 -0.0224435 0.00297696 -0.00734013 -0.00441265 0.00527646 -0.000839761 0.00706859 -0.00622479 0.00348224 -0.0423357 -0.0235727 -0.102603 -0.0331357 0.0043748 0.00478341 0.029791
internal_weight=609.449 102.225 50.1915 47.68 507.224 480.419 7.47958 3.25038 44.3459 472.939 5.09121 467.848 5.78543 462.063 19.6787 442.384 80.6291 78.6351 361.755 75.7551 56.2031 36.377 33.0484 6.52146 19.552 3.32858 17.1393 355.485 353.157 14.7018
internal_count=56685 6134 4165 4089 50551 50325 130 110 1071 50195 4386 45809 1923 43886 5693 38193 3195 3173 34998 3067 1649 1013 743 410 1418 270 5526 34904 33385 496
is_linear=0
shrinkage=0.05


Tree=137
num_leaves=31
num_cat=0
split_feature=12 0 5 0 4 0 8 7 7 5 23 2 13 24 7 7 7 8 24 24 0 2 24 4 14 24 0 0 11 10
split_gain=12.8665 12.6647 7.69315 6.29962 4.35575 4.20463 4.01343 4.75965 8.40218 3.9742 10.5385 11.3733 3.76867 3.80013 3.73774 3.65781 4.65466 4.46151 5.49943 3.80452 8.75225 9.81684 6.28739 4.08527 5.38238 5.14729 3.98811 3.70036 3.60118 7.48339
threshold=1.0000000180025095e-35 8.3934425000000008 0.13392857142857142 1.8435687000000003 0.96260439560439559 7.2569232000000001 0.29568913175470551 0.18983268983268978 0.19560019129603057 0.84523809523809534 1.0000000180025095e-35 0.97467948717948738 1.0000000180025095e-35 0.81824298000000006 0.23606811145510834 0.12793235133660663 0.12579113924050633 0.28147007042253525 0.11864144500000001 0.3383664950000001 9.3954720000000016 0.4624765478424015 0.34264877500000007 0.60546960170616093 1.0000000180025095e-35 0.25145286000000006 7.3815808000000009 10.119407500000003 360.50000000000006 1.0000000180025095e-35
decision_type=2 2 2 2 2 2 2 2 2 2 2 2 2 2 2 2 2 2 2 2 2 2 2 2 2 2 2 2 2 2
left_child=4 2 3 -2 9 6 14 -8 -9 12 11 -11 15 -14 -5 16 -1 18 -17 20 21 23 -21 24 -19 26 -26 -20 29 -6
right_child=1 -3 -4 5 28 -7 7 8 -10 10 -12 -13 13 -15 -16 17 -18 19 27 22 -22 -23 -24 -25 25 -27 -28 -29 -30 -31
leaf_value=-0.032480225527250391 -0.059244154857092612 0.039751195940521823 -0.082384879272858855 -0.013162587155607664 0.028325384611463444 0.049568397397438735 0.043906239244960669 -0.13424952043604957 0.0086954910241413535 -0.051410969294793253 0.019001376000478416 -0.27160769443672483 -0.071835679215916451 0.021773718423845921 -0.12141821819744342 0.047605665911081681 0.069693259339922112 -0.078153341355798822 -0.039404167916696847 0.055569592695058102 -0.10530305290961291 -0.096110138448537663 0.0041683867726745134 0.0030464747768590033 -0.056820571800300528 0.040597962157858339 -0.37131986089523628 0.041638064233312094 0.035553679559111172 -0.068553884157968994
leaf_weight=1.5247018968039459 3.1915623834229327 50.061290442361496 2.4451693230111564 5.8632497495345879 6.090168919872669 6.8274131601210675 9.5304987211056886 1.0847850026330004 19.639105650133843 2.7074494602857153 4.1650185189500917 0.74854598354431789 3.3502776607092519 1.6028815552053854 0.9228479924458951 2.4940871483413529 4.1450977984095516 3.7487801904353537 15.302235130686315 6.0508163078920907 2.2028269864313179 2.8029532086948157 354.50937423179312 67.650549870355462 0.74712289210583582 2.7624084893977852 0.11652287840843201 1.5513053884351382 17.258389744791202 2.9631683461811917
leaf_count=1723 3018 1969 76 154 23 232 113 26 521 98 20 12 3913 473 25 51 200 1210 5629 94 22 106 34904 1392 207 257 1 13 60 143
internal_value=0.00559211 0.0220181 0.00408567 0.00857861 0.00235031 0.013513 0.00686714 0.0146619 0.00121308 0.0012605 -0.0345574 -0.0991041 0.00184059 -0.0415429 -0.0278844 0.0023021 0.0422171 0.00181006 -0.0216898 0.002842 -0.00701991 -0.00423814 0.00503099 -0.000805795 -0.0361433 0.00728862 -0.0992527 -0.0319445 0.0221562 -0.00338332
internal_weight=604.061 99.5659 49.5046 47.0595 504.495 43.8679 37.0405 30.2544 20.7239 478.183 7.62101 3.456 470.562 4.95316 6.7861 465.609 5.6698 459.939 19.3476 440.591 80.0312 77.8283 360.56 75.0254 7.37483 3.62605 0.863646 16.8535 26.3117 9.05334
internal_count=56685 6134 4165 4089 50551 1071 839 660 547 50325 130 110 50195 4386 179 45809 1923 43886 5693 38193 3195 3173 34998 3067 1675 465 208 5642 226 166
is_linear=0
shrinkage=0.05


Tree=138
num_leaves=31
num_cat=0
split_feature=12 0 5 0 10 4 0 6 5 8 7 7 0 2 17 24 7 7 8 3 8 4 24 24 4 22 5 22 17 11
split_gain=12.0724 12.0799 7.14006 5.90191 4.08305 4.03259 3.58472 3.57238 4.35843 3.56797 5.49602 7.0622 4.91694 5.11278 6.4787 4.03746 3.52582 4.33104 4.26505 5.34364 3.95341 4.91331 4.08369 5.60031 4.4053 18.8506 3.51863 14.9124 4.3681 3.82643
threshold=1.0000000180025095e-35 8.3934425000000008 0.13392857142857142 1.8435687000000003 1.0000000180025095e-35 0.96260439560439559 7.2569232000000001 0.69047619047619058 0.77500000000000013 0.29568913175470551 0.18983268983268978 0.19560019129603057 5.235547050000001 0.38924963924963929 0.17267080745341609 0.45573866500000004 0.12793235133660663 0.12579113924050633 0.28147007042253525 0.37389306599832922 0.29300813008130083 0.55785934744268084 0.60141167000000006 0.54437735500000006 0.58572501072501082 1.0000000180025095e-35 0.84523809523809534 1.0000000180025095e-35 0.15099715099715097 371.50000000000006
decision_type=2 2 2 2 2 2 2 2 2 2 2 2 2 2 2 2 2 2 2 2 2 2 2 2 2 2 2 2 2 2
left_child=5 2 3 -2 6 16 9 -7 -9 -5 -11 -12 13 14 -13 -15 17 -1 19 -18 22 -22 23 -20 25 -25 -23 28 -28 -30
right_child=1 -3 -4 4 -6 7 -8 8 -10 10 11 12 -14 15 -16 -17 18 -19 20 -21 21 26 -24 24 -26 -27 27 -29 29 -31
leaf_value=-0.031597150360810733 -0.058870613623163925 0.039271196547558077 -0.08053908579962879 -0.034077275192317166 0.045176189100409922 0.044766553885464189 0.049193023687523665 -0.040468964550416056 0.021330986105855682 0.042135248169561212 -0.13124979724102659 -0.1089941643474838 0.034101249681347388 0.033492063115239071 0.032036796923492143 -0.067429304209272289 0.047875570224021606 0.06765040287469741 0.014149083540019688 -0.031856552752979765 -0.066818317657548282 0.0017943894727784635 0.048523176275512198 -0.051372037862008779 -0.064287167604496764 -1.3015858514436651 0.038612431700991823 -0.19303447533096807 0.015647241977842043 -0.09318838165753407
leaf_weight=1.5076074026947583 3.054685865126884 48.187247124733403 2.3778586031264117 6.2015029685499057 8.046307126991449 10.063397690188141 4.175854744273237 3.7443924833351039 11.983408035819592 8.0985445009500854 1.0874155130441092 2.7099222596734749 6.4272419390617861 4.0471221138159308 1.1641522824502315 1.3123813720364976 2.3941265347166363 4.0581706724369724 8.4809681340302632 17.187285966168929 2.6728070387835023 422.71943524533526 8.9911457418857008 0.12697127279534548 0.75990037271549227 0.039539898189104861 3.2637187588843508 1.2153279588674193 1.4920354171699728 1.7604857685946627
leaf_count=1822 3018 1969 76 172 151 45 148 31 150 94 24 17 97 49 69 250 171 211 1088 5967 2892 37700 185 73 65 21 15 20 78 17
internal_value=0.00536239 0.0215222 0.00396123 0.00829862 0.0130404 0.00224627 0.00569962 0.0215031 0.00661798 -0.000150048 0.00831784 -0.00803443 0.000521077 -0.0228532 -0.0666146 0.00877945 0.00120434 0.0407671 0.00073693 -0.0221081 0.00172766 0.000763385 0.0244279 0.00139877 -0.115326 -0.348249 0.00118302 -0.0322432 -0.00225444 -0.043262
internal_weight=599.351 96.8902 48.703 46.3251 43.2704 502.461 35.2241 25.7912 15.7278 31.0483 24.8468 16.7482 15.6608 9.23358 3.87407 5.3595 476.67 5.56578 471.104 19.5814 451.522 433.124 18.3985 9.40738 0.926412 0.166511 430.451 7.73157 6.51624 3.25252
internal_count=56685 6134 4165 4089 1071 50551 920 226 181 772 600 506 482 385 86 299 50325 2033 48292 6138 42154 40722 1432 1247 159 94 37830 130 110 95
is_linear=0
shrinkage=0.05


Tree=139
num_leaves=31
num_cat=0
split_feature=11 0 5 0 0 4 3 6 23 3 24 9 10 13 24 24 4 24 0 2 7 0 7 24 2 3 5 7 7 24
split_gain=11.3884 11.4453 6.64146 5.54547 3.92725 3.73325 11.9277 7.64648 6.66503 9.04422 4.92345 3.84386 3.41638 3.24244 3.75424 3.20478 4.35414 7.6626 3.85784 3.55515 3.53133 3.48927 3.19616 4.08776 3.11316 3.01342 2.89917 3.33835 2.74812 3.50421
threshold=1.0000000180025095e-35 8.3934425000000008 0.13392857142857142 1.8435687000000003 7.2569232000000001 0.9594758979264002 0.95664729601518039 0.81666666666666676 1.0000000180025095e-35 0.95132144290039033 0.8046063200000001 1.0000000180025095e-35 1.0000000180025095e-35 1.0000000180025095e-35 0.81824298000000006 0.26996131000000007 0.62543595578985789 0.59179128500000011 3.4148335000000003 0.35859165709911983 0.20864427860696519 2.5423961500000005 0.12793235133660663 0.45573866500000004 0.38148742643124672 0.4871063121511604 0.77500000000000013 0.79485063541838596 0.9651115618661259 0.89630952500000005
decision_type=2 2 2 2 2 2 2 2 2 2 2 2 2 2 2 2 2 2 2 2 2 2 2 2 2 2 2 2 2 2
left_child=1 2 3 -1 12 6 13 11 9 -9 -11 26 15 22 -15 20 17 18 19 -17 -5 -18 23 -2 -20 -23 27 -7 -24 -30
right_child=5 -3 -4 4 -6 7 -8 8 -10 10 -12 -13 -14 14 -16 16 21 -19 24 -21 -22 25 28 -25 -26 -27 -28 -29 29 -31
leaf_value=-0.058508056239177021 -0.051678068678369216 0.038777223745743238 -0.078821180642444089 0.049070612421069297 0.049450121673793951 0.043443185649026703 -0.22914220325710369 -0.0073781932746620526 0.019212626054048606 -0.19240031456071327 -0.017152387323792304 0.055426811035618778 0.042730637058710448 -0.070973654270082384 0.024856921276068727 -0.0423285515663612 -0.079514694570092456 -0.17709470410008959 0.042767647306365196 -0.1976973447442012 -0.020114029861203277 -0.025500066328065615 0.0015130668755568765 0.060333883027972025 -0.055745095545803328 0.026909613971531677 0.041425753041002225 -0.045792934083879376 -0.11529922016486459 0.0014118235470683884
leaf_weight=2.9232590978535873 0.99753130961107572 46.406417046557181 2.3099267229918032 5.6036343461746601 6.2031103307381263 1.5933876541566858 0.56243853503838082 3.7447827038849919 7.4750965197599726 1.3582960674539206 0.56852772188722145 11.958228256262373 5.4846255523152641 3.176499891178536 1.5068050517511435 2.3893676078041639 1.1138038981353009 0.91106349592689628 2.5153619676129897 0.4352597660667924 2.7493582002935 3.7830986511253277 453.53509181952722 4.4393755173641694 1.1773360069710177 9.9728935170232926 4.3774989147786982 3.0624041035480332 1.1484215408272569 1.4617523470660669
leaf_count=3018 1159 1969 76 51 232 18 31 28 60 53 43 23 67 3905 472 151 88 60 41 62 29 35 43820 764 17 238 79 48 37 11
internal_value=0.00513874 0.0211105 0.00387665 0.00809708 0.0126958 0.00214253 0.000975313 0.0181038 -0.0117978 -0.052669 -0.140692 0.0368307 0.00638649 0.00125289 -0.0401412 -0.000116815 -0.0100122 -0.0412724 -0.0222856 -0.06627 0.0262987 0.00560422 0.00167289 0.0397826 0.011359 0.0124962 0.0122133 -0.015253 0.00121865 -0.0499386
internal_weight=594.945 93.9785 47.5721 45.2622 42.3389 500.966 466.828 34.1382 13.1467 5.67161 1.92682 20.9915 36.1358 466.265 4.6833 30.6512 22.2982 7.42839 6.51733 2.82463 8.35299 14.8698 461.582 5.43691 3.6927 13.756 9.03329 4.65579 456.145 2.61017
internal_count=56685 6134 4165 4089 1071 50551 50199 352 184 124 96 168 839 50168 4377 772 692 331 271 213 80 361 45791 1923 58 273 145 66 43868 48
is_linear=0
shrinkage=0.05


Tree=140
num_leaves=31
num_cat=0
split_feature=1 11 8 0 24 8 8 23 8 0 17 1 0 10 18 15 24 7 1 0 0 24 6 0 24 24 4 11 4 4
split_gain=10.551 10.8064 8.26857 9.92643 7.42151 6.55122 7.29216 10.4574 8.05018 6.91828 5.68748 6.68418 7.63436 5.49393 4.6192 4.57017 16.3234 16.3172 17.2051 13.5126 24.4637 8.41619 13.0068 15.551 11.0789 7.84517 7.99158 7.29279 9.56119 8.19499
threshold=0.17337627482555018 1.0000000180025095e-35 0.94185260311020969 19.036913000000002 0.65140088500000004 0.96407056798623081 0.29300813008130083 1.0000000180025095e-35 0.29818990155604957 7.7530334000000005 0.17267080745341609 0.62432795698924737 14.006580000000001 1.0000000180025095e-35 1.0000000180025095e-35 1.0000000180025095e-35 0.90917380000000014 0.96051948051948066 0.96153213874732868 7.5104160500000008 5.9449322000000011 0.85116190000000003 0.53571428571428581 13.315806500000003 0.68931912500000014 0.57767155500000011 0.60794552669552682 368.50000000000006 0.97199520475382561 0.62470719281864806
decision_type=2 2 2 2 2 2 2 2 2 2 2 2 2 2 2 2 2 2 2 2 2 2 2 2 2 2 2 2 2 2
left_child=4 2 3 10 -1 6 7 -3 9 -8 -2 14 13 -13 -12 16 17 21 -19 20 25 22 -10 24 -24 26 -17 28 -21 -29
right_child=1 5 -4 -5 -6 -7 8 -9 15 -11 11 12 -14 -15 -16 19 -18 18 -20 27 -22 -23 23 -25 -26 -27 -28 29 -30 -31
leaf_value=-0.014880210428196287 -0.00053265810996892945 -0.0071192440555496259 0.047287074660201371 -0.094899983735615687 -0.1011269589973314 0.025000159167701288 -0.065569901426677832 0.039264636440821295 0.012347811067001314 -0.3528309011759066 0.042210770477320886 -0.027626591763286475 0.050064082224977317 -0.17125670957047381 -0.050648942267437151 -0.074962873107101077 -0.30666881254223599 -0.18484116434044731 -0.011655577287809511 0.015835445420242521 -0.077784210724910541 0.042602242644916626 -0.48530832685929337 -0.0051176401327914182 -0.093039461220936037 -0.13485722971746783 0.021000841517492964 -0.050866927020622878 -0.26142088002457381 -0.0012957431619675919
leaf_weight=10.040280476532642 24.939521693631832 19.515123153201785 27.507771726115607 2.005395498359575 3.3187616597624574 40.616500071468181 1.2855022734329384 32.204096203979134 155.04238602896112 0.25042846849828482 32.012477308133384 2.1201921484457666 2.1437507774680853 0.97055514028761525 1.3976934356177242 2.4498501794769316 0.41210221836808969 2.1651598385360549 4.2471589695851435 75.596160486751614 15.654972761865791 18.932193790875317 0.18714199329042713 14.626285148984605 4.7159899850885267 0.97708294768381065 18.957778044634324 9.2015691575215879 0.31223335582762857 88.774534153020795
leaf_count=4445 356 4471 1370 29 570 267 341 2167 23519 15 771 49 97 18 2963 475 9 51 111 10009 1514 204 27 301 575 132 349 133 6 1610
internal_value=0.00764198 0.00862176 0.0242776 0.0146276 -0.0363063 0.00574199 0.00406168 0.0217627 0.00184924 -0.112407 0.0180821 0.0300951 -0.0224401 -0.0727293 0.038326 0.00227492 0.00768962 0.00833763 -0.0701328 -0.00284349 -0.0298371 0.010938 0.007504 -0.0309506 -0.108012 0.00369515 0.0100189 0.00306175 0.014695 -0.00595129
internal_weight=612.581 599.222 93.0974 65.5896 13.359 506.124 465.508 51.7192 413.789 1.53593 63.5842 38.6447 5.2345 3.09075 33.4102 412.253 200.328 199.916 6.41232 211.924 38.0397 193.504 174.572 19.5294 4.90313 22.3847 21.4076 173.884 75.9084 97.9761
internal_count=56954 51939 5653 4283 5015 46286 46019 6638 39381 356 4254 3898 164 67 3734 39025 24797 24788 162 14228 2470 24626 24422 903 602 956 824 11758 10015 1743
is_linear=0
shrinkage=0.05


Tree=141
num_leaves=31
num_cat=0
split_feature=12 2 0 1 1 20 16 17 8 8 23 8 1 7 7 0 0 15 5 1 17 0 0 0 24 0 24 4 1 2
split_gain=9.76895 9.24959 8.5559 7.60898 7.2402 6.55231 10.9427 6.57843 6.13378 6.40878 9.64519 7.14855 5.79455 4.41803 4.69179 5.69934 4.36971 5.38815 13.5345 24.995 30.8553 10.136 23.0386 9.67871 9.49303 9.30198 7.15383 7.42649 6.82237 6.5671
threshold=1.0000000180025095e-35 0.94185260311020969 22.833607000000004 0.17337627482555018 0.15470085470085468 1.0000000180025095e-35 1.0000000180025095e-35 0.17267080745341609 0.96738745125841918 0.29300813008130083 1.0000000180025095e-35 0.30341388569236666 0.15831244778613204 0.20112359550561798 0.20864427860696519 7.5600453500000002 18.387796500000004 1.0000000180025095e-35 0.5277777777777779 0.94893524554541508 0.24316334072431633 7.5104160500000008 5.9449322000000011 13.315806500000003 0.70158055000000019 14.356017000000003 0.57767155500000011 0.60794552669552682 0.21778656126482207 0.3504385964912281
decision_type=2 2 2 2 2 2 2 2 2 2 2 2 2 2 2 2 2 2 2 2 2 2 2 2 2 2 2 2 2 2
left_child=3 2 5 4 -1 7 -7 -2 9 10 13 -11 -9 -5 -15 -16 17 18 -13 20 23 22 26 -20 -21 -22 27 -19 -29 -23
right_child=1 -3 -4 8 -6 6 -8 12 -10 11 -12 16 -14 14 15 -17 -18 21 19 24 25 29 -24 -25 -26 -27 -28 28 -30 -31
leaf_value=0.0082746580176448863 -0.0019819821547538813 0.04716008137689677 -0.11757756336931494 -0.044969089189321867 -0.07618147850966861 -0.054837948945162841 -0.71266011998820999 -0.097052804022686165 0.028634573181732362 -0.069045940553284155 0.03791574547792733 0.012124517616426559 0.033628847331636617 0.043810814505305745 -0.054936759077454669 0.02690988118626246 0.023357254931210995 -0.075335402937478799 -0.13586597134705558 -0.26758664296957096 -0.25772095338029044 -0.052067822334181904 -0.0769939698035534 -0.016241106543827287 0.015536503813903242 -0.59007232620117944 -0.12846038530201434 -0.093767845819689707 0.028762949495113651 0.0029125017742907626
leaf_weight=4.6287302593518671 25.962539158200855 26.563025172916241 1.2444555012043554 5.4526113518841184 5.6171353377494597 1.774083695845319 0.065554819768294581 0.86803404111742466 27.102221713088511 3.4953229694037864 31.69550833277026 173.79512714488919 37.241970857748299 5.551661501704074 4.3883396906076069 4.1275516858513583 24.254776194371516 2.2525488977698904 2.8085183042494481 0.30226216611481405 0.64321686930088606 5.6243857946101334 14.512713102030828 4.2490657923917752 14.451887773182532 0.31297327623906313 0.97029103615932299 1.2152028290802288 17.433633451779315 158.15778821948879
leaf_count=2673 381 1382 14 2563 1802 1183 4 383 165 902 2167 23448 2846 265 1575 68 173 432 58 24 124 189 1456 21 716 33 120 88 248 11451
internal_value=0.00734032 0.0221842 0.0123052 0.00462874 -0.0380271 0.0147575 -0.0782792 0.0174287 0.00549797 0.00417978 0.0208876 0.0021639 0.0306523 -0.00676149 0.00804785 -0.0152667 0.00275513 0.00149558 0.00737572 -0.0288734 -0.0999578 -0.00427869 -0.0281504 -0.063845 0.00973628 -0.366504 0.00425917 0.0104203 0.0207785 0.00102444
internal_weight=606.763 93.7197 67.1566 513.043 10.2459 65.9122 1.83964 64.0725 502.798 475.695 51.2157 424.48 38.11 19.5202 14.0676 8.51589 420.984 396.73 196.563 22.7679 8.01377 200.167 36.3844 7.05758 14.7541 0.95619 21.8717 20.9014 18.6488 163.782
internal_count=56954 6193 4811 50761 4475 4797 1187 3610 46286 46121 6638 39483 3229 4471 1908 1643 38581 38408 24424 976 236 13984 2344 79 740 157 888 768 336 11640
is_linear=0
shrinkage=0.05


Tree=142
num_leaves=31
num_cat=0
split_feature=12 2 2 1 1 0 2 3 16 8 8 23 8 17 6 7 8 2 0 15 5 1 17 0 0 0 2 3 1 2
split_gain=9.14416 9.04533 8.1396 6.96447 6.75632 6.53571 6.26019 6.21666 11.2906 5.68852 5.91935 8.82359 6.80669 5.55727 5.31529 4.80214 7.16713 4.21794 4.0942 5.18084 12.065 21.3088 18.1528 10.0522 21.6535 8.7768 6.44642 8.29659 16.6514 24.749
threshold=1.0000000180025095e-35 0.94185260311020969 0.5131670131670133 0.17337627482555018 0.15470085470085468 4.7112292500000006 0.77032967032967048 0.94002081491305656 1.0000000180025095e-35 0.96738745125841918 0.29300813008130083 1.0000000180025095e-35 0.29818990155604957 0.17267080745341609 0.35416666666666669 0.1719211822660098 0.38507877664504175 0.39767441860465119 18.387796500000004 1.0000000180025095e-35 0.5277777777777779 0.94893524554541508 0.24316334072431633 7.5104160500000008 5.9449322000000011 13.315806500000003 0.3504385964912281 0.60088252804051823 0.76002852558388312 0.90488498319979349
decision_type=2 2 2 2 2 2 2 2 2 2 2 2 2 2 2 2 2 2 2 2 2 2 2 2 2 2 2 2 2 2
left_child=3 2 5 4 -1 13 14 -8 -9 10 11 -5 -12 15 -4 -2 -17 -13 19 20 -14 22 25 24 -21 -22 -25 -28 29 -29
right_child=1 -3 6 9 -6 -7 7 8 -10 -11 12 17 18 -15 -16 16 -18 -19 -20 23 21 -23 -24 26 -26 -27 27 28 -30 -31
leaf_value=0.0078756272014273102 0.024076872343538017 0.046992338616060184 -0.029702832053840618 -0.0065845991825385156 -0.074202936225516603 0.041349451987037211 0.042830418703956749 0.050057551919359178 -0.277421740040042 0.027792100527595089 -0.10305897104793547 0.039319522851038187 0.011527633057205593 0.029587664946163241 -0.13874892603432568 -0.063247148152443783 0.03298424260535629 -0.087205108004108772 0.022577185591041167 0.0034242284612712431 -0.12874534804405988 0.0093480340182037509 -0.26803717277166278 -0.049887170711569867 -0.075201310418954725 -0.01521765606738654 0.012000953770314396 -0.057712233107308053 0.0010688862140349423 -0.77914158144124634
leaf_weight=4.6203112264539055 4.9743569414822586 25.355484912288375 8.5399609367804601 19.059229432929897 5.4820320691405868 23.077968584373593 5.1669511925429097 0.61879668757319428 0.45801496435888112 26.542059623796376 1.534007371887127 30.540493007443732 173.47842708573626 12.522074731187784 1.2857443831308053 6.9424546570953662 2.6824775885470444 0.67322383868304214 23.848702890914865 21.795169866782089 2.8154185965540837 14.63468126200314 1.2309643015523759 6.0259839745194759 14.63775920786429 4.3065597600361798 96.09297989944389 11.611463099328827 50.174416781883338 0.12010989338159639
leaf_count=2673 49 1382 278 4471 1802 780 159 30 22 165 356 2127 23851 3348 10 95 40 40 173 956 58 740 157 205 1514 21 1355 9498 597 2
internal_value=0.0070531 0.0215946 0.011877 0.00443666 -0.0366643 0.0217915 -0.0190947 0.0200544 -0.0892337 0.00526855 0.00400354 0.0202222 0.0020728 0.00514926 -0.0439721 -0.015812 -0.0364274 0.0365906 0.00245608 0.00124713 0.00701724 -0.0270209 -0.0907407 -0.00440808 -0.0281654 -0.0600968 0.000868848 0.00280465 -0.0114702 -0.0650984
internal_weight=600.848 91.6243 66.2688 509.224 10.1023 50.1993 16.0695 6.24376 1.07681 499.122 472.58 50.2729 422.307 27.1214 9.82571 14.5993 9.62493 31.2137 420.773 396.924 196.466 22.9876 8.35294 200.458 36.4329 7.12198 164.025 157.999 61.906 11.7316
internal_count=56954 6193 4811 50761 4475 4312 499 211 52 46286 46121 6638 39483 3532 288 184 135 2167 39127 38954 24827 976 236 14127 2470 79 11657 11452 10097 9500
is_linear=0
shrinkage=0.05


Tree=143
num_leaves=31
num_cat=0
split_feature=11 2 2 1 1 0 8 4 4 8 8 23 8 21 7 7 0 6 0 0 8 4 1 3 3 2 8 4 1 7
split_gain=8.6031 8.79381 7.46783 6.37383 6.3046 6.28952 5.78713 6.86784 6.8289 5.27081 5.40573 8.14584 6.32989 5.18735 4.08386 4.34086 5.3234 3.99697 3.94465 3.93659 3.92619 3.85224 13.0806 9.25597 15.7652 13.3033 22.1865 17.3228 9.48707 8.14649
threshold=1.0000000180025095e-35 0.94185260311020969 0.5131670131670133 0.17337627482555018 0.15470085470085468 4.7112292500000006 0.6986039395677951 0.94853243122686715 0.95309409888357266 0.96738745125841918 0.29300813008130083 1.0000000180025095e-35 0.29818990155604957 1.0000000180025095e-35 0.20112359550561798 0.20864427860696519 7.5600453500000002 0.35416666666666669 8.4465700000000012 4.6039099500000011 0.26365441906653431 0.77206694790028141 0.40238095238095245 0.77888935301216011 0.91163515695773767 0.93908472479901051 0.94804318488529027 0.93461748978990367 0.76002852558388312 0.96051948051948066
decision_type=2 2 2 2 2 2 2 2 2 2 2 2 2 2 2 2 2 2 2 2 2 2 2 2 2 2 2 2 2 2
left_child=1 2 5 4 -2 13 17 -8 -9 10 11 14 -12 20 -5 -16 -17 18 -4 -13 -1 22 -14 -23 25 28 27 -27 -25 -28
right_child=3 -3 6 9 -6 -7 7 8 -10 -11 12 19 21 -15 15 16 -18 -19 -20 -21 -22 23 -24 24 -26 26 29 -29 -30 -31
leaf_value=-0.074403536198098669 0.0074948858937771831 0.046816224165459615 -0.054956581705267432 -0.043408524431604964 -0.072273813279402119 0.040931312603552282 0.048120093278759407 -0.20757161178658601 0.050059123329566857 0.026960015189085224 -0.1008965002619007 -0.044896401677694139 0.00045103069344989955 -0.092442211664055141 0.042948187503670909 -0.053842090599352632 0.026205003916266879 -0.11554637336694039 0.013073265992119261 0.039352716991100212 0.014463102000511789 0.018776449919797426 -0.058212002423755321 -0.062622264755656604 0.0086574929208441936 -0.073952589656404638 -0.025010401989533346 -0.39622250376736345 0.024239588956870273 -0.13138393136322091
leaf_weight=1.3100414254367994 4.6124782010338077 24.207360312284436 5.2814915328965544 5.3285706955402956 5.3503200140921763 22.171097103971988 4.6859471334028049 0.58217641082592286 0.46080543845891953 26.007008159183897 1.4896889805240778 1.4555412001609536 209.76204381964271 1.3009779002495623 5.4253178305734755 4.231365991619894 4.0794415918426239 1.5090192360221397 3.57194759324193 29.243826999554585 24.248099397906117 94.084268745245936 9.9534017956266307 4.5926735500725071 77.241877474070861 0.79491819403483421 8.5753308959974657 0.87704416224914894 9.9623118203835457 2.2780130941318921
leaf_count=393 2673 1382 234 2563 1802 780 165 26 22 165 356 1299 14870 932 265 1575 68 10 42 868 2207 3195 12889 6217 1548 7 134 34 218 15
internal_value=0.0067816 0.0210855 0.0115208 0.00425312 -0.0353433 0.0212207 -0.0180348 0.0222925 -0.0937464 0.00504945 0.00383544 0.0194167 0.00198757 0.00495049 -0.00625353 0.00815978 -0.0145502 -0.0403299 -0.0275097 0.0353582 0.00990804 0.00235413 -0.00220648 0.00740455 -0.00285134 -0.0356783 -0.0734559 -0.243002 -0.00316876 -0.0473372
internal_weight=594.674 89.329 65.1216 505.345 9.9628 49.0302 16.0914 5.72893 1.04298 495.383 469.376 49.7641 419.612 26.8591 19.0647 13.7361 8.31081 10.3625 8.85344 30.6994 25.5581 418.122 219.715 198.406 104.322 27.0803 12.5253 1.67196 14.555 10.8533
internal_count=56954 6193 4811 50761 4475 4312 499 213 48 46286 46121 6638 39483 3532 4471 1908 1643 286 276 2167 2600 39127 27759 11368 8173 6625 190 41 6435 149
is_linear=0
shrinkage=0.05


Tree=144
num_leaves=31
num_cat=0
split_feature=11 2 2 0 1 1 8 4 17 4 2 8 8 23 8 0 2 7 7 0 6 0 18 15 24 7 0 0 1 24
split_gain=8.10693 8.52757 6.86616 6.05009 5.83136 5.8829 5.28376 5.99013 5.05809 5.24194 6.51478 4.92371 5.20589 7.46931 5.82844 4.27701 3.81243 3.75912 4.0277 4.95342 3.59563 3.56152 3.53704 3.36885 12.9752 11.3908 10.5264 20.3738 9.56705 7.75654
threshold=1.0000000180025095e-35 0.94185260311020969 0.5131670131670133 4.7112292500000006 0.17337627482555018 0.15470085470085468 0.6986039395677951 0.94853243122686715 0.17267080745341609 0.54215044215044228 0.38847429519071314 0.96407056798623081 0.29300813008130083 1.0000000180025095e-35 0.29818990155604957 1.8254656500000002 0.39767441860465119 0.20112359550561798 0.20864427860696519 7.5600453500000002 0.35416666666666669 8.4465700000000012 1.0000000180025095e-35 1.0000000180025095e-35 0.90917380000000014 0.96051948051948066 7.5104160500000008 5.9449322000000011 0.96153213874732868 0.85116190000000003
decision_type=2 2 2 2 2 2 2 2 2 2 2 2 2 2 2 2 2 2 2 2 2 2 2 2 2 2 2 2 2 2
left_child=1 2 3 8 5 -2 20 -8 9 -1 15 12 13 17 -14 -11 -15 -6 -19 -20 21 -4 -10 24 25 29 27 -25 -27 -16
right_child=4 -3 6 -5 11 -7 7 -9 22 10 -12 -13 14 16 23 -17 -18 18 19 -21 -22 -23 -24 26 -26 28 -28 -29 -30 -31
leaf_value=0.03651260150791618 0.0071317141876949377 0.046631425548824795 -0.05232582679558509 0.040499587527909629 -0.042034711081166798 -0.070393011251484575 0.047868921998057576 -0.079865853243729523 0.037670874557873255 0.0031890984786980773 0.011809727885986627 0.022092192296400463 -0.098532084342091486 0.036843679138261566 0.0061517534732941715 -0.091685133171475586 -0.084121703979650825 0.041921449057539362 -0.052834806775477611 0.025279090975605267 -0.10985365062523762 0.012567403446977501 -0.050362986474293353 0.0031834580061726684 -0.25420550787052998 -0.13645831170789088 0.0026016183881639714 -0.073910913354959085 -0.011768622508595559 0.04045669775098007
leaf_weight=3.6469981893387766 4.6051872626485402 23.115739985660184 5.2699890292351466 21.308996533509344 5.2301519485436101 5.2219050115518257 4.4802190983900791 1.1542902956716714 10.90867329778848 1.6123746516968802 4.6454232742107706 38.131780955285649 1.4501924877858972 29.522031470241931 171.78965246700318 4.5124080907698954 0.66605322339455497 5.2839264530630308 4.0998087743973866 4.0189928097533993 1.507863804916268 3.531006165780127 1.2742666122840081 21.752578305149655 0.47588476230157439 2.4188107266163561 170.54563139133825 14.140648744216376 4.2262158516605268 18.225789292868285
leaf_count=37 2673 1382 234 780 2563 1802 165 48 69 37 64 267 356 2127 24422 46 40 265 1575 68 10 42 3279 956 9 51 11758 1514 111 204
internal_value=0.00651636 0.0206096 0.0111893 0.0206477 0.00407385 -0.0340633 -0.0172329 0.0217011 0.00474461 -0.0152981 -0.0328422 0.00483563 0.00338574 0.0188099 0.00152655 -0.0667091 0.0341748 -0.00608356 0.00794568 -0.0141666 -0.038513 -0.0262903 0.028463 0.0018861 0.00656087 0.00719188 -0.00257803 -0.027189 -0.0571561 0.00944219
internal_weight=588.773 86.9682 63.8525 47.9091 501.805 9.82709 15.9434 5.63451 26.6001 14.4172 10.7702 491.978 453.846 48.821 405.025 6.12478 30.1881 18.6329 13.4027 8.1188 10.3089 8.801 12.1829 403.575 197.136 196.66 206.439 35.8932 6.64503 190.015
internal_count=56954 6193 4811 4312 50761 4475 499 213 3532 184 147 46286 46019 6638 39381 83 2167 4471 1908 1643 286 276 3348 39025 24797 24788 14228 2470 162 24626
is_linear=0
shrinkage=0.05


Tree=145
num_leaves=31
num_cat=0
split_feature=18 11 2 6 0 2 8 4 2 2 7 22 3 7 8 0 24 2 7 0 0 7 3 0 2 4 0 22 4 7
split_gain=6.87622 6.27227 9.11287 10.1682 5.74527 4.58512 8.2946 6.13659 4.65251 4.63755 4.34597 4.58145 4.05569 3.8227 3.25443 3.2439 5.59417 3.62562 3.11686 3.20726 5.11173 9.13012 11.4584 8.20155 7.27973 5.97866 5.27954 9.80145 9.65677 7.12228
threshold=1.0000000180025095e-35 1.0000000180025095e-35 0.91734972677595616 1.0000000180025095e-35 7.2569232000000001 0.32811353070712018 0.32894052366915211 0.65119478054260671 0.30068493150684933 0.3393028461784458 0.24156877605153473 1.0000000180025095e-35 0.48895202020202028 0.97530487804878063 0.31072796934865904 18.387796500000004 0.95459600000000011 0.92637759710930456 0.12793235133660663 2.7320753500000006 5.1883654500000009 0.24859550561797758 0.54160618363404756 5.620200500000001 0.34724637681159426 0.59048155147226367 6.750020000000001 1.0000000180025095e-35 0.64570910209855448 0.17684288905435588
decision_type=2 2 2 2 2 2 2 2 2 2 2 2 2 2 2 2 2 2 2 2 2 2 2 2 2 2 2 2 2 2
left_child=1 2 3 4 12 6 7 8 -3 -7 -10 -12 14 15 -1 16 18 -17 -11 -20 21 22 24 -22 -21 -25 27 29 -29 -27
right_child=-2 5 -4 -5 -6 9 -8 -9 10 13 11 -13 -14 -15 -16 17 -18 -19 19 20 23 -23 -24 25 -26 26 -28 28 -30 -31
leaf_value=-0.05607286135984238 -0.052040085664986961 0.0026841993454871545 0.046181755336202279 -0.036946454579566697 0.050055777085368049 -0.052881592423058114 -0.072364428537361636 -0.085269731200488807 0.045488344765063402 0.046733062579826901 -0.077107984036389174 0.03716588008324611 0.019917117521083966 -0.13800880170835916 0.0052799896503476036 -0.021452413385226243 -0.13535082510016669 0.030430844269579538 0.037274168643414415 0.035263881692262487 0.024633917118624074 -0.070464412264850979 0.031168050918601115 -0.032860270270836676 -0.074107938783583044 0.014861557906012285 0.0057304546451463351 0.028833729882207462 -0.048249879446175065 -0.064582394873331464
leaf_weight=3.6206037933588942 4.7517001235402168 12.271988332376166 25.316635092603974 9.561058829778629 11.650335509330032 3.4562967101410313 2.2600142002411294 1.2106677927731642 28.243148175444734 4.3461358767381162 1.5668646984668149 1.9924103119556094 24.092129363125423 0.46518289420055126 5.3632146664313041 3.9723424346593701 0.71519390548928541 22.103165751206689 7.1981498294517214 2.0319603624848295 46.979220079836523 6.2675090026896205 11.413787507983214 11.629892144490439 6.0550054350424034 3.7428028950380385 304.58280318436664 14.983376641892393 5.5746817695653581 11.457790214844861
leaf_count=71 25408 2867 1490 189 602 678 675 92 1461 307 164 114 258 7 70 35 12 140 578 113 885 556 111 835 802 206 15949 210 480 1299
internal_value=0.00786871 0.00834785 0.0214089 0.00985617 0.0198611 0.00632711 0.0211195 0.0257849 0.0288355 0.00482102 0.0389268 -0.0131398 0.00922561 0.00525129 -0.0194461 0.00539521 0.00437292 0.0225269 0.00460198 0.00417804 0.00361712 -0.0179663 -0.00109348 0.0050112 -0.0466268 0.00239206 0.00359668 -0.0145783 0.00793114 -0.0450211
internal_weight=598.876 594.124 79.604 54.2873 44.7263 514.52 47.5451 45.2851 44.0744 466.975 31.8024 3.55928 33.0759 463.519 8.98382 463.054 436.978 26.0755 436.263 431.917 424.719 25.7683 19.5008 398.951 8.08697 351.971 340.341 35.7587 20.5581 15.2006
internal_count=56664 31256 2680 1190 1001 28576 5373 4698 4606 23203 1739 278 399 22525 141 22518 22343 175 22331 22024 21446 1582 1026 19864 915 18979 18144 2195 690 1505
is_linear=0
shrinkage=0.05


Tree=146
num_leaves=31
num_cat=0
split_feature=18 11 2 6 0 2 8 4 2 2 7 0 3 3 24 1 3 24 3 0 1 3 2 2 2 1 0 10 24 9
split_gain=6.46616 5.91594 8.86116 9.23221 5.62277 4.23856 7.72315 5.63212 4.36999 4.34173 4.00566 4.37982 3.69617 3.61331 6.30958 3.60869 6.74744 8.37689 8.35892 6.84234 5.54645 8.83951 7.69316 5.55889 24.9094 9.95498 11.9193 4.68589 4.11542 20.6072
threshold=1.0000000180025095e-35 1.0000000180025095e-35 0.91734972677595616 1.0000000180025095e-35 7.2569232000000001 0.32811353070712018 0.32894052366915211 0.65119478054260671 0.30068493150684933 0.3393028461784458 0.24156877605153473 9.5568500000000025 0.48895202020202028 0.95132144290039033 0.72619235000000015 0.89825495415557544 0.77888935301216011 0.92485019500000021 0.9464481901077646 18.387796500000004 0.81605800214822788 0.76802341857488921 0.94185260311020969 0.95803990610328671 0.95538971807628525 0.73286384976525842 15.589676000000003 1.0000000180025095e-35 0.81381737500000007 1.0000000180025095e-35
decision_type=2 2 2 2 2 2 2 2 2 2 2 2 2 2 2 2 2 2 2 2 2 2 2 2 2 2 2 2 2 2
left_child=1 2 3 4 12 6 7 8 -3 -7 -10 -12 -1 15 -15 16 20 18 19 28 21 23 -23 24 25 -11 -27 -17 -18 -30
right_child=-2 5 -4 -5 -6 9 -8 -9 10 13 11 -13 -14 14 -16 27 17 -19 -20 -21 -22 22 -24 -25 -26 26 -28 -29 29 -31
leaf_value=-0.018440946413799213 -0.051987287848323849 0.00255091135266859 0.045990397256863373 -0.0347292883560558 0.05005305389936307 -0.052367875644672816 -0.071772065674905586 -0.082393164964033538 0.044144146401795266 0.0050501343037172297 -0.078379701868723228 0.035180616959587706 0.0191861054702408 -0.077776842198550369 -0.0036980724181441466 -0.017077673427368035 -0.013307251431270038 -0.21575732927949831 -0.28386287883511935 0.046492260679532632 0.039833993981973091 -0.01406591146788802 -0.45623072437912149 0.031490267912637253 -0.34869065102823482 -0.04551313720587713 -0.33070100312463713 0.020897908120601508 -0.036162262832563116 -0.4468442397998672
leaf_weight=8.9973243628119217 4.5244326837398594 12.267663386229286 24.179635383246932 9.6602619429249881 11.082729818299411 3.3191764445728031 2.1670904681886887 1.1908060501809803 27.662998664021874 297.30531869207698 1.4696188163543404 2.0108053837902844 23.768000137293711 3.2939477248146458 22.569865277968347 9.2850755168474262 18.521973193248428 0.53394393774215032 0.28771167993545432 4.1077284627244799 11.697306236776056 0.19955963049505854 0.19401083141565323 18.748421111260541 0.50141345011070271 3.4270335942674133 0.41023329365998495 64.911287798335252 4.0272104820905943 0.33052442711777974
leaf_count=141 25408 2867 1490 189 602 678 675 92 1461 16742 271 7 258 27 212 64 2394 8 2 22 38 117 2 51 13 227 5 577 1974 50
internal_value=0.00755795 0.00801603 0.0208701 0.00951864 0.019267 0.00605967 0.0204057 0.0248844 0.0278271 0.00461263 0.0377837 -0.0127705 0.00885376 0.00502346 -0.0131326 0.00610423 0.00403638 -0.019623 -0.0157834 -0.0129255 0.00601527 0.00478209 -0.232031 0.00507299 0.00343104 0.00401734 -0.0760019 0.0161456 -0.0235931 -0.0673116
internal_weight=592.653 588.129 77.688 53.5083 43.8481 510.441 46.769 44.6019 43.4111 463.672 31.1434 3.48042 32.7653 460.353 25.8638 434.489 360.292 27.8091 27.2751 26.9874 332.483 320.786 0.39357 320.392 301.644 301.143 3.83727 74.1964 22.8797 4.35773
internal_count=56664 31256 2680 1190 1001 28576 5373 4698 4606 23203 1739 278 399 22525 239 22286 21645 4450 4442 4440 17195 17157 119 17038 16987 16974 232 641 4418 2024
is_linear=0
shrinkage=0.05


Tree=147
num_leaves=31
num_cat=0
split_feature=18 11 2 6 0 2 7 0 24 0 4 7 8 24 0 17 4 0 7 24 11 4 0 0 4 0 0 24 11 22
split_gain=6.0796 5.57125 8.61874 8.3766 5.50478 3.95294 13.8842 4.29607 3.87742 10.2211 6.30843 5.33885 4.67137 5.34261 3.5133 4.06021 3.67846 3.3667 9.2226 4.45066 3.47638 5.70675 3.43094 8.38135 6.62123 5.25672 6.10866 7.15303 9.91346 5.25776
threshold=1.0000000180025095e-35 1.0000000180025095e-35 0.91734972677595616 1.0000000180025095e-35 7.2569232000000001 0.35926246038605592 0.25677655677655681 9.8050555000000017 0.44622616000000009 9.8050555000000017 0.64482411271144624 0.24156877605153473 0.27953488372093033 0.11864144500000001 6.5455187000000006 0.17267080745341609 0.57119266278193026 18.387796500000004 0.97182539682539681 0.95459600000000011 360.50000000000006 0.93642247510668575 2.7320753500000006 5.2771565000000011 0.8149991348397323 5.620200500000001 6.750020000000001 0.22828398500000005 365.50000000000006 1.0000000180025095e-35
decision_type=2 2 2 2 2 2 2 2 2 2 2 2 2 2 2 2 2 2 2 2 2 2 2 2 2 2 2 2 2 2
left_child=1 2 3 4 14 6 8 -8 9 10 11 12 13 -3 15 -1 -17 18 19 22 21 -19 -7 24 -24 -25 27 -27 29 -29
right_child=-2 5 -4 -5 -6 17 7 -9 -10 -11 -12 -13 -14 -15 -16 16 -18 20 -20 -21 -22 -23 23 25 -26 26 -28 28 -30 -31
leaf_value=-0.0027776350931966527 -0.051934333260802851 0.051228679454712003 0.045791336609357185 -0.032652789707260182 0.050050464196574412 0.038083397927441781 -0.067253874143359968 0.013022207141165879 0.030129480558057982 -0.28159983230729829 -0.054768425304601881 -0.058990696337296027 0.033584453819943287 -0.051633089432925661 -0.05231988054272229 -0.033547651610456038 0.044803604755384266 -0.065569066785049882 -0.16304372216570351 -0.1207525073192197 0.03475493160517399 0.022637343400763579 -0.039845981264823999 0.022906478076078932 0.050889821516150846 0.016140850892560538 0.0044324723336325719 -0.048640511996384271 -0.075867540051714089 0.022904738869489794
leaf_weight=17.466577448809407 4.3080520901326045 1.8999774358308119 23.097877771244384 9.7582750842848309 10.54275046288967 6.9033313459221963 6.2293443653907143 2.2754040097352117 50.050303805944168 0.30134067288599808 3.3041982367831215 2.101541727588482 23.007371310943199 3.7616584800107375 2.2145156972110263 1.7312166896881525 11.120315152104011 2.6418246609973739 0.83890749915735696 0.72614335824618947 16.634833173477091 5.9945244385162368 17.333762863712767 34.163446451868367 2.2743897664913666 9.4921368115974492 298.41056446317634 4.1735029524534184 8.8775125902611762 6.6748934492025001
leaf_count=234 25408 34 1490 189 602 475 862 19 3065 4 215 282 1799 1495 37 28 100 39 10 12 85 52 1281 560 34 47 16101 1206 360 539
internal_value=0.00724515 0.0076817 0.0203142 0.00917611 0.018652 0.00579376 0.0151152 -0.0457764 0.0212492 0.00831981 0.0108837 0.0179336 0.0235724 -0.0171139 0.00847681 0.0129176 0.034249 0.0037071 0.00256072 0.00291783 0.0213928 -0.00434464 0.0031491 0.00251679 -0.0293213 0.00424233 0.00229613 -0.0195228 -0.0366842 -0.00461954
internal_weight=588.31 584.002 75.9315 52.8337 43.0754 508.071 92.9311 8.50475 84.4264 34.3761 34.0747 30.7705 28.669 5.66164 32.5326 30.3181 12.8515 415.14 389.869 389.03 25.2712 8.63635 388.304 381.4 19.6082 361.792 327.629 29.218 19.7259 10.8484
internal_count=56664 31256 2680 1190 1001 28576 7775 881 6894 3829 3825 3610 3328 1529 399 362 128 20801 20625 20615 176 91 20603 20128 1315 18813 18253 2152 2105 1745
is_linear=0
shrinkage=0.05


Tree=148
num_leaves=31
num_cat=0
split_feature=24 24 11 0 7 2 7 8 1 0 3 2 17 7 4 3 1 3 3 17 17 24 24 24 1 24 23 24 2 4
split_gain=5.74296 5.75397 7.74898 7.0297 5.48996 9.50331 7.21114 7.41935 6.68711 5.48836 5.47534 8.40069 7.05847 8.87039 8.65123 13.7867 5.108 4.77496 9.70076 4.74057 16.0287 14.9726 9.88457 7.20004 5.00262 4.59352 4.37802 3.91138 4.32647 9.54699
threshold=0.85116190000000003 0.86377747500000013 1.0000000180025095e-35 11.641545000000002 0.29300813008130083 0.70801282051282055 0.55488621151271766 0.61064030131826752 0.3417843388960205 11.278937000000001 0.49538166214995488 0.52803983228511542 0.28239202657807316 0.17684288905435588 0.60555910770105148 0.41844053242079554 0.26365441906653431 0.61042701157643697 0.61519815427683489 0.17267080745341609 0.11437908496732026 0.72055679500000014 0.81599925000000006 0.62232997500000009 0.92390405293631106 0.57137350000000009 1.0000000180025095e-35 0.11864144500000001 0.38148742643124672 0.79965909090909104
decision_type=2 2 2 2 2 2 2 2 2 2 2 2 2 2 2 2 2 2 2 2 2 2 2 2 2 2 2 2 2 2
left_child=4 9 -3 -4 8 6 7 16 10 -2 12 17 13 -1 15 -14 -6 -12 -19 20 22 -22 23 24 -7 -9 -13 -18 29 -29
right_child=1 2 3 -5 5 19 -8 25 -10 -11 11 26 14 -15 -16 -17 27 18 -20 -21 21 -23 -24 -25 -26 -27 -28 28 -30 -31
leaf_value=0.010304885245327829 -0.10157351335442795 0.04242564474073493 -0.11792644905232207 0.0052760646118876669 0.039034358146555675 -0.034734463914664629 -0.065135264961259418 -0.061944876171582508 -0.052352101975742554 0.046738315951122905 0.015860405834681904 0.039110754535523248 0.042352856403716103 -0.044880798699837368 0.014289863663892078 -0.060893085440085759 -0.13099414981279223 -0.12839469338594056 0.017167019783650983 0.011756695342514356 -0.17266048645989843 0.040666943738222563 -0.071184872851962927 0.019476581429823794 -0.3112119459428489 0.055932690972641509 -0.27164829112442279 -0.067512890343434551 -0.01864008679758623 -0.65544239091290935
leaf_weight=13.068724133618163 0.64420896253978099 15.806800951715557 1.1844934467662813 51.397812291219452 3.0941339325435981 0.40839059439532377 7.9054827195658666 0.98140089649223128 4.4617489260572247 19.669637201288424 204.53884560426559 0.15990121009235636 4.7822134689322402 16.44387519875454 77.860215111119032 9.9832803143544862 0.90150369127514096 1.7529690993142129 3.2980277601527632 78.66579090358573 2.662768539259559 1.19013977330178 3.922845719898759 22.51965589487736 0.27297420366085134 5.2349194408197945 0.38919273298233747 3.0687869849971352 26.296674815176061 0.070638131583109387
leaf_count=1391 338 1102 328 578 137 118 8286 43 674 330 7562 48 1332 1821 3980 6695 21 25 86 4386 89 35 97 578 9 334 20 3009 13209 3
internal_value=0.00695507 0.0186691 0.0117286 0.00250075 0.00485143 -0.00286374 -0.0215312 -0.0128369 0.00845302 0.0420349 0.00926949 0.0141627 0.00085065 -0.0204436 0.00763546 -0.027454 -0.0221636 0.0146744 -0.0333508 0.00523259 -0.0113354 -0.106765 0.00222021 0.0146316 -0.145499 0.0373228 -0.181152 -0.0284052 -0.0252633 -0.0807415
internal_weight=582.638 88.703 68.3891 52.5823 493.935 157.196 47.5535 39.6481 336.739 20.3138 332.277 210.139 122.138 29.5126 92.6257 14.7655 33.4317 209.59 5.051 109.643 30.9768 3.85291 27.1239 23.201 0.681365 6.21632 0.549094 30.3376 29.4361 3.13943
internal_count=56664 2676 2008 906 53988 30354 25042 16756 23634 668 22960 7741 15219 3212 12007 8027 16379 7673 111 5312 926 124 802 705 127 377 68 16242 16221 3012
is_linear=0
shrinkage=0.05


Tree=149
num_leaves=31
num_cat=0
split_feature=24 24 11 0 6 7 2 7 8 1 3 2 17 4 7 3 4 1 8 24 17 24 24 5 7 11 3 3 4 24
split_gain=5.31306 5.44304 7.40252 6.49914 5.3797 4.9833 8.66422 6.87483 6.78347 6.03882 4.98016 7.3644 6.40349 8.08391 8.03144 7.68608 5.55408 4.63556 4.38683 8.59506 7.785 16.9292 5.56005 8.20815 6.45297 4.57082 4.31484 8.42024 4.26713 4.25598
threshold=0.85116190000000003 0.86377747500000013 1.0000000180025095e-35 11.641545000000002 0.47222222222222227 0.29300813008130083 0.70801282051282055 0.55488621151271766 0.61064030131826752 0.3417843388960205 0.49538166214995488 0.52803983228511542 0.28239202657807316 0.62248557216796796 0.17684288905435588 0.4150751435325904 0.60555910770105148 0.26365441906653431 0.93908472479901051 0.72242137000000006 0.29893617021276603 0.6426440000000001 0.83298915000000007 0.77500000000000013 0.8368293666801131 381.50000000000006 0.61042701157643697 0.61519815427683489 0.60708168642951266 0.57137350000000009
decision_type=2 2 2 2 2 2 2 2 2 2 2 2 2 2 2 2 2 2 2 2 2 2 2 2 2 2 2 2 2 2
left_child=5 4 -3 -4 -2 9 7 8 17 10 12 26 14 15 -1 -14 -17 -7 -8 20 21 -20 -21 24 -24 -25 -12 -28 -18 -10
right_child=1 2 3 -5 -6 6 18 -9 29 -11 11 -13 13 -15 -16 16 28 -19 19 22 -22 -23 23 25 -26 -27 27 -29 -30 -31
leaf_value=0.0098194961836733652 -0.084330844919326756 0.042053310433999402 -0.11484401619810516 0.005030658848687062 0.046576589566444178 0.037953699781549971 0.015943922460518959 -0.064051273609415246 -0.058550746665420018 -0.04961696681922137 0.015190860247206556 -0.16637957076348325 0.038469792499980449 0.015906908164629474 -0.042770618910133541 -0.05845833043661184 0.041735135428857623 -0.026954062655025424 0.0031187641540651855 0.0082048581109395047 0.020816376359653808 -0.20241791814069152 -0.039877182414142454 0.0373885547536272 -0.19410667796776798 -0.09668853825700581 -0.11793468887640507 0.016462532626305888 -0.031576935574912264 0.054981166395123938
leaf_weight=13.030008430026955 0.81879845000730966 15.165699627948923 1.1562088361824852 51.214653626651852 18.912045229211799 3.0249115343394797 49.832784423917474 7.6440262424544008 0.98625391903419668 4.4720646417936214 202.9186800087864 0.56707050991098995 4.7250307092854227 68.731984537389508 16.393760713554002 9.8815483975968181 3.2474883476643281 30.348018744691728 1.9775254122796457 46.631104442774813 1.949066177350687 2.0305386788022588 1.5713188228546635 2.8597624583562724 1.1932332879223393 0.81733458969392803 1.8114033574238408 3.2679887528101972 5.1049172086313774 5.0636121516108688
leaf_count=1391 417 1102 328 578 251 137 3891 8286 43 674 7562 68 1151 3091 1821 7024 14 16242 17 1030 67 43 32 190 23 19 25 86 727 334
internal_value=0.0066749 0.0180415 0.0112921 0.00238415 0.0411441 0.00465088 -0.0027299 -0.0206546 -0.0122401 0.00809506 0.00887792 0.0135609 0.000813601 0.00732637 -0.0194816 -0.0183611 -0.0330878 -0.0210708 0.00501986 -0.00420219 -0.0611498 -0.101009 0.00218988 -0.0413526 -0.106446 0.00758628 0.0140515 -0.031466 -0.00307256 0.0364731
internal_weight=577.349 87.2674 67.5366 52.3709 19.7308 490.081 155.929 47.0668 39.4228 334.152 329.68 208.565 121.115 91.691 29.4238 22.959 18.234 33.3729 108.863 59.0299 5.95713 4.00806 53.0728 6.44165 2.76455 3.6771 207.998 5.07939 8.35241 6.04987
internal_count=56664 2676 2008 906 668 53988 30354 25042 16756 23634 22960 7741 15219 12007 3212 8916 7765 16379 5312 1421 127 60 1294 264 55 209 7673 111 741 377
is_linear=0
shrinkage=0.05


Tree=150
num_leaves=31
num_cat=0
split_feature=18 11 2 6 0 2 4 3 3 17 17 4 24 23 7 7 16 4 4 4 0 24 24 17 24 24 3 4 7 24
split_gain=5.18627 5.70244 9.26163 5.37953 5.69176 4.92626 4.77631 4.66539 11.2905 6.81456 9.33645 6.55755 10.3023 5.49896 14.3168 6.07905 8.79258 4.46583 7.83941 4.4174 4.31024 5.88572 8.22444 6.34343 4.326 10.2167 6.79571 4.30701 8.16605 14.7281
threshold=1.0000000180025095e-35 1.0000000180025095e-35 0.94185260311020969 1.0000000180025095e-35 7.2569232000000001 0.77032967032967048 0.58374600677232269 0.58285013855777668 0.58737878466139348 0.17267080745341609 0.12916666666666668 0.95088225118210146 0.85911767500000014 1.0000000180025095e-35 0.22756041426927501 0.96340919232485511 1.0000000180025095e-35 0.94853243122686715 0.95309409888357266 0.96260439560439559 14.763591000000002 0.73605425000000013 0.85504002000000001 0.088932806324110672 0.72423545000000011 0.66371497000000013 0.92722431077694256 0.95528368794326257 0.95803990610328671 0.876498785
decision_type=2 2 2 2 2 2 2 2 2 2 2 2 2 2 2 2 2 2 2 2 2 2 2 2 2 2 2 2 2 2
left_child=1 2 3 4 6 -5 -1 -3 -9 10 11 12 20 14 -11 19 -17 -7 -19 27 21 23 -23 24 25 -10 -27 -16 29 -29
right_child=-2 7 -4 5 -6 17 -8 8 9 13 -12 -13 -14 -15 15 16 -18 18 -20 -21 -22 22 -24 -25 -26 26 -28 28 -30 -31
leaf_value=-0.03441751781400737 -0.051982892947789176 0.0071545567192695851 0.050035838545735359 -0.042105580903498183 0.050048172598500931 0.044960088065758047 0.015870284845626491 -0.10053643409362648 -0.003125965944216224 -0.12842621525758341 -0.10835952697983942 0.018324893089211629 -0.15891599331052775 0.01396361144152538 0.0022461312826686053 -0.11478370049727167 0.004362274711819966 -0.19002432297057772 0.050321131495008199 0.044207652863259318 0.046859922204330683 -0.094031454683597651 0.052698689207821885 -0.115299402670197 0.043124917337574536 -0.050359932423175283 -0.34488936339465326 -0.28857768555969904 0.0089811698511587795 -0.011825451867387357
leaf_weight=5.7470627471848266 4.0071751097688084 285.11654324421215 17.316329299472272 8.6121705540717794 10.019675466232 4.0683872355148187 26.467656224660459 2.9183463837143782 9.3525314866274201 2.2957035898543827 2.7702948806327177 11.408146895933895 1.4044809383631207 67.959626954441774 61.277050933773353 2.8039190000272347 3.45825680939015 0.62468854105100013 0.74257541634142399 5.8023584736220064 2.2149172030040054 5.1705882388123419 1.1713593163294715 1.3048507837011118 4.1137544196499212 0.4103696252677772 0.37464549660217017 0.80958225250651494 2.720112070790492 1.1834934141370466
leaf_count=106 25312 12995 1345 112 604 157 290 151 992 69 250 103 31 2200 10351 35 19 25 25 38 21 357 6 196 126 652 10 32 17 19
internal_value=0.00469334 0.00510654 0.0180589 0.00822057 0.0171357 -0.0185825 0.00689901 0.00310403 -0.00294481 -0.00142994 -0.0198298 -0.013188 -0.0272765 0.00349489 -0.00535946 -0.00173988 -0.0489859 0.018687 -0.0594902 0.00238119 -0.0196091 -0.0263322 -0.0669304 -0.0097811 -0.000119835 -0.0176683 -0.190923 -0.0012965 -0.047355 -0.124242
internal_weight=553.647 549.639 73.5985 56.2822 42.2344 14.0478 32.2147 476.041 190.924 188.006 39.6959 36.9256 25.5175 148.31 80.3505 78.0548 6.26218 5.43565 1.36726 71.7926 24.113 21.8981 6.34195 15.5562 14.2513 10.1375 0.785015 65.9902 4.71319 1.99308
internal_count=56646 31334 2664 1319 1000 319 396 28670 15675 15524 2744 2494 2391 12780 10580 10511 54 207 50 10457 2360 2339 363 1976 1780 1654 662 10419 68 51
is_linear=0
shrinkage=0.05


Tree=151
num_leaves=31
num_cat=0
split_feature=18 11 8 6 0 11 11 11 7 9 0 0 24 0 1 0 0 24 1 24 24 7 1 1 1 24 24 0 24 24
split_gain=4.89328 5.33039 8.86209 4.6765 5.54224 4.39308 15.7036 8.50415 8.24953 5.94562 7.48027 5.21531 5.03543 11.8048 11.0046 15.6448 8.78245 11.2717 5.54141 4.86491 14.7887 13.4109 6.18034 7.23432 9.84949 5.52663 13.1788 5.20807 4.66855 10.5638
threshold=1.0000000180025095e-35 1.0000000180025095e-35 0.94185260311020969 1.0000000180025095e-35 7.2569232000000001 363.50000000000006 365.50000000000006 2.5000000000000004 0.9651115618661259 1.0000000180025095e-35 5.056621100000001 4.4477484500000015 0.79197404000000016 15.925614500000002 0.20864427860696519 15.115218500000003 14.356017000000003 0.8114861550000001 0.83096903096903107 0.44622616000000009 0.36985656000000006 0.21778656126482207 0.27953488372093033 0.22756041426927501 0.2458839406207827 0.45873110000000006 0.47057761000000004 8.9970155000000016 0.41887212000000001 0.44943427500000005
decision_type=2 2 2 2 2 2 2 2 2 2 2 2 2 2 2 2 2 2 2 2 2 2 2 2 2 2 2 2 2 2
left_child=1 2 3 4 -1 7 -7 8 28 -8 11 -11 19 14 -14 16 17 18 -16 20 -12 27 23 -23 -25 -21 -27 -22 -3 -30
right_child=-2 5 -4 -5 -6 6 9 -9 -10 10 12 -13 13 -15 15 -17 -18 -19 -20 25 21 22 -24 24 -26 26 -28 -29 29 -31
leaf_value=0.0066069610383820282 -0.051927365898458394 0.016224289390532349 0.050033919799483698 -0.016599676408219004 0.050045821327431621 0.038652737148570038 -0.031683175240019811 -0.04931629261656871 -0.13739457361151311 0.0042018441143623483 0.012718001615858022 -0.072768919253995853 0.028855479564321825 0.017075693761593971 -0.090000231762196556 -0.18518553654630626 0.014307474611418396 -0.042501941417682897 -0.29368322568668237 0.046210222445949821 -0.075202697546011402 0.0018998332252042815 0.010658943438642571 -0.016673819968753924 -0.1499304358974739 -0.11873653837205772 0.014202174412376737 -0.2111431265178185 -0.091519388737397872 -0.0022751763021411587
leaf_weight=31.979813933503465 3.8157168811868578 33.492505474336213 16.268334293738008 14.269487002849926 9.5314465900883061 33.382706752046943 12.208550504168668 9.7927465745087812 1.1002113949507464 3.7676547045120952 77.246946872546687 5.2916822979168501 5.8481405893107903 23.212268790230155 0.64212730946019891 1.909197725355624 6.1078970693051806 11.387290215177925 0.69572638720273972 13.124252815934595 5.6675216742150978 5.3705850222322642 14.009866879336185 2.9436900891596451 2.6216621047351509 1.8987724483595219 102.64624157894286 0.80458576977252949 3.4349678951912201 95.659047130931867
leaf_count=396 25312 708 1332 332 604 284 1809 20909 9 255 409 156 17 44 69 12 12 112 5 26 161 15 61 22 29 32 1665 5 103 1741
internal_value=0.0044975 0.00489159 0.017563 0.00809293 0.016581 0.00296659 0.0061359 -0.00434013 -0.00104557 0.00248599 0.00394869 -0.0407578 0.00541539 -0.00897839 -0.0317225 -0.0488021 -0.0349762 -0.0586317 -0.195922 0.0085826 0.00095445 -0.0279685 -0.0113292 -0.0394979 -0.0794468 0.015627 0.0117877 -0.0921023 8.58665e-05 -0.00536871
internal_weight=550.132 546.316 72.0491 55.7807 41.5113 474.267 330.787 143.479 133.687 297.405 285.196 9.05934 276.137 49.8026 26.5904 20.7422 18.833 12.7251 1.33785 226.334 108.665 31.4179 24.9458 10.9359 5.56535 117.669 104.545 6.47211 132.587 99.094
internal_count=56646 31334 2664 1332 1000 28670 5200 23470 2561 4916 3107 411 2696 271 227 210 198 186 74 2425 702 293 127 66 51 1723 1697 166 2552 1844
is_linear=0
shrinkage=0.05


Tree=152
num_leaves=31
num_cat=0
split_feature=18 12 2 3 1 3 1 17 17 24 0 7 1 4 24 24 24 9 3 24 1 3 2 0 17 1 2 2 2 0
split_gain=4.62017 4.93358 8.78986 4.14413 10.1728 10.718 6.56974 5.91394 8.69483 5.98871 8.68012 6.19035 5.92021 5.3958 8.89718 4.66405 10.0786 9.48455 7.55499 4.20607 17.2092 4.44374 4.11081 5.11596 5.40355 5.46122 5.97747 3.97005 3.8617 5.7664
threshold=1.0000000180025095e-35 1.0000000180025095e-35 0.94185260311020969 0.58285013855777668 0.28388278388278393 0.58737878466139348 0.39369100844510679 0.17267080745341609 0.12916666666666668 0.79197404000000016 11.986080500000002 0.9651115618661259 0.31643132220795894 0.95088225118210146 0.85911767500000014 0.8382685700000001 0.83298915000000007 1.0000000180025095e-35 0.86025719207304896 0.89630952500000005 0.89825495415557544 0.95132144290039033 0.48610038610038614 4.7112292500000006 0.17267080745341609 0.2458839406207827 0.38847429519071314 0.25198412698412703 0.91734972677595616 20.257357000000003
decision_type=2 2 2 2 2 2 2 2 2 2 2 2 2 2 2 2 2 2 2 2 2 2 2 2 2 2 2 2 2 2
left_child=1 3 22 6 -5 -6 -1 8 13 12 -11 15 -9 14 -7 16 17 28 -18 21 -21 -17 23 24 25 26 -3 -25 29 -12
right_child=-2 2 -4 4 5 7 -8 9 -10 10 11 -13 -14 -15 -16 19 18 -19 -20 20 -22 -23 -24 27 -26 -27 -28 -29 -30 -31
leaf_value=0.0072808030002808654 -0.051871978304618808 -0.092082919075112513 0.050032476043049667 -0.092515409533671031 -0.099712166329709723 -0.016790614406779536 -0.091553961874033696 -0.076997341623232296 -0.10856221705953127 -0.083840114751483674 -0.025960693875729048 -0.10778200940269607 0.015929204236702146 0.017544389997237415 -0.14403884108053522 0.030125947309928621 -0.29469771365472952 -0.060103954990509967 -0.040931405719390093 -0.15896831544723275 0.0049843530374596989 -0.017745157379581895 -0.014033565335834657 -0.10563455555913626 0.030283296912218205 0.010298284829350572 0.0085141783241988421 0.041168716496403607 0.037561049825642026 -0.43788742343828413
leaf_weight=280.12593994270628 3.633400804709253 3.8687380813280488 15.682855167426167 3.1135779931973948 2.7305507889323044 22.726183897946616 1.6915435735536437 1.7525166289888137 2.452814004267565 3.4400054685283967 0.53082548927340933 1.3589265240007069 77.881548448482135 11.161774350854101 1.4620658341154911 22.295243717671841 0.57553066554828436 5.7569028208963573 0.59808714625251014 1.7749025373050269 16.291160617169226 6.1947130541666402 15.695159698647329 0.47384537756443279 9.137954266756422 7.141175503609702 2.3882739823311567 16.398062128573656 6.5188541890893248 0.10114647448062897
leaf_count=12550 25312 71 1345 109 130 2335 445 105 246 3970 226 24 7610 103 31 321 16 29 24 30 224 58 358 2 71 66 13 738 83 1
internal_value=0.00432196 0.00469914 0.017006 0.00284773 -0.00288642 -0.00138285 0.00668757 8.53385e-05 -0.0175288 0.00467527 -0.00653167 -0.00224204 0.0138842 -0.0112123 -0.0244822 0.000123186 -0.0250911 -0.0123359 -0.165376 0.00774952 -0.0111232 0.0197171 0.00760632 0.0162249 0.000637143 -0.0195824 -0.0536854 0.0370458 0.0261206 -0.0918892
internal_weight=544.954 541.321 70.7861 470.535 188.717 185.604 281.817 182.873 37.8028 145.07 65.4363 61.9963 79.6341 35.35 24.1882 60.6374 14.0813 12.9077 1.17362 46.556 18.0661 28.49 55.1032 39.408 22.5361 13.3982 6.25701 16.8719 7.15083 0.631972
internal_count=56646 31334 2664 28670 15675 15566 12995 15436 2715 12721 5006 1036 7715 2469 2366 1012 379 339 40 633 254 379 1319 961 221 150 84 740 310 227
is_linear=0
shrinkage=0.05


Tree=153
num_leaves=31
num_cat=0
split_feature=4 11 2 6 0 0 11 11 11 7 11 0 0 1 24 0 0 0 7 24 1 24 24 0 1 0 1 4 21 20
split_gain=4.38779 4.48291 7.94186 4.47214 5.13221 4.71474 4.40852 15.7202 8.27659 7.4369 4.65908 6.55697 4.92108 4.56069 5.15928 16.2714 10.6219 7.26554 5.6583 7.16093 20.5294 5.74233 5.49177 5.52053 10.3682 6.73136 4.95624 4.77859 4.50091 4.68473
threshold=0.53660873440285217 1.0000000180025095e-35 0.94185260311020969 1.0000000180025095e-35 7.2569232000000001 7.1046948500000005 363.50000000000006 365.50000000000006 2.5000000000000004 0.96647940074906391 998.50000000000011 5.056621100000001 4.4477484500000015 0.21654184304786719 0.79197404000000016 15.925614500000002 15.115218500000003 11.410593500000003 0.23606811145510834 0.54893735500000007 0.27072835547411828 0.25145286000000006 0.44622616000000009 10.339789750000001 0.22684391080617497 9.188832500000002 0.28388278388278393 0.60555910770105148 1.0000000180025095e-35 1.0000000180025095e-35
decision_type=2 2 2 2 2 2 2 2 2 2 2 2 2 2 2 2 2 2 2 2 2 2 2 2 2 2 2 2 2 2
left_child=-1 2 3 4 5 -2 8 -8 9 28 -9 12 -12 -13 18 16 17 -16 19 20 21 -15 23 24 -23 -26 -22 -21 29 -3
right_child=1 6 -4 -5 -6 -7 7 10 -10 -11 11 13 -14 14 15 -17 -18 -19 -20 27 26 22 -24 -25 25 -27 -28 -29 -30 -31
leaf_value=-0.05838479513176284 0.0090959110998714825 0.0028144606040669284 0.048358130657660092 -0.016371599578091235 0.050042104803345859 -0.14393883954408446 0.039342686084131752 -0.0291032106172615 -0.04882568919726421 -0.13905310351521447 0.0050155926405932097 0.019397525673601146 -0.070851296432494895 0.020303196543016447 -0.10498524975515436 0.016340373579253283 -0.14355890684334849 -0.019050468833030146 0.011833343977651633 -0.028595319279738615 -0.15247596504417035 -0.013412813580348699 0.019689013587059642 0.037221025483714455 -0.069432376458098674 -0.20158368205026622 -0.062961364818822904 0.041479530824374583 -0.056614539346944805 -0.054520916387105461
leaf_weight=2.7914555404831836 30.711446548820252 125.35954663345183 15.127293091267346 14.507429395751187 8.6849669702351076 0.51167382299899955 31.757692450541072 11.346007515958261 9.8517382205573067 0.97313720249803637 3.6863064523058693 45.473289560519333 5.0871657332972973 15.938681621235444 2.889138831276802 22.807889050309313 2.3884637590963385 16.545057234878186 124.23998712017783 3.1791098178364328 2.6053554983373024 9.2468267796794006 6.7159198322333387 2.3557155579328528 3.9933506343004401 1.2700803428888319 3.8042489538056543 10.364093120108008 3.4584289641279602 3.6669103664480636
leaf_count=5122 2965 4997 1346 583 601 9 286 2212 28028 8 261 580 167 37 143 50 15 78 1864 46 39 37 36 2 117 7 46 50 3133 3781
internal_value=0.00414039 0.00446448 0.0163113 0.00740236 0.0160447 0.00658803 0.00270786 0.00592346 -0.00460008 -0.00133539 0.00231276 0.00357411 -0.0389747 0.00493743 0.00205779 -0.0131906 -0.0440548 -0.0318258 0.00576216 -0.00692054 -0.0163417 -0.00287959 -0.0185485 -0.0337745 -0.0453005 -0.101321 -0.099347 0.0250303 -0.000323819 0.001185
internal_weight=541.338 538.547 69.5428 54.4155 39.9081 31.2231 469.004 325.694 143.31 133.458 293.937 282.591 8.77347 273.817 228.344 44.6305 21.8227 19.4342 183.713 59.4734 45.9302 39.5206 23.5819 16.866 14.5103 5.26343 6.4096 13.5432 132.485 129.026
internal_count=56646 51524 5504 4158 3575 2974 46020 6073 39947 11919 5787 3575 428 3147 2567 286 236 221 2281 417 321 236 199 163 161 124 85 96 11911 8778
is_linear=0
shrinkage=0.05


Tree=154
num_leaves=31
num_cat=0
split_feature=18 12 2 6 0 2 4 17 2 5 8 3 3 4 1 1 9 17 0 8 0 24 2 24 4 21 2 0 2 4
split_gain=4.27348 4.3056 8.28422 3.79165 5.14249 4.37093 4.1796 3.9907 5.91914 3.94624 5.90204 3.86497 3.84485 3.81678 3.66887 11.3059 5.38809 4.39438 6.17405 10.8986 7.30994 5.82871 7.98555 6.02091 7.97051 7.81493 4.87859 7.14741 4.02861 5.25332
threshold=1.0000000180025095e-35 1.0000000180025095e-35 0.94185260311020969 1.0000000180025095e-35 7.2569232000000001 0.77032967032967048 0.58374600677232269 0.17267080745341609 0.35926246038605592 0.10555555555555557 0.52240802675585296 0.94002081491305656 0.56388239743502921 0.95309409888357266 0.3417843388960205 0.37176079734219269 1.0000000180025095e-35 0.26006441223832538 14.763591000000002 0.97530487804878063 14.522856000000003 0.62232997500000009 0.94185260311020969 0.78961557500000012 0.94511887851385512 1.0000000180025095e-35 0.91734972677595616 10.756605000000002 0.97100840336134464 0.95309409888357266
decision_type=2 2 2 2 2 2 2 2 2 2 2 2 2 2 2 2 2 2 2 2 2 2 2 2 2 2 2 2 2 2
left_child=1 14 3 4 6 9 12 8 -8 -5 -11 -7 -3 -13 -1 16 -16 18 19 20 21 22 -17 26 25 -25 27 -23 29 -19
right_child=-2 2 -4 5 -6 11 7 -9 -10 10 -12 13 -14 -15 15 17 -18 28 -20 -21 -22 23 -24 24 -26 -27 -28 -29 -30 -31
leaf_value=0.0059987591803170627 -0.051939637954971724 -0.055789136003072608 0.050029435453250927 -0.092560918671380277 0.050040188354090236 0.044993856926248334 -0.04775057821625163 0.039535329061693332 0.019039859364147038 0.051358646763438334 -0.050253667149781439 -0.11186464414738428 0.042398399078925321 0.050380480571378866 -0.0062910509806190194 -0.047994283788405284 -0.11062320906081316 0.0049371829972836151 0.019420573448103093 -0.14914729047821745 -0.25945005881454203 -0.0057633877510753521 -0.2843102476303368 -0.10256411655096963 0.018402340263798642 0.023317795184200255 0.022129574231331092 -0.20238565591539151 0.029343043164633438 -0.026652531126882425
leaf_weight=294.07486642627555 3.3954295123489819 4.3337249969481517 14.21501935366541 2.3338348210236273 8.3240416208282095 4.0852232761681071 4.7577194215700755 9.7519176353816857 10.955846067459786 2.1334044224931858 4.3284753075859044 0.9260992291383443 1.2949424601392818 0.59562245849519968 1.9031410495372245 1.9744433840751399 3.5379927921458147 95.996432157922754 9.7684916488651634 1.7029943939414796 0.31267164228483935 1.8787956402520678 0.43652076885336999 5.0505650755949301 3.8613787582144141 1.6311139451354391 13.237159209616946 0.61299195726314781 13.697790955775416 15.251776326564139
leaf_count=12730 25312 96 1345 50 604 153 49 111 130 13 49 36 10 18 226 869 30 12457 54 22 7 1678 9 71 72 21 97 121 42 164
internal_value=0.00397615 0.00433238 0.0160803 0.00711378 0.0151358 -0.0148414 0.0057917 0.0144101 -0.00118281 -0.0368333 -0.0167061 0.0196578 -0.0331999 -0.0483597 0.00261323 -0.00321396 -0.074131 -0.000881197 -0.0152012 -0.0262181 -0.0189981 -0.016377 -0.0907808 -0.00954897 -0.0387852 -0.0718342 0.010048 -0.0541334 0.00375673 0.000606333
internal_weight=536.36 532.965 68.0359 53.8209 39.4182 14.4027 31.0942 25.4655 15.7136 8.79571 6.46188 5.60694 5.62867 1.52172 464.929 170.854 5.44113 165.413 40.4671 30.6986 28.9956 28.683 2.41096 26.272 10.5431 6.68168 15.7289 2.49179 124.946 111.248
internal_count=56646 31334 2664 1319 1000 319 396 290 179 112 62 207 106 54 28670 15940 256 15684 3021 2967 2945 2938 878 2060 164 92 1896 1799 12663 12621
is_linear=0
shrinkage=0.05


Tree=155
num_leaves=31
num_cat=0
split_feature=1 3 10 0 5 15 0 18 0 0 8 1 2 9 2 8 23 3 4 1 3 24 3 3 17 7 9 16 24 4
split_gain=6.21041 6.40314 5.52168 6.0702 13.1767 23.391 7.89378 4.67711 4.36148 15.7577 7.66573 7.3002 6.11197 12.6814 6.99965 6.0096 5.99292 6.59629 8.24256 5.48944 10.636 8.37889 4.84509 8.40433 6.69967 6.51769 5.79443 4.79318 8.81441 5.84262
threshold=0.95713410900183737 0.95132144290039033 1.0000000180025095e-35 14.221068500000003 0.77500000000000013 1.0000000180025095e-35 16.913317500000005 1.0000000180025095e-35 8.5266805000000012 8.3334675000000029 0.31782106782106784 0.25677655677655681 0.36788399570354463 1.0000000180025095e-35 0.41136180499597103 0.55716953724839191 1.0000000180025095e-35 0.38063725490196082 0.94030791700154726 0.87695265561163194 0.88721684491747455 0.89630952500000005 0.551890446718033 0.58890442307546598 0.18898809523809523 0.33137254901960794 1.0000000180025095e-35 1.0000000180025095e-35 0.53165947000000002 0.57119266278193026
decision_type=2 2 2 2 2 2 2 2 2 2 2 2 2 2 2 2 2 2 2 2 2 2 2 2 2 2 2 2 2 2
left_child=1 7 -3 4 -4 -6 -5 8 9 15 -10 -11 13 -12 -14 22 -16 18 -18 20 21 -19 25 -24 -25 27 -27 28 29 -1
right_child=-2 2 3 6 5 -7 -8 -9 10 11 12 -13 14 -15 16 -17 17 19 -20 -21 -22 -23 23 24 -26 26 -28 -29 -30 -31
leaf_value=-0.048430000878214995 0.024960136280767556 0.042105395903400372 -0.053564445229624107 0.048897522904892896 -0.023658649806134593 -0.62319693307597568 -0.085690494123462996 -0.053078904897694137 0.040460730869599525 -0.011344397911071384 0.0033635917251347482 -0.11296159527572824 0.035935094806282944 -0.13937221480442979 0.014347213642734287 -0.058574493044629597 -0.03926155117519245 -0.0050977777286701515 -0.4214134133437954 0.015434610076390362 -0.16316001479554476 -0.13651497371940977 0.026207324992303795 -0.054225745050961262 0.0075676446266841743 -0.0059126559259281824 -0.15397056043106641 0.016711322834626965 -0.053159310417453413 0.0033642354747530734
leaf_weight=5.7362393814310044 47.450202978492598 2.1150952005991686 4.1870599424564716 2.6873827183371759 0.36022537183453085 0.29667402163613588 1.8322595325735163 3.2302999254502529 21.443420266848989 3.0584250277715901 6.0589390356326458 4.1870731778180925 24.648487963611842 2.0938757583498955 128.56799286590103 3.6909440261515547 0.43801521007844613 45.534441561674612 0.20815565437078476 28.502648491707077 1.1401762048408262 1.2460840996354807 55.886913518545043 6.2651888904874804 14.627437784507492 1.3779058136096856 1.269814830593532 42.024027589463003 8.1336675011480093 107.18109206407826
leaf_count=2312 1142 115 54 106 95 8 49 24960 229 159 175 817 206 15 10317 2543 84 2097 4 240 93 34 1202 833 979 163 34 2643 1528 3583
internal_value=0.00763306 0.006076 -0.0308598 -0.0473415 -0.0862283 -0.294427 -0.00566436 0.00689678 0.0072742 0.00260714 0.0118256 -0.0700676 0.00925032 -0.033295 0.0107566 0.00474596 0.00773856 -0.00328605 -0.162367 -0.001941 -0.0122758 -0.00859831 0.00570972 0.0160929 -0.0109627 0.000899165 -0.0769194 0.00216264 -0.00288807 0.00073307
internal_weight=575.48 528.03 11.4787 9.3636 4.84396 0.656899 4.51964 516.551 513.321 253.439 259.882 7.2455 238.439 8.15281 230.286 246.193 205.638 77.0695 0.646171 76.4234 47.9207 46.7805 242.502 76.7795 20.8926 165.723 2.64772 163.075 121.051 112.917
internal_count=56819 55677 427 312 157 103 155 55250 30290 16796 13494 976 13265 190 13075 15820 12869 2552 88 2464 2224 2131 13277 3014 1812 10263 197 10066 7423 5895
is_linear=0
shrinkage=0.05


Tree=156
num_leaves=31
num_cat=0
split_feature=1 3 10 0 8 11 0 18 0 0 8 1 8 2 11 2 4 6 8 6 3 3 17 0 16 24 3 11 24 24
split_gain=5.73754 5.59672 4.80401 4.82053 8.23275 10.8551 6.88298 4.3991 3.99404 14.2827 7.19472 6.71274 5.62878 5.57209 11.8777 6.57644 5.64791 12.4058 6.05209 4.68875 4.4315 7.68671 6.09883 4.65832 5.02195 8.71454 8.71066 4.98625 9.69744 7.20019
threshold=0.95713410900183737 0.95132144290039033 1.0000000180025095e-35 14.221068500000003 0.93908472479901051 998.50000000000011 16.913317500000005 1.0000000180025095e-35 8.5266805000000012 8.3334675000000029 0.31782106782106784 0.25677655677655681 0.55716953724839191 0.36788399570354463 998.50000000000011 0.41136180499597103 0.77206694790028141 1.0000000180025095e-35 0.95419580419580419 0.64583333333333337 0.551890446718033 0.58890442307546598 0.18898809523809523 8.1105680000000024 1.0000000180025095e-35 0.53165947000000002 0.54160618363404756 368.50000000000006 0.51366687000000011 0.52919060000000007
decision_type=2 2 2 2 2 2 2 2 2 2 2 2 2 2 2 2 2 2 2 2 2 2 2 2 2 2 2 2 2 2
left_child=1 7 -3 4 -4 -6 -5 8 9 12 -10 -11 20 14 -12 -15 17 -17 -18 -20 23 -22 -23 24 25 27 -26 28 -1 -29
right_child=-2 2 3 6 5 -7 -8 -9 10 11 13 -13 -14 15 -16 16 18 -19 19 -21 21 22 -24 -25 26 -27 -28 29 -30 -31
leaf_value=0.011020659448089561 0.02411935518064557 0.041415730125533713 -0.033195897876188804 0.04860084742507112 -0.10700734564647343 -0.43796816626392376 -0.075630821241642859 -0.052989447325488027 0.039468413387419798 -0.010742469944844263 0.0032025490220211708 -0.10827661790787027 -0.058024800021986914 0.03505405690437953 -0.13652243936933417 0.0088403920628901157 0.016469987277553146 -0.060472789452403697 -0.078397888893676534 -0.0011892021641601669 0.025199110557337551 -0.051937823669727462 0.0072134447725766028 0.030833269116154333 0.018966633535824996 -0.059413067939223178 -0.081425827583961649 -0.019982504110897862 -0.10284236666447844 0.056648795083830153
leaf_weight=53.305860322621754 46.669330155229545 2.0446057884910234 3.5610408553438901 2.5715345484059071 1.3258732511221749 0.30468819581437845 1.9683640832372473 3.0778140092897379 20.897466626149253 3.0680530647878177 6.045779933803713 4.1507944876157126 3.5433598897288894 24.020746375113958 2.0322551839053631 20.928451137006054 127.92072385634492 9.3349820707317104 2.0576893089164505 44.307082728584646 55.233819827775733 6.2154398045349817 14.579657333091745 12.016410238487877 39.003236221937186 7.4051641337773608 2.287385658677521 45.886502661192935 1.9379387237659091 3.2847164118866194
leaf_count=4691 1142 115 27 106 119 11 49 24960 229 159 175 817 2543 206 15 244 5336 6660 23 606 1202 833 979 228 2383 1515 232 1024 182 8
internal_value=0.00731967 0.00582434 -0.028256 -0.0428941 -0.075802 -0.168851 -0.00526228 0.00660736 0.0069674 0.00249113 0.0113459 -0.066824 0.00453599 0.00886248 -0.0319492 0.0103048 0.00739846 -0.0125398 0.0108606 -0.00461576 0.00545521 0.0154441 -0.0104663 0.000856074 -0.00149659 -0.0069992 0.0134052 -0.00328198 0.00702637 -0.0148634
internal_weight=570.987 524.317 11.7761 9.7315 5.1916 1.63056 4.5399 512.541 509.464 251.918 257.545 7.21885 244.699 236.648 8.07804 228.57 204.549 30.2634 174.285 46.3648 241.156 76.0289 20.7951 165.127 153.111 111.82 41.2906 104.415 55.2438 49.1712
internal_count=56819 55677 427 312 157 130 155 55250 30290 16796 13494 976 15820 13265 190 13075 12869 6904 5965 629 13277 3014 1812 10263 10035 7420 2615 5905 4873 1032
is_linear=0
shrinkage=0.05


Tree=157
num_leaves=31
num_cat=0
split_feature=1 3 10 18 0 0 0 0 0 8 1 8 8 7 7 8 7 0 3 24 8 24 0 0 12 24 15 7 0 24
split_gain=5.29134 4.97418 4.25505 4.1402 4.03757 9.24617 6.05368 3.66205 12.9394 6.73752 6.15757 5.27388 5.25257 6.28893 4.61982 4.71162 5.7324 5.81126 4.9065 11.1546 7.36721 5.06519 4.46304 6.88489 6.05276 9.29967 9.92943 7.23338 7.44521 11.7963
threshold=0.95713410900183737 0.95132144290039033 1.0000000180025095e-35 1.0000000180025095e-35 14.221068500000003 13.705018500000003 16.913317500000005 8.5266805000000012 8.3334675000000029 0.31782106782106784 0.25677655677655681 0.55716953724839191 0.32894052366915211 0.20112359550561798 0.15287244401168451 0.95419580419580419 0.82079496968335963 22.833607000000004 0.88283978808914887 0.70918302000000011 0.91734972677595616 0.6962049800000002 12.096824500000002 18.387796500000004 1.0000000180025095e-35 0.83046269500000014 1.0000000180025095e-35 0.95538971807628525 17.888175000000004 0.86928745000000018
decision_type=2 2 2 2 2 2 2 2 2 2 2 2 2 2 2 2 2 2 2 2 2 2 2 2 2 2 2 2 2 2
left_child=1 3 -3 7 5 -4 -6 8 11 -9 -10 -1 13 -11 -14 16 17 18 -16 21 -21 -20 -17 24 25 -24 -27 28 29 -28
right_child=-2 2 4 -5 6 -7 -8 9 10 12 -12 -13 14 -15 15 22 -18 -19 19 20 -22 -23 23 -25 -26 26 27 -29 -30 -31
leaf_value=0.0052202878313499755 0.023292740145983579 0.040696894025796099 -0.044199801221887769 -0.052900031031197683 0.048286650480214348 -0.24253330038587761 -0.067315612938555022 0.038479549923924557 -0.01017379424325586 -0.1394295725974519 -0.10365580695634667 -0.057473960869638331 -0.095528989008720949 0.0044559851318532922 0.01131656783597349 0.020536475128267465 0.02912910342851166 -0.077266198866588878 -0.11494956683434242 0.036750770184289287 -0.36026753147487273 -0.36776665033384043 -0.0061911460036713061 0.031913625294362605 0.050028643161660738 -0.1630994836377275 -0.027845032236538211 0.023458044863878372 -0.009315316747830555 -0.22167651964684809
leaf_weight=239.52558750390648 45.928495172775001 1.978381704146156 4.7481096713690931 2.9325321017815318 2.4616406961795292 0.67063746118947154 2.0973493369965581 20.376187834808661 3.0773243158764663 1.3091238126798992 4.1198623530181067 3.4020410857465313 1.0447857171056956 1.8085711393650852 133.52139166049346 12.971496168567681 44.246598698395246 1.9486655448563386 1.1851657290317228 2.4215411260156547 0.12277239214745339 0.23788285667978915 14.111765203531837 6.5655017183162263 2.4336131466552606 2.1896359232778169 1.5391303753713148 2.7179702310822904 2.3702897897455841 1.6018799605080856
leaf_count=13277 1142 115 139 24960 106 18 49 229 159 34 817 2543 142 56 11123 63 686 13 113 442 11 16 80 116 238 45 15 33 6 33
internal_value=0.00702514 0.00558759 -0.0262898 0.00633817 -0.0395718 -0.068746 -0.00489582 0.00668227 0.00238484 0.0109021 -0.0636854 0.0043423 0.00850428 -0.0559617 0.00937348 0.00984962 0.0134489 0.0084732 0.00968841 -0.0451073 0.0175932 -0.157212 -0.00436776 -0.0140023 -0.0251824 -0.0326438 -0.0684723 -0.043294 -0.0762137 -0.126697
internal_weight=565.666 519.737 11.9561 507.781 9.97774 5.41875 4.55899 504.849 250.125 254.724 7.19719 242.928 234.348 3.11769 231.23 230.185 183.684 139.437 137.489 3.96736 2.54431 1.42305 46.5013 33.5298 26.9643 24.5307 10.4189 8.22927 5.5113 3.14101
internal_count=56819 55677 427 55250 312 157 155 30290 16796 13494 976 15820 13265 90 13175 13033 12404 11718 11705 582 453 129 629 566 450 212 132 87 54 48
is_linear=0
shrinkage=0.05


Tree=158
num_leaves=31
num_cat=0
split_feature=1 3 18 10 0 0 0 0 0 8 1 8 2 24 2 0 23 7 1 3 24 1 3 3 7 17 9 1 11 0
split_gain=4.88463 4.42201 3.89543 3.77401 3.37756 6.73164 5.36252 3.36895 11.7092 6.30742 5.63635 4.93758 4.84734 11.1971 6.22911 6.00276 5.31358 5.88367 4.13038 8.11838 8.41334 4.33943 4.0543 7.04398 5.79682 5.54072 5.1449 4.54154 4.45231 4.04025
threshold=0.95713410900183737 0.95132144290039033 1.0000000180025095e-35 1.0000000180025095e-35 14.221068500000003 13.867707500000002 16.913317500000005 8.5266805000000012 8.3334675000000029 0.31782106782106784 0.25677655677655681 0.55716953724839191 0.36788399570354463 0.43625215000000006 0.41136180499597103 9.188832500000002 1.0000000180025095e-35 0.20112359550561798 0.87695265561163194 0.88721684491747455 0.89630952500000005 0.95419580419580419 0.551890446718033 0.58890442307546598 0.33137254901960794 0.18898809523809523 1.0000000180025095e-35 0.32605600379686767 368.50000000000006 9.597367000000002
decision_type=2 2 2 2 2 2 2 2 2 2 2 2 2 2 2 2 2 2 2 2 2 2 2 2 2 2 2 2 2 2
left_child=1 2 7 -3 5 -5 -6 8 11 29 -10 22 13 -11 -14 -15 -16 -18 19 20 -19 -20 24 -24 -1 -25 -26 28 -27 -9
right_child=-2 3 -4 4 6 -7 -8 9 10 12 -12 -13 14 15 16 -17 17 18 21 -21 -22 -23 23 25 26 27 -28 -29 -30 -31
leaf_value=0.0017597203394228347 0.0224810271121407 0.03994959397677128 -0.052810889325192581 -0.040532805129517332 0.047953333762969341 -0.1987164925882462 -0.060337430004191589 0.049020561653876304 -0.009636438496250857 -0.13932048621182247 -0.099123508674499164 -0.05692091537496994 0.034015481716740278 -0.068420856641837446 0.013010786970114105 0.036613181308717727 -0.081776960705388244 -0.0027746514766304781 0.021272911584905976 -0.13798241105782591 -0.11856750661545573 -0.040024640273949981 0.024012750717208271 -0.049919608907550601 -0.0056429906478219294 0.033856362856249676 -0.14564422617997239 0.019489686782315826 -0.10419626104412683 -0.0065884308615426872
leaf_weight=161.31259195209356 45.225731397415075 1.9162152673088684 2.7941014590282398 4.8841560548717098 2.3574568425028701 0.77997653398415412 2.2195428113191156 15.758490770385835 3.0862433831898661 1.8145676428975992 4.0935279265795543 3.2667747619525462 23.251090253936127 2.0287407583964523 125.37933729171891 4.1284384955943096 2.3407920590980202 43.303223692622851 24.390286653084335 1.21440386128961 1.627682439633644 3.2749450122937551 54.487846963318589 6.1768074480423829 1.362003778180223 0.91513500103610668 1.2663797603017883 11.972500875483091 1.6142002143897116 4.1203577144478905
leaf_count=10066 1142 115 24960 141 106 16 49 131 159 51 817 2543 206 73 10317 66 220 1963 213 93 36 27 1202 833 163 157 34 805 17 98
internal_value=0.00672352 0.00534546 0.00606286 -0.0244531 -0.0365034 -0.0623154 -0.00456054 0.00639042 0.00226995 0.0104607 -0.0606573 0.00413402 0.00815182 -0.0301639 0.00951066 0.00200532 0.00668348 -0.0037341 -0.00125909 -0.0104173 -0.0069694 0.0140167 0.00496817 0.0145835 0.000559582 -0.0102625 -0.0730969 0.0066288 -0.0542476 0.0374943
internal_weight=562.364 517.138 504.98 12.1573 10.2411 5.66413 4.577 502.186 249.554 252.632 7.17977 242.374 232.754 7.97175 224.782 6.15718 201.531 76.1513 73.8105 46.1453 44.9309 27.6652 239.107 75.1665 163.941 20.6786 2.62838 14.5018 2.52934 19.8788
internal_count=56819 55677 55250 427 312 157 155 30290 16796 13494 976 15820 13265 190 13075 139 12869 2552 2332 2092 1999 240 13277 3014 10263 1812 197 979 174 229
is_linear=0
shrinkage=0.05


Tree=159
num_leaves=31
num_cat=0
split_feature=1 3 18 10 24 24 9 2 1 2 0 0 1 21 24 0 4 1 3 4 24 0 24 2 24 4 2 8 3 3
split_gain=4.50336 3.94171 3.6667 3.36078 3.25538 7.70278 14.2165 5.9183 5.08017 5.58419 5.35848 5.59382 5.02898 5.59447 7.05238 7.4093 5.50416 6.01145 5.49237 4.5724 6.47678 6.10942 5.37188 4.50394 12.9043 12.1219 6.61785 4.437 4.34299 6.92723
threshold=0.95713410900183737 0.95132144290039033 1.0000000180025095e-35 1.0000000180025095e-35 0.44622616000000009 0.44317451000000002 1.0000000180025095e-35 0.38148742643124672 0.25677655677655681 0.32605600379686767 8.9970155000000016 8.0635450000000013 0.81605800214822788 1.0000000180025095e-35 0.48554919000000002 8.6973195000000008 0.6293755221386802 0.19538706256627777 0.77888935301216011 0.64259546813894652 0.52132725000000013 7.5104160500000008 0.59548340000000011 0.48610038610038614 0.57137350000000009 0.76513672255051579 0.90488498319979349 0.32605600379686767 0.56224731224731228 0.58737878466139348
decision_type=2 2 2 2 2 2 2 2 2 2 2 2 2 2 2 2 2 2 2 2 2 2 2 2 2 2 2 2 2 2
left_child=1 2 4 -3 5 28 27 8 9 -6 11 -10 13 14 -9 16 17 -16 -14 22 21 -21 -18 -17 26 -26 -25 -7 -1 -30
right_child=-2 3 -4 -5 7 6 -8 12 10 -11 -12 -13 18 -15 15 23 19 -19 -20 20 -22 -23 -24 24 25 -27 -28 -29 29 -31
leaf_value=-0.0019754272542253349 0.021684894055738948 0.039174821628890071 -0.052722241576278486 -0.033790221958542282 -0.005359360206071126 -0.097958624057796276 -0.30152225920095055 0.03072374568317144 -0.0005847528921533549 0.037552845721968625 0.033270291941334934 -0.076869358748464303 0.045820839047424462 0.021784360871711966 -0.43698795557758391 0.028171655683911129 -0.098543950621582194 -0.081945977857124833 0.0095850679730712703 -0.073057440180584646 -0.064552851781526518 0.05298122558961138 0.05116304595109486 -0.077609289900266609 -0.067123416446905088 0.003948661721730827 -0.29307570260630383 0.04575981184488756 0.029430899069238493 -0.01310115996746304
leaf_weight=144.9251711080887 44.559155738148547 1.8579050260086631 2.6621884521532015 10.481140310646879 9.1823699362485041 1.0299305227817965 0.58217413397505868 12.274144886810971 14.10234472048433 43.476728274421475 9.5192432734766026 2.8967330684681647 12.126497540855778 23.135407183144707 0.12378077599715043 10.27783376478328 0.74031633475533754 3.2378138257554383 75.977748678858916 1.4475754501909239 8.5214548673793598 2.8631065552144719 3.1438787630868319 2.8337201633512445 6.6172484734306627 64.264108481012954 0.40763050690293301 1.1221715140964077 30.161325269862573 14.025071456646399
leaf_count=6382 1142 115 24960 312 1884 55 12 263 972 1188 121 113 95 3669 37 103 49 442 1184 99 4274 26 142 198 4803 3461 4 40 319 355
internal_value=0.00643674 0.00511491 0.00580159 -0.0228038 0.0061138 0.00100374 -0.0823175 0.00930535 0.0210825 0.0300701 0.00323518 -0.0135841 0.00521538 -0.000677918 -0.00512899 -0.00934097 -0.0366407 -0.0950193 0.0145725 -0.024901 -0.039288 0.010656 0.0226293 -0.00284668 -0.00714767 -0.00268639 -0.104706 -0.0230195 0.00220844 0.0159309
internal_weight=558.576 514.017 501.678 12.339 499.016 191.846 2.73428 307.17 79.1774 52.6591 26.5183 16.9991 227.992 139.888 116.753 104.478 20.0779 3.36159 88.1042 16.7163 12.8321 4.31068 3.8842 84.4005 74.1227 70.8814 3.24135 2.1521 189.112 44.1864
internal_count=56819 55677 55250 427 30290 7163 107 23127 4278 3072 1206 1085 18849 17570 13901 13638 5069 479 1279 4590 4399 125 191 8569 8466 8264 202 95 7056 674
is_linear=0
shrinkage=0.05


Tree=160
num_leaves=31
num_cat=0
split_feature=11 11 11 11 21 15 8 8 4 4 24 4 8 8 8 3 0 11 7 0 4 24 3 24 24 8 0 3 11 3
split_gain=4.86788 8.11984 9.52445 10.0014 7.51532 6.00231 6.6676 9.87527 9.6744 8.899 8.71481 7.91311 7.66825 7.37584 12.7564 12.449 5.95689 6.6227 6.84148 6.45253 5.40176 6.44239 5.82193 7.48053 8.65009 17.8799 5.26362 5.0206 8.33606 7.13973
threshold=1.0000000180025095e-35 363.50000000000006 365.50000000000006 998.50000000000011 1.0000000180025095e-35 1.0000000180025095e-35 0.32049382716049379 0.3741666666666667 0.62333546462063105 0.61543610710277397 0.44943427500000005 0.66877249506559855 0.39052425007008695 0.95713410900183737 0.95419580419580419 0.95132144290039033 15.589676000000003 1.5000000000000002 0.96249413970932973 14.923655250000001 0.94511887851385512 0.85504002000000001 0.50175902719762377 0.33425173000000002 0.41519436500000001 0.42179392142327649 4.3784611500000006 0.60088252804051823 1.5000000000000002 0.56482674245832154
decision_type=2 2 2 2 2 2 2 2 2 2 2 2 2 2 2 2 2 2 2 2 2 2 2 2 2 2 2 2 2 2
left_child=-1 4 -3 26 16 -5 -7 8 10 -9 -8 -10 -11 14 15 20 19 -18 -19 27 21 22 -14 -24 -25 -26 -4 29 -29 -2
right_child=1 2 3 5 -6 6 7 9 11 12 -12 -13 13 -15 -16 -17 17 18 -20 -21 -22 -23 23 24 25 -27 -28 28 -30 -31
leaf_value=0.021685617636305689 -0.00081885984018181433 0.038495945519404988 0.038478909076368424 0.017591013704799346 -0.055691864263034907 0.02330611326839243 0.016849104590210925 -0.061900064745505905 -0.11116243713957491 0.040342882743560016 -0.082132037151956466 -0.021313740166853543 0.023295602742055058 0.027052437112764356 -0.13379909294450745 -0.14718179189713398 -0.070643226252827374 0.0086904985404184301 -0.14371608510887521 0.042821815751882715 0.036151297313720798 -0.088940055422548833 -0.17960563283313646 0.037983096313558375 -0.17135250376746644 -0.012238890004373962 -0.055683713444407923 0.018375962423878966 -0.0406308203272637 0.035910886628101657
leaf_weight=63.840465000924951 76.820098163374951 29.359556153067388 1.7928146843260027 147.50616411515512 6.3989179748587039 33.365219552390045 10.711101113512997 4.7299704974720944 5.2071385939489101 15.64334178320132 2.8064482047993797 4.6290379213169217 14.878563938487785 21.329166254028678 1.9293736815452565 1.457072615623473 6.0044597233645591 8.9322152156819339 0.80250273573983655 9.5341846174051152 9.0493592098355276 2.2361634802073231 0.67804619856179016 6.639739532023671 1.9589828326716112 17.885154670279007 8.6192194851246295 9.3580403571013466 16.608068302257379 15.983669097468008
leaf_count=6142 13724 295 189 2003 11447 448 148 102 55 32 62 17 148 36 10 7 35 284 71 170 13 10 5 9 18 739 2217 1338 13990 2831
internal_value=0.00869462 0.00701187 0.0112658 0.00871207 -0.00267034 0.0103697 0.00350352 -0.0019225 -0.0311525 0.00501375 -0.00370088 -0.0688784 0.00839209 0.0019876 -0.00743911 -0.00298891 -0.000314934 -0.029346 -0.00387347 0.00324633 0.000950991 -0.00624332 -0.00184463 -0.0156158 -0.0114173 -0.0279463 -0.0394702 6.94317e-05 -0.0193651 0.00550713
internal_weight=556.694 492.854 342.412 313.052 150.442 302.64 155.134 121.769 23.3537 98.4149 13.5175 9.83618 93.685 78.0416 56.7125 54.7831 144.043 15.7392 9.73472 128.304 53.326 44.2767 42.0405 27.1619 26.4839 19.8441 10.412 118.77 25.9661 92.8038
internal_count=56595 50453 6563 6268 43890 3862 1859 1411 282 1129 210 72 1027 995 959 949 32443 390 355 32053 942 929 919 771 766 757 2406 31883 15328 16555
is_linear=0
shrinkage=0.05


Tree=161
num_leaves=31
num_cat=0
split_feature=11 11 11 9 21 5 24 24 24 0 0 24 1 11 11 7 24 4 3 0 2 13 1 0 0 7 6 8 1 7
split_gain=4.4884 7.43468 9.04478 10.1519 7.13691 5.4952 7.92357 10.3136 8.76432 5.34693 6.21879 11.7432 9.9015 6.1735 5.77093 6.13721 5.74576 10.1815 5.57119 4.92321 4.73193 4.46011 4.4359 4.2668 4.26331 3.9175 3.86801 3.74297 3.23173 9.4524
threshold=1.0000000180025095e-35 363.50000000000006 365.50000000000006 1.0000000180025095e-35 1.0000000180025095e-35 0.84523809523809534 0.86377747500000013 0.85116190000000003 0.83298915000000007 15.589676000000003 14.095970500000002 0.77730337000000016 0.94185260311020969 1.5000000000000002 1.5000000000000002 0.96249413970932973 0.76294897000000017 0.91416312853812853 0.94428419533682717 4.3784611500000006 0.94185260311020969 1.0000000180025095e-35 0.17817460317460324 11.719718000000002 19.036913000000002 0.15831244778613204 0.81666666666666676 0.9457002457002458 0.21654184304786719 0.18561584840654607
decision_type=2 2 2 2 2 2 2 2 2 2 2 2 2 2 2 2 2 2 2 2 2 2 2 2 2 2 2 2 2 2
left_child=20 4 21 19 9 6 7 8 28 10 11 12 22 -13 -11 -16 17 -12 27 -4 24 -3 -2 -20 -1 -24 -8 -15 -5 -30
right_child=1 2 3 5 -6 -7 26 -9 -10 14 16 13 -14 18 15 -17 -18 -19 23 -21 -22 -23 25 -25 -26 -27 -28 -29 29 -31
leaf_value=0.017156619984635215 -0.064245255799713616 0.045587738205454892 0.036491856039529445 0.021804563459410828 -0.055465858560013286 0.039868175871971702 -0.053282850529563747 0.055616386343153981 -0.068818983941073872 -0.065661386621367709 0.042772380645611931 0.016530000897678934 -0.17103728511617053 -0.070077911954070066 0.0082980237711035611 -0.13567706172188748 0.038463238225697333 -0.27119709855838037 -0.1237922771727562 -0.054747147154771816 0.04830157020997649 -0.012881044160863339 -0.072575644145639259 0.023912489519169751 -0.054306825129451723 0.0080533099131276514 -0.0016522064407408178 -0.15920310661697745 -0.028964324592776258 0.010009810595911911
leaf_weight=48.069251970589221 2.2482433423292596 24.635389574570585 1.7734368962774159 43.822911728500912 6.1110165559357474 14.712464248004833 7.2539436519145948 12.081559685349928 3.6275951833376885 6.1335875545628342 0.65761901712903881 2.3521579297666886 0.8034426868234722 2.7715810058507486 8.8881082492953265 0.80741802089323833 16.188087140617426 0.42514181929800543 0.66883444313498364 8.8908396519127546 12.618698180653153 3.7593793484265907 1.530460347196821 1.817804960766807 2.1817058785818508 96.199662118266588 7.2562433145940304 2.0488834382667847 16.914904229102831 193.80513494438492
leaf_count=4740 2985 280 210 901 11447 27 22 13 38 35 70 168 164 4220 284 71 288 46 34 2352 1376 15 1422 124 26 22242 18 290 222 2465
internal_value=0.00835337 0.006734 0.0108365 0.00836359 -0.00254643 0.0100707 0.00853115 0.0104637 0.00835074 -0.000293475 0.00310393 -0.00125921 0.00378832 -0.0539236 -0.0277043 -0.00369184 0.0310047 -0.0805065 -0.0766026 -0.0395744 0.0209279 0.0378467 0.00519325 -0.0158158 0.0140539 0.00679066 -0.0274634 -0.10796 0.00945052 0.00688128
internal_weight=551.056 488.186 338.534 310.139 149.652 299.475 284.762 270.252 258.171 143.541 127.712 110.441 100.782 9.65926 15.8291 9.69553 17.2708 1.08276 7.3071 10.6643 62.8697 28.3948 99.9784 2.48664 50.251 97.7301 14.5102 4.82046 254.543 210.72
internal_count=56595 50453 6563 6268 43890 3706 3679 3639 3626 32443 32053 31649 26813 4836 390 355 404 116 4668 2562 6142 295 26649 158 4766 23664 40 4510 3588 2687
is_linear=0
shrinkage=0.05


Tree=162
num_leaves=31
num_cat=0
split_feature=5 12 11 11 24 0 24 24 3 2 21 20 2 13 9 0 8 6 15 0 24 4 24 24 8 1 0 7 24 0
split_gain=4.25609 4.41465 5.25812 9.01354 9.58202 16.6901 8.78218 8.28838 7.59286 11.6352 6.58624 5.30974 4.33216 4.25113 3.93145 3.90508 6.46306 5.99003 5.11703 4.77783 9.98498 6.17865 6.09263 4.17586 5.32271 4.15688 3.83878 3.66829 3.57662 5.34269
threshold=0.84523809523809534 1.0000000180025095e-35 363.50000000000006 365.50000000000006 0.86377747500000013 15.925614500000002 0.85116190000000003 0.83298915000000007 0.96195919642439176 0.96922348484848497 1.0000000180025095e-35 1.0000000180025095e-35 0.94185260311020969 1.0000000180025095e-35 1.0000000180025095e-35 17.346946500000005 0.97530487804878063 0.84523809523809534 1.0000000180025095e-35 14.095970500000002 0.77730337000000016 0.96260439560439559 0.876498785 0.79680145000000013 0.93030597377367663 0.17817460317460324 19.036913000000002 0.15831244778613204 0.84446575000000013 11.986080500000002
decision_type=2 2 2 2 2 2 2 2 2 2 2 2 2 2 2 2 2 2 2 2 2 2 2 2 2 2 2 2 2 2
left_child=1 2 8 13 6 -6 7 14 10 -10 11 15 26 -4 -5 16 17 19 -17 20 25 22 28 24 -21 -1 -3 -27 -22 -30
right_child=-2 12 3 4 5 -7 -8 -9 9 -11 -12 -13 -14 -15 -16 18 -18 -19 -20 23 21 -23 -24 -25 -26 27 -28 -29 29 -31
leaf_value=-0.063673149761044726 0.030200361729099453 0.016486743680023036 0.045124232888605259 -0.026553416564621915 -0.10315923732688417 0.0045886856251638299 0.050617204219435975 -0.06398095890599137 -0.052138618710760171 -0.99856097628013218 -0.055148704788671114 -0.053878483073790173 0.048007643022703855 -0.012199722748598287 0.0090211133569546714 0.00036798038686756404 -0.22604566964674616 -0.33277654248839328 -0.093385647352783319 0.017133401180755875 -0.082578107856444663 0.05082902134671085 -0.17897586960221148 0.035827091491018502 -0.14503033206622473 -0.071913073646599809 -0.050944315356971519 0.0077067329164831506 -0.10804459628870954 0.042524957733297182
leaf_weight=2.1573261495141187 20.801141126708899 47.535184019579674 22.737545456388037 8.0118827186124673 5.3451821475609931 10.970248701982198 11.966431321459821 4.0692987242000518 0.099624275237146231 0.048179527751926798 5.6202505907840523 4.4155096839858734 11.124554059468208 3.7705692453309885 253.38249003212331 3.6125593010219736 0.30535882194817432 0.13169411243870754 2.4373268265771912 1.5466234675896005 3.5905394309211243 1.2670784438669214 1.070508614004211 17.213581818759849 0.75207942227643787 1.4688971952964482 2.2087058541364959 95.492869886986227 0.87198166320376946 1.8163689272078043
leaf_count=2985 295 4740 266 2458 32 27 28 97 58 7 11428 12029 1266 15 3588 24 7 10 36 58 1208 18 43 126 25 1422 26 14053 181 39
internal_value=0.00801867 0.00713987 0.0054796 0.00904704 0.00652719 -0.0307112 0.00871715 0.0068284 -0.00245883 -0.360643 -0.0020906 6.79198e-05 0.0198008 0.0369704 0.00793073 0.00184906 0.00370887 0.00425964 -0.0374027 0.00460845 0.00048525 -0.0511419 -0.0687222 0.0273744 -0.0359226 0.00497322 0.0134927 0.00650055 -0.0499247 -0.00631313
internal_weight=545.842 525.04 464.172 320.254 293.746 16.3154 277.43 265.464 143.918 0.147804 143.771 138.15 60.8684 26.5081 261.394 133.735 127.685 127.38 6.04989 127.248 107.736 8.61648 7.3494 19.5123 2.2987 99.1191 49.7439 96.9618 6.27889 2.68835
internal_count=56595 56300 50268 6511 6230 59 6171 6143 43757 65 43692 32264 6032 281 6046 20235 20175 20168 60 20158 19949 1489 1471 209 83 18460 4766 15475 1428 220
is_linear=0
shrinkage=0.05


Tree=163
num_leaves=31
num_cat=0
split_feature=5 11 11 11 9 21 3 20 15 8 8 3 8 4 3 7 2 4 4 23 8 8 2 0 2 13 3 8 0 4
split_gain=3.93838 4.08371 4.77093 8.60018 7.94974 6.24319 6.55184 5.02697 4.80415 6.80756 8.16003 8.94686 8.21902 11.7665 6.75247 10.6522 5.79145 5.59107 5.34857 5.06268 4.92482 4.92101 6.20535 4.66387 4.25517 4.09596 4.03342 3.95486 4.19327 3.68269
threshold=0.84523809523809534 1.0000000180025095e-35 363.50000000000006 365.50000000000006 1.0000000180025095e-35 1.0000000180025095e-35 0.96195919642439176 1.0000000180025095e-35 1.0000000180025095e-35 0.32049382716049379 0.3741666666666667 0.53500622471210713 0.39052425007008695 0.63042203621471926 0.52981601731601746 0.22756041426927501 0.96128871128871141 0.64570910209855448 0.9594758979264002 1.0000000180025095e-35 0.95101959216313492 0.3741666666666667 0.39767441860465119 4.3784611500000006 0.94185260311020969 1.0000000180025095e-35 0.95132144290039033 0.35214626391096981 6.1384556500000009 0.63250915750915759
decision_type=2 2 2 2 2 2 2 2 2 2 2 2 2 2 2 2 2 2 2 2 2 2 2 2 2 2 2 2 2 2
left_child=1 24 5 25 23 6 7 -3 16 -10 11 14 -12 -14 15 19 20 -17 26 -11 21 27 -23 -5 -1 -4 29 28 -6 -15
right_child=-2 2 3 4 8 -7 -8 -9 9 10 12 -13 13 18 -16 17 -18 -19 -20 -21 -22 22 -24 -25 -26 -27 -28 -29 -30 -31
leaf_value=0.012947137824562131 0.029234544963033002 0.0017776684782597422 0.044821024027596162 0.036179848542822364 -0.0093394480228124761 -0.05491746308076674 -0.35651901757687926 -0.053689136713353749 0.021646556854277816 0.0058681985305597609 0.034234404712876469 -0.088056957934890226 -0.090611946843614469 0.049915276919776271 0.054301520951954223 -0.076647434694583419 -0.050814817806137391 -0.25456230812267305 0.037548725056782355 -0.070022563170960797 0.037337533433997115 -0.073520455802122187 0.0053568295876345465 -0.053399773738807714 0.047845548793902966 -0.011555924013169828 -0.069502509654987166 0.035672030130752978 0.034351592623047648 -0.0054135778910886084
leaf_weight=49.266633832806406 20.423699915536417 132.72347193465112 21.771290138480257 1.7644348098619946 14.048689858984291 5.4325790377579315 0.12893609409365936 4.2146015193557096 32.777171424975677 9.9280267817666807 16.683269398345146 5.2629656015196806 3.7731480738148084 3.173524039797484 3.0183388578589065 1.3485457179922371 3.3006805050390531 0.65657718386501063 8.3668058998882753 2.8222850961610666 22.860058617923642 2.6119744048555722 54.954628983807197 8.232275096990632 10.616965390741823 3.7813191407476543 2.3338367044925681 28.124297161994036 9.0162167210582975 57.479559839863214
leaf_count=4766 295 20235 266 210 425 11443 50 12029 434 75 59 74 94 5 7 54 32 7 12 63 57 77 1121 2341 1266 15 8 90 94 891
internal_value=0.00769664 0.00685148 0.00525452 0.00866053 0.0062307 -0.00234844 -0.000264893 7.05429e-05 0.0077811 0.00154818 -0.00418788 -0.0307946 0.0024882 -0.00456161 -0.0138387 -0.0277773 0.0146011 -0.134906 -1.13149e-05 -0.0109302 0.0162416 0.0118073 0.00177792 -0.0375888 0.0191344 0.0364783 -0.00500057 0.0230862 0.00773965 -0.00251863
internal_weight=540.897 520.473 460.59 318.09 292.537 142.5 137.067 136.938 282.541 147.624 114.847 23.0367 91.8101 75.1269 17.7738 14.7554 134.917 2.00512 71.3537 12.7503 131.616 108.756 57.5666 9.99671 59.8836 25.5526 62.9869 51.1892 23.0649 60.6531
internal_count=56595 56300 50268 6511 6230 43757 32314 32264 3679 1783 1349 280 1069 1010 206 199 1896 61 916 138 1864 1807 1198 2551 6032 281 904 609 519 896
is_linear=0
shrinkage=0.05


Tree=164
num_leaves=31
num_cat=0
split_feature=5 12 11 11 24 0 24 24 21 3 20 2 13 7 0 8 6 15 0 24 11 3 24 8 8 8 0 21 1 2
split_gain=3.6406 3.76469 4.36992 8.17634 8.06415 13.9517 7.9559 7.50963 5.92897 5.05436 4.75787 4.17701 3.94634 3.61331 3.6882 5.89254 4.52449 4.42562 4.0314 9.58225 5.48641 5.19647 3.85515 4.2521 3.60616 6.02692 5.60769 4.72601 3.44122 3.23343
threshold=0.84523809523809534 1.0000000180025095e-35 363.50000000000006 365.50000000000006 0.86377747500000013 15.925614500000002 0.85116190000000003 0.83298915000000007 1.0000000180025095e-35 0.96195919642439176 1.0000000180025095e-35 0.94185260311020969 1.0000000180025095e-35 0.15831244778613204 17.346946500000005 0.97530487804878063 0.84523809523809534 1.0000000180025095e-35 14.095970500000002 0.77730337000000016 1.5000000000000002 0.94428419533682717 0.79680145000000013 0.93030597377367663 0.52027397260273989 0.66300366300366309 4.7112292500000006 1.0000000180025095e-35 0.17817460317460324 0.97100840336134464
decision_type=2 2 2 2 2 2 2 2 2 2 2 2 2 2 2 2 2 2 2 2 2 2 2 2 2 2 2 2 2 2
left_child=1 2 8 12 6 -6 7 29 9 10 13 24 -4 -1 15 16 18 -16 19 28 -21 -22 23 -20 26 -26 27 -3 -15 -5
right_child=-2 11 3 4 5 -7 -8 -9 -10 -11 -12 -13 -14 14 17 -17 -18 -19 22 20 21 -23 -24 -25 25 -27 -28 -29 -30 -31
leaf_value=-0.065841090516186848 0.028284154792935653 0.0081446101831807102 0.044506426511575367 0.0066461811263710344 -0.091925048201063578 0.0048921905098678522 0.048742039823449254 -0.061254105438967837 -0.05471898314921695 -0.29068917058133781 -0.053508956222530615 0.047672849334809371 -0.010947459320273913 -0.066430541152958211 0.0002611613754206492 -0.21480299336998102 -0.26235050694327366 -0.086209883610554136 0.016467481424829095 0.019794892770284494 -0.10817708359192631 -0.013228674037878752 0.035070236679397869 -0.12403111206056316 -0.064981837898971898 0.014192168421629124 0.040411199396979729 -0.090402542977688516 0.00726170169935496 0.054761730450849568
leaf_weight=1.951629510830627 20.063791655400564 19.506022989648503 20.852228671137713 254.2659642903418 5.6205743916216333 11.010015603853388 11.49654150578135 4.056810253099683 5.1859014802930679 0.14963358700879226 4.0222117884586615 10.134848448913543 3.7916399135137899 1.6110264250346507 3.6072457663976811 0.30538593381788715 0.15793295432376808 2.508817258538329 1.5210950560795056 2.1103338476059417 3.9468051178128007 2.2697453107684851 16.676654111588505 0.83365865393898264 3.6920414219721902 6.8878997133506346 17.487455440610916 1.297523145375634 95.121185860170954 3.5402846946381024
leaf_count=3535 295 2627 266 6038 32 27 28 97 11443 50 12029 1266 15 913 24 7 10 36 58 60 1328 60 126 25 122 233 818 966 14053 8
internal_value=0.00738829 0.00657519 0.00503936 0.00832516 0.00597548 -0.0278287 0.00803205 0.00624477 -0.00224218 -0.000252755 6.52911e-05 0.0184601 0.0359744 0.00169012 0.00269873 0.00456017 0.00509933 -0.0352094 0.00543972 0.001604 -0.0498633 -0.0735102 0.0266141 -0.0332735 0.012402 -0.0134369 0.0195414 0.0019982 0.00603439 0.00730692
internal_weight=535.683 515.619 456.613 314.634 289.99 16.6306 273.36 261.863 141.979 136.793 136.644 59.0058 24.6439 132.622 130.67 124.554 124.248 6.11606 124.091 105.059 8.32688 6.21655 19.0314 2.35475 48.8709 10.5799 38.291 20.8035 96.7322 257.806
internal_count=56595 56300 50268 6511 6230 59 6171 6143 43757 32314 32264 6032 281 20235 16700 16640 16633 60 16623 16414 1448 1388 209 83 4766 355 4411 3593 14966 6046
is_linear=0
shrinkage=0.05


Tree=165
num_leaves=31
num_cat=0
split_feature=2 6 3 2 3 4 8 2 3 15 4 4 9 2 7 2 11 8 15 1 8 7 2 8 10 17 17 9 17 17
split_gain=8.92847 11.9678 6.0997 6.69196 7.22238 5.06049 7.82695 7.25545 4.70333 8.72908 6.15053 5.30558 11.7807 10.3224 4.39749 5.48707 8.41196 4.11866 10.4232 4.10563 6.40968 4.27094 4.73248 6.80839 8.98101 4.10491 16.8365 8.27207 5.4328 3.90886
threshold=0.85895117540687183 0.35416666666666669 0.49538166214995488 0.47413024085637828 0.48237508678685154 0.62724193330363942 0.31400560224089641 0.40238095238095245 0.66153766637743405 1.0000000180025095e-35 0.79965909090909104 0.70013751492410037 1.0000000180025095e-35 0.47140522875816998 0.38616427432216904 0.52803983228511542 1.0000000180025095e-35 0.40602355072463775 1.0000000180025095e-35 0.19538706256627777 0.35859165709911983 0.15484515484515488 0.35859165709911983 0.31851119894598162 1.0000000180025095e-35 0.17267080745341609 0.10818713450292396 1.0000000180025095e-35 0.26201372997711675 0.36549165120593691
decision_type=2 2 2 2 2 2 2 2 2 2 2 2 2 2 2 2 2 2 2 2 2 2 2 2 2 2 2 2 2 2
left_child=1 2 3 4 5 6 -1 -7 10 -10 11 14 -13 -14 15 19 -17 18 -9 20 -4 -21 23 -23 -25 26 -2 -28 -27 -24
right_child=25 -3 8 -5 -6 7 -8 17 9 -11 -12 12 13 -15 -16 16 -18 -19 -20 21 -22 22 29 24 -26 28 27 -29 -30 -31
leaf_value=0.0084326634158625579 0.010999053426876175 -0.071321875904678769 -0.06031505254581089 -0.06316497074295252 -0.031278201845556845 0.028433894616828905 -0.051520911306064433 -0.013430442494107273 0.009812680099884322 -0.062323097889624951 0.034495957249248213 0.0055257229332514651 -0.39367292098064266 -0.086256123129456991 -0.040852367020766167 -0.69641602585716322 -0.06258609834122901 0.018351808206493452 -0.16516765709900694 0.04483830719549764 0.032955186389955392 0.006845735111802892 0.021684732863848453 0.012792682470021991 -0.071988792715392144 0.045939964897951491 -0.011230555188830876 -0.15185531873211874 0.015145195048706048 0.0050129643011105514
leaf_weight=13.331160705760341 42.884265352204238 5.6269790791448022 5.1343960737030994 5.3699818784189111 20.554476626068208 26.87391621826464 9.2010810618803571 6.6172611434431001 10.601528226677489 6.9385798013354352 20.188598681181247 3.1426484276198599 0.37477184389717866 1.0061876510008003 4.7334616200662358 0.067691217172067719 0.23092901516429265 5.0391278116167086 1.365271202776057 8.270001162272818 2.8725538599755964 28.569384447754601 63.381300441697476 5.3250478053596435 7.5559541244310822 16.061543478928797 1.8018525106781442 2.4921452552080154 132.25566433043241 78.955819481752769
leaf_count=6426 504 4060 869 1532 2668 1078 2916 194 5275 5763 830 680 6 85 5652 15 135 174 53 544 142 2939 1763 1322 856 176 46 12 3202 6913
internal_value=0.00587333 0.000993268 0.0022054 -0.0090716 -0.00557109 0.00289302 -0.0160495 0.0135914 0.00623352 -0.0187231 0.00813832 0.00559981 -0.0479622 -0.169684 0.00678117 0.00790649 -0.206263 -0.0170404 -0.0393824 0.00822616 -0.0268536 0.00968865 0.008107 -0.00676095 -0.0369399 0.0143937 0.00154743 -0.0928462 0.01848 0.0124367
internal_weight=536.824 341.328 335.701 88.3523 82.9823 62.4278 22.5322 39.8956 247.349 17.5401 229.809 209.62 4.52361 1.38096 205.097 200.363 0.29862 13.0217 7.98253 200.064 8.00695 192.058 183.788 41.4504 12.881 195.495 47.1783 4.294 148.317 142.337
internal_count=56830 52890 48830 15041 13509 10841 9342 1499 33789 11038 22751 21921 771 91 21150 15498 150 421 247 15348 1011 14337 13793 5117 2178 3940 562 58 3378 8676
is_linear=0
shrinkage=0.05


Tree=166
num_leaves=31
num_cat=0
split_feature=24 3 24 24 24 7 3 1 17 17 5 17 2 2 2 8 24 22 3 0 2 4 8 8 4 4 15 1 7 8
split_gain=9.0536 6.05572 5.12545 7.52337 5.86043 6.82856 6.83064 6.03126 4.98805 9.88774 8.82379 7.60486 4.93607 7.50821 4.9305 10.7113 7.94907 4.91351 4.89077 6.54399 5.38626 8.15498 8.58514 4.63658 4.6079 9.06244 4.62763 4.47356 4.37889 4.01543
threshold=0.85116190000000003 0.49538166214995488 0.3872459350000001 0.43625215000000006 0.41887212000000001 0.20864427860696519 0.57625270731089151 0.27072835547411828 0.17267080745341609 0.10818713450292396 0.087121212121212113 0.26846846846846856 0.35926246038605592 0.30471628592483418 0.96407056798623081 0.93030597377367663 0.69441863000000015 1.0000000180025095e-35 0.48237508678685154 9.2392160000000025 0.40238095238095245 0.62724193330363942 0.31400560224089641 0.95419580419580419 0.61731159557246518 0.60794552669552682 1.0000000180025095e-35 0.21304964539007087 0.13423423423423422 0.40936473165388826
decision_type=2 2 2 2 2 2 2 2 2 2 2 2 2 2 2 2 2 2 2 2 2 2 2 2 2 2 2 2 2 2
left_child=1 18 12 4 5 -4 -7 -6 9 14 -11 -10 13 27 15 -5 -17 -15 20 -20 21 22 -1 -2 25 26 -14 -3 -22 -26
right_child=23 2 3 8 7 6 -8 -9 11 10 -12 -13 24 17 -16 16 -18 -19 19 -21 28 -23 -24 -25 29 -27 -28 -29 -30 -31
leaf_value=0.0084734815267565461 0.032818009484863291 0.049413739303196931 -0.081826876208999241 0.014647841939519178 -0.10156883794294712 0.015342151273070384 -0.10788915265661868 0.0090541419608184091 0.038910326973103621 0.039558421315717657 -0.12193138385986012 0.0043904793281454545 0.024314875094724554 -0.0079263723591406331 0.036134521608790098 -0.19584991897724591 -0.041572249286496443 -0.072247031753800206 -0.039613175462490373 0.047991558577314783 -0.13544320366496118 0.027428730084683012 -0.060979211941226866 0.0094630857881240395 0.033998345539951659 -0.084998611935874893 -0.040995360564009431 -0.056202430029864463 -0.013501853746054327 0.010639390802846137
leaf_weight=13.209007153034237 40.534209043593364 6.195575147749909 2.7884717275483188 12.212297909980416 4.1474974080374514 12.315497812036481 1.2374922758717719 1.7528731633501591 17.837375541115193 1.1240555330332416 3.4179256350185199 151.17878458863123 13.821251621522157 8.3356490369351359 6.390610555332386 0.95465612212137685 6.6574722920922795 4.6118898267905015 18.291335419238752 2.4129128125969137 0.75027737293930741 26.476150096423225 6.7096301184992617 44.670908573258203 46.551620947153424 2.8340934889856717 3.3745070316654155 1.1961845331370566 39.268629744068676 30.420209508762127
leaf_count=6387 1521 307 278 2282 221 407 189 297 1575 74 388 28821 384 735 70 29 173 411 2638 54 225 1078 2618 1156 673 128 55 634 2644 378
internal_value=0.00563806 0.00278776 0.00605935 0.00159208 -0.0259926 -0.0105705 0.00409019 -0.0687051 0.00466323 -0.0138575 -0.0819657 0.00803358 0.0145116 -0.00788369 -0.00205721 -0.0143687 -0.0609206 -0.0308373 -0.00757681 -0.0294036 -0.00234724 0.00924642 -0.0149218 0.0205736 0.0192075 -0.00215534 0.0114984 0.0323222 -0.015788 0.0247666
internal_weight=531.679 446.474 339.356 222.015 22.2418 16.3415 13.553 5.90037 199.773 30.757 4.54198 169.016 117.341 20.3393 26.215 19.8244 7.61213 12.9475 107.118 20.7042 86.4137 46.3948 19.9186 85.2051 97.0017 20.0299 17.1958 7.39176 40.0189 76.9718
internal_count=56830 54153 38509 34804 1392 874 596 518 33412 3016 462 30396 3705 2087 2554 2484 202 1146 15644 2692 12952 10083 9005 2677 1618 567 439 941 2869 1051
is_linear=0
shrinkage=0.05


Tree=167
num_leaves=31
num_cat=0
split_feature=24 3 24 24 24 7 3 1 24 17 17 5 17 8 8 24 3 0 7 24 1 8 24 24 0 24 4 1 4 8
split_gain=8.30476 5.50557 4.71763 6.8358 5.3047 6.23697 6.06473 5.48489 4.57673 4.51017 8.96285 7.87919 7.07147 4.53101 9.46146 6.12746 4.4324 5.96694 4.17907 4.18921 3.94376 3.80511 7.85223 6.50911 5.45717 4.72368 6.88158 3.80309 8.21655 10.6511
threshold=0.85116190000000003 0.49538166214995488 0.3872459350000001 0.43625215000000006 0.41887212000000001 0.20864427860696519 0.57625270731089151 0.27072835547411828 0.85504002000000001 0.17267080745341609 0.10818713450292396 0.087121212121212113 0.26846846846846856 0.96407056798623081 0.93030597377367663 0.69441863000000015 0.48237508678685154 9.2392160000000025 0.15484515484515488 0.84446575000000013 0.32392686804451509 0.31400560224089641 0.43277801500000007 0.28192462000000007 4.3784611500000006 0.61847713000000015 0.90035153573199123 0.26365441906653431 0.76513672255051579 0.3417843388960205
decision_type=2 2 2 2 2 2 2 2 2 2 2 2 2 2 2 2 2 2 2 2 2 2 2 2 2 2 2 2 2 2
left_child=1 16 -3 4 5 -4 20 -6 -2 10 13 -12 -11 14 -5 -16 18 -18 -1 21 -7 24 23 -23 -20 -24 -27 -14 29 -29
right_child=8 2 3 9 7 6 -8 -9 -10 12 11 -13 27 -15 15 -17 17 -19 19 -21 -22 22 25 -25 -26 26 -28 28 -30 -31
leaf_value=-0.040612622284858735 0.054707962580324926 0.013984880392948436 -0.078611947262423515 0.014003847516845268 -0.097039724671961383 0.02268892963680615 -0.10038132074119982 0.0086204720572816609 0.0159107769981819 0.037795187442866696 0.038608856748874612 -0.11545611800851319 0.019650782451032828 0.035349069776824935 -0.16916259638018799 -0.039134584319478076 -0.037627618718931541 0.047580358178916232 -0.07050776614773234 -0.13875854562817225 -0.086784282445804675 -0.011952371250376591 0.02323164516485985 -0.080666212474399424 0.029011111838887368 -0.062787370318769825 0.0046508231209122413 0.008280089517526245 0.009990548346185615 -0.041364756488461801
leaf_weight=6.5546814131757847 8.4504660227130426 115.73665050972522 2.7581814872010062 12.13717874472969 4.1245990332281499 11.307022217526534 1.2628714561133154 1.7491016935946389 75.656208932605296 17.455329336212486 1.0948691236408183 3.4288030221651979 31.444124195223594 6.2106016884499686 1.0473082347307343 6.7169845672688098 18.293702022636356 2.314575953721941 1.493961652198325 0.53315479005686839 0.887242857896127 10.253773066795473 21.415441443925374 5.1913545538463941 17.672935442623384 4.7819661950625258 18.104882203573652 20.970774811607498 76.159925650813591 22.285300869641361
leaf_count=4683 230 3705 278 2282 221 273 189 297 2447 1575 74 388 1998 70 29 173 2638 54 2352 24 134 506 1461 997 1219 1469 241 2953 7491 16379
internal_value=0.00540425 0.00267183 0.00580662 0.00152448 -0.024864 -0.0101169 0.00392184 -0.0655757 0.0198089 0.00445432 -0.0131915 -0.0781676 0.0076661 -0.00193495 -0.0135701 -0.0566738 -0.00723081 -0.0280577 -0.00224017 0.000925687 0.0147238 0.00186941 -0.00434918 -0.0350482 0.0212541 0.00635343 -0.00943968 0.00418 0.000106295 -0.0172967
internal_weight=527.494 443.387 336.777 221.04 22.089 16.2153 13.4571 5.8737 84.1067 198.951 30.6357 4.52367 168.315 26.1121 19.9015 7.76429 106.61 20.6083 86.0022 79.4475 12.1943 78.9143 59.7474 15.4451 19.1669 44.3023 22.8868 150.86 119.416 43.2561
internal_count=56830 54153 38509 34804 1392 874 596 518 2677 33412 3016 462 30396 2554 2484 202 15644 2692 12952 8269 407 8245 4674 1503 3571 3171 1710 28821 26823 19332
is_linear=0
shrinkage=0.05


Tree=168
num_leaves=31
num_cat=0
split_feature=24 3 2 24 24 24 9 7 1 2 2 22 4 4 15 1 3 2 4 8 4 4 17 17 5 17 24 3 1 17
split_gain=7.61339 5.01204 6.6683 4.33906 4.28119 6.22477 5.10419 8.46983 9.32756 4.55601 6.902 4.51155 4.2736 8.31269 4.22576 4.19431 4.18564 4.12116 7.25058 7.66135 4.15089 4.45031 4.08874 8.14364 7.06681 6.56218 4.36637 4.06182 3.96735 3.89204
threshold=0.85116190000000003 0.49538166214995488 0.96407056798623081 0.85504002000000001 0.3872459350000001 0.43625215000000006 1.0000000180025095e-35 0.26365441906653431 0.24048192771084337 0.35926246038605592 0.30471628592483418 1.0000000180025095e-35 0.61731159557246518 0.60794552669552682 1.0000000180025095e-35 0.21304964539007087 0.48237508678685154 0.40238095238095245 0.62724193330363942 0.31400560224089641 0.94511887851385512 0.95088225118210146 0.17267080745341609 0.10818713450292396 0.087121212121212113 0.26846846846846856 0.84778777000000016 0.53500622471210713 0.29925373134328359 0.17519181585677748
decision_type=2 2 2 2 2 2 2 2 2 2 2 2 2 2 2 2 2 2 2 2 2 2 2 2 2 2 2 2 2 2
left_child=1 2 16 -2 9 6 -6 8 -8 10 15 29 13 14 -11 -3 17 18 19 -1 -19 -22 23 26 -25 -24 -7 -9 -13 -12
right_child=3 4 -4 -5 5 22 7 27 -10 12 11 28 -14 -15 -16 -17 -18 20 -20 -21 21 -23 25 24 -26 -27 -28 -29 -30 -31
leaf_value=0.0077512855188895946 0.053590821864459348 0.04822925281109243 -0.36310045410018876 0.015282306878544311 0.010579729587321693 0.0013916515428471542 -0.019142962291840405 0.04903341138515005 -0.11984422427953699 0.022864399394810636 0.016758300580394334 -0.088579992769873162 0.023370317239161546 -0.082727124562252785 -0.039703882062138027 -0.055351315176037343 -0.026753553773118267 -0.022444133339708783 0.026132964030911573 -0.059029949965380406 0.036935128639681347 -0.037912103570127614 0.036697719937593708 0.037639602921689171 -0.10967002877999919 0.0039956211299521779 -0.13235277861107814 -0.037314431034982984 0.047442022373009429 -0.054971992202117341
leaf_weight=12.982439295335555 8.2016619343830808 5.9486918396924038 0.13125282912369485 74.850147562283382 7.2198030763383949 25.380939220816806 4.5470152910856978 2.901686327124481 4.6522870747721754 13.55178279354414 5.4273844711533439 3.9429484170268543 75.266169006782548 2.7911891011135586 3.3695746564480933 1.1694730556082502 20.527637784124636 30.1853265156833 25.755932554880928 6.4178241382105616 6.8493338446824037 2.7970028685631405 17.087950489856468 1.0676139351089649 3.4291654208091416 150.0033376793395 0.62528635338821814 2.5666063640310313 0.62042070162897278 2.9023757623581332
leaf_count=6387 230 307 8 2447 1254 2542 42 13 41 384 265 346 1051 128 55 634 2692 2780 1078 2618 33 48 1575 74 388 28821 12 42 65 470
internal_value=0.00518035 0.00256019 -0.00693369 0.0190654 0.00555895 0.00146443 -0.0238357 -0.0407759 -0.0700698 0.0133742 -0.00830825 -0.0301267 0.0179425 -0.00278193 0.0104051 0.0312116 -0.00649065 -0.00159643 0.00874444 -0.0143407 -0.0133196 0.0152328 0.00426691 -0.0125669 -0.0746962 0.00733997 -0.00182406 0.00850505 -0.0700869 -0.00823501
internal_weight=523.17 440.118 105.647 83.0518 334.472 219.482 21.8874 14.6676 9.1993 114.99 20.0113 12.8931 94.9787 19.7125 16.9214 7.11816 105.515 84.9879 45.1562 19.4003 39.8317 9.64634 197.594 30.503 4.49678 167.091 26.0062 5.46829 4.56337 8.32976
internal_count=56830 54153 15644 2677 38509 34804 1392 138 83 3705 2087 1146 1618 567 439 941 15636 12944 10083 9005 2861 81 33412 3016 462 30396 2554 55 411 735
is_linear=0
shrinkage=0.05


Tree=169
num_leaves=31
num_cat=0
split_feature=24 0 3 24 8 0 0 0 1 0 3 0 24 11 24 24 24 7 7 24 11 7 3 0 2 4 8 11 8 7
split_gain=6.97695 5.06206 4.4177 4.45782 4.23564 4.12189 10.382 4.07462 3.8997 3.68175 5.58815 6.49184 7.07442 5.16199 3.9604 13.9201 3.58397 3.46403 5.48528 4.95821 4.87256 3.82862 3.41663 5.30394 4.32156 6.23383 7.0755 3.95812 3.95038 3.83407
threshold=0.85116190000000003 1.8435687000000003 0.49538166214995488 0.35090069000000007 0.95419580419580419 9.320903000000003 8.4465700000000012 11.305251000000002 0.19766653099986428 4.2933065000000008 0.51267104542966624 7.2569232000000001 0.40113396500000004 368.50000000000006 0.59179128500000011 0.60570270000000004 0.85911767500000014 0.13079116179615111 0.18286311389759663 0.53433475000000008 1.0000000180025095e-35 0.17684288905435588 0.48237508678685154 9.2392160000000025 0.40238095238095245 0.62724193330363942 0.31400560224089641 1.0000000180025095e-35 0.55488621151271766 0.13423423423423422
decision_type=2 2 2 2 2 2 2 2 2 2 2 2 2 2 2 2 2 2 2 2 2 2 2 2 2 2 2 2 2 2
left_child=1 -1 22 5 7 6 8 -2 -4 -5 11 14 -13 -14 -11 -16 -9 -12 19 -19 -21 -22 24 27 25 26 -3 -24 -29 -26
right_child=4 2 3 9 -6 -7 -8 16 -10 10 17 12 13 -15 15 -17 -18 18 -20 20 21 -23 23 -25 29 -27 -28 28 -30 -31
leaf_value=-0.056624276268598117 -0.07143233987361261 0.0083039297899837935 -0.044154888408348969 0.032215509463385826 0.0076107390902311334 0.045589803400994333 -0.11238427949360363 0.063082899364769254 0.016668170374416581 -0.054436554667873165 0.059152445228856911 -0.14708583354423654 0.042047462968447039 -0.094593003024620773 -0.98306137889670342 -0.11843703171808534 0.025072382228568786 -0.00046382398336788542 0.0034106785648765343 0.050044073815321603 -0.058677843859617045 -0.19788061310190039 0.0041835173702304369 0.0473939583123692 -0.12612836808880654 0.025342964518276029 -0.057701008602705689 -0.055924829653052337 0.052460568397162816 -0.011406682640056494
leaf_weight=3.5963262411492556 0.95857521289781189 12.755891606462628 2.7377769089416679 9.9023522181124388 43.361928357626311 10.12262077293053 1.6513530282863929 7.824102170428886 70.423675519141852 5.356110664937658 2.7041979871137292 0.69162414199672628 4.8051864818407921 0.80731960348930432 0.050328416939009801 0.62019609154776845 29.903412695559382 2.4946609278449605 214.87704449574304 0.43848986458033357 0.91187253253883671 1.0777768455955081 4.9757289483532139 2.2732785450425572 0.74213818603311565 25.34906938248605 5.9559344034760207 11.981803081168433 0.90413033540971888 39.054509843243068
leaf_count=15027 637 3310 262 2222 1156 36 36 124 1912 618 32 18 158 28 23 148 760 283 22537 36 153 54 100 54 156 876 1814 1882 6 2372
internal_value=0.00496213 0.00245166 0.00294157 0.0057759 0.0183412 0.0156454 0.0115938 0.0303686 0.0143921 0.00235072 0.0010914 -0.0316726 0.00379926 0.0223927 -0.0687777 -0.183334 0.0329552 0.00290712 0.00221513 -0.0499698 -0.100832 -0.134083 -0.0060437 -0.0245391 -0.00160279 0.00918459 -0.0127053 -0.0336941 -0.0483201 -0.013546
internal_weight=519.309 437.261 433.665 329.673 82.048 84.9354 74.8128 38.6861 73.1615 244.737 234.835 12.3308 6.30413 5.61251 6.02664 0.670525 37.7275 222.504 219.8 4.9228 2.42814 1.98965 103.992 20.1349 83.8575 44.0609 18.7118 17.8617 12.8859 39.7966
internal_count=56830 54153 39126 28556 2677 2246 2210 1521 2174 26310 24088 993 204 186 789 171 884 23095 23063 526 243 207 10570 2042 8528 6000 5124 1988 1888 2528
is_linear=0
shrinkage=0.05


Tree=170
num_leaves=31
num_cat=0
split_feature=0 11 1 4 24 0 11 11 24 7 8 11 11 4 3 1 24 24 24 24 24 3 11 7 24 0 24 3 8 7
split_gain=5.73034 8.7646 13.7983 8.27252 10.2457 6.88599 5.32858 6.86373 4.78354 4.8929 3.86479 3.70281 9.65616 6.89963 5.02035 4.23648 3.82978 6.66743 4.917 5.66295 3.64868 5.57453 12.634 4.72222 5.22397 3.50286 7.45521 7.13563 5.08834 4.72004
threshold=14.221068500000003 365.50000000000006 0.96340919232485511 0.93801587822890209 0.78216355000000015 16.913317500000005 360.50000000000006 1.0000000180025095e-35 0.82505028500000011 0.82079496968335963 0.66300366300366309 363.50000000000006 2.5000000000000004 0.93642247510668575 0.79022435897435905 0.16045977011494258 0.81381737500000007 0.85911767500000014 0.8114861550000001 0.79428150000000008 0.64080787000000006 0.95372534969678213 1.5000000000000002 0.65599385245901654 0.876498785 8.4788090000000018 0.63150005000000009 0.43625894802365395 0.70801282051282055 0.18286311389759663
decision_type=2 2 2 2 2 2 2 2 2 2 2 2 2 2 2 2 2 2 2 2 2 2 2 2 2 2 2 2 2 2
left_child=11 6 3 4 -3 -6 7 10 9 -5 -2 12 14 16 15 -1 18 -18 19 -13 -16 22 23 24 -22 26 27 -17 -28 -29
right_child=1 2 -4 8 5 -7 -8 -9 -10 -11 -12 13 -14 -15 20 25 17 -19 -20 -21 21 -23 -24 -25 -26 -27 28 29 -30 -31
leaf_value=-0.058984194323722164 -0.064881973393064354 -0.0036870646490430544 -0.11880696243553551 -0.063985450347391351 -0.14266689404778593 -0.038024704881820331 0.048970075541808697 -0.010890937855240059 0.020241321410360748 0.0017015093322295125 0.045057479246419015 0.010148259786457633 -0.053621453544331343 0.033289279559890535 0.021201260807185901 -0.048488050139545331 -0.07725073654106529 0.019060064468516796 0.067336461996486463 -0.0899866982594556 -0.057692125055810665 0.040649084452203693 -0.11978037608789963 0.015017808624327889 -0.38923721647317189 0.022835588048222014 -0.081240113170614095 0.031788680260562564 0.049743619129311745 0.0046935711125397342
leaf_weight=2.277636453407438 0.8687365222722282 6.9541939086629991 3.3140700403673682 4.3215729742951252 3.2304469015507493 3.0626101532980101 7.5276822393061584 26.458815445610526 16.155378162162378 8.241274901898576 10.014241141849196 219.25603316154957 7.2420847781463626 34.475656994745805 3.9740308764576211 5.2804292934597461 3.4142524271155699 3.7937301689962624 3.7375108983396776 1.4210749172489148 1.1746155703920047 2.0960743028263087 3.9116888251737691 5.2373655987385064 0.13218062082887616 37.134096964076889 3.8637473751368807 21.344050546170365 0.91752020614876517 65.088412596717291
leaf_count=1793 8 78 24 24 39 23 149 943 46 39 1232 5519 29316 160 172 1395 221 12 19 151 228 38 614 277 16 1009 3638 1375 24 8175
internal_value=0.00638387 -0.00506801 -0.0205876 -0.0128311 -0.0455169 -0.0917412 0.0105934 0.00285712 0.00224634 -0.0208946 0.0362815 0.00880858 0.00278921 0.0124205 0.0054693 0.00863349 0.00931436 -0.0265601 0.0104666 0.00950343 -0.0205524 -0.0337719 -0.048691 -0.00619819 -0.0912275 0.00978601 0.0047641 0.00793736 -0.0561045 0.0113846
internal_weight=515.921 90.149 45.2795 41.9655 13.2473 6.29306 44.8695 37.3418 28.7182 12.5628 10.883 425.772 159.674 266.098 152.432 135.906 231.623 7.20798 224.415 220.677 16.526 12.5519 10.4559 6.54416 1.3068 133.628 96.4942 91.7129 4.78127 86.4325
internal_count=56757 2605 273 249 140 62 2332 2183 109 63 1240 54152 48070 6082 18754 17409 5922 233 5689 5670 1345 1173 1135 521 244 15616 14607 10945 3662 9550
is_linear=0
shrinkage=0.05


Tree=171
num_leaves=31
num_cat=0
split_feature=0 11 1 3 15 9 0 24 4 0 10 1 2 24 24 24 24 2 2 24 24 24 0 0 2 4 2 11 24 24
split_gain=5.19394 7.85502 8.22679 10.9018 15.4742 26.368 9.71372 8.09947 7.42319 4.82839 4.02535 3.97784 3.83562 3.72721 6.61333 13.4607 4.35657 5.26002 3.46384 4.01791 3.42436 3.40693 3.3901 7.82629 7.66275 8.40512 5.80984 8.36101 4.57213 7.00524
threshold=14.221068500000003 1.0000000180025095e-35 0.96340919232485511 0.92722431077694256 1.0000000180025095e-35 1.0000000180025095e-35 16.434434000000003 0.83298915000000007 0.93642247510668575 18.387796500000004 1.0000000180025095e-35 0.94185260311020969 0.65838221673355979 0.75809419000000011 0.7111164000000002 0.7444622500000001 0.85504002000000001 0.90488498319979349 0.97259759759759767 0.86377747500000013 0.82046562000000012 0.82779488000000012 8.4788090000000018 8.3334675000000029 0.44136745607333849 0.76513672255051579 0.62910052910052927 1.0000000180025095e-35 0.57137350000000009 0.52919060000000007
decision_type=2 2 2 2 2 2 2 2 2 2 2 2 2 2 2 2 2 2 2 2 2 2 2 2 2 2 2 2 2 2
left_child=22 12 3 4 5 7 -4 -3 10 -9 -6 13 -2 14 -12 -16 17 -15 -14 -20 -10 -8 23 -1 28 26 -26 -28 29 -24
right_child=1 2 6 -5 8 -7 21 9 20 -11 11 -13 18 16 15 -17 -18 -19 19 -21 -22 -23 24 -25 25 -27 27 -29 -30 -31
leaf_value=0.0059607154715600142 -0.068150047593740243 0.015228626885694464 -0.14533353464237894 0.014927414257317856 -0.13255260197381941 -0.24365014872636143 0.042555266979242896 -0.1712899471484895 -0.022703721175452867 -0.02144063629639284 -0.034418678610763066 -0.11437177388611244 0.050049295955160111 -0.11331104702383109 -0.035383198424576628 -0.6182763403917978 -0.064527908203704909 0.048332166911531138 0.050019664526950718 -0.32921054215546325 0.021648034205024296 -0.064581597625378934 0.023091071902865332 -0.057438751749170597 -0.010041407897322288 0.011793393193805258 -0.29021079779879511 -0.054327487431023128 0.044685126131606294 -0.059753174912567909
leaf_weight=243.30375943592708 0.81464753020554681 3.468909234768943 2.3780471754798773 34.175521268036391 1.0938720860503934 1.9967520702775798 1.5205447381013075 1.2616619009277203 6.104274038225415 0.93665593728655938 2.0729290524977828 1.2669035647995777 9.332360958680507 0.57799773829174217 0.26784048262197746 0.15716123805032112 1.808640951872803 3.8934598197229207 0.14852501498535353 0.13184654738870449 15.161883498134555 1.4493077751249073 33.572084355366314 4.9670837260791805 12.815138561882124 96.025933744412214 0.41934690345078607 3.6066807713150411 24.671025228686631 2.7616595930303438
leaf_count=37874 7 119 52 599 14 32 22 48 26 8 65 19 1191 156 48 14 39 12 21 21 71 21 353 1131 1911 7058 4 5425 305 91
internal_value=0.00611685 -0.00478689 -0.0101329 -0.00581857 -0.0235132 -0.0874056 -0.0700278 -0.0323555 -0.00840223 -0.107442 -0.0414685 -0.0315496 0.036019 -0.0195962 -0.0712564 -0.250931 0.000951896 0.0274375 0.044847 -0.128316 0.00891723 -0.00972824 0.00844202 0.0046923 0.0137962 0.00607926 -0.0265019 -0.0788969 0.0280736 0.0167942
internal_weight=512.162 90.0197 79.5924 74.2445 40.0689 7.66398 5.3479 5.66723 32.405 2.19832 11.1388 10.0449 10.4274 8.77803 2.49793 0.425002 6.2801 4.47146 9.61273 0.280372 21.2662 2.96985 422.143 248.271 173.872 112.867 16.8412 4.02603 61.0048 36.3337
internal_count=56757 2605 1365 1270 671 207 95 175 464 56 367 353 1240 334 127 62 207 168 1233 42 97 43 54152 39005 15147 14398 7340 5429 749 444
is_linear=0
shrinkage=0.05


Tree=172
num_leaves=31
num_cat=0
split_feature=0 11 24 1 3 3 0 0 24 15 1 24 24 7 4 11 8 11 11 4 8 11 8 8 8 1 4 24 6 24
split_gain=4.6723 7.30462 7.52747 7.78775 8.86982 13.5996 26.8417 8.29305 7.78011 6.8624 7.55012 8.44613 4.4772 9.67377 9.67994 3.60043 3.41457 3.28135 8.98248 6.43412 4.73191 7.89096 6.80677 6.74125 4.18269 3.62668 3.54471 3.34672 3.21969 3.9663
threshold=14.221068500000003 1.0000000180025095e-35 0.62041610000000014 0.96340919232485511 0.92722431077694256 0.88721684491747455 17.346946500000005 16.434434000000003 0.85504002000000001 1.0000000180025095e-35 0.27072835547411828 0.83046269500000014 0.75809419000000011 0.70659971305595415 0.93461748978990367 998.50000000000011 0.66300366300366309 363.50000000000006 2.5000000000000004 0.93642247510668575 0.93030597377367663 1.5000000000000002 0.96407056798623081 0.9457002457002458 0.9457002457002458 0.16045977011494258 0.93105870076116315 1.0000000180025095e-35 0.41428571428571431 0.7677244000000002
decision_type=2 2 2 2 2 2 2 2 2 2 2 2 2 2 2 2 2 2 2 2 2 2 2 2 2 2 2 2 2 2
left_child=17 16 -3 4 5 9 8 -5 -7 10 15 -12 13 14 -11 -4 -2 18 20 26 25 24 23 -23 -22 -1 27 -19 29 -27
right_child=1 2 3 7 -6 6 -8 -9 -10 12 11 -13 -14 -15 -16 -17 -18 19 -20 -21 21 22 -24 -25 -26 28 -28 -29 -30 -31
leaf_value=-0.05516419798075211 -0.061176281277822736 -0.13004238233917073 -0.063765879629324007 -0.13317892202118389 0.015548092241591482 -0.4154875733004601 -0.0062110911176831525 -0.0091668969657093344 -0.17338725605652841 -0.060140094494093625 0.020757739254763291 -0.10438502924212267 0.0062081530024632754 0.041294106222805861 -0.37809614065663993 -0.22126868226007346 0.044590372404970768 -0.085109517144392022 -0.053419785784712952 0.031933798873693797 -0.069211280068818964 -0.035924699440688865 0.0080846827408736274 -0.15992839341442988 0.035337998622023852 0.0087891234240794411 -0.034815302340911257 0.0097802684578118353 0.051441288161602178 -0.043915970712746048
leaf_weight=2.2599888002378057 0.83239991310983796 1.2755753894980433 0.63111139699685626 2.4629882581648408 33.655766240146477 0.64286005937901725 2.2126185982633615 2.9782682419463526 0.68591361576909549 0.6416031465705625 3.4826971397469606 2.2000177659792826 26.617549974900612 0.97534411183733016 0.38183218613266945 0.85359760286519304 9.1651504838373494 0.93310314279369677 6.902251442573287 33.561528399841336 1.1736269053071717 2.1774486746217008 2.2856809335935395 2.2067564098615549 5.1745539224648383 126.92138472780476 4.6292979683785225 223.59490878704673 4.2673974660356171 3.6729100331431246
leaf_count=1793 8 19 37 52 597 28 22 43 18 110 91 33 287 11 5 12 1232 16 29316 160 50 15 9 39 252 15788 33 5873 42 766
internal_value=0.00585617 -0.00450236 -0.00955604 -0.00759627 -0.00329396 -0.0194196 -0.112885 -0.065301 -0.290515 -0.0101696 -0.0539209 -0.0276903 0.000788586 -0.0713833 -0.178766 -0.154318 0.0357842 0.0080696 0.00235175 0.0114875 0.00491569 -0.0238928 -0.0618704 -0.098341 0.0160093 0.00765071 0.00849299 0.00938592 0.00870335 0.00730681
internal_weight=509.456 89.6953 79.6977 78.4222 72.9809 39.3251 3.54139 5.44126 1.32877 35.7838 7.16742 5.68271 28.6163 1.99878 1.02344 1.48471 9.99755 419.761 157.042 262.719 150.14 13.0181 6.66989 4.38421 6.34818 137.122 229.157 224.528 134.862 130.594
internal_count=56757 2605 1365 1346 1251 654 68 95 46 586 173 124 413 126 115 49 1240 54152 48070 6082 18754 365 63 54 302 18389 5922 5889 16596 16554
is_linear=0
shrinkage=0.05


Tree=173
num_leaves=31
num_cat=0
split_feature=0 11 1 4 24 11 11 0 22 24 4 2 20 2 7 7 8 0 8 2 8 1 18 0 24 7 3 7 24 7
split_gain=4.21336 6.84866 8.9826 5.65378 7.66357 5.17317 5.75361 4.93711 4.28701 3.94962 3.44487 9.82751 3.46577 3.4042 3.35797 3.76018 12.1092 8.4232 4.11095 3.28063 3.18694 4.19546 3.1692 3.1567 3.03507 2.91787 2.91268 2.89324 2.57382 4.68718
threshold=14.221068500000003 365.50000000000006 0.96340919232485511 0.93801587822890209 0.78216355000000015 360.50000000000006 1.0000000180025095e-35 16.913317500000005 1.0000000180025095e-35 0.81599925000000006 0.96260439560439559 0.97617697107203638 1.0000000180025095e-35 0.65838221673355979 0.94804318488529027 0.76339712918660307 0.93030597377367663 17.888175000000004 0.86769720390997962 0.23904761904761909 0.97259759759759767 0.96153213874732868 1.0000000180025095e-35 16.682233000000004 -1.0000000180025095e-35 0.097960815673730467 0.92722431077694256 0.96249413970932973 0.75809419000000011 0.73909378292939942
decision_type=2 2 2 2 2 2 2 2 2 2 2 2 2 2 2 2 2 2 2 2 2 2 2 2 2 2 2 2 2 2
left_child=19 5 3 4 26 6 13 -6 9 -5 12 -12 14 -2 15 18 -17 -18 -8 -1 -15 -22 24 -10 -21 -26 28 -16 29 -3
right_child=1 2 -4 8 7 -7 10 -9 23 -11 11 -13 -14 20 27 16 17 -19 -20 22 21 -23 -24 -25 25 -27 -28 -29 -30 -31
leaf_value=-0.079597523239943901 -0.064762934292689478 -0.11652665559171499 -0.092330957303525807 -0.01488162407527498 -0.11446103773800094 0.048790597358077864 -0.085750591276968727 -0.030117131880521626 0.001775028194123395 0.033403172121862057 -0.16633948934105802 0.026473983918418389 -0.054552691928965384 0.050044937643755096 0.03970799497212029 0.034370122542182517 -0.16626026437603705 -0.0075692141435946721 0.035061715581971992 -0.082958544945720303 0.050021757635278268 -0.32473139094120618 -0.052487612533498255 -0.054707897124916909 -0.069108859202389267 0.0086851834433369253 0.047694779752433192 -0.03560003152890534 0.019473780894777831 0.013748477318035399
leaf_weight=1.0730319090621367 0.7777408342808475 1.4306364111544083 3.7044302504800717 6.6170148705714409 3.6486546530213673 7.1831505174050099 0.83050090319376035 3.3081090351770399 5.2681198600621446 11.766039258902309 1.2419301673799046 1.4124616861881805 2.9349724895782847 8.5023619122803176 7.3761535156263545 2.9778104303841246 2.0950176528549496 1.391677906787663 4.6279591158108815 0.9099536153952944 0.16964561771601516 0.13342138793086633 2.1584368374479928 4.6633315808139741 1.208886617741938 411.82787588499559 2.1758654554141685 1.5420095711797328 2.1301835443300661 1.3344844414386896
leaf_count=1371 7 48 24 39 39 149 131 23 21 27 52 15 428 1192 107 22 65 6 80 15 22 19 24146 22 202 28418 6 37 19 5
internal_value=0.0056069 -0.00425363 -0.0176692 -0.0111373 -0.0370945 0.0100471 0.00231947 -0.0743535 0.00172283 0.016023 -0.00971449 -0.0637391 -0.00368312 0.0355093 0.00348064 -0.0138771 -0.0396789 -0.10292 0.0166802 0.00771628 0.0443658 -0.114959 0.00794145 -0.0247466 0.00825654 0.00845749 -0.000438399 0.0266867 -0.0218326 -0.0536541
internal_weight=506.422 89.2437 46.0469 42.3424 14.0279 43.1968 36.0137 6.95676 28.3145 18.3831 26.4305 2.65439 23.7761 9.58317 20.8411 11.923 6.46451 3.4867 5.45846 417.178 8.80543 0.303067 416.105 9.93145 413.947 413.037 7.07117 8.91816 4.8953 2.76512
internal_count=56757 2605 273 249 140 2332 2183 62 109 66 943 67 876 1240 448 304 93 71 211 54152 1233 41 52781 43 28635 28620 78 144 72 53
is_linear=0
shrinkage=0.05


Tree=174
num_leaves=31
num_cat=0
split_feature=0 11 24 1 3 3 0 9 0 15 1 24 24 7 2 2 0 2 4 0 2 6 3 24 24 8 2 4 24 3
split_gain=3.78877 6.34168 6.57248 6.09923 7.27664 10.5756 17.0732 10.8374 7.00998 5.76678 6.20772 6.80721 3.87812 8.29673 5.78493 3.20115 3.13437 7.24689 7.5269 7.09428 5.21842 6.09991 12.5411 4.43325 6.32896 4.77532 4.26581 3.77104 7.09353 4.37457
threshold=14.221068500000003 1.0000000180025095e-35 0.62041610000000014 0.96340919232485511 0.92722431077694256 0.88721684491747455 17.346946500000005 1.0000000180025095e-35 16.434434000000003 1.0000000180025095e-35 0.27072835547411828 0.83046269500000014 0.75809419000000011 0.70659971305595415 0.93908472479901051 0.65838221673355979 8.4788090000000018 0.44136745607333849 0.76513672255051579 8.3334675000000029 0.62910052910052927 0.10555555555555557 0.71311303435615014 0.57137350000000009 0.52919060000000007 0.36700680272108849 0.26766169154228864 0.79078571335952608 0.63150005000000009 0.57625270731089151
decision_type=2 2 2 2 2 2 2 2 2 2 2 2 2 2 2 2 2 2 2 2 2 2 2 2 2 2 2 2 2 2
left_child=16 15 -3 4 5 9 7 -7 -5 10 -4 -12 13 14 -11 -2 19 23 20 26 -19 22 -22 24 -18 -26 -1 28 29 -28
right_child=1 2 3 8 -6 6 -8 -9 -10 12 11 -13 -14 -15 -16 -17 17 18 -20 -21 21 -23 -24 -25 25 -27 27 -29 -30 -31
leaf_value=-0.060784225729221236 -0.0631143310500831 -0.12249689112528811 -0.13735455146344971 -0.11818793104542336 0.014572388625430688 -0.10625768328618757 -0.0055509076944516662 -0.36608562719366372 -0.006157694003845051 -0.058851284591248512 0.020371250577185793 -0.090615512086505923 0.0063865462892444122 0.041423304578276823 -0.29809192220569064 0.044113634918602408 0.021719486485388868 -0.010377646092123983 0.010538771404524437 -0.055582969141330291 -0.051320880815805651 -0.064461487086013528 -1.0552026380931741 0.043535575997361582 -0.10050639742672821 0.041961258314380877 0.0012767536918920554 0.024441375598536211 -0.064022019920867701 0.019666056250003939
leaf_weight=2.441707526965728 0.75864191725850005 1.246900626718342 1.5481524707720371 2.5518176531768395 32.694917297829306 0.92839144930439876 2.2140293903503334 0.70690307021141052 3.0836727203422925 0.57056619143259257 3.4152301473113766 2.320087162002892 26.443327140172187 0.93120018413173955 0.45352408598409966 8.4339646146981959 32.581413324320238 12.757047513212457 94.093740424242242 4.9364986915825275 0.088348762856184648 3.7940901583924642 0.048020531750808004 23.592736795035307 1.9251323269345442 0.84694394038524468 170.6277366936547 23.989756452154325 3.8161545225807449 39.903577661048701
leaf_count=3384 7 19 49 52 597 40 22 6 43 110 91 33 287 11 5 1233 353 1911 7058 1131 45 5366 18 305 61 30 18689 3562 6893 5346
internal_value=0.00536195 -0.00404365 -0.00861133 -0.00678753 -0.00287855 -0.0173116 -0.0960495 -0.218576 -0.0568863 -0.00881744 -0.0485084 -0.0245258 0.0013622 -0.0665871 -0.1648 0.0352644 0.00736108 0.0125866 0.00505019 0.00375157 -0.0258976 -0.0762705 -0.404824 0.0267502 0.0155487 -0.0569787 0.00496806 0.00564167 0.00353761 0.00476222
internal_weight=503.744 88.3013 79.1087 77.8618 72.2263 39.5314 3.84932 1.63529 5.63549 35.6821 7.28347 5.73532 28.3986 1.95529 1.02409 9.19261 415.443 169.727 110.781 245.715 16.6875 3.93046 0.136369 58.9462 35.3535 2.77208 240.779 238.337 214.347 210.531
internal_count=56757 2605 1365 1346 1251 654 68 46 95 586 173 124 413 126 115 1240 54152 15147 14398 39005 7340 5429 63 749 444 91 37874 34490 30928 24035
is_linear=0
shrinkage=0.05


Tree=175
num_leaves=31
num_cat=0
split_feature=0 4 0 7 7 4 3 0 2 23 8 11 4 0 3 11 11 4 0 4 11 3 10 0 7 4 1 3 10 8
split_gain=7.34013 7.6028 7.42357 7.68825 6.71581 6.45344 6.23335 8.7171 6.14087 6.35257 6.08448 5.72745 5.49863 12.1961 7.45745 4.92263 4.54664 5.10589 4.49219 6.6424 9.36438 14.4391 6.07203 8.4696 4.48542 4.47735 8.17618 8.08095 4.31373 4.20272
threshold=8.5278930000000006 0.79078571335952608 6.4253005000000005 0.25586470267321332 0.17445652173913043 0.61192567983265678 0.50717719780219783 5.0088807000000006 0.40936473165388826 1.0000000180025095e-35 0.32392686804451509 1.0000000180025095e-35 0.62470719281864806 9.1335040000000003 0.53500622471210713 396.50000000000006 1.0000000180025095e-35 0.67774007774007783 6.750020000000001 0.65664173789173808 2.5000000000000004 0.47966075319016499 1.0000000180025095e-35 7.8213599000000009 0.38266583229036299 0.60708168642951266 0.27812939521800289 0.54762034443407004 1.0000000180025095e-35 0.31139971139971145
decision_type=2 2 2 2 2 2 2 2 2 2 2 2 2 2 2 2 2 2 2 2 2 2 2 2 2 2 2 2 2 2
left_child=1 2 6 4 -4 -6 7 -1 9 12 29 -5 -2 14 -14 -15 -9 24 -7 22 -21 -22 23 -20 -18 -13 27 -27 -3 -8
right_child=8 28 3 11 5 18 10 16 -10 -11 -12 25 13 15 -16 -17 17 -19 19 20 21 -23 -24 -25 -26 26 -28 -29 -30 -31
leaf_value=0.0058417501050183809 0.025283025474631734 -0.027601403615155808 -0.060857915324178093 0.04094637452310159 -0.04193133070066879 -0.051383480627271362 -0.0095510620466308926 0.024558995978094258 0.0043598430130949309 0.042472423238414707 0.014106149779468552 -0.029470370163598054 -0.25722755388229812 0.039049891041862829 -0.054132231053002834 -0.065842550271381292 -0.058663459365841941 -0.0085556546969200575 -0.12960226829966084 0.02763717761817714 -0.0041969023938192088 -0.17404542397366876 0.035058612825740278 0.02960731704594384 -0.36949173544377678 -0.10597186764754199 -0.069634653171360736 -0.37217329879649075 0.032694156376097593 -0.081311737309637047
leaf_weight=24.230796034739328 10.946382683359845 3.533270886666517 6.5717006757172376 1.3030857543271839 10.166059325575587 3.40306763351873 13.066038305081745 2.6893741882813655 232.00495830848558 23.368449500980205 65.274009387209802 4.1469582511790559 0.79641727614944002 3.7041194088233169 1.0451447420055044 1.6024127118289468 14.384178997082472 6.7603428873881048 1.4397664434291102 4.4786558636369573 3.1918060884454462 2.058144559032371 18.988443232839927 1.9898237456436616 0.11700924485921937 0.69526666535239179 5.3461731436891569 0.48323880551470211 18.487311221743767 2.4178759399492256
leaf_count=10061 264 1748 1170 65 1292 284 2785 57 16862 144 11706 444 29 132 28 8 2941 196 27 67 125 78 251 33 1 66 2745 25 2401 743
internal_value=0.00209112 -0.00481628 -0.00798893 -0.021872 -0.0135956 -0.00680164 -0.00106974 -0.0153025 0.00752732 0.0252509 0.00742179 -0.0580107 0.00300974 -0.0310989 -0.141965 0.00737554 -0.0366938 -0.0444417 0.00324431 0.00902725 -0.0254742 -0.0707828 0.0239996 -0.03723 -0.0611715 -0.0700941 -0.0959137 -0.215126 0.0230195 -0.0207568
internal_weight=488.69 215.222 193.202 64.2622 52.2875 45.7158 128.94 48.1817 273.468 41.4629 80.7579 11.9747 18.0945 7.14809 1.84156 5.30653 23.9509 21.2615 35.5497 32.1466 9.72861 5.24995 22.418 3.42959 14.5012 10.6716 6.52468 1.17851 22.0206 15.4839
internal_count=56778 39311 35162 6672 3327 2157 28490 13256 17467 605 15234 3345 461 197 57 140 3195 3138 865 581 270 203 311 60 2942 3280 2836 91 4149 3528
is_linear=0
shrinkage=0.05


Tree=176
num_leaves=31
num_cat=0
split_feature=24 2 4 0 0 0 24 3 3 1 0 0 7 1 23 7 7 3 8 2 4 24 0 24 8 2 7 24 1 0
split_gain=7.79659 9.60086 11.3872 7.91027 7.14828 8.7397 7.81615 7.71955 6.34899 6.16544 6.99426 5.7642 7.08875 7.02628 6.72275 7.49051 7.48808 4.65844 4.47565 4.08794 12.6257 9.99711 8.00729 8.36243 7.19511 6.66539 5.63932 5.47661 4.46134 3.96571
threshold=0.44622616000000009 0.37176079734219269 0.59968511929296253 1.9534616500000002 6.4253005000000005 6.9580013500000009 0.44317451000000002 0.50717719780219783 0.53269399238240367 0.20864427860696519 9.4386090000000014 7.2569232000000001 0.20431354359925794 0.22756041426927501 1.0000000180025095e-35 0.26158232359230221 0.28187071144817627 0.46197841205447698 0.30471628592483418 0.47140522875816998 0.76513672255051579 0.57137350000000009 8.4788090000000018 0.55099350000000014 0.91734972677595616 0.39052425007008695 0.17445652173913043 0.5835598500000001 0.19538706256627777 5.3166401000000008
decision_type=2 2 2 2 2 2 2 2 2 2 2 2 2 2 2 2 2 2 2 2 2 2 2 2 2 2 2 2 2 2
left_child=1 2 8 -4 7 -6 9 -3 17 -7 11 -11 13 -13 -14 -16 -17 -1 -10 22 -21 24 23 26 -22 27 29 -25 -27 -2
right_child=19 4 3 -5 5 6 -8 -9 18 10 -12 12 14 -15 15 16 -18 -19 -20 20 21 -23 -24 25 -26 28 -28 -29 -30 -31
leaf_value=-0.062420009510425478 0.0195007031280299 -0.015501927102616601 0.017009477324876603 -0.061749912434938825 -0.082653863955120546 0.050846510744539081 -0.11333107855402343 0.02080832051070395 -0.00020676317659737211 0.037027151661970896 0.025729259464371903 -0.17367003439148468 0.0088496615827287021 -0.033477507124308241 -0.11415782525943866 0.027163013376558055 -0.089065497737210148 0.028180223359301617 -0.090711137426956578 -0.048441099005725109 -0.056168685152022529 0.0069158442637944212 0.032641700346876766 -0.060064360979007296 -0.32883936237596639 -0.37074029452169166 0.021726707037115663 0.0072945500640936474 -0.072834152066930294 -0.072508256924449982
leaf_weight=1.5918704395334682 1.9692549469037022 20.521374466873567 3.7684024221180179 20.701407795771956 4.3163344913773463 4.6316428258833175 1.6842728479277855 51.054357773505217 2.7709761002570295 3.3092245244170071 9.597865126514078 1.6540314494122896 9.2253812435719738 1.9443980850373916 3.1426140539697371 3.5385643419722328 2.2777496901981067 13.050147917658249 2.6941820931369875 11.485128336305221 3.5657629771891943 203.83734744287142 38.755494096692928 3.9924917196572158 0.25954625054146152 0.13022292886853337 41.347159051880226 12.358069520420939 3.5978386577821766 2.8895125568651565
leaf_count=2765 1361 1187 510 2150 213 63 20 1385 458 65 89 13 184 91 41 16 51 3348 353 12702 556 12870 626 1564 9 213 5036 4469 3831 539
internal_value=0.00200671 -0.00696967 -0.026713 -0.0496208 0.000559119 -0.0149789 -0.00785532 0.0103979 0.00116507 -0.00333743 -0.0105718 -0.0244573 -0.033798 -0.0979175 -0.0211096 -0.0519599 -0.0183537 0.0183302 -0.0448231 0.00647775 0.00259059 0.00541298 0.0145876 0.00403173 -0.0746693 -0.0229092 0.0157388 -0.0091532 -0.0832402 -0.0352171
internal_weight=485.663 161.475 44.577 24.4698 116.898 45.3221 41.0057 71.5757 20.1072 39.3215 34.6898 25.092 21.7827 3.59843 18.1843 8.95893 5.81631 14.642 5.46516 324.188 219.148 207.663 105.04 66.2845 3.82531 20.0786 46.2059 16.3506 3.72806 4.85877
internal_count=56778 13002 9584 2660 3418 846 633 2572 6924 613 550 461 396 104 292 108 67 6113 811 43776 26137 13435 17639 17013 565 10077 6936 6033 4044 1900
is_linear=0
shrinkage=0.05


Tree=177
num_leaves=31
num_cat=0
split_feature=24 2 12 0 0 0 3 3 1 3 3 8 24 24 1 9 1 2 24 7 0 2 4 24 4 3 4 1 6 17
split_gain=7.09597 8.79781 10.8931 10.0636 6.50635 8.07002 7.02768 6.84095 6.01279 4.9232 3.95721 3.85892 7.28406 5.39696 6.82173 12.1809 8.56993 8.15119 3.79833 5.54449 3.80872 8.20097 11.2288 8.44118 8.08713 6.7775 6.80167 6.44213 4.58577 3.79324
threshold=0.44622616000000009 0.37176079734219269 1.0000000180025095e-35 9.3954720000000016 6.4253005000000005 6.9580013500000009 0.50717719780219783 0.55818170944500745 0.20864427860696519 0.46365578865578866 0.46197841205447698 0.41060765718299969 0.43625215000000006 0.43277801500000007 0.29217479674796748 1.0000000180025095e-35 0.24357284113381675 0.40651483050847464 0.45873110000000006 0.15484515484515488 6.750020000000001 0.48610038610038614 0.76513672255051579 0.57137350000000009 0.64259546813894652 0.54762034443407004 0.63991487775516831 0.29300813008130083 0.35416666666666669 0.17267080745341609
decision_type=2 2 2 2 2 2 2 2 2 2 2 2 2 2 2 2 2 2 2 2 2 2 2 2 2 2 2 2 2 2
left_child=1 2 3 9 6 -6 -3 8 -7 10 -1 12 13 14 15 16 -10 -18 -2 -20 24 -22 -23 28 25 26 -21 -27 -24 -4
right_child=18 4 29 -5 5 7 -8 -9 11 -11 -12 -13 -14 -15 -16 -17 17 -19 19 20 21 22 23 -25 -26 27 -28 -29 -30 -31
leaf_value=-0.049793799408149014 0.031123370465040236 -0.014677680794482102 -0.013046840665392974 0.020784652680816442 -0.08005651251605457 0.039642432056573043 0.01997859530477258 0.02400737480353483 0.05089595489400961 -0.068544607017664724 0.049316890183263941 -0.0023929775547666598 -0.1517079504306158 0.022891759493665027 -0.0021641069145543856 -0.13918274218803303 -0.28238840864679399 0.0042269202918206617 -0.048462543793991342 -0.04455175442384323 0.024084682158944604 -0.05267557871861326 -0.054075696828902058 0.006768795155104668 -0.062442605943550403 0.050277102447173976 0.056227176618771961 -0.031608722977006461 -0.24719689094902797 0.036808220265154998
leaf_weight=2.4147672393955935 14.599931466828592 20.588331019963334 9.1761260037019365 4.9171447666376471 4.2356581389230987 3.5835510432407345 50.529637685930538 12.075925808974715 2.0983618212994828 19.251738083446071 1.727722576738415 8.5370797313407802 1.4290428907552257 3.2993480366421855 4.586211608719168 3.916684600757435 0.45757193835743226 0.54177503270329908 4.7704471338465728 9.0823793435615752 59.710499417413303 8.6514394070254621 2.897948372043174 201.27370574993256 6.1083101458453362 8.8435823247709759 2.0526089981412943 3.2974596683878294 0.34386659283336474 6.5307360527785923
leaf_count=3075 897 1187 117 30 213 66 1385 201 44 5533 128 129 20 7 66 24 43 33 2624 6105 1617 9540 202 10968 6334 281 53 5105 50 701
internal_value=0.00192631 -0.00668211 -0.0257114 -0.0442379 0.000546423 -0.0143875 0.00994576 -0.00752392 -0.0209079 -0.0579048 -0.00845736 -0.0296341 -0.0438762 -0.0335341 -0.0495823 -0.0805857 -0.00649669 -0.127006 0.00620593 0.00502106 0.00586517 0.00770697 0.00311938 0.00547963 -0.0112387 0.00219873 -0.0259743 0.0280372 -0.0745605 0.00768233
internal_weight=481.53 159.897 44.0182 28.3114 115.879 44.7612 71.118 40.5256 28.4496 23.3942 4.14249 24.8661 16.329 14.9 11.6006 7.01439 3.09771 0.999347 321.632 307.032 302.262 272.877 213.167 204.516 29.3843 23.276 11.135 12.141 3.24181 15.7069
internal_count=56778 13002 9584 8766 3418 846 2572 633 432 8736 3203 366 237 217 210 144 120 76 43776 42879 40255 22377 20760 11220 17878 11544 6158 5386 252 818
is_linear=0
shrinkage=0.05


Tree=178
num_leaves=31
num_cat=0
split_feature=24 11 2 3 2 8 24 4 4 4 3 4 3 0 24 7 0 0 2 4 24 4 3 4 1 0 4 4 10 0
split_gain=6.46699 8.71814 13.9213 8.07747 7.77988 6.92975 7.64952 6.25794 4.9521 6.50715 11.0181 6.24211 4.79914 3.87374 3.52094 5.05092 3.54129 3.47749 7.5607 10.4068 7.55553 7.50375 6.26222 6.28675 5.99917 3.8287 4.59708 5.14946 4.32186 8.33416
threshold=0.44622616000000009 365.50000000000006 0.36700680272108849 0.50326847856259638 0.30471628592483418 0.37708504238446822 0.33425173000000002 0.60002258355916904 0.69869828314100768 0.64709263015551055 0.52450636119990968 0.62543595578985789 0.42500971250971259 9.3954720000000016 0.45873110000000006 0.15484515484515488 5.235547050000001 6.750020000000001 0.48610038610038614 0.76513672255051579 0.57137350000000009 0.64259546813894652 0.54762034443407004 0.63991487775516831 0.29300813008130083 8.4788090000000018 0.61543610710277397 0.55785934744268084 1.0000000180025095e-35 8.1105680000000024
decision_type=2 2 2 2 2 2 2 2 2 2 2 2 2 2 2 2 2 2 2 2 2 2 2 2 2 2 2 2 2 2
left_child=1 12 4 -4 13 6 -5 -8 9 11 -11 -7 -1 -3 -2 16 -16 21 25 -20 -21 22 23 -17 -24 26 27 -19 29 -28
right_child=14 2 3 5 -6 8 7 -9 -10 10 -12 -13 -14 -15 15 17 -18 18 19 20 -22 -23 24 -25 -26 -27 28 -29 -30 -31
leaf_value=-0.06627189745838527 0.030196186327734454 -0.051768567570106831 -0.037734185259219011 0.036844162378461186 -0.076681220098496483 -0.050298074028056097 0.032267507348905218 -0.063541572497849738 0.020256043842043134 -0.0074990742849377692 -0.1326538043400457 0.01145155292568379 0.01010179659805417 0.056659420794685139 0.026120116160980918 -0.042944021741092901 -0.072261013043217734 0.044418269206446176 -0.051542974933660793 -0.070168896329010952 0.0064566097678111951 -0.060895988523307243 0.049310215648340372 0.055709428486431657 -0.030305113210939951 0.033173047363251135 -0.088564129750834997 -0.055250532404730004 0.037714481380093347 0.0511286861009181
leaf_weight=2.126310954442487 14.303478992767394 1.4678881120453289 17.106217792232201 19.189883104132608 12.628772067822863 6.1166971991115195 2.8969267504289737 4.1400739230302861 8.1091000332417007 3.8030667022394473 3.2710955078218831 12.367899082222719 63.022390819782231 1.8771215677261353 1.2398028835586945 8.9546291321453335 3.4882535972005826 1.7771190155272076 8.4058071939984966 3.2695180349792272 200.47618353172948 5.9542581307264859 8.5730705513433332 1.9701899854589999 3.268110590287562 36.60987102848776 2.2158428368857104 4.7861793165975541 11.36622562892444 2.060636439739028
leaf_count=1749 897 478 245 53 717 56 22 47 60 10 41 31 9492 1 1429 6105 1195 258 9540 252 10968 6334 281 53 5105 571 53 422 286 27
internal_value=0.00185062 -0.00641621 -0.016244 -0.00743179 -0.0587227 0.00122271 0.0204921 -0.0240998 -0.013788 -0.0245892 -0.0653707 -0.00898188 0.00760913 0.00907805 0.00595198 0.00481283 -0.0464633 0.00562179 0.00737528 0.00297767 0.005227 -0.0109219 0.00214837 -0.0251528 0.0273368 0.0232377 0.00685771 -0.0282636 0.0215938 -0.0212527
internal_weight=476.843 158.123 92.9747 77.001 15.9738 59.8947 26.2269 7.037 33.6679 25.5588 7.07416 18.4846 65.1487 3.34501 318.719 304.416 4.72806 299.688 270.967 212.152 203.746 28.7203 22.766 10.9248 11.8412 58.8159 22.206 6.5633 15.6427 4.27648
internal_count=56778 13002 1761 565 1196 320 122 69 198 138 51 87 11241 479 43776 42879 2624 40255 22377 20760 11220 17878 11544 6158 5386 1617 1046 680 366 80
is_linear=0
shrinkage=0.05


Tree=179
num_leaves=31
num_cat=0
split_feature=24 11 2 2 3 24 24 24 8 24 4 4 4 3 4 4 3 0 2 2 4 2 4 24 0 24 2 24 3 24
split_gain=5.90113 7.9692 13.3939 7.34051 7.27961 6.77627 9.32029 6.93657 6.03665 7.64149 5.89201 4.35713 6.29154 9.88853 5.68687 4.35461 4.34991 3.66765 3.44553 3.38007 4.39056 3.27824 9.87768 7.40953 6.65649 6.92809 5.70114 4.66173 3.73338 7.45312
threshold=0.44622616000000009 365.50000000000006 0.36700680272108849 0.30471628592483418 0.50005847953216376 0.43625215000000006 0.43277801500000007 0.11864144500000001 0.37708504238446822 0.33425173000000002 0.60002258355916904 0.69869828314100768 0.64709263015551055 0.52450636119990968 0.62543595578985789 0.60546960170616093 0.42500971250971259 9.3954720000000016 0.40651483050847464 0.38924963924963929 0.59723066622161836 0.47140522875816998 0.76513672255051579 0.57137350000000009 8.4788090000000018 0.55099350000000014 0.39369100844510679 0.5835598500000001 0.551890446718033 0.44943427500000005
decision_type=2 2 2 2 2 2 2 2 2 2 2 2 2 2 2 2 2 2 2 2 2 2 2 2 2 2 2 2 2 2
left_child=1 16 3 17 5 6 7 -4 9 -6 -11 12 14 -14 15 -10 -1 -3 -9 20 -18 24 -23 -24 25 28 27 -27 -2 -30
right_child=21 2 4 -5 8 -7 -8 18 11 10 -12 -13 13 -15 -16 -17 19 -19 -20 -21 -22 22 23 -25 -26 26 -28 -29 29 -31
leaf_value=-0.063212865335264753 0.0035228085603672219 -0.051684402681091229 -0.0066867840693796135 -0.076174895822234689 0.035719568784408545 -0.14570740670054957 0.058023235533033096 -0.04727782921072423 -0.017488385858511472 0.031194405269261594 -0.061204074196012176 0.019506241909244503 -0.010264018475151461 -0.12730229463255768 0.010663968367921686 -0.1058995140856476 0.021879269725147789 0.0562925914149148 -0.1229487673123007 0.020187675608923168 -0.018601029609807106 -0.044624961416016122 -0.063758723277932292 0.0060144438751380128 0.030228136838117176 -0.057444231992598654 -0.079824379830618186 0.0061829070310698208 -0.17209079877224934 0.039800043626663645
leaf_weight=2.1179752271773387 28.074261196710722 1.3985148106348779 5.6138258019855112 12.090719642244947 18.800866941179269 1.326389831938285 2.6008654301986089 3.1048095067126269 4.1559474328314598 2.8480255626491262 4.3768155209363613 8.0025385725930374 4.0757370545325093 3.2389665443406557 13.35997010207211 2.0947650419111596 10.841621733595277 1.7969139814376831 2.9182225780314184 34.36310526096986 17.527915061326894 10.679971188733758 3.8782875621368467 201.32844038646022 36.467890207002711 3.7718495753697452 3.4444190966119086 12.157724600577692 0.42665450808999494 15.199539070382341
leaf_count=1749 5094 478 20 717 55 13 5 128 35 22 50 60 12 41 33 24 4892 1 67 2006 2594 12702 565 12870 626 1581 3965 4531 26 1816
internal_value=0.00177752 -0.00615493 -0.0156333 -0.0583625 -0.00709715 -0.0376169 -0.0275471 -0.0466723 0.000695863 0.0189245 -0.0247807 -0.0128867 -0.0225143 -0.0620888 -0.00775318 -0.0471171 0.00726281 0.00903526 -0.0839412 0.0096422 -0.00313119 0.00571709 0.00225586 0.00469577 0.0132238 0.00339234 -0.0214953 -0.00888291 0.0144259 0.0340146
internal_weight=472.084 156.655 91.8039 15.2861 76.5177 15.5641 14.2377 11.6369 60.9536 26.0257 7.22484 34.9279 26.9254 7.3147 19.6107 6.25071 64.8506 3.19543 6.02303 62.7326 28.3695 315.429 215.887 205.207 99.5423 63.0744 19.374 15.9296 43.7005 15.6262
internal_count=56778 13002 1761 1196 565 233 220 215 332 127 72 205 145 53 92 59 11241 479 195 9492 7486 43776 26137 13435 17639 17013 10077 6112 6936 1842
is_linear=0
shrinkage=0.05


Tree=180
num_leaves=31
num_cat=0
split_feature=0 7 24 1 24 24 7 0 24 24 24 3 3 2 24 24 1 0 2 4 23 24 4 4 2 23 1 1 24 2
split_gain=6.54284 3.11753 4.47378 4.35528 2.90665 2.71647 3.1437 2.68187 2.62588 9.43802 5.93982 6.35672 8.65349 5.89085 3.92082 7.86895 5.84344 5.01407 4.38145 4.33434 4.64164 3.88064 3.62916 6.09047 5.04614 5.48456 13.0686 6.97108 5.65335 5.21672
threshold=2.2653307000000003 0.96647940074906391 0.6962049800000002 0.96340919232485511 1.0000000180025095e-35 0.92485019500000021 0.96249413970932973 17.888175000000004 0.35090069000000007 0.38401350000000006 0.36985656000000006 0.56388239743502921 0.55559249827076662 0.39767441860465119 0.29213206000000008 0.25145286000000006 0.28759398496240607 5.235547050000001 0.32605600379686767 0.61845212010779405 1.0000000180025095e-35 0.3383664950000001 0.59094578792854668 0.58021054474421352 0.39052425007008695 1.0000000180025095e-35 0.27812939521800289 0.27072835547411828 0.84446575000000013 0.94957627118644072
decision_type=2 2 2 2 2 2 2 2 2 2 2 2 2 2 2 2 2 2 2 2 2 2 2 2 2 2 2 2 2 2
left_child=-1 3 -3 4 -2 6 8 -8 14 10 11 12 13 -10 15 -6 17 18 -16 -17 -21 -18 23 -11 -24 -26 27 28 29 -27
right_child=1 2 -4 -5 5 -7 7 -9 9 22 -12 -13 -14 -15 16 19 21 -19 -20 20 -22 -23 24 -25 25 26 -28 -29 -30 -31
leaf_value=-0.046636227684946893 -0.089589216220707618 0.026192687292979307 -0.073851271020696413 0.03314923294688623 0.014570274517728575 0.028626269063467921 -0.019981889269154226 -0.14996316742083454 -0.079780788421768375 -0.0011271974556878697 -0.075111796978144241 0.041840253500733018 -0.30964414529477918 0.015809827667488962 0.033599850882582369 -0.07664579213776955 -0.059450526598461284 0.040937837682869467 -0.044396367515429032 0.012128861311833078 -0.056185075797379802 0.043297359340453069 0.01814007527986156 -0.075736857276617053 0.010041802702531239 -0.041135959845577448 0.0046448286034190536 -0.13235813395888535 -0.17162281076312755 0.019017719091512501
leaf_weight=5.6502493167681669 0.77784544862509974 1.8779039053079021 2.7595608323863416 16.447330294802669 57.188771309564856 14.279664528930878 1.4019531686008111 0.55352352070622135 2.9652684299699086 13.695640644324614 5.4811722474314584 3.6996591144961712 0.28430984742590215 3.5308174308875095 3.5919205674772448 3.3517745055314654 3.093921320503795 30.139791345070989 3.6104248863866815 7.138066463176072 3.8157236809593087 1.3072405056718706 83.948660665222604 3.4178903204756343 143.37839101340293 14.186130590343973 72.817726738550903 1.8541933623691864 0.68924077868723443 4.8318493277729422
leaf_count=16280 13 11 105 163 1875 598 82 22 471 3712 544 86 29 90 413 707 244 648 393 217 140 67 3360 719 20133 842 4684 33 52 42
internal_value=0.00687053 0.00746787 -0.0333393 0.00784524 0.00698719 0.00714231 0.00648955 -0.0567748 0.00675388 0.004638 -0.0329355 -0.0108769 -0.0396415 -0.0278244 0.0133831 0.00627388 0.0255591 0.0319815 -0.00549845 -0.0268923 -0.0116681 -0.0289322 0.00640802 -0.0160281 0.00760154 0.00388054 -0.0054795 -0.0396716 -0.030951 -0.0258529
internal_weight=511.767 506.116 4.63746 501.479 485.032 484.254 469.974 1.95548 468.019 354.781 15.9612 10.4801 6.7804 6.49609 113.238 71.4943 41.7433 37.3421 7.20235 14.3056 10.9538 4.40116 338.82 17.1135 321.706 237.758 94.3791 21.5614 19.7072 19.018
internal_count=56775 40495 116 40379 40216 40203 39605 104 39501 34797 1220 676 590 561 4704 2939 1765 1454 806 1064 357 311 33577 4431 29146 25786 5653 969 936 884
is_linear=0
shrinkage=0.05


Tree=181
num_leaves=31
num_cat=0
split_feature=0 7 1 24 24 18 24 7 15 24 24 24 3 0 0 24 24 1 0 4 2 11 24 24 4 9 4 4 4 24
split_gain=6.03168 2.80194 4.0074 3.90562 2.66695 2.51339 2.46236 2.80905 2.58532 2.34092 8.70681 5.49034 5.82721 6.90669 4.55474 3.65811 7.10634 5.38339 4.59879 4.05173 4.01816 3.63094 3.49054 3.33133 3.33246 3.12327 3.0006 5.59878 5.00038 3.50985
threshold=2.2653307000000003 0.96647940074906391 0.96340919232485511 0.6962049800000002 1.0000000180025095e-35 1.0000000180025095e-35 0.92485019500000021 0.96249413970932973 1.0000000180025095e-35 0.35090069000000007 0.38401350000000006 0.36985656000000006 0.56388239743502921 7.8949088500000011 5.235547050000001 0.29213206000000008 0.25145286000000006 0.28759398496240607 5.235547050000001 0.61845212010779405 0.32605600379686767 368.50000000000006 0.3383664950000001 0.3872459350000001 0.62470719281864806 1.0000000180025095e-35 0.59094578792854668 0.58021054474421352 0.60989719985907331 0.39442982000000004
decision_type=2 2 2 2 2 2 2 2 2 2 2 2 2 2 2 2 2 2 2 2 2 2 2 2 2 2 2 2 2 2
left_child=-1 2 4 -3 -2 6 7 9 -8 15 11 12 13 14 -11 16 -6 18 20 -18 -17 -16 -19 24 -12 -13 27 -25 -28 -30
right_child=1 3 -4 -5 5 -7 8 -9 -10 10 23 25 -14 -15 21 17 19 22 -20 -21 -22 -23 -24 26 -26 -27 28 -29 29 -31
leaf_value=-0.045435118282686288 -0.086615727630234327 0.025480823258136321 0.031962623504662814 -0.068106088691732999 0.01400575021043628 -0.056687469533419133 0.065073551069581057 -0.053091138411200313 0.015363758225516179 -0.084438989292512756 -0.017100746049590911 -0.022321597934423058 0.041065101768924063 -0.17537656153825265 0.039297638073561479 0.033107733053760892 -0.074459588429317977 -0.055888741278300673 0.039886250021708425 -0.010942369401781222 -0.042229977260205512 -0.066474429626918824 0.042513330830156827 -0.00062742589260695539 0.06141245997476083 -0.10156806909034002 0.025323180780615601 -0.073002052158945466 -0.054345659109447143 0.0051326241220696293
leaf_weight=5.5131794670874106 0.76465384391485614 1.8349564248273953 16.211159651451453 2.8405519345342327 56.748185617321724 1.5521005648027983 3.4764672930759817 1.974508918065111 10.562626707223899 1.8416031631704735 1.837790898039201 1.9544967246411022 3.58750811767095 0.80378666459728254 2.9596819750413488 3.4991360660278579 3.2657644197824984 3.1183871247994821 29.414626869889617 10.859446590235164 3.581312439404428 1.1177985138419897 1.2675141801992138 13.578286707158442 5.1077455784252379 3.4171237340196967 32.492606628983594 3.3268642434668427 2.5027412222370904 277.10909913444721
leaf_count=16280 13 11 163 105 1514 10037 31 59 567 205 67 350 53 33 147 265 591 173 579 264 240 47 46 2863 30 62 1359 537 85 19999
internal_value=0.00657874 0.00714929 0.00751104 -0.0313768 0.00668818 0.00683652 0.00704218 0.00641979 0.0276733 0.00667336 0.00466993 -0.0317461 -0.0103918 -0.0378506 -0.0191752 0.0129772 0.00610674 0.0248882 0.0311781 -0.0256276 -0.00499831 0.0103013 -0.0274508 0.00636979 0.0406378 -0.0727338 0.00564638 -0.0148705 0.00675767 0.00460025
internal_weight=508.122 502.609 497.933 4.67551 481.722 480.957 479.405 465.366 14.0391 463.392 351.637 15.682 10.3104 6.72287 5.91908 111.754 70.8734 40.881 36.4951 14.1252 7.08045 4.07748 4.3859 335.955 6.94554 5.37162 329.01 16.9052 312.104 279.612
internal_count=56775 40495 40379 116 40216 40203 30166 29568 598 29509 25837 897 485 432 399 3672 2369 1303 1084 855 505 194 219 24940 97 412 24843 3400 21443 20084
is_linear=0
shrinkage=0.05


Tree=182
num_leaves=31
num_cat=0
split_feature=0 3 0 7 24 18 7 24 24 0 24 24 24 17 14 2 24 0 17 17 9 0 23 7 24 7 3 1 24 0
split_gain=5.55481 2.62984 6.50179 5.8225 2.43832 2.32396 2.17967 2.41357 8.57146 4.10186 3.46393 10.5613 2.12303 3.87094 9.32532 7.19818 7.50825 5.85841 4.90375 4.26301 6.79929 3.80514 4.42187 7.57417 7.26833 4.85648 4.2691 3.85955 3.54023 6.01199
threshold=2.2653307000000003 0.95372534969678213 17.346946500000005 0.96922348484848497 1.0000000180025095e-35 1.0000000180025095e-35 0.79485063541838596 0.78727221500000011 0.70553625000000009 13.451532750000002 0.79428150000000008 0.81599925000000006 0.196732025 0.17267080745341609 1.0000000180025095e-35 0.27072835547411828 0.62232997500000009 12.880984500000002 0.26201372997711675 0.28239202657807316 1.0000000180025095e-35 4.6039099500000011 1.0000000180025095e-35 0.71330724070450102 0.26392902000000001 0.95713410900183737 0.57118431590096697 0.94893524554541508 0.40797336000000001 5.1883654500000009
decision_type=2 2 2 2 2 2 2 2 2 2 2 2 2 2 2 2 2 2 2 2 2 2 2 2 2 2 2 2 2 2
left_child=-1 3 6 4 -2 12 -3 8 -8 -10 -9 -12 -6 14 15 -14 -17 -18 -15 20 -20 -16 24 -24 26 28 -23 -25 -26 -30
right_child=1 2 -4 -5 5 -7 7 10 9 -11 11 -13 13 18 21 16 17 -19 19 -21 -22 22 23 27 25 -27 -28 -29 29 -31
leaf_value=-0.044215526169379529 -0.083925756326109782 -0.0082722410540028903 -0.047580049916760798 -0.12017321041103098 0.017550340297717983 -0.056517328777261823 0.048942121849287645 0.073459694645818585 0.00014510063134606807 -0.11736762798859278 -0.13269975158594693 0.043827274345671956 0.05520057068702483 0.034417054543892545 -0.023114463853069384 -0.094053297999945301 -0.051672881324068824 0.051636795699035336 -0.018696957391560805 0.0070774391405889168 -0.22011492066435503 -0.029093097000702312 0.0063366690911390803 -0.081715053406448329 0.049697187801760995 -0.07736690902708529 -0.2203458353046775 0.031023104219913545 -0.10177129319119778 0.020299230637030378
leaf_weight=5.3852954041697094 0.75007288974302255 3.5048982714543007 3.1139652599813408 0.91394636038603394 39.715574917498088 1.4678866555364027 5.611712565273594 6.5102044366485634 1.5534866831258116 1.422641621866205 0.94317056202817084 8.335590309046891 1.6867879060191615 16.570587912319752 11.617651381602625 6.116219201178863 3.9092319633982697 2.1145294307971199 2.4257438513322991 318.36941110272755 0.50647551921429101 0.77928638321827637 17.469647630748117 4.3514421286563438 10.560412193426599 1.1909166141413141 0.46642398188123479 0.91959913418395434 1.0501689471493616 25.506953836266803
leaf_count=16280 13 13 107 28 730 9946 39 11 56 46 36 227 60 518 1210 911 489 21 160 22916 8 56 1137 108 221 53 8 40 23 1304
internal_value=0.00629373 0.00683834 0.0209433 0.00590508 0.00615153 0.00629628 0.0285963 0.0338973 0.0125646 -0.056028 0.0455005 0.0258836 0.00649442 0.00546275 -0.00389455 -0.0415826 -0.0550301 -0.0154079 0.00789267 0.00652472 -0.0534874 0.00315572 0.00805497 -0.00951379 0.0181557 0.0220207 -0.100703 -0.0620465 0.0252096 0.0154721
internal_weight=504.84 499.455 30.9957 468.459 467.545 466.795 27.8817 24.3768 8.58784 2.97613 15.789 9.27876 465.327 425.611 87.7393 13.8268 12.14 6.02376 337.872 321.302 2.93222 73.9125 62.2949 22.7407 39.5542 38.3085 1.24571 5.27104 37.1175 26.5571
internal_count=56775 40495 535 39960 39932 39919 428 415 141 102 274 263 29973 29243 5641 1481 1421 510 23602 23084 168 4160 2950 1285 1665 1601 64 148 1548 1327
is_linear=0
shrinkage=0.05


Tree=183
num_leaves=31
num_cat=0
split_feature=0 3 0 7 24 18 11 11 11 11 9 13 4 0 0 1 0 7 8 0 0 3 1 1 4 12 21 24 24 24
split_gain=5.1118 2.43801 5.87375 5.24902 2.24547 2.18329 2.27611 5.74884 5.68068 5.59394 6.49522 5.89247 5.38463 5.03229 6.40866 4.79869 4.60037 12.1384 4.59534 4.24276 5.51189 4.21276 3.80599 3.54049 4.4403 4.13418 3.52543 5.57856 5.52425 10.325
threshold=2.2653307000000003 0.95372534969678213 17.346946500000005 0.96922348484848497 -1.0000000180025095e-35 1.0000000180025095e-35 1.5000000000000002 363.50000000000006 2.5000000000000004 365.50000000000006 1.0000000180025095e-35 1.0000000180025095e-35 0.60989719985907331 15.589676000000003 13.0218115 0.16247642991829034 14.763591000000002 0.73909378292939942 0.96684981684981708 4.832657750000001 5.3585543500000012 0.45663342830009507 0.18933143669985772 0.89825495415557544 0.94351940351214469 1.0000000180025095e-35 1.0000000180025095e-35 0.44943427500000005 0.35090069000000007 0.89630952500000005
decision_type=2 2 2 2 2 2 2 2 2 2 2 2 2 2 2 2 2 2 2 2 2 2 2 2 2 2 2 2 2 2
left_child=-1 3 -3 4 -2 6 13 8 12 11 21 -9 -8 14 -6 -14 17 22 23 -12 -21 -11 -17 24 25 -15 28 -28 -22 -30
right_child=1 2 -4 -5 5 -7 7 9 -10 10 19 -13 15 18 -16 16 -18 -19 -20 20 26 -23 -24 -25 -26 -27 27 -29 29 -31
leaf_value=-0.042980397477883153 -0.081485542792709947 0.027763615073950768 -0.043541729011758679 -0.11395779987621001 0.011466909032681162 -0.056283684389039912 0.02988588202565233 0.045226672360299751 -0.052443107958665802 0.01520480586108258 -0.035407159389483314 -0.021625244794053401 0.053601308108126904 -0.14327747092213064 0.049674367751713279 -0.096645973389770878 0.0112599975257138 -0.091193877737478335 -0.13380325937914114 0.029153633748768323 0.016657846115564211 -0.059192880577429455 -0.0076786399044950111 0.025177713162233217 0.0055387970293740247 -0.025489661938145333 -0.028497671362893301 0.033513183841128558 -0.00041777231756410431 -0.12679187656213239
leaf_weight=5.266136932254482 0.73430748336244178 27.31957315619184 3.2295010715388335 0.91555248014628787 70.831885153427777 1.401947730921562 10.220438965730862 17.113449019379917 6.5202251266350677 2.7502363959247287 5.7387071433331576 4.0824877619743338 2.8755673650302915 1.3222955570090527 12.987525728472972 1.2448694570412033 14.869551369920371 5.3837681729128226 0.79163623356726098 27.630359249276808 55.847458682532306 6.1750418601659476 35.002258087173686 4.4800910619087517 3.5423516279552132 1.7061754283495247 4.37100129152532 21.302516909185215 144.32324969654655 1.6345792692154635
leaf_count=16280 13 428 107 28 1691 9946 337 258 20403 306 368 19 29 11 570 41 59 29 39 177 281 1557 855 546 58 88 48 190 2005 8
internal_value=0.00602222 0.00654213 0.0202256 0.00564471 0.00588026 0.00601847 0.00620723 0.00441711 -0.00781664 0.00761743 0.00567416 0.0323505 -0.00363576 0.0130765 0.017387 -0.00940586 -0.0126126 -0.0211393 -0.0174329 0.00710927 0.00806568 -0.036268 -0.0107341 -0.00909664 -0.0324654 -0.0769184 0.00550427 0.0229556 0.00328412 -0.00183303
internal_weight=501.615 496.349 30.5491 465.8 464.884 464.15 462.748 367.086 76.1167 290.969 269.773 21.1959 69.5965 95.662 83.8194 59.376 56.5004 41.6309 11.8425 260.848 255.109 8.92528 36.2471 11.0509 6.57082 3.02847 227.479 25.6735 201.805 145.958
internal_count=56775 40495 535 39960 39932 39919 29973 26970 21753 5217 4940 277 1350 3003 2261 1013 984 925 742 3077 2709 1863 896 703 157 99 2532 238 2294 2013
is_linear=0
shrinkage=0.05


Tree=184
num_leaves=31
num_cat=0
split_feature=0 7 1 22 24 7 8 15 2 24 18 7 7 7 7 1 22 9 17 0 3 0 24 3 11 11 0 3 0 24
split_gain=4.70278 2.2853 3.40825 3.06929 2.33394 2.36822 4.01679 2.35184 2.25762 2.06418 2.04809 2.0275 2.96593 2.67784 2.64232 5.55397 6.53191 4.27763 5.00626 4.00474 2.68392 4.39535 5.87031 19.525 10.5566 4.09243 3.97246 3.80015 3.35493 3.23175
threshold=2.2653307000000003 0.96647940074906391 0.96340919232485511 1.0000000180025095e-35 0.92485019500000021 0.96249413970932973 0.96340919232485511 1.0000000180025095e-35 0.9457002457002458 -1.0000000180025095e-35 1.0000000180025095e-35 0.097960815673730467 0.12793235133660663 0.14962686567164177 0.17817460317460324 0.20550527903469082 1.0000000180025095e-35 1.0000000180025095e-35 0.10818713450292396 8.1534830000000031 0.48884220354808594 6.750020000000001 0.85504002000000001 0.47222222222222221 365.50000000000006 1.5000000000000002 4.4477484500000015 0.50005847953216376 4.3784611500000006 0.82046562000000012
decision_type=2 2 2 2 2 2 2 2 2 2 2 2 2 2 2 2 2 2 2 2 2 2 2 2 2 2 2 2 2 2
left_child=-1 2 4 -3 5 9 -7 -6 -9 -2 11 -11 -13 -14 -15 16 -16 18 -18 -19 21 25 29 24 -24 26 -17 -22 -27 -23
right_child=1 3 -4 -5 7 6 -8 8 -10 10 -12 12 13 14 15 20 17 19 -20 -21 27 22 23 -25 -26 28 -28 -29 -30 -31
leaf_value=-0.041732893534362908 -0.079265995819417165 0.015419509104765229 0.029448809429946411 -0.066425063507726104 0.063343457534799294 -0.014477131534809274 -0.19357058900432442 -0.055585269827369312 0.022354458105293056 -0.063453096694711303 -0.056031922196632999 0.044723586523621926 -0.029720516709030493 0.017732891169329686 -0.0017396177571276353 -0.06094552346837722 -0.11342366364999863 -0.07798333797408516 0.0070033915351863998 -0.22985487723614903 0.031025086662236197 0.004202522674231976 -0.020840378048750375 0.053661525359418587 -0.2489635488692036 0.01027103487889567 0.022450878077010645 0.0065841701537153593 -0.068343419747682141 0.043030888974111219
leaf_weight=5.1552533364694559 0.71755031361681076 2.1220140578607234 15.796515432586601 2.4892717924449244 3.2504917357582572 1.6367505789021373 0.38713585620644142 1.0317190018304252 9.3433515097131004 1.0548059039165867 1.3437671013475085 4.8785867680489892 5.3246564777555241 42.966153438496804 16.69937142313211 1.9464248121803382 1.207916895400557 2.275435834017117 3.0221427449132534 0.53639762598322693 16.769900352476725 24.983337057248722 0.84218287465046082 2.2358753658700152 1.2747674658894539 1.728443750281256 5.360363557949313 308.0017806841588 6.3171789949064987 6.8223343121208009
leaf_count=16280 13 58 163 58 31 81 23 48 519 185 9992 602 1272 2556 1154 35 91 89 419 20 685 837 67 6 8 332 57 19853 1162 79
internal_value=0.00577441 0.00627183 0.00660304 -0.028762 0.00583839 0.00523214 -0.0487347 0.0262312 0.014604 0.0054715 0.00560496 0.0057873 0.00594846 0.0055265 0.00595016 0.00468459 -0.0187703 -0.0591575 -0.0273852 -0.106955 0.00616446 -0.00443873 0.00507827 -0.0493798 -0.15821 -0.0268535 0.000235259 0.0078462 -0.0514547 0.0125312
internal_weight=497.522 492.367 487.755 4.61129 471.959 458.333 2.02389 13.6256 10.3751 456.309 455.592 454.248 453.193 448.315 442.99 400.024 23.7413 7.04189 4.23006 2.81183 376.283 51.5109 36.1585 4.35283 2.11695 15.3524 7.30679 324.772 8.04562 31.8057
internal_count=56775 40495 40379 116 40216 39618 104 598 567 39514 39501 29509 29324 28722 27450 24894 1773 619 510 109 23121 2583 997 81 75 1586 92 20538 1494 916
is_linear=0
shrinkage=0.05


Tree=185
num_leaves=31
num_cat=0
split_feature=3 2 1 24 9 24 3 10 2 24 22 1 24 15 7 9 1 1 1 0 24 24 11 24 24 2 2 24 24 24
split_gain=17.2952 5.73184 5.54622 6.15322 10.2316 5.39157 6.0112 5.2499 4.46088 3.36325 3.29885 4.51462 5.33839 5.6549 7.21786 5.63046 5.1821 3.72542 4.34613 3.61181 4.74812 9.37547 8.42914 3.86018 3.59282 3.46803 5.51061 3.34088 2.91484 2.89068
threshold=0.36669653524492241 0.97100840336134464 0.9651115618661259 0.89630952500000005 1.0000000180025095e-35 0.11864144500000001 0.51267104542966624 1.0000000180025095e-35 0.27953488372093033 0.5757079300000002 1.0000000180025095e-35 0.21114551083591329 0.20817088000000003 1.0000000180025095e-35 0.96249413970932973 1.0000000180025095e-35 0.18580676096859264 0.22756041426927501 0.23294573643410846 5.1472082500000012 0.79197404000000016 0.85116190000000003 1.0000000180025095e-35 0.30154575000000006 0.14828595500000005 0.3417843388960205 0.3393028461784458 0.21907789500000005 0.31168522000000004 0.77022292000000003
decision_type=2 2 2 2 2 2 2 2 2 2 2 2 2 2 2 2 2 2 2 2 2 2 2 2 2 2 2 2 2 2
left_child=7 2 5 4 -4 6 -2 -1 9 -7 11 16 -13 14 19 -16 -10 -15 25 23 27 22 -22 -14 -18 26 -19 -21 -20 -3
right_child=1 29 3 -5 -6 8 -8 -9 10 -11 -12 12 13 17 15 -17 24 18 28 20 21 -23 -24 -25 -26 -27 -28 -29 -30 -31
leaf_value=0.021092413491880731 -0.0058574458453647393 -0.00099659277873009942 -0.0079371389561381112 -0.020171314222537748 -0.40251490315098937 -0.07706631724334112 -0.078280028317966849 -0.11127844428886241 0.010940628116276118 0.0019203545192431296 0.011279090106541654 0.032531175176736864 -0.0014314339661069644 0.035200968296843306 -0.044277726734166127 -0.27142196110198424 -0.29502904388824136 -0.040304888572845032 -0.060031642126246815 -0.13964962991052762 0.051123891513204268 0.029547156701845996 -0.092396218204265204 -0.055688705424613329 -0.042320858001846068 -0.054263923333264102 -0.62127498572358597 0.0046903304373308525 0.0083382437094430949 0.04299726381827669
leaf_weight=0.91418397481083857 10.895052753916387 4.9937075322586706 0.33249000163414111 1.5401414345251394 0.32476970381685533 2.8231643831727515 3.8875363990946417 4.1465115894638984 6.7554530183520027 2.578683322084089 190.8713820963992 15.631942560955393 6.2515221228440918 12.40190082668232 0.70919293072438339 0.44339397706789896 0.14273416308515052 0.091015919937489254 1.5819452829618956 0.40345100541890033 1.2453954918310026 3.960855510404599 5.7303329942687924 6.8924171536485375 9.6281021121185386 1.0496069080609229 0.074002683162689209 63.220979671105852 107.12425738405636 14.799733518042556
leaf_count=553 172 78 54 32 6 4129 74 378 2596 493 11596 249 588 451 74 7 20 66 54 15 71 288 802 11166 2511 92 1 8522 11520 115
internal_value=0.00457971 0.00555646 0.00441455 -0.0748295 -0.202909 0.00479776 -0.0249032 -0.0873665 0.0057965 -0.0393604 0.00635828 0.00249847 0.00433682 0.00224983 -0.00734998 -0.131659 -0.0227317 0.00922331 0.00629236 -0.00571635 -0.00145618 -0.0318893 -0.0667732 -0.0298829 -0.0460125 -0.0877638 -0.300841 0.00377505 0.00734329 0.031898
internal_weight=481.446 476.385 456.592 2.1974 0.65726 454.394 14.7826 5.0607 439.612 5.40185 434.21 243.339 226.812 211.18 88.8575 1.15259 16.5263 122.323 109.921 87.705 74.561 10.9366 6.97573 13.1439 9.77084 1.21463 0.165019 63.6244 108.706 19.7934
internal_count=56773 55842 55649 92 60 55557 246 931 55311 4622 50689 39093 33966 33717 21533 81 5127 12184 11733 21452 9698 1161 873 11754 2531 159 67 8537 11574 193
is_linear=0
shrinkage=0.05


Tree=186
num_leaves=31
num_cat=0
split_feature=3 2 10 24 3 1 24 9 2 24 1 4 24 3 1 7 5 8 24 11 24 4 16 24 7 24 1 4 9 7
split_gain=15.7685 5.31559 4.78875 4.74625 5.44492 4.87143 4.5299 6.21862 4.11099 3.24647 3.04227 8.80235 5.94726 3.97299 11.7947 4.40018 3.6982 3.8752 12.0273 20.6909 5.27147 4.45994 6.21404 4.27661 4.0287 5.57542 16.5642 3.65309 6.80756 3.48609
threshold=0.36669653524492241 0.97100840336134464 1.0000000180025095e-35 0.11864144500000001 0.51267104542966624 0.9651115618661259 0.89630952500000005 1.0000000180025095e-35 0.27953488372093033 0.5757079300000002 0.3417843388960205 0.79965909090909104 0.50587563000000013 0.68760401572901586 0.77015755329008351 0.55291153415453531 0.31666666666666671 0.94804318488529027 0.81824298000000006 365.50000000000006 0.72619235000000015 0.95088225118210146 1.0000000180025095e-35 0.78462447000000013 0.70064935064935074 0.7677244000000002 0.92390405293631106 0.92913490413490429 1.0000000180025095e-35 0.8368293666801131
decision_type=2 2 2 2 2 2 2 2 2 2 2 2 2 2 2 2 2 2 2 2 2 2 2 2 2 2 2 2 2 2
left_child=2 3 -1 4 -2 8 7 -7 9 -5 -10 12 -12 15 -15 -13 -16 18 23 21 -19 -20 -23 24 -18 29 -27 28 -22 -26
right_child=1 -3 -4 5 -6 6 -8 -9 10 -11 11 13 -14 14 16 -17 17 20 19 -21 27 22 -24 -25 25 26 -28 -29 -30 -31
leaf_value=0.020238946781830108 -0.005548262920906601 0.030955497925755904 -0.10680443835976793 -0.07662468162490732 -0.074490630469782909 -0.0075462950407268834 -0.018883080674956261 -0.29801018503427068 0.0093236539978804583 0.0018253092682547517 -0.0041461047549970122 -0.01186516959622759 -0.055986755656563775 -0.045587928643083274 0.022920815870580011 0.048279512076326157 0.030445648004144434 -0.1025197869742725 -0.00056174442364305876 -0.23308929157617256 0.029051625584149612 0.047146309185380111 -0.20024102732601423 0.041413448584025424 -0.056408779368911199 -0.2900010622717844 0.042032676073892522 0.015162147882042513 -0.12119599355973032 0.0082775323496606778
leaf_weight=0.90533003585369343 10.926259815597403 19.390447196934474 4.1052112900920292 2.7005735495140462 3.8812224416287782 0.33223193332014433 1.5623598978854714 0.41374686835479224 270.3179918264027 2.577344564193254 11.733477331624174 4.3539105499912685 10.468324149818597 11.595208113761258 28.551631417069075 10.084595029554292 4.8030084949059626 1.0236811148670302 4.2075061942514358 1.523534096580988 1.6087028333859044 0.39181046835619759 0.72085289668757468 5.9563431439100887 2.9411309895795039 0.70730922925213124 0.8009784336136363 51.231379067096896 1.4188242529635318 7.1372008213766094
leaf_count=553 172 193 378 4129 74 54 32 6 19866 493 1802 714 17757 6884 375 436 45 69 220 14 114 51 19 63 69 18 29 2020 11 113
internal_value=0.0043844 0.00531836 -0.0838496 0.00422332 -0.0236189 0.00516209 -0.0672822 -0.168648 0.00554488 -0.0383155 0.00608127 0.000646082 -0.0285894 0.00531379 0.00243705 0.030143 0.00736397 0.00210576 -0.0126323 -0.0706277 0.00988756 -0.0241036 -0.113127 0.00512947 -0.0080569 -0.0240174 -0.113674 0.0120083 -0.0413606 -0.0105997
internal_weight=478.372 473.362 5.01054 453.971 14.8075 439.164 2.30834 0.745979 436.855 5.27792 431.577 161.259 22.2018 139.058 124.619 14.4385 113.024 84.4723 29.1897 6.8437 55.2826 5.32017 1.11266 22.346 16.3896 11.5866 1.50829 54.2589 3.02753 10.0783
internal_count=56773 55842 931 55649 246 55403 92 60 55311 4622 50689 30823 19559 11264 10114 1150 3230 2855 641 304 2214 290 70 337 274 229 47 2145 125 182
is_linear=0
shrinkage=0.05


Tree=187
num_leaves=31
num_cat=0
split_feature=2 1 24 2 24 1 24 16 11 0 0 22 1 24 15 7 1 0 24 24 12 9 1 1 2 24 7 9 7 4
split_gain=5.28044 4.22371 13.2477 4.84154 4.36442 4.13662 3.97859 3.82426 5.69876 3.70775 3.09167 2.85059 6.27756 4.94707 5.30901 5.82503 4.89337 3.94886 4.1402 8.37325 7.4135 3.65232 3.32749 3.87719 3.23979 3.18574 4.40525 6.09792 3.59951 3.64183
threshold=0.97100840336134464 0.18286311389759663 0.60570270000000004 0.30877573131094266 0.44622616000000009 0.9651115618661259 0.11864144500000001 1.0000000180025095e-35 365.50000000000006 5.4029843500000014 8.3071135000000016 1.0000000180025095e-35 0.21114551083591329 0.20817088000000003 1.0000000180025095e-35 0.96249413970932973 0.18580676096859264 5.1472082500000012 0.79197404000000016 0.85116190000000003 1.0000000180025095e-35 1.0000000180025095e-35 0.22756041426927501 0.23294573643410846 0.96647940074906391 0.44943427500000005 0.24156877605153473 1.0000000180025095e-35 0.25586470267321332 0.8149991348397323
decision_type=2 2 2 2 2 2 2 2 2 2 2 2 2 2 2 2 2 2 2 2 2 2 2 2 2 2 2 2 2 2
left_child=1 2 3 -1 10 6 9 8 -7 -3 -5 12 16 -14 15 17 -8 -15 25 20 -20 -17 -16 -24 -18 26 27 -19 -27 -30
right_child=-2 5 -4 4 -6 7 11 -9 -10 -11 -12 -13 13 14 22 21 24 18 19 -21 -22 -23 23 -25 -26 28 -28 -29 29 -31
leaf_value=-0.071366706620559689 0.030024346942747734 -0.085750618844784757 -0.090218723904083212 -0.041862794345354476 0.041196839609019105 0.010764943840578554 0.052355005680750688 0.0071230534200733015 -0.20405863446994124 -0.011367283564321129 0.044861279628872618 0.01003913464013232 0.031058181253680806 -0.031276302110014129 0.033166870661770591 -0.042702400199623763 -0.042434109808941439 -0.011004518927355203 -0.087402567239085641 0.028556783626613541 0.051040848101911333 -0.21775742586501612 -0.079387596474809044 0.0066670352161435388 -0.27725572145100058 0.039660747877996061 0.003359593658705104 -0.10574479496103528 -0.047447563652026549 0.0098104652644801643
leaf_weight=1.8257800430674276 19.002250513580748 1.9390157257666931 4.9582262291464749 3.8589203241185697 7.1726847993381853 0.50846775848549353 1.4466861305113514 1.1004103270824999 0.785824988859531 12.319183666910247 1.4006876246094178 184.10145850926756 15.298557262631219 13.304441374919746 12.188723696424857 0.71114552362450811 10.215631601691253 5.1663420791137495 5.6561841714183156 3.841348576593191 1.1663881796412168 0.51283133623655885 1.3249815447879871 107.88302409526841 0.14902897324282172 9.1321731277662348 17.200471188556548 2.5302891759711201 3.1113208428319039 25.849968189217634
leaf_count=3313 193 132 1161 1177 1009 64 92 12 16 37 14 11344 290 12439 543 74 3158 451 802 289 71 7 185 11680 6 795 491 62 3277 3589
internal_value=0.0041988 0.00312417 -0.0198187 0.00466287 0.0158284 0.00413201 0.00449275 -0.0614032 -0.119664 -0.0214829 -0.0187673 0.00537291 0.00174344 0.00360962 0.00160597 -0.00773116 -0.0337869 -0.00620656 -0.00167813 -0.0304893 -0.0637343 -0.116048 0.00838848 0.00562297 -0.0458105 0.00319942 -0.0107093 -0.0421507 0.0122899 0.00365922
internal_weight=475.662 456.66 19.2163 14.2581 12.4323 437.444 435.049 2.3947 1.29429 14.2582 5.25961 420.791 236.69 224.878 209.58 88.1829 11.8113 86.9589 73.6545 10.6639 6.82257 1.22398 121.397 109.208 10.3647 62.9906 24.8971 7.69663 38.0935 28.9613
internal_count=56773 56580 6674 5513 2200 49906 49814 92 80 169 1191 49645 38301 35045 34755 22347 3256 22266 9827 1162 873 81 12408 11865 3164 8665 1004 513 7661 6866
is_linear=0
shrinkage=0.05


Tree=188
num_leaves=31
num_cat=0
split_feature=3 2 10 1 2 16 11 0 7 0 1 7 0 11 4 2 4 2 8 8 8 11 11 11 9 4 15 17 0 3
split_gain=13.1666 4.55668 4.06466 3.67538 3.62345 3.29548 4.76247 2.84943 11.632 4.05626 3.87602 4.49064 3.78149 3.13803 2.896 2.73023 2.5165 2.97411 2.42273 2.59032 4.71531 2.95235 3.55455 9.80549 11.1175 5.78288 6.45782 3.68631 7.9681 13.521
threshold=0.36669653524492241 0.97100840336134464 1.0000000180025095e-35 0.9651115618661259 0.27953488372093033 1.0000000180025095e-35 365.50000000000006 5.1472082500000012 0.20864427860696519 4.3784611500000006 0.20806277056277053 0.1719211822660098 5.3585543500000012 1.0000000180025095e-35 0.66283945445235781 0.41060765718299969 0.64397715198932248 0.37176079734219269 0.96340919232485511 0.29300813008130083 0.29818990155604957 1.0000000180025095e-35 360.50000000000006 365.50000000000006 1.0000000180025095e-35 0.94853243122686715 1.0000000180025095e-35 0.070197044334975353 7.6918828500000016 0.55723272828535997
decision_type=2 2 2 2 2 2 2 2 2 2 2 2 2 2 2 2 2 2 2 2 2 2 2 2 2 2 2 2 2 2
left_child=2 3 -1 4 -2 6 -5 8 10 14 11 -6 -9 -11 -10 16 -12 -18 19 -14 -21 -22 25 -24 -25 -23 -27 -26 29 -29
right_child=1 -3 -4 5 7 -7 -8 12 9 13 15 -13 18 -15 -16 -17 17 -19 -20 20 21 22 23 24 27 26 -28 28 -30 -31
leaf_value=0.019064373114301456 -0.037113419560880115 0.029105191801671166 -0.09878478046610438 0.010255086104530464 0.018651100413474061 0.0068115167036490072 -0.18446318087423907 0.025322707873947276 -0.036896157530508858 0.011994134736056527 0.038765635208650805 -0.055900743577647516 0.018727004707374591 -0.074247514925810207 0.013904528127762729 -0.073695369406777622 -0.075685692131694085 0.020014990471830998 0.023424238457497408 -0.085816274436135528 0.019291706449896234 -0.0035526626478688894 0.037022785821185643 -0.071314621342157977 0.017703802114023177 -0.12388756909003691 -0.015361365884716842 -0.050183087368705331 0.0060103677457248412 0.013393345404664381
leaf_weight=0.89424466106896616 5.2440336172769539 18.631810506943111 4.024376733535064 0.50709637313411715 4.4684551488062443 1.0933863380923867 0.82475146858996595 24.03433208534716 6.9911716369734638 1.2322467281185803 15.155976050471514 3.6862075223625652 27.415314431400475 7.324099947662944 4.6857375585042007 0.66604388092582567 1.0977964861012868 3.116573438087471 16.763868699294108 1.4968648970116181 25.990024707886278 71.934208925335042 21.527424427375081 5.1084345308045149 36.581045605067629 2.159227322877995 3.7537261751567712 18.493360736210889 122.13871755645596 15.266517503056091
leaf_count=553 4663 193 378 64 2320 12 16 1071 11446 58 1433 1214 1600 830 1762 153 87 93 244 121 2089 21154 306 1833 231 332 133 442 1694 248
internal_value=0.00401991 0.00487631 -0.0773589 0.00387036 0.00420391 -0.0575154 -0.110325 0.00469512 -0.00674855 -0.0356745 0.0140121 -0.0150491 0.00610639 -0.0618274 -0.0165107 0.0258399 0.0292623 -0.00491397 0.0048535 0.00396874 0.00272169 0.00313206 0.00171778 0.00497837 0.00148709 -0.00745977 -0.0549918 0.00341926 6.74439e-05 -0.0214333
internal_weight=472.307 467.388 4.91862 448.757 446.331 2.42523 1.33185 441.087 48.4243 20.2333 28.1911 8.15466 392.663 8.55635 11.6769 20.0364 19.3703 4.21437 368.629 351.865 324.45 322.953 296.963 219.116 197.588 77.8472 5.91295 192.48 155.899 33.7599
internal_count=56773 55842 931 55649 55557 92 80 50894 19396 14096 5300 3534 31498 888 13208 1766 1613 180 30427 30183 28583 28462 26373 4754 4448 21619 465 2615 2384 690
is_linear=0
shrinkage=0.05


Tree=189
num_leaves=31
num_cat=0
split_feature=3 2 10 24 3 1 2 24 24 24 16 9 1 3 3 1 3 8 3 8 5 8 24 9 2 1 24 24 24 7
split_gain=12.0746 4.21216 3.75359 3.32379 4.84464 3.37836 3.29363 3.23658 2.90769 3.71119 2.86504 3.0426 2.69757 6.35703 4.06734 6.39415 7.15631 5.26089 5.80052 6.45972 3.36111 3.51793 10.4276 14.9658 4.73237 5.50629 4.10826 4.03539 4.02804 3.62805
threshold=0.36669653524492241 0.97100840336134464 1.0000000180025095e-35 0.11864144500000001 0.51267104542966624 0.9651115618661259 0.27953488372093033 0.5757079300000002 0.77022292000000003 0.6962049800000002 1.0000000180025095e-35 1.0000000180025095e-35 0.3417843388960205 0.58890442307546598 0.60088252804051823 0.77015755329008351 0.68760401572901586 0.70801282051282055 0.68402098706446546 0.65806129247168565 0.31666666666666671 0.94804318488529027 0.81824298000000006 1.0000000180025095e-35 0.93908472479901051 0.92390405293631106 0.72619235000000015 0.876498785 0.78462447000000013 0.70064935064935074
decision_type=2 2 2 2 2 2 2 2 2 2 2 2 2 2 2 2 2 2 2 2 2 2 2 2 2 2 2 2 2 2
left_child=2 3 -1 4 -2 6 7 -5 9 -3 11 -7 -8 -14 -15 16 17 18 -16 -20 -17 22 28 24 -24 -26 -23 -27 29 -22
right_child=1 8 -4 5 -6 10 12 -9 -10 -11 -12 -13 13 14 15 20 -18 -19 19 -21 21 26 23 -25 25 27 -28 -29 -30 -31
leaf_value=0.018266728120029233 -0.002855630144414588 0.026654174871919453 -0.095551902712446388 -0.075513720596675341 -0.068250214036892395 -0.04058033801914937 0.0084186347875269147 0.004098938577938689 0.039950461187099578 -0.066617835601116213 0.0065117631126483224 -0.19273340519807758 -0.044577553601905344 0.044322194654316097 -0.0091408654728366723 0.021656356955194973 -0.045418445561618725 0.049988318901300045 -0.050576049575531801 -0.6716347235402802 0.029112943121815799 -0.088910281954789352 0.029103439440946038 -0.20876439929868293 -0.2239642208824324 -0.090028526817051049 0.011035583419796196 0.030327817238688815 0.040626947241964501 -0.023168948611919968
leaf_weight=0.88682333370797906 11.144128552404252 3.0799358810941184 3.9542776900170793 2.5124377597710454 3.7971709212242777 0.80951734600239345 264.58806416037987 2.5953972848535614 13.567068965870929 1.6313595412602806 1.0867068413062952 0.55303114105845452 7.5597979728637474 5.5742123222105411 15.435818107495493 27.825737737355666 14.101441818400529 4.3159139060107909 0.10463018055179496 0.069799405248886615 4.6424084791324374 1.0484857750279832 2.1774510921350148 1.4498821310698984 0.47166973679122781 1.6615492245055068 53.081726450341193 1.1990205977708681 5.6864269790185054 11.633702255069236
leaf_count=553 172 30 378 4129 74 74 19866 493 115 48 12 6 5219 1282 9694 397 10795 156 330 72 51 69 95 9 15 72 2145 121 66 235
internal_value=0.00385383 0.00467449 -0.0747019 0.0037085 -0.019475 0.00451372 0.00484901 -0.0350609 0.0281987 -0.00564271 -0.0540416 -0.102336 0.00533136 0.000162676 0.00241033 0.000798072 -0.0181614 0.00112802 -0.0123809 -0.299098 0.00661658 0.00157768 -0.0125004 -0.0658335 -0.028221 -0.0656796 0.00909966 -0.0395806 0.00440002 -0.00825667
internal_weight=468.246 463.404 4.8411 445.126 14.9413 430.185 427.736 5.10784 18.2784 4.7113 2.44926 1.36255 422.628 158.04 150.48 144.906 34.0276 19.9262 15.6102 0.17443 110.878 83.0523 28.9221 6.95957 5.50969 3.33224 54.1302 2.86057 21.9625 16.2761
internal_count=56773 55842 931 55649 246 55403 55311 4622 193 78 92 80 50689 30823 25604 24322 21047 10252 10096 402 3275 2878 664 312 303 208 2214 193 352 286
is_linear=0
shrinkage=0.05


Tree=190
num_leaves=31
num_cat=0
split_feature=8 11 3 1 3 3 9 7 8 7 24 8 8 17 1 24 3 8 1 4 24 3 22 1 11 24 1 1 24 3
split_gain=10.9824 5.52706 2.96814 3.40625 7.68606 5.5892 4.1114 3.93304 3.83444 13.3698 7.15713 6.49103 6.3741 6.02582 5.41768 3.54538 13.2996 3.53648 5.21919 3.32266 2.52151 5.7199 7.07539 2.85476 4.17859 6.53543 5.0323 18.0727 2.48807 9.65148
threshold=0.95945205479452067 360.50000000000006 0.37389306599832922 0.81605800214822788 0.73303552603837241 0.75801380371272853 1.0000000180025095e-35 0.79485063541838596 0.93908472479901051 0.70659971305595415 0.81599925000000006 0.94185260311020969 0.95538971807628525 0.93750000000000011 0.92390405293631106 0.85504002000000001 0.38631684792675508 0.95538971807628525 0.25677655677655681 0.92913490413490429 0.86928745000000018 0.92722431077694256 1.0000000180025095e-35 0.95419580419580419 1.5000000000000002 0.876498785 0.95713410900183737 0.95538971807628525 0.11864144500000001 0.52225339697282436
decision_type=2 2 2 2 2 2 2 2 2 2 2 2 2 2 2 2 2 2 2 2 2 2 2 2 2 2 2 2 2 2
left_child=2 -2 -1 4 7 6 -6 15 -5 -10 12 -12 14 -14 -11 28 -17 -18 -19 -7 -13 22 -22 -23 -25 -26 27 -27 29 -4
right_child=1 -3 3 8 5 19 -8 -9 9 10 11 20 13 -15 -16 16 17 18 -20 -21 21 23 -24 24 25 26 -28 -29 -30 -31
leaf_value=0.029751271470766057 -0.0013926075919277355 0.03457849322053505 0.0018421466609902749 0.02520360378971119 -0.038073456683992944 -0.053624302759462707 -0.19866084124602992 -0.07225456211721136 -0.2623792797996084 -0.13833912044628377 -0.12226466296245081 0.031507576800374713 -0.044836629744237133 -0.27207687798130509 -0.0047136635782456466 -0.21642914175446212 0.035180818975609644 0.050060839110919776 -0.16429798061301409 0.0081677366876024109 0.011049061576110767 0.032601404462913486 -0.13762991593769131 0.037755127346761987 0.053617376281177923 -0.50015522293993986 -0.045435644239125952 0.020433207412704241 0.0042797042019521022 -0.10991261775421653
leaf_weight=10.798338101525585 13.763137357304002 47.653826169836975 10.988453960173556 33.665258016005282 0.71974837821471627 4.8212498312321923 0.89319173764670268 1.7614107981244149 0.46842243691207741 0.83602738465560733 0.84068734766151365 18.780416588720072 0.69813143756618845 0.50115302123595029 8.1832515217702149 0.87438970551011053 2.4364391525414253 0.50266764285333898 0.65265310465474613 3.964355829577471 1.8080276440287006 11.441190324678248 1.4355051779421046 2.8906877420376977 1.2542074104203491 0.2910443983273584 2.0855367372860201 0.39026522391941398 292.59044203625712 2.3441170690530262
leaf_count=1121 920 176 180 382 763 6889 49 23 11 38 44 476 188 19 308 9 170 19 27 60 93 402 21 272 7 16 55 30 43991 50
internal_value=0.00677217 0.0265176 0.00387732 0.00319272 0.000839965 -0.0414483 -0.127001 0.0022487 0.0120613 0.00353716 0.00595883 0.0152455 -0.0314998 -0.139795 -0.0170999 0.00267149 -0.0415555 0.0010163 -0.0710328 -0.0257417 0.0181086 0.00645672 -0.0547525 0.0172743 -0.00809711 -0.0410597 -0.0839767 -0.201954 0.00331716 -0.0178064
internal_weight=480.334 61.417 418.917 408.119 322.549 10.3985 1.61294 312.151 85.5698 51.9046 51.4361 41.2176 10.2186 1.19928 9.01928 310.389 4.46615 3.59176 1.15532 8.78561 40.3769 21.5965 3.24353 18.3529 6.91174 4.02105 2.76685 0.68131 305.923 13.3326
internal_count=56809 1096 55713 54592 52230 7761 812 44469 2362 1980 1969 1416 553 207 346 44446 225 216 46 6949 1372 896 114 782 380 108 101 46 44221 230
is_linear=0
shrinkage=0.05


Tree=191
num_leaves=31
num_cat=0
split_feature=8 11 3 1 3 3 7 8 7 24 8 1 1 9 9 24 3 8 3 4 4 24 24 9 24 17 17 3 0 8
split_gain=10.0955 5.14964 2.71287 3.14268 6.99903 4.85838 3.61616 3.53959 9.99685 6.46341 5.71092 5.56765 4.43016 12.6634 3.44916 3.13456 10.6333 3.14744 4.26273 3.07675 2.76622 2.74953 3.33185 10.9095 2.86464 2.40947 15.5087 9.87192 5.30989 4.41857
threshold=0.95945205479452067 360.50000000000006 0.37389306599832922 0.81605800214822788 0.73303552603837241 0.75801380371272853 0.79485063541838596 0.93908472479901051 0.70659971305595415 0.81599925000000006 0.94185260311020969 0.89825495415557544 0.95538971807628525 1.0000000180025095e-35 1.0000000180025095e-35 0.85504002000000001 0.38631684792675508 0.95538971807628525 0.45239633321028677 0.92913490413490429 0.94351940351214469 0.78216355000000015 0.8114861550000001 1.0000000180025095e-35 0.69274527000000019 0.17267080745341609 0.070197044334975353 0.57477602051104781 5.9449322000000011 0.34960317460317464
decision_type=2 2 2 2 2 2 2 2 2 2 2 2 2 2 2 2 2 2 2 2 2 2 2 2 2 2 2 2 2 2
left_child=2 -2 -1 4 6 14 15 -5 -9 11 -11 20 21 -14 -6 25 -17 -18 -19 -7 -10 24 23 -23 -13 26 27 29 -29 -4
right_child=1 -3 3 7 5 19 -8 8 9 10 -12 12 13 -15 -16 16 17 18 -20 -21 -22 22 -24 -25 -26 -27 -28 28 -30 -31
leaf_value=0.028582594223036391 -0.0013219434350036571 0.03345932561357038 -0.014467874298733752 0.024405963332751444 -0.036368424186215408 -0.052032163310716084 -0.069971282945155588 -0.20588812357633204 -0.01776385837572236 -0.11179751989732599 0.017513335739839826 -0.040336641076731183 0.012311868427945995 -0.49896028988498986 -0.18263797807827209 -0.18616433078024849 0.034234627621342946 0.049443240064113242 -0.14352495237810844 0.0078088057763974128 -0.19920872659592054 -0.023900531790412734 0.0051978482432743674 -0.35169867897679619 0.032733342794850608 0.0055537285128703729 -0.076566660183189833 -0.075605439287283263 0.0063763089013313531 0.019013729179625658
leaf_weight=10.680922435032242 13.77362299078686 46.807292273533676 13.03946369582266 33.043335423738426 0.7159194548785297 4.7229071658780395 1.7287855635404401 0.56411168443810211 0.30465329854814527 0.87258024336915596 39.755726027503442 1.9759620360182415 0.36918937651353267 0.18023872899357229 0.92220755530070164 0.96311097243596933 2.3800492689770185 0.48081223455665145 0.70703795643566991 3.9398892521949165 0.67650316997787741 1.0007373788994303 1.3044823928221374 0.34007875842507918 4.1762154142470536 236.4766165645473 6.8329253716145208 5.6072887856398648 3.0491380631438005 40.335223589660927
leaf_count=1121 920 176 1720 382 763 6889 23 11 19 44 1372 34 150 7 49 9 170 21 25 60 44 114 22 7 156 38628 1213 528 855 1277
internal_value=0.00647842 0.0255515 0.0037085 0.00305487 0.000801463 -0.0397483 0.00214196 0.0116327 0.00344039 0.00575775 0.0147361 -0.0295611 -0.017667 -0.15541 -0.118713 0.00254428 -0.0387378 0.00105816 -0.0654162 -0.0248161 -0.142869 -0.00906454 -0.0516928 -0.107042 0.00926466 0.00315688 -0.00507382 0.00280134 -0.0467282 0.0108342
internal_weight=477.727 60.5809 417.146 406.465 321.901 10.3009 311.6 84.5638 51.5205 50.9564 40.6283 10.3281 9.3469 0.549428 1.63813 309.872 4.53101 3.5679 1.18785 8.6628 0.981156 8.79748 2.6453 1.34082 6.15218 305.341 68.864 62.0311 8.65643 53.3747
internal_count=56809 1096 55713 54592 52230 7761 44469 2362 1980 1969 1416 553 490 157 812 44446 225 216 46 6949 63 333 143 121 190 44221 5593 4380 1383 2997
is_linear=0
shrinkage=0.05


Tree=192
num_leaves=31
num_cat=0
split_feature=8 11 2 2 24 5 24 0 6 5 6 6 24 24 7 0 3 17 16 3 11 3 24 3 24 3 4 2 24 7
split_gain=9.27255 4.7942 4.58386 2.46864 13.822 5.05126 5.03566 5.45949 4.43614 5.34712 7.44363 4.19525 5.23819 4.69603 4.06188 3.67878 5.23061 9.5819 4.41341 5.31886 4.61424 3.97096 3.61286 6.0204 10.6913 4.65438 3.52078 3.21849 6.70835 2.86568
threshold=0.95945205479452067 360.50000000000006 0.96340919232485511 0.85895117540687183 0.76045260000000015 0.29285714285714287 0.78001331500000015 9.6980390000000014 0.35416666666666669 0.31666666666666671 0.15476190476190474 0.53571428571428581 0.81599925000000006 0.81381737500000007 0.63224516988674229 9.8819210000000002 0.5730188792688794 0.11437908496732026 1.0000000180025095e-35 0.57625270731089151 1.5000000000000002 0.6169361264715888 0.86928745000000018 0.92722431077694256 0.876498785 0.83670591787439619 0.66283945445235781 0.94185260311020969 0.89630952500000005 0.27072835547411828
decision_type=2 2 2 2 2 2 2 2 2 2 2 2 2 2 2 2 2 2 2 2 2 2 2 2 2 2 2 2 2 2
left_child=2 -2 3 4 8 -6 14 -8 9 10 15 -5 13 -13 -7 16 29 21 19 -19 -20 -18 -14 24 -24 -26 -21 28 -25 -1
right_child=1 -3 -4 11 5 6 7 -9 -10 -11 -12 12 22 -15 -16 -17 17 18 20 26 -22 -23 23 27 25 -27 -28 -29 -30 -31
leaf_value=0.0023893949351329116 -0.001254914014057053 0.032362527396508474 -0.11409142555504644 0.021432757161312651 -0.045275383324990662 -0.0074030677730728316 -0.4105119709433826 -0.036888835061212939 -0.061628499320417446 0.043446789721572898 -0.053640777386759847 -0.016932314677814402 0.022020763624941736 -0.13794178362905271 -0.31491319475177698 0.027058829089023219 -0.077186066428142061 -0.15583329769998402 0.049750857074455389 0.023206182078996544 -0.056764675138133061 -0.0017904287605914268 -0.18004526793248346 -0.26232750596155457 0.007435424055287302 -0.088697632579518626 -0.038688080861792339 0.016006951311678244 0.045978909352191503 0.017547942418300093
leaf_weight=185.34328835793116 13.783590124769942 45.994981329346047 0.82641429588693327 47.277716200308532 4.0238408000927839 0.13391517388481577 0.10972605046299555 0.89764467357235844 2.6417810751008792 8.1250238427310233 5.8227961222740978 14.554182443261194 27.824070461450901 0.84847656637339319 0.54207422770741687 15.612323378034487 7.1539200814204502 0.46623790242757124 1.2607776159420598 17.338193348536027 5.2530648451029265 2.3104120064435847 1.1655257082657069 0.31993663889443524 5.1325192061121925 1.6683666834305766 2.6486032286028367 17.835846097212197 0.3933729173586471 37.483741686492976
leaf_count=19168 920 176 21 423 5856 205 39 1249 2590 1231 8431 647 620 22 129 392 274 334 31 4243 304 250 25 16 146 68 1995 783 32 6189
internal_value=0.00620015 0.0246111 0.00354824 0.00378296 0.00136065 -0.0757001 -0.148426 -0.0775851 0.0028696 0.00345956 0.00230208 0.00993432 0.00213962 -0.0235983 -0.253995 0.00348716 0.00206769 -0.0154965 -0.000305384 0.0111098 -0.0361482 -0.0587806 0.00943507 -0.00377171 -0.0401266 -0.0161476 0.0150041 0.0118418 -0.092304 0.00493935
internal_weight=474.792 59.7786 415.014 414.187 297.167 5.7072 1.68336 1.00737 291.46 288.818 280.693 117.02 69.7423 15.4027 0.675989 274.871 259.258 36.4312 26.9669 20.453 6.51384 9.46433 54.3396 26.5156 7.96641 6.80089 19.9868 18.5492 0.71331 222.827
internal_count=56809 1096 55713 55692 52910 7478 1622 1288 45432 42842 41611 2782 2359 669 334 33180 32788 7431 6907 6572 335 524 1690 1070 239 214 6238 831 48 25357
is_linear=0
shrinkage=0.05


Tree=193
num_leaves=31
num_cat=0
split_feature=8 11 2 1 1 8 8 2 2 24 11 0 8 24 24 9 0 4 17 11 21 1 8 2 0 24 4 4 1 7
split_gain=8.50742 4.46037 3.91833 2.94449 5.9488 5.0057 4.69877 4.07838 3.60983 3.25535 9.52173 4.00572 3.15511 5.19645 5.29174 13.4204 5.24096 15.695 4.39054 3.03575 4.3378 4.05173 5.10838 4.11191 3.4527 3.43634 4.05783 3.36978 3.28666 4.93875
threshold=0.95945205479452067 363.50000000000006 0.96340919232485511 0.81605800214822788 0.56736587333602273 0.68908988128886384 0.71209658695147449 0.80798771121351776 0.94413233458177293 0.85504002000000001 365.50000000000006 10.119407500000003 0.95419580419580419 0.81599925000000006 0.876498785 1.0000000180025095e-35 15.761325500000002 0.93642247510668575 0.081666666666666624 1.0000000180025095e-35 1.0000000180025095e-35 0.3417843388960205 0.36700680272108849 0.4624765478424015 7.2569232000000001 0.52919060000000007 0.79078571335952608 0.68720680191268435 0.32605600379686767 0.33137254901960794
decision_type=2 2 2 2 2 2 2 2 2 2 2 2 2 2 2 2 2 2 2 2 2 2 2 2 2 2 2 2 2 2
left_child=2 -2 3 4 9 -6 -7 -8 -9 11 -11 19 -5 16 18 -16 17 -14 -15 24 21 28 -23 25 -1 -24 -27 -22 29 -21
right_child=1 -3 -4 12 5 6 7 8 -10 10 -12 -13 13 14 15 -17 -18 -19 -20 20 27 22 23 -25 -26 26 -28 -29 -30 -31
leaf_value=0.0083399168057881126 -0.00076721367577223872 0.031420774199751277 -0.10238401866930394 0.01759076680245977 -0.052245705688566992 0.038384853557565955 -0.079015922201136804 0.014278301237178159 -0.05130731668766661 0.0083519773590049664 -0.17363744250740853 0.019059045287146067 -0.61186602975178683 -0.088386526909866925 -0.00040004107761377702 -0.20030617203250434 0.010195432410570655 -0.076725576358055214 0.039223403787868899 0.0015975336317775913 -0.051137018636677606 -0.081269573770829218 0.020619052819851019 -0.056413065099872456 0.049957792100284587 -0.031930156595602201 -0.38147603258177259 0.01691294387049103 0.024284839762276238 -0.10813614907476393
leaf_weight=29.000649990553711 14.161198631889418 44.847779868279758 0.87355378572919917 62.546468067870592 8.7988723631822285 4.4462009914905165 2.4718110574540324 6.4733875680167312 3.1040306711747689 2.4696154127050245 1.0137575988774186 38.515212984995287 0.15079978282119855 0.72905388129220483 6.3799275362034669 0.96678288653492916 1.2466365885411503 1.4987767628081199 8.9334595898144453 186.39620605176674 7.0052707055126557 3.1390774140986641 6.8570320299841097 3.1309146573767066 6.017637104028835 0.30629925488938159 0.11390412624314195 2.4573928784338932 16.478467910401378 1.0310325328291572
leaf_count=3925 922 174 21 1409 14914 953 733 110 64 178 7 1354 37 28 410 6 31 201 223 13715 8151 1993 641 2391 510 1858 2 656 866 326
internal_value=0.00593874 0.0236962 0.00339882 0.00362328 0.00150712 -0.0217907 -0.00554555 -0.021756 -0.00697793 0.00344604 -0.044612 0.00400322 0.012073 -0.00526471 0.00527698 -0.0267065 -0.0671752 -0.125647 0.029595 0.00178939 -0.000325187 0.00111692 -0.0253618 -0.00850015 0.0154916 0.0121136 -0.126681 -0.0334649 0.00287613 0.000993891
internal_weight=471.561 59.009 412.552 411.679 329.227 25.2943 16.4954 12.0492 9.57742 303.932 3.48337 300.449 82.4519 19.9054 17.0092 7.34671 2.89621 1.64958 9.66251 261.934 226.916 217.453 13.5472 10.4082 35.0183 7.27724 0.420203 9.46266 203.906 187.427
internal_count=56809 1096 55713 55692 53347 16774 1860 907 174 36573 185 36388 2345 936 667 416 269 238 251 35034 30599 21792 6885 4892 4435 2501 1860 8807 14907 14041
is_linear=0
shrinkage=0.05


Tree=194
num_leaves=31
num_cat=0
split_feature=8 11 2 1 3 11 1 6 22 13 24 11 0 3 17 0 8 11 0 2 2 24 24 9 24 24 2 2 0 8
split_gain=7.79817 4.15171 3.37824 2.70263 6.2053 3.06881 4.61753 3.94428 4.54419 3.44202 3.05612 7.79835 4.22751 4.92942 9.82061 3.61887 6.2157 7.1525 3.02423 2.87292 2.85775 2.66052 11.4861 4.38857 3.39079 5.74977 14.3804 5.40358 3.37345 2.59824
threshold=0.95945205479452067 360.50000000000006 0.96340919232485511 0.81605800214822788 0.66153766637743405 363.50000000000006 0.89825495415557544 0.53571428571428581 1.0000000180025095e-35 1.0000000180025095e-35 0.85504002000000001 365.50000000000006 10.037648750000001 0.5730188792688794 0.11437908496732026 7.3389366000000011 0.30471628592483418 1.5000000000000002 6.9580013500000009 0.52803983228511542 0.25198412698412703 0.76045260000000015 0.7677244000000002 1.0000000180025095e-35 0.81824298000000006 0.79680145000000013 0.95803990610328671 0.94185260311020969 17.888175000000004 0.95419580419580419
decision_type=2 2 2 2 2 2 2 2 2 2 2 2 2 2 2 2 2 2 2 2 2 2 2 2 2 2 2 2 2 2
left_child=2 -2 3 4 10 6 7 -5 -9 -10 12 -12 13 19 18 -16 -17 -18 -15 20 -1 28 23 -23 25 27 -27 -24 -14 -7
right_child=1 -3 -4 5 -6 29 -8 8 9 -11 11 -13 21 14 15 16 17 -19 -20 -21 -22 22 24 -25 -26 26 -28 -29 -30 -31
leaf_value=-0.071938558904390978 -0.0011524750295958833 0.03024147046835117 -0.09267233510604167 -0.0049428250091723335 -0.023245602668506494 0.023676294591972593 0.010312334573947894 -0.027606012083621002 -0.22898830295277831 -0.064632710513955111 0.005114804918329093 -0.15514635587343362 0.030844043526063476 -0.071745534718838308 0.018289560566474853 0.023581943722421124 0.040688875920804723 -0.069135915956126656 0.020544944977974367 -0.049982764151632199 0.0053590998666567967 -0.048598019783077935 -0.098012216624708895 -0.42689662999898403 0.038940255444914446 -0.045109640543333988 -0.54741629476711362 0.029717473593435254 -0.064635094033746052 -0.0041267984776397178
leaf_weight=1.2022413214028791 13.79886205904222 44.47079071159169 0.9156790718557194 4.1816784047150604 23.615786201307628 44.364064526873335 19.735215163228531 1.7552026192179255 0.67597995200503647 0.60246583223943162 2.5767972758658284 1.0760668072034603 26.891519775083911 7.8524581964957232 13.057544309987344 5.4290115003386736 1.905218908777895 6.6818860357552694 1.000775782596065 2.4068147353744953 220.62557413380478 0.11992210187963692 1.0182063311285654 0.21253482144675218 4.9523050714451529 1.0073906880261345 0.16596043109893788 4.4328506662423024 0.95807824263829289 10.366500812953744
leaf_count=2135 920 176 21 84 14162 202 1789 119 33 30 172 7 1357 684 6379 56 132 2473 196 1647 23059 64 272 16 287 205 2 32 10 88
internal_value=0.00569213 0.0228071 0.00325847 0.00347331 0.0014422 0.0116093 -0.00220173 -0.0364299 -0.0798328 -0.151536 0.00336273 -0.0420952 0.00391639 0.00159576 -0.0155987 -0.000649846 -0.018294 -0.0447691 -0.061313 0.00435066 0.00494017 0.0191014 -0.00067766 -0.290439 0.00764362 -0.0157533 -0.116157 0.00585877 0.0275594 0.0184101
internal_weight=468.055 58.2697 409.786 408.87 327.189 81.6811 26.9505 7.21533 3.03365 1.27845 303.573 3.65286 299.92 260.162 35.9269 27.0737 14.0161 8.5871 8.85323 224.235 221.828 39.7588 11.9092 0.332457 11.5767 6.62441 1.17335 5.45106 27.8496 54.7306
internal_count=56809 1096 55713 55692 53347 2345 2055 266 182 63 39185 179 39006 36761 9920 9040 2661 2605 880 26841 25194 2245 878 80 798 511 207 304 1367 290
is_linear=0
shrinkage=0.05


Tree=195
num_leaves=31
num_cat=0
split_feature=0 2 24 9 2 24 0 24 9 1 0 24 6 21 24 0 0 1 3 8 8 24 6 3 1 6 2 10 3 24
split_gain=4.92218 8.46115 4.85876 11.8475 3.46258 6.13581 8.12932 12.6122 10.4211 9.14673 7.94201 7.00828 9.41099 5.61516 5.32449 5.08213 5.65307 6.75823 5.83303 5.4805 5.7216 4.99867 14.8926 4.84191 4.72377 5.3524 4.2671 3.92604 4.7737 3.84115
threshold=18.387796500000004 0.91734972677595616 0.90917380000000014 1.0000000180025095e-35 0.42163742690058487 0.70158055000000019 14.006580000000001 0.68753689500000015 1.0000000180025095e-35 0.92390405293631106 12.191800750000002 0.70346623000000019 0.84523809523809534 1.0000000180025095e-35 0.68580032000000013 8.8459605000000021 5.620200500000001 0.27953488372093033 0.50479839445356689 0.38148742643124672 0.27953488372093033 0.71475595000000014 0.41428571428571431 0.54231097456903921 0.91024165707710025 0.35416666666666669 0.42462121212121212 1.0000000180025095e-35 0.95372534969678213 0.60141167000000006
decision_type=2 2 2 2 2 2 2 2 2 2 2 2 2 2 2 2 2 2 2 2 2 2 2 2 2 2 2 2 2 2
left_child=4 -2 -3 -4 13 6 7 26 -9 14 -10 -7 21 15 24 16 17 18 19 20 -1 22 -13 -20 25 -8 -6 -14 -29 -18
right_child=1 2 3 -5 5 11 9 8 10 -11 -12 12 27 -15 -16 -17 29 -19 23 -21 -22 -23 -24 -25 -26 -27 -28 28 -30 -31
leaf_value=-0.055501730685068244 -0.051018743441181881 0.046153269914871113 0.017660641027861107 -0.25273320712496777 -0.10563997976634623 0.068132806422775721 -0.069698466191601305 0.0091937790564021425 -0.15327850792794243 -0.21608243900766833 -0.45496169277369036 -0.004100283322312305 0.019897994835028181 -0.026653819021917453 0.049294172919242013 0.025717818360047603 -0.00089336525851150368 0.031125199504992054 -0.048462889148495496 -0.069040545399518774 0.023720809150731988 0.0067016127810588539 -0.3390639877192777 0.0099976199803892413 0.050508302949017009 -0.27751169219149746 -0.004128110351742334 -0.034619605274324915 -0.14236796703188451 -0.043828875030450493
leaf_weight=2.4539661873050127 3.1743730420712408 19.175052642880477 3.168739495973568 0.46449500322341908 1.0500215216293316 4.2496103178154945 1.0137416736461089 0.7181866358382637 0.79801505459181499 0.96447037214602449 0.3002324570370547 1.6406647178582709 1.1299099276075129 11.35914381864154 1.0870958617160793 38.965141867203783 74.84850583448042 35.910373306743622 8.4498613705854932 1.9052797779531818 31.979745175650805 133.34401756429133 0.41595962972132827 6.0978489206645454 0.46012873180734448 0.44623036583652709 73.517667968719763 2.1857510921945504 1.9406261057338268 5.5988215199299693
leaf_count=3428 47 262 182 3 303 174 52 1324 77 14 17 1142 53 8242 44 293 2805 6531 1254 338 2938 14588 38 469 5 39 11659 120 55 396
internal_value=0.00431267 0.0254634 0.0361079 -0.0169082 0.00307167 -0.00127348 -0.0123549 -0.00872856 -0.138904 -0.0820984 -0.235751 0.00487158 0.00296029 0.00757047 -0.039127 0.00945573 0.00566694 0.0145169 0.00279648 0.0135074 0.0180749 0.00550851 -0.0718479 -0.0239585 -0.0891881 -0.133215 -0.00555755 -0.0626811 -0.0852934 -0.00388151
internal_weight=468.814 25.9827 22.8083 3.63323 442.831 225.262 80.3558 76.3841 1.81643 3.97167 1.09825 144.907 140.657 217.569 3.0072 206.21 167.244 86.7971 50.8867 36.339 34.4337 135.401 2.05662 14.5477 1.9201 1.45997 74.5677 5.25629 4.12638 80.4473
internal_count=56892 494 447 185 56398 29704 13534 13380 1418 154 94 16170 15996 26694 140 18452 18159 14958 8427 6704 6366 15768 1180 1723 96 91 11962 228 175 3201
is_linear=0
shrinkage=0.05


Tree=196
num_leaves=31
num_cat=0
split_feature=0 4 2 4 21 3 3 24 0 0 1 3 8 8 6 2 4 2 3 4 4 1 24 24 24 0 24 24 5 24
split_gain=4.57928 10.9605 3.14489 7.50897 5.09003 4.75037 5.05074 9.67667 4.7214 5.16088 6.16126 5.30696 5.06582 5.28269 4.69174 4.61564 10.5401 4.44166 4.38573 4.31674 4.16934 4.15743 8.1208 3.76219 9.0013 4.17242 3.7099 4.66547 4.68028 3.45478
threshold=18.387796500000004 0.92492653080888387 0.42163742690058487 0.60002258355916904 1.0000000180025095e-35 0.94428419533682717 0.93493761140819964 0.6791377500000001 8.8459605000000021 5.620200500000001 0.27953488372093033 0.50479839445356689 0.38148742643124672 0.27953488372093033 0.77500000000000013 0.97259759759759767 0.96260439560439559 0.42462121212121212 0.54231097456903921 0.59968511929296253 0.68574203574203585 0.94893524554541508 0.89630952500000005 0.60141167000000006 0.69988115000000006 8.5278930000000006 0.70158055000000019 0.70737313000000013 0.84523809523809534 0.40797336000000001
decision_type=2 2 2 2 2 2 2 2 2 2 2 2 2 2 2 2 2 2 2 2 2 2 2 2 2 2 2 2 2 2
left_child=2 -2 4 19 8 6 17 -8 9 10 11 12 13 -1 -9 26 -17 -5 -13 -4 23 22 -16 -11 25 -25 -7 -28 -29 -12
right_child=1 -3 3 5 -6 15 7 14 -10 20 29 18 -14 -15 21 16 -18 -19 -20 -21 -22 -23 -24 24 -26 -27 27 28 -30 -31
leaf_value=-0.054562666692827902 -0.06128943697907311 0.037284370363899776 -0.054521110591192856 -0.10355989427849088 -0.025353037253681689 -0.050547845360961713 -0.21506037296521974 0.050013476233329496 0.024889424337448424 0.00089672371100838529 0.03868729253554945 -0.046213414572650553 -0.06754220379466086 0.02277869613117614 -0.30529915189588253 -0.18026343973212827 0.012338925014784218 -0.00099291474048787513 0.0095433454934435238 -0.2187779388431848 -0.086551304202434232 -0.029251118694874706 0.048840672281993069 -0.070392074835600255 0.046614562236120871 -0.25655150030606899 0.070356784334945438 0.019248146656643303 -0.10359088239563691 0.002325003885223388
leaf_weight=2.3734492063080941 3.2304397659863779 22.194551738721202 2.0114377602767486 1.0622640008491533 11.345233700949619 1.8071775061684991 0.70790679181482019 1.7768413264748222 38.26699840625588 73.395214659185967 26.935360379687154 8.4189500600232332 1.8515461804227005 31.645999757990467 0.39176982592652976 0.97265902925209902 2.6338260321663256 166.47186956622116 6.0694527304040085 0.49927434155870276 1.4898157711795637 8.2550421687792532 0.2758659595856443 3.3775870048939391 1.9104264494453671 0.33044138635159459 4.5380060812403817 32.857755359274051 0.79416556286378082 8.6234987400380287
leaf_count=3428 58 436 961 244 8242 63 9 43 293 2750 848 1254 338 2938 30 22 67 26571 469 18 58 607 21 356 24 13 6 979 63 5683
internal_value=0.0041265 0.0247598 0.00293717 -0.00119925 0.00724634 -0.00022918 -0.00383522 -0.0360274 0.00905322 0.00541184 0.0139348 0.00268371 0.0129992 0.0173828 -0.0241821 0.0145694 -0.0396054 -0.00164325 -0.0228559 -0.0871848 -0.0036844 -0.0389572 -0.158969 -0.00212193 -0.0415554 -0.0869817 0.0194542 0.0227668 0.0163492 0.029869
internal_weight=466.515 25.425 441.09 225.056 216.034 222.545 178.942 11.4074 204.689 166.422 85.9183 50.3594 35.871 34.0194 10.6995 43.6036 3.60649 167.534 14.4884 2.51071 80.5035 8.92268 0.667636 79.0137 5.61845 3.70803 39.9971 38.1899 33.6519 35.5589
internal_count=56892 494 56398 29704 26694 28725 27525 710 18452 18159 14958 8427 6704 6366 701 1200 89 26815 1723 979 3201 658 51 3143 393 369 1111 1048 1042 6531
is_linear=0
shrinkage=0.05


Tree=197
num_leaves=31
num_cat=0
split_feature=11 11 17 2 17 2 7 21 11 24 4 2 24 4 1 8 8 24 24 4 1 8 24 2 6 4 7 4 24 2
split_gain=3.49652 6.81079 6.60449 7.14952 17.8257 7.64169 9.20008 6.32786 5.64644 6.81062 4.46674 4.37628 4.19777 4.17672 4.03993 3.9467 3.94217 3.67547 13.2315 6.35339 3.97829 4.15937 5.51022 3.62393 8.10817 9.99837 4.23855 16.8148 7.10354 7.67181
threshold=360.50000000000006 365.50000000000006 0.070197044334975353 0.95713410900183737 0.23392612859097126 0.41136180499597103 0.23606811145510834 1.0000000180025095e-35 1.0000000180025095e-35 0.29213206000000008 0.60002258355916904 0.3393028461784458 0.62421510000000013 0.67774007774007783 0.18580676096859264 0.29568913175470551 0.36127844712182072 0.30154575000000006 0.28192462000000007 0.57119266278193026 0.31139971139971145 0.28759398496240607 0.36985656000000006 0.95101959216313492 0.81666666666666676 0.94030791700154726 0.62418831168831179 0.94511887851385512 0.52132725000000013 0.47943661971830992
decision_type=2 2 2 2 2 2 2 2 2 2 2 2 2 2 2 2 2 2 2 2 2 2 2 2 2 2 2 2 2 2
left_child=8 11 16 4 -4 7 -7 12 15 13 -8 -2 17 -10 -11 -1 -3 18 -6 -19 -21 -22 -23 26 25 -25 27 28 -12 -30
right_child=1 2 3 -5 5 6 10 -9 9 14 23 -13 -14 -15 -16 -17 -18 19 -20 20 21 22 -24 24 -26 -27 -28 -29 29 -31
leaf_value=-0.026604217795638114 -0.035712680781525147 0.037777313159235375 -0.095140749224889715 0.019451009054717399 0.0065375846566176499 -0.068552283736524222 -0.11361211726530365 -0.053655187266916309 -0.034467651066490856 0.028653831499143981 0.0060059080498327958 0.039090814394920723 -0.052732423685206836 -0.12621703551478369 -0.0077829805497646523 0.016987665691753192 0.010630353343910695 -0.068967370398898512 -0.14967385038024381 0.023617037048930822 0.017112443912592267 0.01313014762318707 -0.11023850510844885 -0.1606121877904684 0.0074404919513226114 -0.0093134358885887444 0.011755573706271371 -0.35451530685582516 -0.31323986907113333 -0.044352149192857758
leaf_weight=5.8683328806493895 2.1438502474629813 19.783425103705667 5.1709961446895241 41.314323619066272 11.70377719449243 6.8190548936836413 0.97580802521770138 3.9498973396666761 5.0754067775919784 8.2366376964127976 16.522749983920228 22.225331957837625 2.5150415281896121 1.641631187833809 99.570443368766291 45.074817128305497 41.271921748022578 2.0909012424335733 1.5331502762164735 65.516252829314908 5.0037381330985209 1.6851150739748848 1.9553669312444979 2.1685519095699402 5.3355144196939364 2.1994258205231745 29.943043103634409 0.36258499716495762 0.27724050502729269 6.1463698559346085
leaf_count=1086 30 239 441 154 187 360 46 378 2829 4523 161 337 51 162 36559 5114 527 490 86 589 17 10 31 25 20 17 753 7 5 1658
internal_value=0.0039478 0.00717847 0.00492752 0.00077511 -0.00371411 -0.000878133 -0.013345 0.00831422 -0.00188248 -0.0080427 -0.00745648 0.0325101 0.0109747 -0.056891 -0.00499915 0.0119662 0.0194266 0.0127652 -0.0115554 0.0169871 0.0194105 -0.0124713 -0.0531333 -0.00581107 -0.0339137 -0.0844281 -0.000690259 -0.0166784 -0.0113401 -0.0559572
internal_weight=464.081 298.613 274.244 213.189 171.875 166.704 70.7503 95.9532 165.467 114.524 63.9313 24.3692 92.0033 6.71704 107.807 50.9432 61.0553 89.4883 13.2369 76.2514 74.1605 8.64422 3.64048 62.9555 9.70349 4.36798 53.252 23.3089 22.9464 6.42361
internal_count=56892 6619 6252 5486 5332 4891 3052 1839 50273 44073 2692 367 1461 2991 41082 6200 766 1410 273 1137 647 58 41 2646 62 42 2584 1831 1824 1663
is_linear=0
shrinkage=0.05


Tree=198
num_leaves=31
num_cat=0
split_feature=0 4 0 8 22 11 11 0 24 0 24 0 24 17 2 24 7 6 11 17 17 11 2 0 0 1 2 4 7 3
split_gain=4.11947 10.0045 2.80232 4.69711 10.1528 4.42142 6.56225 3.78038 3.48821 4.07397 3.20586 3.18196 13.1607 6.49351 3.10278 6.93959 4.51366 4.80056 3.02243 5.56661 12.3565 4.71343 5.50834 4.64006 5.36774 4.14991 4.03326 6.40747 4.91575 9.76758
threshold=18.387796500000004 0.92492653080888387 15.407293500000003 0.97259759759759767 1.0000000180025095e-35 1.0000000180025095e-35 1.5000000000000002 14.923655250000001 0.74679760000000006 17.346946500000005 0.83538603000000011 14.356017000000003 0.68408610000000014 0.93750000000000011 0.95538971807628525 0.81824298000000006 0.8368293666801131 0.61250000000000016 360.50000000000006 0.070197044334975353 0.22967032967032963 1.5000000000000002 0.97617697107203638 4.6802870000000008 5.4515390000000012 0.16247642991829034 0.39767441860465119 0.57277466747106942 0.72834224598930497 0.94428419533682717
decision_type=2 2 2 2 2 2 2 2 2 2 2 2 2 2 2 2 2 2 2 2 2 2 2 2 2 2 2 2 2 2
left_child=2 -2 7 5 -5 -4 -7 11 9 -8 14 18 -13 -14 15 16 17 -10 21 -20 -21 22 -1 -23 -25 -26 27 -27 -28 -30
right_child=1 -3 3 4 -6 6 8 -9 10 -11 -12 12 13 -15 -16 -17 -18 -19 19 20 -22 23 -24 24 25 26 28 -29 29 -31
leaf_value=0.0068042450019041231 -0.058437426659238505 0.035983281063041259 0.050019057590439113 0.049422598057031017 -0.30307363947795934 -0.0844244972037273 -0.02768508411512563 0.029726602786169388 -0.15397248928969898 -0.21242118717893971 -0.019282610695589689 -0.18157681178648019 -0.07709921075794697 0.015490677830091937 0.030106389046686461 -0.10447034015920612 0.037669762497709793 0.0065959788362758747 0.020119228698230806 -0.067073830682677069 0.0052285861249115866 0.01950090466701071 -0.30915790531575449 -0.074529569310560415 0.048034204978561632 0.024592226998967667 0.0018361612209975044 -0.064849390914353974 -0.11429713665738239 0.0055764868623797885
leaf_weight=74.057284685866989 3.2270879846691995 21.472140725585632 3.1223012299742541 0.40526497610699053 0.4118922554407618 2.8814476924017063 1.0060588071100927 13.752753652961472 0.73044711177135657 0.42430426782084385 15.846509638609858 1.1698327464564489 2.4362084829695023 8.502250783611089 10.0572718876665 1.6077792764426702 4.7533157314355776 1.2832967045833357 62.102476110168936 6.1260902802086994 166.93175134573994 9.3695078043026552 0.13819760736077924 3.9836254878905484 2.5452155289112843 2.6241849223952149 24.725222343216959 8.4506448075799181 2.9733894755831889 3.9659242861780513
leaf_count=11354 58 436 611 22 28 21 46 374 45 26 295 31 85 241 72 23 36 12 803 451 4954 12638 9 2238 626 1540 16564 2168 696 389
internal_value=0.00378148 0.0236467 0.00265711 -0.00953602 -0.128255 -0.0072103 -0.0118407 0.00397377 -0.00598368 -0.0824854 -0.00279145 0.00304199 -0.0221781 -0.0051309 0.0113864 -0.0110943 0.0110908 -0.0516472 0.00387182 0.00727746 0.00266915 -0.00215734 0.00621573 -0.012752 -0.0188856 -0.0139907 -0.0176844 -0.0436562 -0.00860061 -0.0457875
internal_weight=461.084 24.6992 436.384 42.5299 0.817157 41.7127 38.5904 393.855 35.709 1.43036 34.2786 380.102 12.1083 10.9385 18.4321 8.37484 6.76706 2.01374 367.994 235.16 173.058 132.833 74.1955 58.6377 49.2682 45.2846 42.7394 11.0748 31.6645 6.93931
internal_count=56892 494 56398 1237 50 1187 576 55161 555 72 483 54787 357 326 188 116 93 57 54430 6208 5405 48222 11363 36859 24221 21983 21357 3708 17649 1085
is_linear=0
shrinkage=0.05


Tree=199
num_leaves=31
num_cat=0
split_feature=0 4 3 2 4 21 0 0 1 3 8 8 24 7 2 8 2 7 24 11 7 24 1 4 24 3 11 11 11 9
split_gain=3.81634 9.16213 2.69107 3.80115 6.12639 4.32783 4.42599 4.34902 5.39888 4.60264 4.60795 4.77237 4.16008 4.70466 3.94421 3.69515 4.6194 7.84991 6.49425 11.4059 6.11517 4.52467 8.25045 3.85543 4.31552 3.68601 3.3915 3.39348 6.43226 5.60276
threshold=18.387796500000004 0.92492653080888387 0.95664729601518039 0.42163742690058487 0.60002258355916904 1.0000000180025095e-35 8.8459605000000021 5.620200500000001 0.27953488372093033 0.50479839445356689 0.38148742643124672 0.27953488372093033 0.34264877500000007 0.20112359550561798 0.42462121212121212 0.23294573643410846 0.36700680272108849 0.21304964539007087 0.23717984500000003 371.50000000000006 0.20864427860696519 0.47682032000000002 0.26138716356107661 0.62470719281864806 0.60141167000000006 0.53127958785853535 1.5000000000000002 363.50000000000006 365.50000000000006 1.0000000180025095e-35
decision_type=2 2 2 2 2 2 2 2 2 2 2 2 2 2 2 2 2 2 2 2 2 2 2 2 2 2 2 2 2 2
left_child=2 -2 3 5 -5 6 7 8 9 10 11 -1 -11 -14 -6 -9 20 18 -18 25 23 -19 -23 24 -17 -20 -16 -28 -29 -30
right_child=1 -3 -4 4 14 -7 -8 15 -10 12 -12 -13 13 -15 26 16 17 21 19 -21 -22 22 -24 -25 -26 -27 27 28 29 -31
leaf_value=-0.053825547421902202 -0.055410608456376888 0.035014644969886814 0.02261327038330185 -0.081534612037453824 -0.098818099194475248 -0.023861144527292356 0.023717146765635386 0.036988906749602639 0.027630221407758573 -0.052063560593446905 -0.06638318885298132 0.021109493905139418 -0.065229633756683933 0.02416767278639417 0.011394753726041583 0.016601890186217466 0.028537219283878913 0.02267081947284183 0.019790539337014971 -0.091330853776026344 -0.061260576776594883 0.049472697698322833 -0.072233936204700352 -0.051350640330369658 -0.097563942285449096 -0.11552672984538125 -0.018140124265595938 0.039013728609430344 -0.066570180681906385 -0.0021861150529039917
leaf_weight=2.2824237645900487 3.2330551770101037 20.97563758835895 16.080259295421456 2.4571771735862731 1.0489235551322043 11.138351022483674 37.233014704816014 5.2005594840302356 34.784182911449079 6.3748850565625599 1.79238781466256 30.753089994182574 1.9517998650744628 5.9830430028396222 40.203871147142337 10.512311605846207 3.9030383085118947 29.725888620389014 5.0547426183002226 6.3995346054307447 7.7954454615173736 2.2654566840719772 3.613626447327988 3.6621452772033072 0.89850138211204544 0.55890224807080802 36.968953177933599 9.3401186419650895 3.4829747393214339 113.16227545912625
leaf_count=3428 58 436 304 979 244 8242 293 291 6531 764 338 2938 477 482 4177 980 26 239 199 108 762 40 92 220 181 63 20126 150 1637 2087
internal_value=0.00361706 0.0229384 0.00254086 0.0017697 -0.00305501 0.00647557 0.0081588 0.00461604 0.0125572 0.00188708 0.0116959 0.0159322 -0.0219863 0.00217787 -0.00211068 -0.0037573 -0.00660586 0.00169516 -0.0274956 -0.0457004 -0.0253076 0.0147441 -0.0253353 -0.00671339 0.00761233 0.00631816 -0.00161137 -0.00482023 -0.000911655 -0.00410859
internal_weight=458.837 24.2087 434.628 418.548 206.664 211.883 200.745 163.512 83.9218 49.1376 34.8279 33.0355 14.3097 7.93484 204.207 79.5902 74.3896 51.5212 15.9162 12.0132 22.8684 35.605 5.87908 15.073 11.4108 5.61364 203.158 162.954 125.985 116.645
internal_count=56892 494 56398 56094 29400 26694 18452 18159 14958 8427 6704 6366 1723 959 28421 3201 2910 767 396 370 2143 371 132 1381 1161 262 28177 24000 3874 3724
is_linear=0
shrinkage=0.05


Tree=200
num_leaves=31
num_cat=0
split_feature=1 5 0 4 18 12 11 11 11 9 24 8 24 7 1 8 0 2 0 3 1 20 2 3 21 1 1 0 2 8
split_gain=4.04537 4.50726 4.74783 2.73677 2.49732 2.23487 4.47889 3.85186 3.75586 5.7868 3.55474 8.6665 8.66758 5.93868 8.56872 4.92852 4.89071 3.50886 9.11301 5.84023 3.93256 3.48451 3.37295 3.32036 3.27586 2.98751 3.80662 2.96509 5.39977 5.37777
threshold=0.96340919232485511 0.81666666666666676 17.346946500000005 0.94511887851385512 1.0000000180025095e-35 1.0000000180025095e-35 360.50000000000006 2.5000000000000004 365.50000000000006 1.0000000180025095e-35 0.32595308000000006 0.35948717948717951 0.25781440000000005 0.35859165709911983 0.27072835547411828 0.34960317460317464 9.2392160000000025 0.39052425007008695 7.5104160500000008 0.46559906149783059 0.29217479674796748 1.0000000180025095e-35 0.3393028461784458 0.38631684792675508 1.0000000180025095e-35 0.94893524554541508 0.93405797101449284 14.923655250000001 0.49253065774804905 0.70801282051282055
decision_type=2 2 2 2 2 2 2 2 2 2 2 2 2 2 2 2 2 2 2 2 2 2 2 2 2 2 2 2 2 2
left_child=4 -2 -3 -4 5 6 7 21 22 -10 11 12 15 14 -13 -11 -14 19 -19 -12 -21 23 -8 -1 25 26 27 28 -25 -30
right_child=1 2 3 -5 -6 -7 8 -9 9 10 17 13 16 -15 -16 -17 -18 18 -20 20 -22 -23 -24 24 -26 -27 -28 -29 29 -31
leaf_value=-0.095299114700670706 0.024110354483328298 -0.082594247954593095 -0.077897419626128034 0.028934784862627662 -0.053189884335517038 0.017283929342399574 -0.025881035473608795 -0.050089474528193359 -0.031095526146016662 0.0016728454406647827 -0.063477154190327997 -0.018511929642691913 -0.092085678985561484 0.032298467512993471 -0.10351404072030955 0.056457394649010222 0.052380738019486742 -0.049180747277009468 0.010358455655080007 0.030148469202392419 -0.0020024608998087797 -0.055044632652586058 0.03518679272801975 0.0058444816095990035 -0.056551355215309407 0.034497019122512608 -0.056883176015030817 0.023061325899267959 -0.067306669499609464 -0.0070781070706203916
leaf_weight=0.88776206774315269 3.2772921869909606 4.0105591878455016 0.82013875863049213 2.2281197493430227 1.7010364555683839 51.847227514181213 2.5339715527370599 4.0711421019673244 9.2414308953657365 6.6594443931026097 1.9571106380390109 20.315866403674598 2.3075499527330972 4.4029075281578107 3.4714090581110204 10.703507143538443 0.78517919778823841 6.7240246976725748 145.40065370045886 51.594445672049915 11.66059184608457 2.8521531390251758 20.999819801654667 58.009614383248845 2.3485607079001047 7.0800670981407157 2.7744721695780745 14.769052274525164 5.4149438012173077 11.745543983648529
leaf_count=86 20 162 40 35 25327 2549 26 20804 1848 215 178 125 156 10 45 25 1 311 1493 439 89 418 301 893 536 18 11 36 515 42
internal_value=0.00658973 -0.0243466 -0.0468443 0.000191412 0.00728147 0.00750481 0.00626428 -0.00236357 0.00943963 0.00780029 0.00915171 -0.00306604 0.0217088 -0.0210434 -0.0309168 0.0354451 -0.0554087 0.0118864 0.00772678 0.0215897 0.0242217 -0.000528517 0.0286114 0.000980638 0.00181745 0.00319111 0.000800435 0.00257988 -0.00144422 -0.0260831
internal_weight=472.596 10.3361 7.05882 3.04826 462.259 460.558 408.711 109.953 298.758 275.224 265.983 48.6459 20.4557 28.1902 23.7873 17.363 3.09273 217.337 152.125 65.2121 63.255 105.882 23.5338 103.03 102.142 99.7937 92.7136 89.9392 75.1701 17.1605
internal_count=56754 257 237 75 56497 31170 28621 23359 5262 4935 3087 577 397 180 170 240 157 2510 1804 706 528 2555 327 2137 2051 1515 1497 1486 1450 557
is_linear=0
shrinkage=0.05


Tree=201
num_leaves=31
num_cat=0
split_feature=18 11 11 5 21 20 11 9 13 24 8 24 0 8 17 17 4 2 0 2 0 3 3 11 3 24 3 11 8 8
split_gain=2.30393 2.5778 3.74689 4.54726 3.73158 3.88914 3.41142 4.40043 3.84957 3.17916 7.89392 8.03518 4.62661 4.60429 4.98302 4.40069 9.11331 5.21931 3.97365 3.31727 8.21955 5.43038 3.0907 2.86373 2.8594 5.64588 2.77023 2.74612 2.71746 6.21804
threshold=1.0000000180025095e-35 1.0000000180025095e-35 360.50000000000006 0.84523809523809534 1.0000000180025095e-35 1.0000000180025095e-35 365.50000000000006 1.0000000180025095e-35 1.0000000180025095e-35 0.32595308000000006 0.35948717948717951 0.25781440000000005 9.2392160000000025 0.34960317460317464 0.36130536130536134 0.26491228070175449 0.62543595578985789 0.44948979591836741 7.3815808000000009 0.39052425007008695 7.5104160500000008 0.46559906149783059 0.38631684792675508 368.50000000000006 0.55818170944500745 0.41887212000000001 0.4871063121511604 2.5000000000000004 0.37176079734219269 0.32049382716049379
decision_type=2 2 2 2 2 2 2 2 2 2 2 2 2 2 2 2 2 2 2 2 2 2 2 2 2 2 2 2 2 2
left_child=1 26 4 6 5 22 8 23 -4 10 11 13 -13 14 -9 16 17 18 -12 21 24 -11 -3 -8 -21 -26 -1 -24 29 -23
right_child=-2 2 3 -5 -6 -7 7 9 -10 19 15 12 -14 -15 -16 -17 -18 -19 -20 20 -22 28 27 -25 25 -27 -28 -29 -30 -31
leaf_value=-0.0059001881625213894 -0.053058191438068662 -0.092281129330286663 0.036041278153755886 -0.033886873237830066 -0.054484541976945168 -0.053953920979729064 -0.0014525876838626026 -0.044136690437175663 -0.020652624705575478 -0.063221722008856326 -0.090985446161735872 -0.091592200149956324 0.052259246236341275 0.054758356169824586 0.042523291539350895 -0.0034319286874409612 -0.090832568262095265 0.058538664557524156 0.0096879886033168199 -0.07926642671496556 0.0097203615866840246 0.027692933158182151 0.0027706302133601902 -0.054576602017552447 0.026423712911885357 -0.11985287093743423 0.022848946086650227 -0.05010813928833957 0.038645208184687585 -0.015357166878996612
leaf_weight=10.504202351195998 1.6277390203154016 0.88659866743046123 19.634544620523233 6.3205898731248444 3.3694989325535962 3.3639783626654198 5.8167900053085742 3.1437140503694598 3.532956574112176 1.8689948938044825 1.8222268847166581 2.2065443337251049 0.74857807159423817 10.489346917049259 3.5118754989089211 16.50701155763818 5.4365300764329731 2.2547817230224609 2.1210889667272568 3.3850929185064151 144.85019787996316 31.441479580145824 100.22370024048723 4.4988839012967219 2.3939761336296219 0.91057288580122975 41.421065292382991 2.5169129800601686 19.692678717517992 11.439495438498851
leaf_count=377 25386 405 308 35 5719 5542 50 179 19 178 50 156 1 25 36 68 58 1 3 112 1492 306 1518 1799 9 190 2273 10237 78 144
internal_value=0.00632391 0.00653119 0.00521524 0.00807976 -0.0026761 -0.00104449 0.00897075 0.00741593 0.0273957 0.0086667 -0.00293811 0.020994 -0.0551524 0.0341187 0.00159015 -0.0200315 -0.0435828 -0.00213858 -0.0368337 0.0112587 0.00721787 0.020761 0.000673073 -0.0246211 -0.0469683 -0.013883 0.0170332 0.00147522 0.0232695 0.0162083
internal_weight=467.942 466.314 414.389 304.028 110.361 106.991 297.707 274.54 23.1675 264.224 48.2417 20.1001 2.95512 17.1449 6.65559 28.1416 11.6346 6.1981 3.94332 215.982 151.54 64.4426 103.627 10.3157 6.68964 3.30455 51.9253 102.741 62.5737 42.881
internal_count=56754 31368 28718 5297 23421 17702 5262 4935 327 3086 577 397 157 240 215 180 112 54 53 2509 1803 706 12160 1849 311 199 2650 11755 528 450
is_linear=0
shrinkage=0.05


Tree=202
num_leaves=31
num_cat=0
split_feature=18 11 11 5 21 20 11 9 13 24 7 8 24 4 7 17 2 2 0 3 3 11 3 24 2 7 7 2 2 24
split_gain=2.16838 2.36525 3.42667 4.07753 3.54608 3.68627 3.19143 4.0383 3.58764 2.88917 7.47414 7.77696 4.53507 10.9669 6.99192 3.71067 3.78186 3.05994 7.60359 5.05411 2.88748 2.77777 2.73004 5.29713 2.71 2.69135 3.31163 5.72093 4.22639 4.68847
threshold=1.0000000180025095e-35 1.0000000180025095e-35 360.50000000000006 0.84523809523809534 1.0000000180025095e-35 1.0000000180025095e-35 365.50000000000006 1.0000000180025095e-35 1.0000000180025095e-35 0.32595308000000006 0.29300813008130083 0.45393939393939403 0.25781440000000005 0.66191313412842456 0.20864427860696519 0.36130536130536134 0.41136180499597103 0.39052425007008695 7.5104160500000008 0.46559906149783059 0.38631684792675508 368.50000000000006 0.55818170944500745 0.41887212000000001 0.39767441860465119 0.15484515484515488 0.16247642991829034 0.38924963924963929 0.38034960819770952 0.51142912000000018
decision_type=2 2 2 2 2 2 2 2 2 2 2 2 2 2 2 2 2 2 2 2 2 2 2 2 2 2 2 2 2 2
left_child=1 -1 4 6 5 20 8 21 -4 10 11 12 15 14 -14 16 -9 19 22 -11 -3 -8 -19 -24 -20 -22 -27 28 29 -28
right_child=-2 2 3 -5 -6 -7 7 9 -10 17 -12 -13 13 -15 -16 -17 -18 18 24 -21 25 -23 23 -25 -26 26 27 -29 -30 -31
leaf_value=0.016387294059003066 -0.052941303236416062 -0.090740765191097014 0.035223469921336702 -0.031629173426732569 -0.054284381785813608 -0.053756366733920938 -0.0013790100901753888 -0.00015423995550906588 -0.019590403020493117 -0.062961752696361936 0.033520422745884612 -0.11431724296576523 0.01066706339503304 -0.18088199431547902 -0.088049063755081591 0.042743518004456665 -0.081874836737415288 -0.07833562158495222 -0.062798437271574678 0.02237814466255374 -0.065959080755750757 -0.054392819922168517 0.025469417719606181 -0.11852456100349429 0.0099443392940928698 0.041677874959464511 -0.042797139940670977 0.0069195284632245536 -0.099981263218628963 0.0056433136013389245
leaf_weight=51.296411164963445 1.5516859321648429 0.85731545897715378 19.099660462001342 6.4302393582183859 3.2166868040621912 3.211377786707998 5.8206835241289792 18.656858741545882 3.5381579324603072 1.7850003741950775 10.901730658690211 1.8225806057453144 6.2293763213001494 1.1679117158055294 2.5191239514970221 4.7543128302495452 1.5319892097904801 3.2572989991094792 1.291944459080695 61.842212465646298 1.4616229464845663 4.2935659178583592 2.3603665072223525 0.87563016107742431 142.6882317960808 5.0903378061893809 9.0231696741493632 74.109517174105349 1.6172244406880043 11.189994514107637
leaf_count=2650 25386 405 308 35 5719 5542 50 247 19 178 59 10 140 6 51 40 24 112 5 528 1500 1799 9 190 1487 282 2614 6461 156 742
internal_value=0.00606619 0.0062644 0.00499988 0.00775882 -0.00256156 -0.00100023 0.00861902 0.00711671 0.0266564 0.0083149 -0.00282924 -0.0136322 -0.00836799 -0.0369702 -0.0177582 0.00300311 -0.00635544 0.0107917 0.00690473 0.019984 0.000639069 -0.0238837 -0.0460212 -0.013494 0.00929161 0.00140344 0.00237798 0.000292825 -0.0222034 -0.0159805
internal_weight=463.492 461.941 410.644 300.867 109.777 106.561 294.437 271.799 22.6378 261.685 47.5839 36.6822 34.8596 9.91641 8.7485 24.9432 20.1888 214.101 150.473 63.6272 103.349 10.1142 6.4933 3.236 143.98 102.492 101.03 95.9399 21.8304 20.2132
internal_count=56754 31368 28718 5297 23421 17702 5262 4935 327 3086 577 518 508 197 191 311 271 2509 1803 706 12160 1849 311 199 1492 11755 10255 9973 3512 3356
is_linear=0
shrinkage=0.05


Tree=203
num_leaves=31
num_cat=0
split_feature=1 5 0 4 18 2 11 11 11 11 11 9 13 20 3 21 1 1 7 1 8 0 8 7 17 4 17 0 2 8
split_gain=3.2995 3.77011 4.34305 2.4007 2.07902 2.06409 1.84284 1.82943 3.34265 3.43018 3.26722 4.49003 3.42132 2.98611 2.7169 2.78067 2.73301 3.46331 2.71057 7.82737 4.0054 6.88386 5.31849 4.79171 3.56831 7.72301 3.46308 2.60786 5.19222 5.14757
threshold=0.96340919232485511 0.81666666666666676 17.346946500000005 0.94511887851385512 1.0000000180025095e-35 0.23904761904761909 365.50000000000006 1.0000000180025095e-35 360.50000000000006 2.5000000000000004 365.50000000000006 1.0000000180025095e-35 1.0000000180025095e-35 1.0000000180025095e-35 0.38631684792675508 1.0000000180025095e-35 0.94893524554541508 0.93405797101449284 0.18561584840654607 0.21304964539007087 0.39052425007008695 5.7004737500000013 0.39767441860465119 0.25586470267321332 0.31414473684210531 0.64709263015551055 0.23392612859097126 14.923655250000001 0.49253065774804905 0.70801282051282055
decision_type=2 2 2 2 2 2 2 2 2 2 2 2 2 2 2 2 2 2 2 2 2 2 2 2 2 2 2 2 2 2
left_child=4 -2 6 -4 5 -1 -3 -7 9 13 12 -12 -10 14 -9 16 17 27 19 -13 -20 23 -23 -22 -21 -26 -25 28 -16 -30
right_child=1 2 3 -5 -6 7 -8 8 10 -11 11 18 -14 -15 15 -17 -18 -19 20 24 21 22 -24 26 25 -27 -28 -29 29 -31
leaf_value=-0.071015935549553197 0.022984152233810111 -0.033105298225670383 -0.070710851622069956 0.029098686193678527 -0.052837808030495162 0.015823094535392403 -0.1032057453161957 -0.090267830126901413 0.035691360129062065 -0.050081482449739402 -0.028296453976565106 0.013809250013042297 -0.018218091292964436 -0.054303693268831756 0.0059237612697678483 -0.055657410292863807 0.033603734618772176 -0.053934519759674261 0.019372443361943832 -0.0085509785730902808 -0.10942734649325231 -0.12792282083744763 0.0084634488814942024 -0.071283924436809185 -0.024083078887103784 -0.13642526781414119 0.016603327854535176 0.021958423028627209 -0.066937045521957103 -0.0072192529007815672
leaf_weight=0.85387254577056992 3.1766414532467007 1.5002917632918982 0.82454572268761728 2.2368844808079302 1.4736368410202079 49.873639901235947 2.4994192570975429 0.80697006954960571 18.34501481521875 3.5688208653582469 8.7477936538125487 24.113568171000225 3.5054797455668441 2.4911817113679708 57.177585210738471 2.059220818717221 6.8116581737995139 2.8041242659091941 78.202755505586538 7.9146517402405134 1.9794908608455433 0.71862848442105942 134.30436806931175 1.8095834722626021 5.247053042799962 2.1594173499615863 2.9449864229827654 14.422411333769558 5.2120952720215454 11.729241783847099
leaf_count=409 20 142 40 35 25327 2539 20 84 307 20546 1803 492 18 418 847 533 18 11 681 42 33 9 1562 56 132 25 12 36 515 42
internal_value=0.00581394 -0.0222532 -0.0426044 0.00221663 0.00645351 0.00664863 -0.0769111 0.006797 0.00566331 -0.00188608 0.00845101 0.006936 0.0270427 -0.000224466 0.0011091 0.00184489 0.00305122 0.000772913 0.00812418 -0.00394708 0.0102883 0.00527692 0.00773756 -0.0440608 -0.0318934 -0.0568374 -0.0168465 0.00250551 -0.00127973 -0.0255918
internal_weight=459.515 10.2378 7.06114 3.06143 449.277 447.804 3.99971 446.95 397.076 107.083 289.993 268.142 21.8505 103.514 101.023 100.216 98.1571 91.3455 259.395 39.4347 219.96 141.757 135.023 6.73406 15.3211 7.40647 4.75457 88.5413 74.1189 16.9413
internal_count=56754 257 237 75 56497 31170 162 30761 28222 23050 5172 4847 325 2504 2086 2002 1469 1451 3044 691 2353 1672 1571 101 199 157 68 1440 1404 557
is_linear=0
shrinkage=0.05


Tree=204
num_leaves=31
num_cat=0
split_feature=1 5 0 4 2 7 11 11 11 11 11 9 8 20 2 2 0 21 1 1 3 24 8 24 7 1 0 8 17 17
split_gain=3.00451 3.42464 3.88784 2.16397 1.92372 1.76325 1.71397 1.66037 3.18143 3.41025 3.04308 4.10403 2.9366 2.89888 2.81161 2.63512 2.98695 2.6124 2.67621 5.48719 2.52417 2.50105 6.65226 7.13085 4.47792 7.91334 4.17514 3.949 4.20546 3.08009
threshold=0.96340919232485511 0.81666666666666676 17.346946500000005 0.94511887851385512 0.23904761904761909 0.097960815673730467 365.50000000000006 1.0000000180025095e-35 360.50000000000006 2.5000000000000004 365.50000000000006 1.0000000180025095e-35 0.97259759759759767 1.0000000180025095e-35 0.3393028461784458 0.34330357142857143 20.257357000000003 1.0000000180025095e-35 0.94893524554541508 0.94185260311020969 0.38631684792675508 0.32595308000000006 0.35948717948717951 0.25781440000000005 0.35859165709911983 0.27072835547411828 9.2392160000000025 0.34960317460317464 0.36130536130536134 0.28239202657807316
decision_type=2 2 2 2 2 2 2 2 2 2 2 2 2 2 2 2 2 2 2 2 2 2 2 2 2 2 2 2 2 2
left_child=4 -2 6 -4 -1 -6 -3 12 9 13 14 15 -7 17 -10 -12 -17 18 19 20 -9 22 23 27 25 29 -25 28 -13 -24
right_child=1 2 3 -5 5 7 -8 8 10 -11 11 21 -14 -15 -16 16 -18 -19 -20 -21 -22 -23 24 26 -26 -27 -28 -29 -30 -31
leaf_value=-0.069694010969314601 0.02227463108596598 -0.031116102165712586 -0.066229689637808592 0.028393034244161855 -0.060460035722021271 0.01594842120653845 -0.098568312703695704 -0.088661860435773412 -0.02642193678325019 -0.050073902813597262 0.0097267414693102267 -0.041854471246513522 -0.16014011058973809 -0.053945587050485855 0.032519387468891207 -0.065890398139112016 0.025414792962276146 -0.055230894373039865 0.032846157618662102 -0.15462551138834413 0.0016658139704740069 0.010132973283755519 -0.044247222553160291 -0.089106870994840048 0.030093742990568929 -0.099388273839547736 0.05209236785858893 0.051717841594452155 0.040298241175941267 -0.0022158799694292426
leaf_weight=0.8337679149556142 3.1155178542030608 1.5159784959523674 0.83601486810948733 2.1793343849712983 0.98610951519640266 49.290469145719157 2.4864563772407564 0.78010068654566467 2.262955482008695 3.5651906333994239 3.121539275029134 2.9704186579583682 0.23791083745891128 2.4609017869674963 19.102738542573206 4.4748283530734625 1.1199007183313368 2.0250586634956553 6.6186155427858457 0.57074110305256809 90.353066917226442 210.68520410642213 6.2924354530405351 2.0969858756998287 4.0829562180770145 3.2258041093300553 0.69773316383361805 10.193599897203965 3.2756697218392219 14.183360897577584
leaf_count=1405 20 142 40 35 532 5691 20 278 27 29339 577 188 34 4032 314 1930 3 3502 22 4 5210 2942 77 165 18 55 1 29 62 60
internal_value=0.00557089 -0.0213505 -0.0407177 0.00215859 0.00618323 0.0063255 -0.0730198 0.00647393 0.0053897 -0.00199892 0.00812073 0.00666472 0.0151026 -0.000331776 0.0262766 -0.0270785 -0.0476138 0.000983037 0.00214082 -7.52957e-05 0.000892608 0.00780601 -0.00262079 0.0199829 -0.0182687 -0.0265998 -0.0538549 0.0325353 0.00122932 -0.0151326
internal_weight=455.641 10.1333 7.01778 3.01535 445.508 444.674 4.00243 443.688 394.16 106.374 287.786 266.42 49.5284 102.808 21.3657 8.71627 5.59473 100.348 98.3225 91.7039 91.1332 257.704 47.019 19.2344 27.7846 23.7016 2.79472 16.4397 6.24609 20.4758
internal_count=56754 257 237 75 56497 55092 162 54560 48835 42387 6448 6107 5725 13048 341 2510 1933 9016 5514 5492 5488 3597 655 445 210 192 166 279 250 137
is_linear=0
shrinkage=0.05


Tree=205
num_leaves=31
num_cat=0
split_feature=1 11 8 24 5 11 20 17 4 24 24 24 20 7 7 0 17 9 24 0 0 15 1 24 8 24 3 8 24 24
split_gain=10.1701 6.51003 4.34807 6.13867 3.88536 3.08638 2.84244 2.67689 3.13747 2.27894 2.44865 2.63079 2.67881 2.47305 7.76245 6.96882 6.16794 4.37976 4.12398 5.83304 3.99692 5.78539 3.6235 2.95842 4.81141 7.54462 5.73865 5.66161 2.87126 2.77615
threshold=0.94185260311020969 363.50000000000006 0.96590468810538577 0.90917380000000014 0.64583333333333337 1.0000000180025095e-35 1.0000000180025095e-35 0.30151515151515157 0.9594758979264002 0.95459600000000011 0.92485019500000021 0.90917380000000014 1.0000000180025095e-35 0.20550527903469082 0.19560019129603057 2.5717304000000003 0.11437908496732026 1.0000000180025095e-35 0.44622616000000009 2.8081709000000008 10.339789750000001 1.0000000180025095e-35 0.21654184304786719 0.25145286000000006 0.31851119894598162 0.59748556500000005 0.57118431590096697 0.32894052366915211 0.26996131000000007 0.89630952500000005
decision_type=2 2 2 2 2 2 2 2 2 2 2 2 2 2 2 2 2 2 2 2 2 2 2 2 2 2 2 2 2 2
left_child=9 2 5 4 -4 -2 -7 -3 -9 10 11 12 13 14 18 -16 17 -17 19 -1 21 -21 -15 -18 25 -25 -27 -26 -29 -24
right_child=1 7 3 -5 -6 6 -8 8 -10 -11 -12 -13 -14 22 15 16 23 -19 -20 20 -22 -23 29 24 27 26 -28 28 -30 -31
leaf_value=0.032320163831959091 0.050011524418076526 0.050566084387006952 -0.17658639073588508 -0.2012811802702939 0.0032233736005155009 0.011934353181207726 -0.053516748260332973 0.03207964736650383 -0.019027033556974722 -0.075090820698297214 0.040590095781162336 -0.058204164565828942 -0.049248089211337054 0.029457568503511125 0.048232990811693438 -0.069169733611232534 0.043929330500117242 -0.20762273388149344 0.016007284030410553 -0.0040935949238072823 0.053478851521126664 -0.048032388240333325 0.0065081875405541322 0.035991681224812153 -0.18707150291873675 -0.045396831009466454 -0.30845094288102953 -0.23617592957238942 -0.03962165122789043 0.056299968496806276
leaf_weight=8.5526436658726634 3.7540619575884184 18.673387111779448 0.34667675901437167 0.57517582370201115 2.2521626805219057 6.8446240443286097 2.1894222203936806 29.074447859338761 3.3489669296614002 0.86931835064024099 5.0391112667675761 1.6132030152075447 2.2000223760792883 19.304041101283474 2.5183923883601009 2.0022485362742386 1.3189151507722279 0.79918530066788651 47.794688551817217 24.733213924802385 2.1069527707295483 10.746820512668362 266.31484825111312 3.8750723199968871 0.78591915993183636 0.80309333408331418 0.27948037966780248 0.1912548152176895 6.5154663254579646 2.8291525665863437
leaf_count=3345 985 52 6 33 140 371 658 215 37 38 85 60 13421 1569 414 189 60 23 6343 2328 10 1064 24348 309 39 70 8 4 523 39
internal_value=0.00872362 0.0267787 -0.00109441 -0.0534751 -0.0207627 0.0119065 -0.00392787 0.0354859 0.0268009 0.00577914 0.00595047 0.00551978 0.00577444 0.00607596 -0.000193191 -0.0292605 -0.0410379 -0.108667 0.00571378 -0.00494895 -0.0134293 -0.0174026 0.00853241 -0.0272783 -0.0348217 0.00339001 -0.113308 -0.0601052 -0.0452268 0.00703158
internal_weight=478.252 67.0589 15.9621 3.17402 2.59884 12.7881 9.03405 51.0968 32.4234 411.193 410.324 405.285 403.671 401.471 113.023 19.089 16.5706 2.80143 93.9343 46.1396 37.587 35.48 288.448 13.7692 12.4503 4.95765 1.08257 7.49264 6.70672 269.144
internal_count=56786 2497 2193 179 146 2014 1029 304 252 54289 54251 54166 54106 40685 14729 1639 1225 212 13090 6747 3402 3392 25956 1013 953 387 78 566 527 24387
is_linear=0
shrinkage=0.05


Tree=206
num_leaves=31
num_cat=0
split_feature=1 11 5 11 2 17 4 2 7 7 4 4 0 4 4 10 1 0 2 4 3 15 0 1 10 16 0 0 2 7
split_gain=9.46629 6.00347 4.30602 3.006 2.63265 2.46807 2.91847 2.35287 6.37865 4.65413 7.87228 7.79763 5.35138 5.11441 4.44877 3.86742 4.21805 3.49479 3.38225 7.64447 4.6053 4.23706 4.08602 3.72615 3.57658 3.58366 3.26656 3.05393 4.57227 4.15447
threshold=0.94185260311020969 363.50000000000006 0.5634920634920636 1.0000000180025095e-35 0.97259759759759767 0.30151515151515157 0.9594758979264002 0.34851621808143546 0.25586470267321332 0.23845060412224592 0.62601141288020501 0.62333546462063105 7.7530334000000005 0.63681033293436407 0.6409109589342149 1.0000000180025095e-35 0.2458839406207827 7.1046948500000005 0.45512082853855013 0.76513672255051579 0.54231097456903921 1.0000000180025095e-35 9.0567430000000027 0.24048192771084337 1.0000000180025095e-35 1.0000000180025095e-35 2.7320753500000006 5.7465161500000006 0.36882591093117417 0.17817460317460324
decision_type=2 2 2 2 2 2 2 2 2 2 2 2 2 2 2 2 2 2 2 2 2 2 2 2 2 2 2 2 2 2
left_child=7 2 -2 4 -4 -3 -7 8 14 10 11 12 15 -12 -1 17 -17 -9 24 20 21 22 -20 -21 25 26 -11 29 -29 -15
right_child=1 5 3 -5 -6 6 -8 9 -10 18 13 -13 -14 27 -16 16 -18 -19 19 23 -22 -23 -24 -25 -26 -27 -28 28 -30 -31
leaf_value=0.024344297185850256 -0.25879831969860445 0.049038812018801121 0.050011429620117932 -0.011676427115026963 -0.09365529668378178 0.03122842121377184 -0.017828168679324862 -0.057121247803532962 -0.036485635646953625 -0.054409672843587123 0.029638674744606377 -0.11046521613391519 0.011021920947487674 0.0013538117313543006 -0.015122889326769555 0.011129807876220685 -0.06108218073234363 -0.18471919505168841 -0.033997328375973961 -0.049784564362525291 -0.044504899802076746 0.035519685607654165 -0.30157342448823454 0.0096158672461142732 0.022250576423067339 -0.055872860863237075 0.01882866307629839 -0.052231564110637112 0.006446501810935046 -0.041448148624973806
leaf_weight=52.076827108728367 0.16036106676256068 18.301779419241939 3.8124871137551937 11.369498806875526 0.34798003325704474 28.39122615350789 3.3942557410846339 4.9160760358579454 5.6810259927901816 1.8165947683585262 14.881490907047462 2.6036367829483416 8.9554606814490381 12.701311392621394 8.2746822646681704 5.1428701763106801 3.3327005702099086 0.60238276875679719 1.2739953078555526 2.7006998459855813 11.9869324017177 4.2143635846487086 0.16066760549074377 117.67081063030844 60.678208447387078 2.8433212280142461 9.4039401046375115 3.5027781492863133 63.574667457338137 10.239937580673539
leaf_count=11858 11 52 1024 1122 36 215 37 1210 2526 7403 380 135 260 597 573 1058 513 15 196 47 12210 62 20 9975 1505 75 421 179 2374 697
internal_value=0.0083517 0.0259575 -0.00103112 0.00163057 0.0379952 0.0344119 0.0259898 0.00552187 0.0141652 0.0038589 -0.00357678 -0.028463 -0.0191598 0.00248536 0.018933 -0.0384745 -0.0172649 -0.0710496 0.00841829 0.00377881 -0.0269648 0.0102544 -0.0639631 0.00828314 0.0169849 -0.00573393 0.00697144 -0.0020035 0.00338234 -0.0177511
internal_weight=475.013 65.7776 15.6903 15.53 4.16047 50.0873 31.7855 409.235 66.0325 343.203 130.453 25.5531 22.9495 104.9 60.3515 13.994 8.47557 5.51846 212.75 138.007 17.636 5.64903 1.43466 120.372 74.7421 14.0639 11.2205 90.0187 67.0774 22.9412
internal_count=56786 2497 2193 2182 1060 304 252 54289 14957 39332 7418 3191 3056 4227 12431 2796 1571 1225 31914 22510 12488 278 216 10022 9404 7899 7824 3847 2553 1294
is_linear=0
shrinkage=0.05


Tree=207
num_leaves=31
num_cat=0
split_feature=3 17 0 2 24 2 8 2 3 24 8 24 24 17 11 2 24 17 24 24 2 7 2 8 2 3 8 2 2 24
split_gain=7.01064 4.66882 3.3495 3.91261 12.1177 3.68651 3.71043 7.34397 3.26499 13.7309 3.00539 2.98654 3.91095 5.9596 4.77691 3.92701 3.21703 4.22635 8.62419 3.9824 3.50167 2.8291 5.71132 5.76945 4.51709 12.3295 4.39793 3.78072 2.91513 3.53977
threshold=0.95372534969678213 0.31414473684210531 13.0218115 0.45512082853855013 0.14828595500000005 0.97617697107203638 0.64747307373653695 0.49253065774804905 0.54408567069125791 0.21907789500000005 0.97530487804878063 0.72818860500000004 0.85116190000000003 0.17267080745341609 1.0000000180025095e-35 0.63373983739837414 0.7185807500000001 0.26006441223832538 0.66888671500000008 0.63905990500000009 0.91734972677595616 0.23845060412224592 0.34851621808143546 0.34330357142857143 0.36882591093117417 0.49538166214995488 0.27334993773349942 0.31503759398496245 0.3393028461784458 0.29658467500000008
decision_type=2 2 2 2 2 2 2 2 2 2 2 2 2 2 2 2 2 2 2 2 2 2 2 2 2 2 2 2 2 2
left_child=2 -2 3 21 -5 6 7 8 -6 -10 -3 16 13 14 -13 -15 17 18 19 20 -8 22 23 28 25 -24 -26 -23 -1 -30
right_child=1 10 -4 4 5 -7 11 -9 9 -11 -12 12 -14 15 -16 -17 -18 -19 -20 -21 -22 27 24 -25 26 -27 -28 -29 29 -31
leaf_value=0.011897896708399296 0.049634294740482685 0.016591199128329469 0.013661373818561612 -0.14924874047428957 0.025435042603220256 -0.23319403692900839 -0.019440867807820849 -0.042943397042182023 -0.77010477445402059 -0.01481000826283977 -0.07471520179818536 0.050922095616616148 0.019223387143056596 -0.22324573792148589 -0.068581368009644289 0.010623079972962289 0.050779458735556261 0.029363269208606348 -0.10426743512753112 0.02871995477417702 -0.21983885553817722 -0.048220947550822138 0.013982118651830034 -0.067559395667599498 -0.077208117994517156 -0.071781412003338319 0.0023751770250922751 0.015731076637079563 -0.047080261430540435 0.045531387235012058
leaf_weight=32.949252202504852 16.14223488402331 13.407461127393162 116.70645266991346 1.443595436114278 9.3818479820049578 0.17368877091212098 0.75497669420247404 13.988017713301856 0.060854983559692211 5.374003066312298 0.96618212046087215 0.95668331626803293 9.6610408281103428 0.18307367215947934 6.6416795792592893 9.187233362297091 5.734191633502177 10.480696586189877 2.164307363439093 5.349520893344561 0.30647535537718795 2.3740008290037613 8.6396404500528678 1.9496767865907703 1.7724217329723604 8.1379289949481954 84.435535038260696 87.127375804220037 1.1155420628992931 13.739840291464587
leaf_count=10128 115 370 3213 13 404 16 292 15929 3 1236 30 42 324 63 273 2588 260 1673 318 167 7 1391 1276 785 165 637 3029 11313 147 579
internal_value=0.00800274 0.0311794 0.00639822 0.00378267 -0.00566906 -0.00309101 -0.00259283 -0.0169597 0.00757078 -0.0232672 0.0104537 0.00545529 -0.00617111 -0.0206294 -0.0535351 0.00605384 0.0179444 0.00806393 -0.0179681 0.0111661 -0.0773022 0.00697596 0.00283969 0.0167499 -0.00388062 -0.0276173 0.000738957 0.0140348 0.0201884 0.0385769
internal_weight=471.305 30.5159 440.79 324.083 81.8419 80.3983 80.2246 28.8047 14.8167 5.43486 14.3736 51.4199 26.6297 16.9687 7.59836 9.37031 24.7902 19.056 8.57528 6.41097 1.06145 242.241 152.74 49.7543 102.986 16.7776 86.208 89.5014 47.8046 14.8554
internal_count=56786 515 56271 53058 23608 23595 23579 17572 1643 1239 400 6007 3290 2966 315 2651 2717 2457 784 466 299 29450 16746 11639 5107 1913 3194 12704 10854 726
is_linear=0
shrinkage=0.05


Tree=208
num_leaves=31
num_cat=0
split_feature=1 11 8 24 11 24 20 24 24 24 15 3 24 24 24 20 11 2 4 11 6 7 7 2 3 3 24 24 24 17
split_gain=8.24708 5.49008 3.52489 5.09539 2.85009 2.84432 2.66154 2.39953 3.85194 5.66692 3.90931 4.85001 2.07691 2.25338 2.40618 2.39497 2.17661 2.02459 2.76169 2.85906 3.02859 1.97734 6.152 5.83494 5.66837 8.92801 4.71498 4.65445 8.24271 4.12932
threshold=0.94185260311020969 363.50000000000006 0.96590468810538577 0.90917380000000014 1.0000000180025095e-35 0.75336761500000005 1.0000000180025095e-35 0.70553625000000009 0.78727221500000011 0.79428150000000008 1.0000000180025095e-35 0.95372534969678213 0.95459600000000011 0.92485019500000021 0.90917380000000014 1.0000000180025095e-35 365.50000000000006 0.95419580419580419 0.92492653080888387 368.50000000000006 0.81666666666666676 0.20550527903469082 0.19560019129603057 0.40238095238095245 0.5083412397216952 0.54762034443407004 0.85911767500000014 0.72055679500000014 0.7185807500000001 0.21921921921921925
decision_type=2 2 2 2 2 2 2 2 2 2 2 2 2 2 2 2 2 2 2 2 2 2 2 2 2 2 2 2 2 2
left_child=12 2 4 5 -2 -4 -6 -3 10 -10 11 -9 13 14 15 21 -16 -11 -19 -20 -21 22 23 -1 -24 -26 27 28 29 -25
right_child=1 7 3 -5 6 -7 -8 8 9 17 -12 -13 -14 -15 16 -17 -18 18 19 20 -22 -23 24 26 25 -27 -28 -29 -30 -31
leaf_value=0.014560276176101592 0.05001041664038966 0.058462925441743224 -0.10058274467290407 -0.17592577727185374 0.011169140942309426 0.014801905668167246 -0.053346021908361824 0.01366659724209425 0.075214195124665456 0.041914694364599936 0.027914962763100043 -0.11091822167205989 -0.071835271340618165 0.039177499185424708 -0.0048424853681803548 -0.048113201526773661 -0.12125437074397215 0.060533779243730317 0.050833152370084282 -0.031166539917344627 0.020341579998612781 0.0075369229559139553 0.0056099051002087182 -0.058700196646108496 -0.10042565532092609 -0.0094069898581732349 0.044208025650202841 -0.077318878501799998 0.064510850792175112 -0.009900019326173605
leaf_weight=58.45215955663906 3.3597446049097917 7.5775344093344748 0.7402744399041693 0.6256983556668273 6.7666823220565657 1.9177023132879183 2.0931456263779182 1.5891230873530724 6.8988845831336212 10.304633894320434 3.7996189836412668 1.5364896878963916 0.8770014474139306 4.8192958032686866 0.91697674958868336 2.1086840536739819 0.71434558928012848 2.6584004092801505 2.7430210807360682 5.844093244690157 5.5774767448874627 282.75591337118982 8.0281326120573357 5.6490756349708233 4.8376636271677835 6.0807723011776034 3.4111964045077903 2.9631658871530808 3.1669599294978061 18.633193158156701
leaf_count=10893 985 9 40 33 371 106 658 35 9 73 10 18 38 85 57 13421 3 3 77 32 38 25956 1127 458 340 172 20 573 12 1134
internal_value=0.00767158 0.0243413 -0.00156163 -0.0475533 0.0107974 -0.0173339 -0.00407265 0.0326163 0.0278338 0.0347518 -0.00615728 -0.0475768 0.00502565 0.0051931 0.0047813 0.00503089 -0.0558185 0.0244618 0.0137713 0.00499492 -0.00601366 0.00531533 -0.000332529 0.00499596 -0.0262839 -0.0497349 -0.0115326 -0.0177847 -0.011358 -0.021253
internal_weight=467.447 64.0325 15.5032 3.28368 12.2196 2.65798 8.85983 48.5293 40.9517 34.0265 6.92523 3.12561 403.415 402.538 397.718 396.087 1.63132 27.1276 16.823 14.1646 11.4216 393.978 111.222 92.2758 18.9466 10.9184 33.8236 30.4124 27.4492 24.2823
internal_count=56786 2497 2193 179 2014 146 1029 304 295 232 63 53 54289 54251 54166 54106 60 223 150 147 70 40685 14729 13090 1639 512 2197 2177 1604 1592
is_linear=0
shrinkage=0.05


Tree=209
num_leaves=31
num_cat=0
split_feature=1 11 11 24 24 24 24 15 4 24 21 20 2 2 8 4 24 1 7 4 0 7 4 24 4 24 8 1 7 2
split_gain=7.70215 5.08321 3.16301 3.63972 2.27487 3.56705 5.3375 3.56657 3.97162 2.98765 5.2535 2.2132 2.03746 1.90146 5.82265 4.19579 3.81023 4.69006 3.62315 6.71693 5.78992 5.10941 4.65219 3.94807 3.46784 3.22914 3.84094 3.04266 3.39853 2.86714
threshold=0.94185260311020969 363.50000000000006 1.0000000180025095e-35 0.74883996500000005 0.70553625000000009 0.78727221500000011 0.79428150000000008 1.0000000180025095e-35 0.95309409888357266 0.81599925000000006 1.0000000180025095e-35 1.0000000180025095e-35 0.97259759759759767 0.34851621808143546 0.34094447327451999 0.6409109589342149 0.59748556500000005 0.33137254901960794 0.23845060412224592 0.62601141288020501 9.1335040000000003 0.15047169811320751 0.63681033293436407 0.44943427500000005 0.66283945445235781 0.44317451000000002 0.38034960819770952 0.17817460317460324 0.25586470267321332 0.45512082853855013
decision_type=2 2 2 2 2 2 2 2 2 2 2 2 2 2 2 2 2 2 2 2 2 2 2 2 2 2 2 2 2 2
left_child=13 2 12 -4 -3 7 -7 8 -6 10 -8 -5 -2 14 15 27 17 -17 19 20 21 23 -21 -15 -16 -23 -27 -1 -29 -20
right_child=1 4 3 11 5 6 9 -9 -10 -11 -12 -13 -14 18 24 16 -18 -19 29 22 -22 25 -24 -25 -26 26 -28 28 -30 -31
leaf_value=-0.026790759762969452 0.050010679474467537 0.057261433780975549 -0.1070302631093645 0.0052174043373580566 0.012232970130579066 0.073655155728496804 -0.11240355565300093 0.027171075903418558 -0.10079753948536843 0.028647731837107466 0.04500433367399622 -0.05314955690625927 -0.064652376640657858 0.039161654361267131 -0.047180688987598279 -0.040629176517173321 -0.15077501368912627 0.053175363025715031 0.015339526111783814 0.028648802759221711 0.031767986753255824 -0.066852774630190168 -0.0019264939016582286 -0.10018269033897283 0.04161130519452301 -0.049745227455807055 0.021345418251846399 0.029269588487885235 -0.023612517590601033 0.0030493732114182694
leaf_weight=2.9284433824445832 3.4805348468944408 7.3553774568172221 0.97892051695635096 8.3309548561956017 1.5235833566694048 6.6977768056531195 1.0537151023090727 3.7107521090656519 1.5863654595195837 24.491594210529001 1.0666559271048754 2.0174591137865709 0.43594574229791749 3.1634235143146792 5.7249269358992469 3.9258481068764004 0.5133172340611053 2.0171819155675621 73.119802331588744 14.467710533219359 3.6669937598835523 9.6879331197192204 88.811767494854394 0.60565256447466698 1.3610777363946907 5.3113789526935289 2.9582119073984359 44.99395479736927 3.2581890892129186 135.19460426364185
leaf_count=3804 1030 9 119 382 27 9 30 10 26 181 12 625 37 303 1939 443 29 14 9404 380 95 1255 3847 420 49 838 280 7013 1666 22510
internal_value=0.00734066 0.0236348 -0.00148626 -0.0148786 0.0316991 0.0270139 0.0337594 -0.00592881 -0.0454232 0.0237183 -0.0332193 -0.00616144 0.0372475 0.00479623 0.0126456 0.017904 -0.0200787 -0.00879006 0.00328865 -0.00330798 -0.0263466 -0.0361551 0.00235659 0.0167704 -0.0301255 -0.0472636 -0.0243146 0.0226954 0.0256988 0.0073633
internal_weight=464.44 62.7296 15.2438 11.3273 47.4858 40.1304 33.3097 6.8207 3.10995 26.612 2.12037 10.3484 3.91648 401.71 64.7229 57.6369 6.45635 5.94303 336.987 128.673 25.3936 21.7266 103.279 3.76908 7.086 17.9575 8.26959 51.1806 48.2521 208.314
internal_count=56786 2497 2193 1126 304 295 232 63 53 223 42 1007 1067 54289 14957 12969 486 457 39332 7418 3191 3096 4227 723 1988 2373 1118 12483 8679 31914
is_linear=0
shrinkage=0.05


Tree=210
num_leaves=31
num_cat=0
split_feature=1 7 2 3 24 24 0 4 22 4 2 1 0 2 23 24 3 24 1 4 7 8 0 7 3 8 7 24 3 4
split_gain=5.86471 9.45013 4.08416 6.20951 4.22877 3.32913 6.1446 3.81555 6.36779 3.45792 6.22609 3.43767 3.16262 3.11993 2.68027 2.28403 3.72974 2.75467 2.21028 2.09734 2.20614 4.44424 3.27556 2.74103 4.72614 10.9666 3.55017 3.10938 3.04402 4.17999
threshold=0.96340919232485511 0.96340919232485511 0.97467948717948738 0.95664729601518039 0.90917380000000014 0.30653053500000005 3.8473195000000007 0.67982941765836513 1.0000000180025095e-35 0.61845212010779405 0.33137254901960794 0.15759905381431114 5.620200500000001 0.35859165709911983 1.0000000180025095e-35 0.29213206000000008 0.49370725892465023 0.29658467500000008 0.18286311389759663 0.55343526299408674 0.24440019910403188 0.35214626391096981 8.5278930000000006 0.9457002457002458 0.94428419533682717 0.76253132832080206 0.94185260311020969 0.72055679500000014 0.89964863402363415 0.95088225118210146
decision_type=2 2 2 2 2 2 2 2 2 2 2 2 2 2 2 2 2 2 2 2 2 2 2 2 2 2 2 2 2 2
left_child=1 5 4 -4 -2 7 -7 9 -9 10 18 -8 -12 -11 -14 16 -15 -17 -1 -13 -21 22 -22 24 26 -26 28 -28 -23 -30
right_child=2 -3 3 -5 -6 6 11 8 -10 13 12 19 14 15 -16 17 -18 -19 -20 20 21 23 -24 -25 25 -27 27 -29 29 -31
leaf_value=-0.048682528922122034 0.056849375691313347 -0.16705887890059817 -0.082247075853543836 0.051333638146959272 -0.022340149411992468 -0.038919993513124904 -0.071490817840689086 0.018012433789220485 -0.080378732295372374 -0.031952163971940319 -0.071070544699387034 -0.03760602117316747 0.010028692896267033 -0.0018674487752006659 -0.071210064562393288 0.074835177809209424 0.029994058302300692 0.012288339589206596 0.039162438129251652 0.009837168176242474 -0.045030171980915218 -8.7635175551100997e-05 0.017481433465975717 0.014281948523097294 -0.17142197010504096 -0.011797958482661063 -0.21247364680939473 -0.025164920333036647 0.027333352217364812 -0.079614646854295035
leaf_weight=0.79734664872717331 12.43290402083767 0.79550360978828294 1.7089760821581867 1.7720933859891375 1.9503016987873696 8.4095925515783829 1.487854205709026 4.1261502798374741 2.7340709946006427 2.4325838333070342 3.1648158574498648 2.9075657957171179 4.3901733795491964 12.306488716175407 1.3207366896003803 4.7210829363057192 36.214095930386065 2.8069951378274709 7.0245933492992663 139.98749123238213 8.2557779299204679 112.90490553257197 2.8084591991937478 44.450354588866048 1.2792047148977852 6.7739142753603119 0.34966133534908195 0.60478582452242335 17.57441528155778 0.963728727758279
leaf_count=887 133 33 29 33 62 17913 793 132 117 459 943 1843 101 264 87 27 306 47 1328 6752 750 20683 89 2200 20 220 2 60 385 23
internal_value=0.00627694 0.00511495 0.0343503 -0.0142457 0.0461116 0.00543288 0.00330107 0.0144954 -0.0212004 0.0177527 -0.00231553 0.0043443 -0.0309774 0.0234827 -0.00875903 0.0258886 0.0219129 0.0515133 0.0302078 0.00467728 0.00504323 0.00161868 -0.0291627 0.0034606 3.58201e-05 -0.0371536 0.00229788 -0.0937854 0.00299557 0.0217735
internal_weight=449.457 431.592 17.8643 3.48107 14.3832 430.797 348.758 82.0391 6.86022 75.1789 16.6977 340.348 8.87573 58.4812 5.71091 56.0487 48.5206 7.52808 7.82194 338.86 335.953 195.965 11.0642 184.901 140.451 8.05312 132.397 0.954447 131.443 18.5381
internal_count=56721 56464 257 62 195 56431 51733 4698 249 4449 3346 33820 1131 1103 188 644 570 74 2215 33027 31184 24432 839 23593 21393 240 21153 62 21091 408
is_linear=0
shrinkage=0.05


Tree=211
num_leaves=31
num_cat=0
split_feature=1 7 2 3 24 24 24 24 18 17 17 2 3 8 1 3 12 17 2 7 24 24 6 9 2 23 24 7 24 9
split_gain=5.42005 8.22121 3.74243 5.65359 3.94575 3.0727 2.79411 3.56802 6.99911 3.45847 4.93078 4.481 3.40935 2.73884 2.34881 2.15366 2.10767 6.36859 4.65569 2.10483 4.55515 12.3187 4.59153 5.03683 3.43361 3.13923 2.93865 2.43002 7.89331 4.88745
threshold=0.96340919232485511 0.96340919232485511 0.97467948717948738 0.95664729601518039 0.90917380000000014 0.30653053500000005 0.29213206000000008 0.29658467500000008 -1.0000000180025095e-35 1.0000000180025095e-35 0.17267080745341609 0.49253065774804905 0.49285418882193083 0.34724637681159426 0.15759905381431114 0.38063725490196082 1.0000000180025095e-35 0.23669467787114848 0.37176079734219269 0.9457002457002458 0.86377747500000013 0.876498785 0.81666666666666676 1.0000000180025095e-35 0.94185260311020969 1.0000000180025095e-35 0.89630952500000005 0.94185260311020969 0.83046269500000014 1.0000000180025095e-35
decision_type=2 2 2 2 2 2 2 2 2 2 2 2 2 2 2 2 2 2 2 2 2 2 2 2 2 2 2 2 2 2
left_child=1 5 4 -4 -2 6 9 -8 -9 11 -11 12 13 -1 -7 -12 17 -17 -19 20 27 22 23 -22 -23 -26 -27 -16 29 -29
right_child=2 -3 3 -5 -6 14 7 8 -10 10 15 -13 -14 -15 19 16 -18 18 -20 -21 21 24 -24 -25 25 26 -28 28 -30 -31
leaf_value=0.013646508260039084 0.055221515012336075 -0.15270502430518407 -0.077535837072440952 0.051193287899027363 -0.020910805876010252 -0.047249204687489832 0.067515919182253623 0.047064909659542159 -0.080163392831645586 -0.072555379741875634 0.047787222739921302 -0.068313994921862242 0.028433320476379659 -0.054141023714863325 0.0038735071942287316 -0.10143672449902424 0.036446567207436296 -0.065359064003035719 0.010573125540326533 0.013694921372210275 -0.0082939583055051634 -0.058462391087614252 -0.24732499634229022 -0.13398044206316809 0.030246923491578322 0.0085101580867297782 -0.084569495467592862 -0.05629803672515879 0.043653698181977646 -0.28283200318527929
leaf_weight=4.0636358208830634 12.166292800195153 0.82594480883562837 1.7218207490477644 1.6901730675926956 1.9786769446509413 2.296380690813975 5.1872999708011758 3.5865785169935407 1.547331013629673 2.3550212214263437 2.4349319212306026 1.4108429522457289 35.041945060249418 2.3528033391521603 282.4051870585547 1.6600875051531208 3.131133914088422 2.3140681469826658 15.81560951274332 44.048416200910196 1.3617855834927499 2.1149350486039102 0.48064428044744989 1.922345906496048 7.2051658208274585 2.2255574959144728 1.3699225672753526 0.55229324566698723 1.0538869215893099 0.41852939710952342
leaf_count=483 133 33 29 33 62 2492 227 112 320 433 75 28 588 222 46191 225 212 1413 360 2200 271 201 31 9 196 24 41 53 17 7
internal_value=0.00600443 0.00489052 0.033234 -0.0137683 0.0445717 0.0051944 0.0139704 0.0382695 0.00871903 0.0104171 -0.00334925 0.0193157 0.0222978 -0.0112101 0.00315098 0.00307854 -0.00167095 -0.0077019 0.000881157 0.0034863 0.00199292 -0.0234018 -0.102988 -0.0818638 -0.000203156 0.0112049 -0.0269543 0.00348219 -0.0510989 -0.153959
internal_weight=446.739 429.182 17.557 3.41199 14.145 428.356 80.9013 10.3212 5.13391 70.5801 27.7109 42.8692 41.4584 6.41644 347.455 25.3558 22.9209 19.7898 18.1297 345.159 301.11 16.6804 3.76478 3.28413 12.9156 10.8006 3.59548 284.43 2.02471 0.970823
internal_count=56721 56464 257 62 195 56431 4698 659 432 4039 2718 1321 1293 705 51733 2285 2210 1998 1773 49241 47041 773 311 280 462 261 65 46268 77 60
is_linear=0
shrinkage=0.05


Tree=212
num_leaves=31
num_cat=0
split_feature=1 7 2 3 24 24 0 4 22 4 2 1 0 2 23 1 24 3 24 12 1 8 0 0 24 7 4 3 4 7
split_gain=5.01005 7.16037 3.42887 5.15965 3.682 2.84889 5.54452 3.35429 5.63677 3.15708 5.5329 2.98165 2.93466 2.76382 2.36048 2.021 1.96544 3.19619 2.37469 1.91337 2.08338 5.45937 2.64933 3.81873 7.46738 5.43532 4.63209 4.99167 4.51856 4.82919
threshold=0.96340919232485511 0.96340919232485511 0.97467948717948738 0.95664729601518039 0.90917380000000014 0.30653053500000005 3.8473195000000007 0.6810370622034666 1.0000000180025095e-35 0.61845212010779405 0.33137254901960794 0.15759905381431114 5.620200500000001 0.35859165709911983 1.0000000180025095e-35 0.18286311389759663 0.29213206000000008 0.49370725892465023 0.29658467500000008 1.0000000180025095e-35 0.22361111111111107 0.27953488372093033 8.4788090000000018 7.2569232000000001 0.43625215000000006 0.20431354359925794 0.62724193330363942 0.51641214832975624 0.64184385875562355 0.17817460317460324
decision_type=2 2 2 2 2 2 2 2 2 2 2 2 2 2 2 2 2 2 2 2 2 2 2 2 2 2 2 2 2 2
left_child=1 5 4 -4 -2 7 -7 9 -9 10 15 -8 -12 -11 -14 -1 17 -15 -18 20 22 -22 23 26 -25 -26 27 -13 -28 -30
right_child=2 -3 3 -5 -6 6 11 8 -10 13 12 19 14 16 -16 -17 18 -19 -20 -21 21 -23 -24 24 25 -27 28 -29 29 -31
leaf_value=-0.047615554674259618 0.053639096890232454 -0.13974031037781218 -0.073260644884585571 0.051052437950855879 -0.019590738836483358 -0.037318947219026802 -0.067762425932301348 0.017052133162807941 -0.077088143929170475 -0.030541079603015227 -0.069497809957253437 -0.058719134655977161 0.0092314984923245035 -0.001399032234661822 -0.068366447080330045 0.037499183918890899 0.070879349039675937 0.028345565185758839 0.011674926312526354 0.016962705497040088 -0.046593310307524047 0.0023145283722558504 0.021835515431448783 0.02549062113829513 -0.028993589419664258 -0.14488776427149005 0.048669048137777816 0.027437985398786693 0.030209353125847129 -0.064863693453010213
leaf_weight=0.7789769945325159 11.905654746658913 0.85662142088221926 1.7309307147097561 1.6120670648306259 2.0056856157898428 8.320273070633105 1.4414381388548907 3.9793717742968502 2.6482888044829451 2.3880311694010734 3.0694969298174311 3.9773958374821694 4.2739307152778565 12.153845653714596 1.2716197224017376 6.6614860393247 4.5203607279318012 35.15429998498621 2.7085575185119524 27.418009168351205 5.8427705219301052 243.60996442445708 30.629355159363513 3.4367105426817934 2.635137090151602 1.6421133816402287 9.2714650281959603 2.911935206072485 3.2878382236162897 2.2495322910017421
leaf_count=887 133 33 29 33 62 17913 793 129 113 460 943 2121 101 269 87 1328 27 307 47 2380 1072 24933 961 75 399 104 212 218 264 288
internal_value=0.00574009 0.00467307 0.0321546 -0.0133141 0.0430811 0.00496328 0.00300453 0.0134931 -0.0205646 0.016586 -0.00299559 0.0039961 -0.0302732 0.022109 -0.00856206 0.0285881 0.0244144 0.0207039 0.0486964 0.00430311 0.0031816 0.00116899 0.0115433 0.000825235 -0.0293909 -0.0734874 0.0115674 -0.0223028 0.0273245 -0.00841365
internal_weight=444.393 427.139 17.2543 3.343 13.9113 426.282 346.674 79.6083 6.62766 72.9806 16.0555 338.354 8.61505 56.9251 5.54555 7.44046 54.5371 47.3081 7.22892 336.912 309.494 249.453 60.0415 29.4121 7.71396 4.27725 21.6982 6.88933 14.8088 5.53737
internal_count=56721 56464 257 62 195 56431 51733 4698 242 4456 3346 33820 1131 1110 188 2215 650 576 74 33027 30647 26005 4642 3681 578 503 3103 2339 764 552
is_linear=0
shrinkage=0.05


Tree=213
num_leaves=31
num_cat=0
split_feature=1 7 2 3 9 2 18 2 0 17 1 11 11 8 0 3 2 6 0 17 17 1 3 1 11 0 2 17 0 8
split_gain=4.62781 6.24154 3.14115 4.71814 2.6363 2.0551 1.76673 1.7609 2.68194 3.37272 3.29423 2.59091 2.50488 2.38207 4.80914 2.84225 5.01905 5.50692 3.88305 3.38521 12.1202 3.3713 3.19549 4.88354 3.0309 2.91465 3.7109 2.90539 4.08024 5.62814
threshold=0.96340919232485511 0.96340919232485511 0.97467948717948738 0.95664729601518039 1.0000000180025095e-35 0.23904761904761909 1.0000000180025095e-35 0.27361853832442068 4.1634054500000008 0.17267080745341609 0.24357284113381675 1.0000000180025095e-35 1.0000000180025095e-35 0.27953488372093033 6.6107655000000003 0.60241212472449812 0.85895117540687183 0.17424242424242423 10.521481500000002 1.0000000180025095e-35 0.21921921921921925 0.16045977011494258 0.5995564194577353 0.39767441860465119 1.5000000000000002 5.6554668500000007 0.38924963924963929 0.18898809523809523 12.708217000000001 0.78830559112249265
decision_type=2 2 2 2 2 2 2 2 2 2 2 2 2 2 2 2 2 2 2 2 2 2 2 2 2 2 2 2 2 2
left_child=1 5 4 -4 -2 -1 7 -7 9 10 -9 -10 -12 14 -13 19 17 -17 -18 25 24 -22 23 -23 -21 -15 -27 -20 -29 -30
right_child=2 -3 3 -5 -6 6 -8 8 11 -11 12 13 -14 15 -16 16 18 -19 27 20 21 22 -24 -25 -26 26 -28 28 29 -31
leaf_value=-0.065391898917551358 -0.0050600169180687986 -0.127955918469941 -0.069346548591930623 0.050910356466138541 0.051951728118602859 0.031998604270598918 -0.053231491672926706 -0.06336123922870672 0.02026958952196015 0.013270011913824235 0.012599491171199812 -0.055909638304639769 -0.054020045269141982 0.028685938251788463 0.011700243316765621 -0.0053565900320865917 0.047654273265678532 -0.057721745603927316 -0.01537830580890206 -0.21745274959916983 -0.089326279349421486 0.0073661715241059482 0.052052793395532343 -0.077558408559940797 -0.065003925052826858 -0.070288123985514692 0.010839921162841354 0.034735978280664687 -0.057591444792065842 0.0050988456545473394
leaf_weight=1.0417285945884476 2.47562574118274 0.88790008184514491 1.7370260876668899 1.5376183255757496 11.207134062755358 5.9987275801742603 1.3019988426968314 4.6315712711571013 27.881540523289004 6.9493697887246517 4.5022758184331906 4.801933063357863 2.0550283128432056 32.805976178798119 5.815599223393292 15.819234712465006 4.8169057010090901 7.3550313924226876 19.836229656006253 0.35500079493794956 0.90283414819077634 168.11332839955617 3.9411348982948757 1.7100270707073821 3.9957177502287777 1.5038134390506481 22.483989125344578 10.694844892892432 3.8063274484593412 60.2582322641465
leaf_count=1388 181 33 29 33 14 1108 24338 979 2345 568 89 1234 891 647 548 914 14 12635 236 9 489 5548 109 567 404 80 549 46 23 673
internal_value=0.00549553 0.00447179 0.031109 -0.0128796 0.0416366 0.00474952 0.00492253 0.00510236 0.00471362 -0.0140879 -0.0310798 0.00557285 -0.00827876 0.00446242 -0.0188773 0.00515385 -0.00102174 -0.0219762 0.00386299 0.00836424 0.00498995 0.00704325 0.00754396 0.00651103 -0.0774431 0.0190002 0.00575394 0.0016331 0.0061468 0.00137417
internal_weight=441.224 424.266 16.9574 3.27464 13.6828 423.378 422.337 421.035 415.036 18.1382 11.1889 396.898 6.5573 369.016 10.6175 358.399 122.587 23.1743 99.4125 235.812 179.018 174.667 173.764 169.823 4.35072 56.7938 23.9878 94.5956 74.7594 64.0646
internal_count=56721 56464 257 62 195 56431 55043 30705 29597 2527 1959 27070 980 24725 1782 22943 14541 13549 992 8402 7126 6713 6224 6115 413 1276 629 978 742 696
is_linear=0
shrinkage=0.05


Tree=214
num_leaves=31
num_cat=0
split_feature=1 7 0 24 24 24 24 9 4 3 7 0 3 0 0 1 7 8 0 17 17 0 7 3 1 11 17 0 1 7
split_gain=4.28577 5.44354 2.99014 4.44046 2.63363 5.68921 5.80052 11.2498 4.02318 3.95973 8.71467 3.72511 3.55479 2.9989 7.1893 3.13027 2.80626 2.79528 2.73803 3.80035 5.41953 3.87783 5.38816 3.87559 4.96047 4.9638 2.99101 2.97188 2.70917 2.67565
threshold=0.96340919232485511 0.96340919232485511 18.387796500000004 0.76294897000000017 0.41164070000000003 0.44622616000000009 0.44317451000000002 1.0000000180025095e-35 0.60002258355916904 0.50717719780219783 0.24440019910403188 7.1046948500000005 0.53127958785853535 8.7550145000000033 8.3334675000000029 0.18286311389759663 0.18983268983268978 0.42761904761904762 7.8949088500000011 1.0000000180025095e-35 0.13563218390804596 4.3784611500000006 0.18561584840654607 0.53660873440285217 0.23294573643410846 1.0000000180025095e-35 0.21921921921921925 5.6554668500000007 0.20806277056277053 0.19112850619699934
decision_type=2 2 2 2 2 2 2 2 2 2 2 2 2 2 2 2 2 2 2 2 2 2 2 2 2 2 2 2 2 2
left_child=1 4 3 -2 13 6 8 -8 -6 11 -11 -10 -12 14 15 -1 -15 -18 19 21 -21 22 -17 24 26 -26 -22 -23 -24 -7
right_child=2 -3 -4 -5 5 29 7 -9 9 10 12 -13 -14 16 -16 18 17 -19 -20 20 23 27 28 -25 25 -27 -28 -29 -30 -31
leaf_value=-0.037933613077203054 0.041427056122470662 -0.11721240375391323 0.061113291418990148 -0.022383166040347215 -0.074230887472794188 0.015372977329356772 -0.015859919038889808 -0.24368650111675919 -0.042706532812104771 -0.081201440254963994 -0.099327824687653429 0.039468244030984673 0.034925462481162302 -0.010830260572258308 -0.070113454032545625 0.037999682087032048 0.041041308749820087 -0.01381308924781072 0.037822952174530126 -0.07051995375957737 -0.071694631595825148 0.030981333982759908 -0.15023647377212757 0.01688276345421515 0.033771981792219005 -0.063998434204430563 0.010814949311664679 0.0034976827568136723 -0.029011824464504211 0.001504643577744544
leaf_weight=3.487921614914284 6.7460852427884692 0.91996103170549659 5.3104074436123474 4.5755760855827248 2.4129750877157283 41.555550743469666 1.5220327304718915 0.84137834988359816 1.7870736733652872 4.1157984971919159 0.56076349232171185 6.0413304712365061 4.0841849483192618 4.2738126535896326 2.9656325375681254 3.5837896330349377 17.514922914111597 2.6774471898261245 8.2885219909749122 2.7541243350442519 1.1919033672797947 32.84665345585654 0.49871431853989623 21.78521829344345 1.6274242326771835 6.4170860247536439 13.997068189754144 14.040598711989331 6.0764097304227107 213.2869736083843
leaf_count=2852 53 33 43 161 1179 5936 208 14 345 157 22 42 293 36 100 252 105 42 112 394 169 585 142 1323 122 1483 2121 191 754 37452
internal_value=0.00526372 0.0042806 0.0301581 0.0156386 0.00454657 0.00168829 -0.0230949 -0.0969666 -0.013907 -0.00513258 -0.0282243 0.0207093 0.0187177 0.010028 0.00676429 0.00871969 0.0259773 0.0337678 0.0101583 0.00797078 -0.00243284 0.0166832 -0.0113231 0.00173255 -0.0124733 -0.0442192 0.00434029 0.0227512 -0.0382066 0.00376606
internal_weight=437.787 421.155 16.6321 11.3217 420.235 276.208 21.3655 2.36341 19.0021 16.5892 8.76075 7.8284 4.64495 144.027 119.561 116.595 24.4662 20.1924 113.108 104.819 47.7728 57.0462 10.1589 45.0187 23.2335 8.04451 15.189 46.8873 6.57512 254.843
internal_count=56721 56464 257 214 56431 45648 2260 222 2038 859 472 387 315 10783 10600 10500 183 147 7648 7536 5612 1924 1148 5218 3895 1605 2290 776 896 43388
is_linear=0
shrinkage=0.05


Tree=215
num_leaves=31
num_cat=0
split_feature=8 24 22 1 17 7 24 24 5 24 0 24 2 11 8 3 7 24 4 8 11 4 24 11 24 24 4 1 7 24
split_gain=8.16529 8.42957 5.59105 5.46945 3.28108 3.2768 3.15648 3.05056 3.02388 5.38837 3.75145 4.06734 4.6743 4.04743 3.9284 6.2581 4.79477 5.16311 4.33004 4.68454 6.98462 4.80402 3.94638 3.80797 3.69553 4.28437 4.09307 5.58999 4.70388 4.51534
threshold=0.96738745125841918 0.18344868 1.0000000180025095e-35 0.92390405293631106 0.21921921921921925 0.18561584840654607 0.78216355000000015 0.79428150000000008 0.38750000000000007 0.74883996500000005 8.6088110000000011 0.54893735500000007 0.48610038610038614 365.50000000000006 0.35948717948717951 0.59205036793272103 0.24859550561797758 0.26996131000000007 0.75024201206996921 0.31139971139971145 368.50000000000006 0.61923792581687331 0.53433475000000008 998.50000000000011 0.53932264500000004 0.52919060000000007 0.61543610710277397 0.27953488372093033 0.26747967479674806 0.24416067500000002
decision_type=2 2 2 2 2 2 2 2 2 2 2 2 2 2 2 2 2 2 2 2 2 2 2 2 2 2 2 2 2 2
left_child=1 2 5 8 -4 -1 -2 -8 10 -10 11 12 14 -13 16 24 17 -3 19 22 21 -21 -19 -17 25 26 27 28 -16 -28
right_child=6 3 4 -5 -6 -7 7 -9 9 -11 -12 13 -14 -15 15 23 -18 18 -20 20 -22 -23 -24 -25 -26 -27 29 -29 -30 -31
leaf_value=-0.028239373966123138 0.014479042757112115 0.025922431622638183 -0.039848226825503659 0.015461849627611627 0.016128242783430342 0.046168228779952081 0.072638424141646729 0.020164787297539458 -0.10309005128877752 -0.01141756321414338 0.0066088259462732113 -0.014220632711553331 -0.058260051224637691 -0.06854031995810253 -0.039650357836800355 -0.0040190779620723743 -0.043720042452830461 0.0039830765129507525 0.048895679933380488 -0.061800848024090173 -0.082044964701388348 0.007648857750266063 -0.1020503368933407 -0.12209108156565207 0.053543280835821438 -0.10342799760965721 -0.041682228361716422 -0.078621548310836897 0.030188608566827358 0.020956729244234768
leaf_weight=1.5830907713218518 9.3746982272191435 11.77605637635858 3.6003102055246918 64.095868919238001 9.5934391438308904 22.642204719738857 7.5058640235656622 4.3894976383489848 1.7891184218533478 15.404402986410785 138.45266658847095 19.103801024007939 3.5092434129214771 4.1795602512665928 4.0351588544704082 1.3113470117878014 8.5110322369021087 20.902308574443854 2.7655411634759721 3.5882202833179262 5.4662374029903722 8.1358696921492974 0.91596606055827479 1.4248490124191449 4.8778184618649894 0.84612517438745172 3.0820043901294403 2.7302572427543046 5.9901560830053313 43.254055082851664
leaf_count=236 114 1546 222 2570 178 276 19 123 237 216 13760 17819 1169 1318 895 811 2755 6831 22 1634 332 563 289 19 163 166 164 714 121 1404
internal_value=0.00596381 0.00440998 0.0270425 0.00215851 0.000853384 0.0413058 0.0361759 0.0532752 -0.000574018 -0.0209568 0.000614524 -0.00469172 -0.00131966 -0.0239715 0.000221993 0.00856543 -0.00885959 -0.00331902 -0.0115621 -0.0158483 -0.0353689 -0.0136066 -0.000468376 -0.065504 0.0116923 0.00828639 0.00988601 -0.0151948 0.00207864 0.0167904
internal_weight=434.837 413.567 37.419 376.148 13.1937 24.2253 21.2701 11.8954 312.052 17.1935 294.858 156.406 133.122 23.2834 129.613 67.5518 62.0612 53.5502 41.7741 39.0086 17.1903 11.7241 21.8183 2.7362 64.8156 59.9378 59.0916 12.7556 10.0253 46.3361
internal_count=56686 56430 912 55518 400 512 256 142 52948 453 52495 38735 19598 19137 18429 4457 13972 11217 9671 9649 2529 2197 7120 830 3627 3464 3298 1730 1016 1568
is_linear=0
shrinkage=0.05


Tree=216
num_leaves=31
num_cat=0
split_feature=8 24 22 1 11 11 3 7 6 24 17 24 17 24 17 24 4 7 0 24 24 1 24 3 4 17 0 1 4 1
split_gain=7.52993 7.72604 5.17511 4.98608 3.06091 4.21648 4.38669 3.02422 3.01313 2.97053 2.96519 2.86584 2.75144 8.38206 6.53419 6.07185 4.69837 5.20749 3.93285 3.40934 2.74808 2.92202 2.96475 2.70484 6.20545 4.90411 5.55363 5.415 8.42087 7.1038
threshold=0.96738745125841918 0.18344868 1.0000000180025095e-35 0.92390405293631106 363.50000000000006 1.0000000180025095e-35 0.91163515695773767 0.18561584840654607 0.53571428571428581 0.78216355000000015 0.21921921921921925 0.79428150000000008 0.17267080745341609 0.85504002000000001 0.070197044334975353 0.29658467500000008 0.93642247510668575 0.17445652173913043 13.0218115 0.72055679500000014 0.20817088000000003 0.24357284113381675 0.73605425000000013 0.67716321520669365 0.75486800009503841 0.30940170940170947 8.6088110000000011 0.27072835547411828 0.67774007774007783 0.25586470267321332
decision_type=2 2 2 2 2 2 2 2 2 2 2 2 2 2 2 2 2 2 2 2 2 2 2 2 2 2 2 2 2 2
left_child=1 2 7 12 5 -5 -7 -1 -8 -2 -4 -11 13 14 16 -14 17 19 -16 -3 -19 -22 -23 24 25 -17 27 29 -29 -27
right_child=9 3 10 4 -6 6 8 -9 -10 11 -12 -13 15 -15 18 23 -18 20 -20 -21 21 22 -24 -25 -26 26 -28 28 -30 -31
leaf_value=-0.026756100985301779 0.013894675880216981 0.028164375696580979 -0.037785494289731617 0.036929654162154615 0.02108561939178152 -0.19111540423091689 0.044888404286068467 0.044682438784313779 -0.026676302505009627 0.07089668932807229 0.01545423805856512 0.01950475043175097 0.031248403779727943 -0.11992913836058001 -0.070475911967067859 0.034818906584625393 0.026044759258006558 -0.10187112427769254 0.050830262043423703 -0.084026127475696447 -0.045820734656951134 -0.0037280214891050991 -0.055257695329549099 -0.012270059995877143 0.019027127546919723 -0.017379080902283135 0.0072777468341156254 -0.046955575190206919 0.046469581523862935 0.020307564832144819
leaf_weight=1.5872031366800481 9.2829153845541459 10.746747778129272 3.6068448770322439 4.4150632300879797 47.933302709507188 0.36566336157966262 1.756829168236435 22.235844414057738 9.0346170332932143 7.3107327689867798 9.5133371138836065 4.3131155909513836 16.520685158753849 1.6701259934925463 5.429616947374341 8.2123307639072305 12.263474100313031 0.93672344029437127 0.76192289909886302 0.72271048033053453 6.445867264284515 28.117272255765332 3.0989941189764059 38.243959394242836 42.806420735008032 39.612932784584928 54.659877935259601 18.681128001778635 2.7695363980238303 18.27189824470679
leaf_count=236 114 771 222 1099 321 14 46 276 1090 19 178 123 2043 32 1361 2300 107 108 10 37 886 2782 307 11316 1974 10247 4562 11905 1155 1045
internal_value=0.00571395 0.00422291 0.0260351 0.00206532 0.0148289 -0.00443009 -0.0207969 0.0399229 -0.0150257 0.0349847 0.000818202 0.0518273 -0.000549618 -0.00925616 -0.00655871 0.00199916 -0.0016925 -0.00848632 -0.0555481 0.0210951 -0.0172763 -0.0151723 -0.00884363 -0.000165234 0.00233693 -0.00268704 -0.00498571 -0.0134349 -0.0348933 -0.00548293
internal_weight=431.328 410.421 36.9432 373.478 63.5055 15.5722 11.1571 23.823 10.7914 20.9068 13.1202 11.6238 309.972 70.1935 68.5233 239.779 62.3318 50.0683 6.19154 11.4695 38.5989 37.6621 31.2163 223.258 185.014 142.208 133.995 79.3355 21.4507 57.8848
internal_count=56686 56430 912 55518 2570 2249 1150 512 1136 256 400 142 52948 6401 6369 46547 4998 4891 1371 808 4083 3975 3089 44504 33188 31214 28914 24352 13060 11292
is_linear=0
shrinkage=0.05


Tree=217
num_leaves=31
num_cat=0
split_feature=8 24 22 1 11 11 3 24 7 5 24 17 24 24 5 24 16 8 0 1 0 0 4 4 11 7 1 3 1 0
split_gain=6.94119 7.07636 4.78913 4.57115 2.80061 3.89281 3.77962 2.79699 2.79095 2.76553 2.69771 2.67892 2.61633 6.79854 2.58913 4.85307 3.53198 8.09431 3.41861 3.2056 3.09723 3.68277 3.54688 3.19895 3.035 2.79126 5.93078 3.19174 3.32945 2.99725
threshold=0.96738745125841918 0.18344868 1.0000000180025095e-35 0.92390405293631106 363.50000000000006 1.0000000180025095e-35 0.91163515695773767 0.78216355000000015 0.18561584840654607 0.5634920634920636 0.79428150000000008 0.21921921921921925 0.89630952500000005 0.92485019500000021 0.38750000000000007 0.76045260000000015 1.0000000180025095e-35 0.93908472479901051 17.888175000000004 0.91024165707710025 8.6088110000000011 8.3334675000000029 0.65664173789173808 0.61439220865757604 1.0000000180025095e-35 0.17817460317460324 0.20806277056277053 0.4394919497070035 0.24357284113381675 8.1534830000000031
decision_type=2 2 2 2 2 2 2 2 2 2 2 2 2 2 2 2 2 2 2 2 2 2 2 2 2 2 2 2 2 2
left_child=1 2 8 14 5 -5 -7 -2 -1 -8 -9 -4 -6 -14 20 24 18 -18 19 -17 21 25 23 -23 -16 27 -27 -3 29 -29
right_child=7 3 11 4 12 6 9 10 -10 -11 -12 -13 13 -15 15 16 17 -19 -20 -21 -22 22 -24 -25 -26 26 -28 28 -30 -31
leaf_value=-0.02534775071818304 0.013328431181474171 -0.040704079530569794 -0.035819003051723586 0.036382420615326837 0.024469674374709652 -0.17502213070848205 0.044306589434164927 0.069234092210016182 0.043234861393647572 -0.025334603347850787 0.018854936566107559 0.014803303407095472 -0.075350533308029627 0.039214084708341181 0.0054370791793117261 0.042460577633735952 0.020967184792723515 -0.1389211527278941 -0.059043655800064335 -0.013711176831205832 0.0060609869273670694 -0.05898905155585913 -0.090887464542882004 0.042236895645307401 -0.12671508390492667 -0.048692670671581097 -0.0032732357922885154 0.024042599324100848 -0.04140086804258282 -0.099775514625239314
leaf_weight=1.5915085932395552 9.1957025492956763 2.717057756534575 3.6144263710521036 4.2613229851704082 42.04012342374881 0.37894577212500635 1.692544694058596 7.1169264336058387 21.841506289622885 9.037370054514211 4.2405561354871679 9.4370681750040131 2.3817898398265234 2.8378826631233096 0.6042185858823389 5.0976930015544877 1.638101576289045 1.5317259801231555 1.8727817501930974 5.0619548344948271 137.11831235301861 1.599994523376153 2.3537022713296665 1.5238022242056102 1.54637248439667 7.6847938664132007 111.03393210777172 24.110399337776251 2.2978272099799133 0.49887189822766131
leaf_count=236 114 3622 222 1099 272 14 46 19 276 1090 123 178 34 15 15 105 25 29 15 25 13760 210 1571 196 239 2739 25444 4223 712 18
internal_value=0.00547661 0.00404636 0.0250574 0.00197967 0.0142946 -0.00424549 -0.0198302 0.0338271 0.0385769 -0.0143494 0.050424 0.000784173 0.0203243 -0.0130629 -0.000522126 -0.0192842 -0.00933894 -0.0562942 0.00303095 0.0144735 0.000596928 -0.00427383 -0.0445356 -0.00961058 -0.0895863 -0.00278719 -0.00621329 0.0109429 0.0161582 0.0215326
internal_weight=427.959 407.406 36.4845 370.922 62.63 15.3702 11.1089 20.5532 23.433 10.7299 11.3575 13.0515 47.2598 5.21967 308.292 17.3528 15.2023 3.16983 12.0324 10.1596 290.939 153.82 5.4775 3.1238 2.15059 148.343 118.719 29.6242 26.9071 24.6093
internal_count=56686 56430 912 55518 2570 2249 1150 256 512 1136 142 400 321 49 52948 453 199 54 145 130 52495 38735 1977 406 254 36758 28183 8575 4953 4241
is_linear=0
shrinkage=0.05


end of trees

feature_importances:
blocking_score=1064
embedding_cosine_sim=806
date_day_diff=666
str_lev_ratio_norm=582
str_jaro_winkler_norm=519
str_lev_ratio_raw=466
str_jaro_winkler_raw=456
str_token_sort_ratio_raw=453
str_token_sort_ratio_norm=421
venue_fuzzy_score=217
venue_geo_distance_km=139
str_token_jaccard_norm=120
date_missing=97
source_partner_feed_a=96
str_token_jaccard_raw=72
source_official_feed=71
date_same_weekday=54
venue_exact_match=46
date_year_inferred=42
source_scraped_feed_b=40
source_scraped_feed_c=36
venue_missing=26
venue_alias_match=24
date_exact_match=21
venue_geo_distance_missing=6

parameters:
[boosting: gbdt]
[objective: binary]
[metric: binary_logloss]
[tree_learner: serial]
[device_type: cpu]
[data_sample_strategy: bagging]
[data: ]
[valid: ]
[num_iterations: 500]
[learning_rate: 0.05]
[num_leaves: 31]
[num_threads: 0]
[seed: 0]
[deterministic: 0]
[force_col_wise: 0]
[force_row_wise: 0]
[histogram_pool_size: -1]
[max_depth: -1]
[min_data_in_leaf: 20]
[min_sum_hessian_in_leaf: 0.001]
[bagging_fraction: 0.8]
[pos_bagging_fraction: 1]
[neg_bagging_fraction: 1]
[bagging_freq: 5]
[bagging_seed: 3]
[bagging_by_query: 0]
[feature_fraction: 0.9]
[feature_fraction_bynode: 1]
[feature_fraction_seed: 2]
[extra_trees: 0]
[extra_seed: 6]
[early_stopping_round: 0]
[early_stopping_min_delta: 0]
[first_metric_only: 0]
[max_delta_step: 0]
[lambda_l1: 0]
[lambda_l2: 0]
[linear_lambda: 0]
[min_gain_to_split: 0]
[drop_rate: 0.1]
[max_drop: 50]
[skip_drop: 0.5]
[xgboost_dart_mode: 0]
[uniform_drop: 0]
[drop_seed: 4]
[top_rate: 0.2]
[other_rate: 0.1]
[min_data_per_group: 100]
[max_cat_threshold: 32]
[cat_l2: 10]
[cat_smooth: 10]
[max_cat_to_onehot: 4]
[top_k: 20]
[monotone_constraints: ]
[monotone_constraints_method: basic]
[monotone_penalty: 0]
[feature_contri: ]
[forcedsplits_filename: ]
[refit_decay_rate: 0.9]
[cegb_tradeoff: 1]
[cegb_penalty_split: 0]
[cegb_penalty_feature_lazy: ]
[cegb_penalty_feature_coupled: ]
[path_smooth: 0]
[interaction_constraints: ]
[verbosity: -1]
[saved_feature_importance_type: 0]
[use_quantized_grad: 0]
[num_grad_quant_bins: 4]
[quant_train_renew_leaf: 0]
[stochastic_rounding: 1]
[linear_tree: 0]
[max_bin: 255]
[max_bin_by_feature: ]
[min_data_in_bin: 3]
[bin_construct_sample_cnt: 200000]
[data_random_seed: 1]
[is_enable_sparse: 1]
[enable_bundle: 1]
[use_missing: 1]
[zero_as_missing: 0]
[feature_pre_filter: 1]
[pre_partition: 0]
[two_round: 0]
[header: 0]
[label_column: ]
[weight_column: ]
[group_column: ]
[ignore_column: ]
[categorical_feature: ]
[forcedbins_filename: ]
[precise_float_parser: 0]
[parser_config_file: ]
[objective_seed: 5]
[num_class: 1]
[is_unbalance: 0]
[scale_pos_weight: 18.098]
[sigmoid: 1]
[boost_from_average: 1]
[reg_sqrt: 0]
[alpha: 0.9]
[fair_c: 1]
[poisson_max_delta_step: 0.7]
[tweedie_variance_power: 1.5]
[lambdarank_truncation_level: 30]
[lambdarank_norm: 1]
[label_gain: ]
[lambdarank_position_bias_regularization: 0]
[eval_at: ]
[multi_error_top_k: 1]
[auc_mu_weights: ]
[num_machines: 1]
[local_listen_port: 12400]
[time_out: 120]
[machine_list_filename: ]
[machines: ]
[gpu_platform_id: -1]
[gpu_device_id: -1]
[gpu_device_id_list: ]
[gpu_use_dp: 0]
[num_gpu: 1]

end of parameters

pandas_categorical:[]
