listing_id,true_event_id
L000000,nba_401810548
L000001,nba_401810548
L000002,nba_401810548
L000003,nba_401810548
L000004,nba_401810928
L000005,nba_401810928
L000006,nba_401810928
L000007,nba_401810928
L000008,nba_401812677
L000009,nba_401812677
L000010,nba_401812677
L000011,nba_401812677
L000012,nba_401810416
L000013,nba_401810416
L000014,nba_401810416
L000015,nba_401810416
L000016,nba_401810493
L000017,nba_401810493
L000018,nba_401810493
L000019,nba_401810493
L000020,nba_401810727
L000021,nba_401810727
L000022,nba_401810727
L000023,nba_401810727
L000024,nfl_401772848
L000025,nfl_401772848
L000026,nfl_401772848
L000027,nfl_401772848
L000028,nfl_401772911
L000029,nfl_401772911
L000030,nfl_401772911
L000031,nfl_401772911
L000032,nba_401810384
L000033,nba_401810384
L000034,nba_401810384
L000035,nba_401810384
L000036,nba_401810558
L000037,nba_401810558
L000038,nba_401810558
L000039,nba_401810558
L000040,nba_401810933
L000041,nba_401810933
L000042,nba_401810933
L000043,nba_401810933
L000044,nfl_401772908
L000045,nfl_401772908
L000046,nfl_401772908
L000047,nfl_401772908
L000048,nba_401810852
L000049,nba_401810852
L000050,nba_401810852
L000051,nba_401810852
L000052,nba_401810691
L000053,nba_401810691
L000054,nba_401810691
L000055,nba_401810691
L000056,nba_401857824
L000057,nba_401857824
L000058,nba_401857824
L000059,nba_401857824
L000060,nba_401810018
L000061,nba_401810018
L000062,nba_401810018
L000063,nba_401810018
L000064,nba_401871153
L000065,nba_401871153
L000066,nba_401871153
L000067,nba_401871153
L000068,nfl_401772950
L000069,nfl_401772950
L000070,nfl_401772950
L000071,nfl_401772950
L000072,nba_401873198
L000073,nba_401873198
L000074,nba_401873198
L000075,nba_401873198
L000076,nfl_401772715
L000077,nfl_401772715
L000078,nfl_401772715
L000079,nfl_401772715
L000080,nfl_401772844
L000081,nfl_401772844
L000082,nfl_401772844
L000083,nfl_401772844
L000084,nba_401810689
L000085,nba_401810689
L000086,nba_401810689
L000087,nba_401810689
L000088,nba_401810574
L000089,nba_401810574
L000090,nba_401810574
L000091,nba_401810574
L000092,nba_401810261
L000093,nba_401810261
L000094,nba_401810261
L000095,nba_401810261
L000096,nba_401810151
L000097,nba_401810151
L000098,nba_401810151
L000099,nba_401810151
L000100,nba_401809954
L000101,nba_401809954
L000102,nba_401809954
L000103,nba_401809954
L000104,nba_401809985
L000105,nba_401809985
L000106,nba_401809985
L000107,nba_401809985
L000108,nba_401810582
L000109,nba_401810582
L000110,nba_401810582
L000111,nba_401810582
L000112,nba_401810132
L000113,nba_401810132
L000114,nba_401810132
L000115,nba_401810132
L000116,nfl_401772833
L000117,nfl_401772833
L000118,nfl_401772833
L000119,nfl_401772833
L000120,nba_401809810
L000121,nba_401809810
L000122,nba_401809810
L000123,nba_401809810
L000124,nba_401810902
L000125,nba_401810902
L000126,nba_401810902
L000127,nba_401810902
L000128,nba_401812728
L000129,nba_401812728
L000130,nba_401812728
L000131,nba_401812728
L000132,nba_401810638
L000133,nba_401810638
L000134,nba_401810638
L000135,nba_401810638
L000136,nba_401859965
L000137,nba_401859965
L000138,nba_401859965
L000139,nba_401859965
L000140,nba_401810249
L000141,nba_401810249
L000142,nba_401810249
L000143,nba_401810249
L000144,nba_401810344
L000145,nba_401810344
L000146,nba_401810344
L000147,nba_401810344
L000148,nba_401809991
L000149,nba_401809991
L000150,nba_401809991
L000151,nba_401809991
L000152,nba_401810046
L000153,nba_401810046
L000154,nba_401810046
L000155,nba_401810046
L000156,nba_401810276
L000157,nba_401810276
L000158,nba_401810276
L000159,nba_401810276
L000160,nba_401810637
L000161,nba_401810637
L000162,nba_401810637
L000163,nba_401810637
L000164,nba_401810829
L000165,nba_401810829
L000166,nba_401810829
L000167,nba_401810829
L000168,nba_401809811
L000169,nba_401809811
L000170,nba_401809811
L000171,nba_401809811
L000172,nfl_401772892
L000173,nfl_401772892
L000174,nfl_401772892
L000175,nfl_401772892
L000176,nba_401812690
L000177,nba_401812690
L000178,nba_401812690
L000179,nba_401812690
L000180,nba_401810883
L000181,nba_401810883
L000182,nba_401810883
L000183,nba_401810883
L000184,nba_401810330
L000185,nba_401810330
L000186,nba_401810330
L000187,nba_401810330
L000188,nba_401810351
L000189,nba_401810351
L000190,nba_401810351
L000191,nba_401810351
L000192,nba_401810507
L000193,nba_401810507
L000194,nba_401810507
L000195,nba_401810507
L000196,nba_401812713
L000197,nba_401812713
L000198,nba_401812713
L000199,nba_401812713
L000200,nba_401810281
L000201,nba_401810281
L000202,nba_401810281
L000203,nba_401810281
L000204,nba_401810776
L000205,nba_401810776
L000206,nba_401810776
L000207,nba_401810776
L000208,nba_401810466
L000209,nba_401810466
L000210,nba_401810466
L000211,nba_401810466
L000212,nba_401869378
L000213,nba_401869378
L000214,nba_401869378
L000215,nba_401869378
L000216,nba_401810085
L000217,nba_401810085
L000218,nba_401810085
L000219,nba_401810085
L000220,nfl_401772920
L000221,nfl_401772920
L000222,nfl_401772920
L000223,nfl_401772920
L000224,nfl_401772779
L000225,nfl_401772779
L000226,nfl_401772779
L000227,nfl_401772779
L000228,nba_401811016
L000229,nba_401811016
L000230,nba_401811016
L000231,nba_401811016
L000232,nfl_401772947
L000233,nfl_401772947
L000234,nfl_401772947
L000235,nfl_401772947
L000236,nba_401810539
L000237,nba_401810539
L000238,nba_401810539
L000239,nba_401810539
L000240,nfl_401772810
L000241,nfl_401772810
L000242,nfl_401772810
L000243,nfl_401772810
L000244,nba_401810713
L000245,nba_401810713
L000246,nba_401810713
L000247,nba_401810713
L000248,nba_401810381
L000249,nba_401810381
L000250,nba_401810381
L000251,nba_401810381
L000252,nba_401810020
L000253,nba_401810020
L000254,nba_401810020
L000255,nba_401810020
L000256,nfl_401772721
L000257,nfl_401772721
L000258,nfl_401772721
L000259,nfl_401772721
L000260,nba_401810698
L000261,nba_401810698
L000262,nba_401810698
L000263,nba_401810698
L000264,nba_401810604
L000265,nba_401810604
L000266,nba_401810604
L000267,nba_401810604
L000268,nba_401810889
L000269,nba_401810889
L000270,nba_401810889
L000271,nba_401810889
L000272,nba_401810221
L000273,nba_401810221
L000274,nba_401810221
L000275,nba_401810221
L000276,nfl_401772752
L000277,nfl_401772752
L000278,nfl_401772752
L000279,nfl_401772752
L000280,nfl_401772792
L000281,nfl_401772792
L000282,nfl_401772792
L000283,nfl_401772792
L000284,nba_401812485
L000285,nba_401812485
L000286,nba_401812485
L000287,nba_401812485
L000288,nba_401810710
L000289,nba_401810710
L000290,nba_401810710
L000291,nba_401810710
L000292,nba_401810483
L000293,nba_401810483
L000294,nba_401810483
L000295,nba_401810483
L000296,nfl_401772855
L000297,nfl_401772855
L000298,nfl_401772855
L000299,nfl_401772855
L000300,nba_401810040
L000301,nba_401810040
L000302,nba_401810040
L000303,nba_401810040
L000304,nba_401810734
L000305,nba_401810734
L000306,nba_401810734
L000307,nba_401810734
L000308,nba_401810027
L000309,nba_401810027
L000310,nba_401810027
L000311,nba_401810027
L000312,nba_401810311
L000313,nba_401810311
L000314,nba_401810311
L000315,nba_401810311
L000316,nba_401810561
L000317,nba_401810561
L000318,nba_401810561
L000319,nba_401810561
L000320,nba_401810429
L000321,nba_401810429
L000322,nba_401810429
L000323,nba_401810429
L000324,nba_401810736
L000325,nba_401810736
L000326,nba_401810736
L000327,nba_401810736
L000328,nba_401810723
L000329,nba_401810723
L000330,nba_401810723
L000331,nba_401810723
L000332,nba_401809947
L000333,nba_401809947
L000334,nba_401809947
L000335,nba_401809947
L000336,nba_401809980
L000337,nba_401809980
L000338,nba_401809980
L000339,nba_401809980
L000340,nba_401810042
L000341,nba_401810042
L000342,nba_401810042
L000343,nba_401810042
L000344,nba_401810237
L000345,nba_401810237
L000346,nba_401810237
L000347,nba_401810237
L000348,nfl_401772910
L000349,nfl_401772910
L000350,nfl_401772910
L000351,nfl_401772910
L000352,nba_401810336
L000353,nba_401810336
L000354,nba_401810336
L000355,nba_401810336
L000356,nba_401810307
L000357,nba_401810307
L000358,nba_401810307
L000359,nba_401810307
L000360,nba_401810185
L000361,nba_401810185
L000362,nba_401810185
L000363,nba_401810185
L000364,nba_401812702
L000365,nba_401812702
L000366,nba_401812702
L000367,nba_401812702
L000368,nba_401810431
L000369,nba_401810431
L000370,nba_401810431
L000371,nba_401810431
L000372,nba_401810657
L000373,nba_401810657
L000374,nba_401810657
L000375,nba_401810657
L000376,nfl_401772787
L000377,nfl_401772787
L000378,nfl_401772787
L000379,nfl_401772787
L000380,nba_401810639
L000381,nba_401810639
L000382,nba_401810639
L000383,nba_401810639
L000384,nfl_401772763
L000385,nfl_401772763
L000386,nfl_401772763
L000387,nfl_401772763
L000388,nba_401866759
L000389,nba_401866759
L000390,nba_401866759
L000391,nba_401866759
L000392,nba_401839023
L000393,nba_401839023
L000394,nba_401839023
L000395,nba_401839023
L000396,nba_401809990
L000397,nba_401809990
L000398,nba_401809990
L000399,nba_401809990
L000400,nba_401810114
L000401,nba_401810114
L000402,nba_401810114
L000403,nba_401810114
L000404,nba_401810609
L000405,nba_401810609
L000406,nba_401810609
L000407,nba_401810609
L000408,nba_401811002
L000409,nba_401811002
L000410,nba_401811002
L000411,nba_401811002
L000412,nba_401809955
L000413,nba_401809955
L000414,nba_401809955
L000415,nba_401809955
L000416,nba_401810818
L000417,nba_401810818
L000418,nba_401810818
L000419,nba_401810818
L000420,nba_401810766
L000421,nba_401810766
L000422,nba_401810766
L000423,nba_401810766
L000424,nba_401810418
L000425,nba_401810418
L000426,nba_401810418
L000427,nba_401810418
L000428,nba_401812715
L000429,nba_401812715
L000430,nba_401812715
L000431,nba_401812715
L000432,nba_401810683
L000433,nba_401810683
L000434,nba_401810683
L000435,nba_401810683
L000436,nfl_401772842
L000437,nfl_401772842
L000438,nfl_401772842
L000439,nfl_401772842
L000440,nfl_401772937
L000441,nfl_401772937
L000442,nfl_401772937
L000443,nfl_401772937
L000444,nba_401810749
L000445,nba_401810749
L000446,nba_401810749
L000447,nba_401810749
L000448,nba_401810945
L000449,nba_401810945
L000450,nba_401810945
L000451,nba_401810945
L000452,nba_401809503
L000453,nba_401809503
L000454,nba_401809503
L000455,nba_401809503
L000456,nba_401811051
L000457,nba_401811051
L000458,nba_401811051
L000459,nba_401811051
L000460,nfl_401772852
L000461,nfl_401772852
L000462,nfl_401772852
L000463,nfl_401772852
L000464,nba_401810906
L000465,nba_401810906
L000466,nba_401810906
L000467,nba_401810906
L000468,nba_401810915
L000469,nba_401810915
L000470,nba_401810915
L000471,nba_401810915
L000472,nba_401810975
L000473,nba_401810975
L000474,nba_401810975
L000475,nba_401810975
L000476,nfl_401772960
L000477,nfl_401772960
L000478,nfl_401772960
L000479,nfl_401772960
L000480,nba_401810302
L000481,nba_401810302
L000482,nba_401810302
L000483,nba_401810302
L000484,nba_401810089
L000485,nba_401810089
L000486,nba_401810089
L000487,nba_401810089
L000488,nfl_401772958
L000489,nfl_401772958
L000490,nfl_401772958
L000491,nfl_401772958
L000492,nfl_401772954
L000493,nfl_401772954
L000494,nfl_401772954
L000495,nfl_401772954
L000496,nba_401810162
L000497,nba_401810162
L000498,nba_401810162
L000499,nba_401810162
L000500,nfl_401772828
L000501,nfl_401772828
L000502,nfl_401772828
L000503,nfl_401772828
L000504,nba_401810354
L000505,nba_401810354
L000506,nba_401810354
L000507,nba_401810354
L000508,nfl_401772894
L000509,nfl_401772894
L000510,nfl_401772894
L000511,nfl_401772894
L000512,nfl_401772925
L000513,nfl_401772925
L000514,nfl_401772925
L000515,nfl_401772925
L000516,nba_401810048
L000517,nba_401810048
L000518,nba_401810048
L000519,nba_401810048
L000520,nfl_401772929
L000521,nfl_401772929
L000522,nfl_401772929
L000523,nfl_401772929
L000524,nba_401869412
L000525,nba_401869412
L000526,nba_401869412
L000527,nba_401869412
L000528,nba_401810137
L000529,nba_401810137
L000530,nba_401810137
L000531,nba_401810137
L000532,nba_401810116
L000533,nba_401810116
L000534,nba_401810116
L000535,nba_401810116
L000536,nba_401810996
L000537,nba_401810996
L000538,nba_401810996
L000539,nba_401810996
L000540,nba_401812736
L000541,nba_401812736
L000542,nba_401812736
L000543,nba_401812736
L000544,nfl_401772754
L000545,nfl_401772754
L000546,nfl_401772754
L000547,nfl_401772754
L000548,nfl_401772744
L000549,nfl_401772744
L000550,nfl_401772744
L000551,nfl_401772744
L000552,nba_401810820
L000553,nba_401810820
L000554,nba_401810820
L000555,nba_401810820
L000556,nba_401810312
L000557,nba_401810312
L000558,nba_401810312
L000559,nba_401810312
L000560,nba_401810703
L000561,nba_401810703
L000562,nba_401810703
L000563,nba_401810703
L000564,nba_401810865
L000565,nba_401810865
L000566,nba_401810865
L000567,nba_401810865
L000568,nfl_401772885
L000569,nfl_401772885
L000570,nfl_401772885
L000571,nfl_401772885
L000572,nba_401810737
L000573,nba_401810737
L000574,nba_401810737
L000575,nba_401810737
L000576,nba_401810665
L000577,nba_401810665
L000578,nba_401810665
L000579,nba_401810665
L000580,nba_401812724
L000581,nba_401812724
L000582,nba_401812724
L000583,nba_401812724
L000584,nba_401810286
L000585,nba_401810286
L000586,nba_401810286
L000587,nba_401810286
L000588,nba_401810471
L000589,nba_401810471
L000590,nba_401810471
L000591,nba_401810471
L000592,nba_401810835
L000593,nba_401810835
L000594,nba_401810835
L000595,nba_401810835
L000596,nfl_401772932
L000597,nfl_401772932
L000598,nfl_401772932
L000599,nfl_401772932
L000600,nba_401810228
L000601,nba_401810228
L000602,nba_401810228
L000603,nba_401810228
L000604,nba_401810897
L000605,nba_401810897
L000606,nba_401810897
L000607,nba_401810897
L000608,nba_401810190
L000609,nba_401810190
L000610,nba_401810190
L000611,nba_401810190
L000612,nfl_401772843
L000613,nfl_401772843
L000614,nfl_401772843
L000615,nfl_401772843
L000616,nfl_401772919
L000617,nfl_401772919
L000618,nfl_401772919
L000619,nfl_401772919
L000620,nba_401838140
L000621,nba_401838140
L000622,nba_401838140
L000623,nba_401838140
L000624,nba_401810095
L000625,nba_401810095
L000626,nba_401810095
L000627,nba_401810095
L000628,nba_401809833
L000629,nba_401809833
L000630,nba_401809833
L000631,nba_401809833
L000632,nba_401810386
L000633,nba_401810386
L000634,nba_401810386
L000635,nba_401810386
L000636,nba_401810123
L000637,nba_401810123
L000638,nba_401810123
L000639,nba_401810123
L000640,nfl_401772897
L000641,nfl_401772897
L000642,nfl_401772897
L000643,nfl_401772897
L000644,nba_401810170
L000645,nba_401810170
L000646,nba_401810170
L000647,nba_401810170
L000648,nfl_401772902
L000649,nfl_401772902
L000650,nfl_401772902
L000651,nfl_401772902
L000652,nba_401811045
L000653,nba_401811045
L000654,nba_401811045
L000655,nba_401811045
L000656,nfl_401772875
L000657,nfl_401772875
L000658,nfl_401772875
L000659,nfl_401772875
L000660,nba_401809240
L000661,nba_401809240
L000662,nba_401809240
L000663,nba_401809240
L000664,nba_401810940
L000665,nba_401810940
L000666,nba_401810940
L000667,nba_401810940
L000668,nba_401810779
L000669,nba_401810779
L000670,nba_401810779
L000671,nba_401810779
L000672,nfl_401772966
L000673,nfl_401772966
L000674,nfl_401772966
L000675,nfl_401772966
L000676,nba_401809512
L000677,nba_401809512
L000678,nba_401809512
L000679,nba_401809512
L000680,nba_401810893
L000681,nba_401810893
L000682,nba_401810893
L000683,nba_401810893
L000684,nfl_401772890
L000685,nfl_401772890
L000686,nfl_401772890
L000687,nfl_401772890
L000688,nba_401810415
L000689,nba_401810415
L000690,nba_401810415
L000691,nba_401810415
L000692,nba_401810397
L000693,nba_401810397
L000694,nba_401810397
L000695,nba_401810397
L000696,nba_401810188
L000697,nba_401810188
L000698,nba_401810188
L000699,nba_401810188
L000700,nba_401810091
L000701,nba_401810091
L000702,nba_401810091
L000703,nba_401810091
L000704,nfl_401772878
L000705,nfl_401772878
L000706,nfl_401772878
L000707,nfl_401772878
L000708,nfl_401772746
L000709,nfl_401772746
L000710,nfl_401772746
L000711,nfl_401772746
L000712,nba_401810352
L000713,nba_401810352
L000714,nba_401810352
L000715,nba_401810352
L000716,nfl_401772777
L000717,nfl_401772777
L000718,nfl_401772777
L000719,nfl_401772777
L000720,nba_401810615
L000721,nba_401810615
L000722,nba_401810615
L000723,nba_401810615
L000724,nba_401810092
L000725,nba_401810092
L000726,nba_401810092
L000727,nba_401810092
L000728,nfl_401772757
L000729,nfl_401772757
L000730,nfl_401772757
L000731,nfl_401772757
L000732,nba_401810241
L000733,nba_401810241
L000734,nba_401810241
L000735,nba_401810241
L000736,nba_401812692
L000737,nba_401812692
L000738,nba_401812692
L000739,nba_401812692
L000740,nba_401810107
L000741,nba_401810107
L000742,nba_401810107
L000743,nba_401810107
L000744,nba_401810746
L000745,nba_401810746
L000746,nba_401810746
L000747,nba_401810746
L000748,nba_401810735
L000749,nba_401810735
L000750,nba_401810735
L000751,nba_401810735
L000752,nba_401809237
L000753,nba_401809237
L000754,nba_401809237
L000755,nba_401809237
L000756,nba_401810553
L000757,nba_401810553
L000758,nba_401810553
L000759,nba_401810553
L000760,nba_401869416
L000761,nba_401869416
L000762,nba_401869416
L000763,nba_401869416
L000764,nba_401810950
L000765,nba_401810950
L000766,nba_401810950
L000767,nba_401810950
L000768,nba_401873344
L000769,nba_401873344
L000770,nba_401873344
L000771,nba_401873344
L000772,nba_401810160
L000773,nba_401810160
L000774,nba_401810160
L000775,nba_401810160
L000776,nba_401810030
L000777,nba_401810030
L000778,nba_401810030
L000779,nba_401810030
L000780,nba_401810193
L000781,nba_401810193
L000782,nba_401810193
L000783,nba_401810193
L000784,nba_401810403
L000785,nba_401810403
L000786,nba_401810403
L000787,nba_401810403
L000788,nfl_401772771
L000789,nfl_401772771
L000790,nfl_401772771
L000791,nfl_401772771
L000792,nba_401810487
L000793,nba_401810487
L000794,nba_401810487
L000795,nba_401810487
L000796,nfl_401772795
L000797,nfl_401772795
L000798,nfl_401772795
L000799,nfl_401772795
L000800,nba_401810790
L000801,nba_401810790
L000802,nba_401810790
L000803,nba_401810790
L000804,nba_401810535
L000805,nba_401810535
L000806,nba_401810535
L000807,nba_401810535
L000808,nba_401810640
L000809,nba_401810640
L000810,nba_401810640
L000811,nba_401810640
L000812,nba_401811008
L000813,nba_401811008
L000814,nba_401811008
L000815,nba_401811008
L000816,nfl_401772759
L000817,nfl_401772759
L000818,nfl_401772759
L000819,nfl_401772759
L000820,nba_401810856
L000821,nba_401810856
L000822,nba_401810856
L000823,nba_401810856
L000824,nfl_401772921
L000825,nfl_401772921
L000826,nfl_401772921
L000827,nfl_401772921
L000828,nba_401810977
L000829,nba_401810977
L000830,nba_401810977
L000831,nba_401810977
L000832,nba_401810119
L000833,nba_401810119
L000834,nba_401810119
L000835,nba_401810119
L000836,nba_401810797
L000837,nba_401810797
L000838,nba_401810797
L000839,nba_401810797
L000840,nfl_401772764
L000841,nfl_401772764
L000842,nfl_401772764
L000843,nfl_401772764
L000844,nba_401810664
L000845,nba_401810664
L000846,nba_401810664
L000847,nba_401810664
L000848,nba_401810862
L000849,nba_401810862
L000850,nba_401810862
L000851,nba_401810862
L000852,nfl_401772904
L000853,nfl_401772904
L000854,nfl_401772904
L000855,nfl_401772904
L000856,nba_401810005
L000857,nba_401810005
L000858,nba_401810005
L000859,nba_401810005
L000860,nba_401810196
L000861,nba_401810196
L000862,nba_401810196
L000863,nba_401810196
L000864,nba_401810172
L000865,nba_401810172
L000866,nba_401810172
L000867,nba_401810172
L000868,nba_401810124
L000869,nba_401810124
L000870,nba_401810124
L000871,nba_401810124
L000872,nba_401810222
L000873,nba_401810222
L000874,nba_401810222
L000875,nba_401810222
L000876,nba_401810912
L000877,nba_401810912
L000878,nba_401810912
L000879,nba_401810912
L000880,nba_401810282
L000881,nba_401810282
L000882,nba_401810282
L000883,nba_401810282
L000884,nba_401810409
L000885,nba_401810409
L000886,nba_401810409
L000887,nba_401810409
L000888,nba_401812686
L000889,nba_401812686
L000890,nba_401812686
L000891,nba_401812686
L000892,nba_401810198
L000893,nba_401810198
L000894,nba_401810198
L000895,nba_401810198
L000896,nba_401810028
L000897,nba_401810028
L000898,nba_401810028
L000899,nba_401810028
L000900,nba_401810318
L000901,nba_401810318
L000902,nba_401810318
L000903,nba_401810318
L000904,nba_401810875
L000905,nba_401810875
L000906,nba_401810875
L000907,nba_401810875
L000908,nfl_401772939
L000909,nfl_401772939
L000910,nfl_401772939
L000911,nfl_401772939
L000912,nba_401809965
L000913,nba_401809965
L000914,nba_401809965
L000915,nba_401809965
L000916,nba_401810177
L000917,nba_401810177
L000918,nba_401810177
L000919,nba_401810177
L000920,nba_401810477
L000921,nba_401810477
L000922,nba_401810477
L000923,nba_401810477
L000924,nba_401811052
L000925,nba_401811052
L000926,nba_401811052
L000927,nba_401811052
L000928,nba_401810291
L000929,nba_401810291
L000930,nba_401810291
L000931,nba_401810291
L000932,nba_401810997
L000933,nba_401810997
L000934,nba_401810997
L000935,nba_401810997
L000936,nba_401810395
L000937,nba_401810395
L000938,nba_401810395
L000939,nba_401810395
L000940,nba_401810891
L000941,nba_401810891
L000942,nba_401810891
L000943,nba_401810891
L000944,nba_401871336
L000945,nba_401871336
L000946,nba_401871336
L000947,nba_401871336
L000948,nba_401809987
L000949,nba_401809987
L000950,nba_401809987
L000951,nba_401809987
L000952,nba_401810240
L000953,nba_401810240
L000954,nba_401810240
L000955,nba_401810240
L000956,nba_401810555
L000957,nba_401810555
L000958,nba_401810555
L000959,nba_401810555
L000960,nba_401810522
L000961,nba_401810522
L000962,nba_401810522
L000963,nba_401810522
L000964,nba_401871154
L000965,nba_401871154
L000966,nba_401871154
L000967,nba_401871154
L000968,nba_401810751
L000969,nba_401810751
L000970,nba_401810751
L000971,nba_401810751
L000972,nba_401836748
L000973,nba_401836748
L000974,nba_401836748
L000975,nba_401836748
L000976,nba_401810884
L000977,nba_401810884
L000978,nba_401810884
L000979,nba_401810884
L000980,nba_401810077
L000981,nba_401810077
L000982,nba_401810077
L000983,nba_401810077
L000984,nba_401810457
L000985,nba_401810457
L000986,nba_401810457
L000987,nba_401810457
L000988,nba_401810783
L000989,nba_401810783
L000990,nba_401810783
L000991,nba_401810783
L000992,nba_401810962
L000993,nba_401810962
L000994,nba_401810962
L000995,nba_401810962
L000996,nba_401812695
L000997,nba_401812695
L000998,nba_401812695
L000999,nba_401812695
L001000,nba_401810167
L001001,nba_401810167
L001002,nba_401810167
L001003,nba_401810167
L001004,nba_401871156
L001005,nba_401871156
L001006,nba_401871156
L001007,nba_401871156
L001008,nba_401810513
L001009,nba_401810513
L001010,nba_401810513
L001011,nba_401810513
L001012,nba_401809777
L001013,nba_401809777
L001014,nba_401809777
L001015,nba_401809777
L001016,nfl_401772802
L001017,nfl_401772802
L001018,nfl_401772802
L001019,nfl_401772802
L001020,nba_401810078
L001021,nba_401810078
L001022,nba_401810078
L001023,nba_401810078
L001024,nba_401810769
L001025,nba_401810769
L001026,nba_401810769
L001027,nba_401810769
L001028,nba_401810165
L001029,nba_401810165
L001030,nba_401810165
L001031,nba_401810165
L001032,nba_401810050
L001033,nba_401810050
L001034,nba_401810050
L001035,nba_401810050
L001036,nba_401810839
L001037,nba_401810839
L001038,nba_401810839
L001039,nba_401810839
L001040,nba_401810420
L001041,nba_401810420
L001042,nba_401810420
L001043,nba_401810420
L001044,nba_401810813
L001045,nba_401810813
L001046,nba_401810813
L001047,nba_401810813
L001048,nfl_401772841
L001049,nfl_401772841
L001050,nfl_401772841
L001051,nfl_401772841
L001052,nba_401812676
L001053,nba_401812676
L001054,nba_401812676
L001055,nba_401812676
L001056,nba_401866756
L001057,nba_401866756
L001058,nba_401866756
L001059,nba_401866756
L001060,nba_401810650
L001061,nba_401810650
L001062,nba_401810650
L001063,nba_401810650
L001064,nba_401809790
L001065,nba_401809790
L001066,nba_401809790
L001067,nba_401809790
L001068,nba_401810153
L001069,nba_401810153
L001070,nba_401810153
L001071,nba_401810153
L001072,nba_401810526
L001073,nba_401810526
L001074,nba_401810526
L001075,nba_401810526
L001076,nfl_401772806
L001077,nfl_401772806
L001078,nfl_401772806
L001079,nfl_401772806
L001080,nba_401869406
L001081,nba_401869406
L001082,nba_401869406
L001083,nba_401869406
L001084,nba_401859964
L001085,nba_401859964
L001086,nba_401859964
L001087,nba_401859964
L001088,nba_401810399
L001089,nba_401810399
L001090,nba_401810399
L001091,nba_401810399
L001092,nba_401810514
L001093,nba_401810514
L001094,nba_401810514
L001095,nba_401810514
L001096,nba_401810362
L001097,nba_401810362
L001098,nba_401810362
L001099,nba_401810362
L001100,nba_401810674
L001101,nba_401810674
L001102,nba_401810674
L001103,nba_401810674
L001104,nba_401810715
L001105,nba_401810715
L001106,nba_401810715
L001107,nba_401810715
L001108,nba_401810547
L001109,nba_401810547
L001110,nba_401810547
L001111,nba_401810547
L001112,nba_401810014
L001113,nba_401810014
L001114,nba_401810014
L001115,nba_401810014
L001116,nba_401869387
L001117,nba_401869387
L001118,nba_401869387
L001119,nba_401869387
L001120,nba_401810707
L001121,nba_401810707
L001122,nba_401810707
L001123,nba_401810707
L001124,nba_401809962
L001125,nba_401809962
L001126,nba_401809962
L001127,nba_401809962
L001128,nba_401812703
L001129,nba_401812703
L001130,nba_401812703
L001131,nba_401812703
L001132,nba_401810739
L001133,nba_401810739
L001134,nba_401810739
L001135,nba_401810739
L001136,nfl_401772728
L001137,nfl_401772728
L001138,nfl_401772728
L001139,nfl_401772728
L001140,nba_401810455
L001141,nba_401810455
L001142,nba_401810455
L001143,nba_401810455
L001144,nba_401810016
L001145,nba_401810016
L001146,nba_401810016
L001147,nba_401810016
L001148,nfl_401772739
L001149,nfl_401772739
L001150,nfl_401772739
L001151,nfl_401772739
L001152,nba_401810879
L001153,nba_401810879
L001154,nba_401810879
L001155,nba_401810879
L001156,nba_401810662
L001157,nba_401810662
L001158,nba_401810662
L001159,nba_401810662
L001160,nba_401810155
L001161,nba_401810155
L001162,nba_401810155
L001163,nba_401810155
L001164,nba_401811048
L001165,nba_401811048
L001166,nba_401811048
L001167,nba_401811048
L001168,nba_401812730
L001169,nba_401812730
L001170,nba_401812730
L001171,nba_401812730
L001172,nba_401810495
L001173,nba_401810495
L001174,nba_401810495
L001175,nba_401810495
L001176,nfl_401772813
L001177,nfl_401772813
L001178,nfl_401772813
L001179,nfl_401772813
L001180,nba_401810158
L001181,nba_401810158
L001182,nba_401810158
L001183,nba_401810158
L001184,nba_401810738
L001185,nba_401810738
L001186,nba_401810738
L001187,nba_401810738
L001188,nba_401810697
L001189,nba_401810697
L001190,nba_401810697
L001191,nba_401810697
L001192,nba_401810432
L001193,nba_401810432
L001194,nba_401810432
L001195,nba_401810432
L001196,nba_401810148
L001197,nba_401810148
L001198,nba_401810148
L001199,nba_401810148
L001200,nba_401810475
L001201,nba_401810475
L001202,nba_401810475
L001203,nba_401810475
L001204,nba_401810406
L001205,nba_401810406
L001206,nba_401810406
L001207,nba_401810406
L001208,nba_401810385
L001209,nba_401810385
L001210,nba_401810385
L001211,nba_401810385
L001212,nba_401810488
L001213,nba_401810488
L001214,nba_401810488
L001215,nba_401810488
L001216,nba_401810346
L001217,nba_401810346
L001218,nba_401810346
L001219,nba_401810346
L001220,nba_401809967
L001221,nba_401809967
L001222,nba_401809967
L001223,nba_401809967
L001224,nfl_401772778
L001225,nfl_401772778
L001226,nfl_401772778
L001227,nfl_401772778
L001228,nba_401811024
L001229,nba_401811024
L001230,nba_401811024
L001231,nba_401811024
L001232,nba_401810909
L001233,nba_401810909
L001234,nba_401810909
L001235,nba_401810909
L001236,nfl_401772716
L001237,nfl_401772716
L001238,nfl_401772716
L001239,nfl_401772716
L001240,nba_401809783
L001241,nba_401809783
L001242,nba_401809783
L001243,nba_401809783
L001244,nba_401810866
L001245,nba_401810866
L001246,nba_401810866
L001247,nba_401810866
L001248,nba_401810179
L001249,nba_401810179
L001250,nba_401810179
L001251,nba_401810179
L001252,nba_401810954
L001253,nba_401810954
L001254,nba_401810954
L001255,nba_401810954
L001256,nba_401810946
L001257,nba_401810946
L001258,nba_401810946
L001259,nba_401810946
L001260,nba_401810049
L001261,nba_401810049
L001262,nba_401810049
L001263,nba_401810049
L001264,nba_401810216
L001265,nba_401810216
L001266,nba_401810216
L001267,nba_401810216
L001268,nba_401810557
L001269,nba_401810557
L001270,nba_401810557
L001271,nba_401810557
L001272,nba_401810958
L001273,nba_401810958
L001274,nba_401810958
L001275,nba_401810958
L001276,nba_401810544
L001277,nba_401810544
L001278,nba_401810544
L001279,nba_401810544
L001280,nba_401812737
L001281,nba_401812737
L001282,nba_401812737
L001283,nba_401812737
L001284,nba_401810414
L001285,nba_401810414
L001286,nba_401810414
L001287,nba_401810414
L001288,nba_401810413
L001289,nba_401810413
L001290,nba_401810413
L001291,nba_401810413
L001292,nba_401810194
L001293,nba_401810194
L001294,nba_401810194
L001295,nba_401810194
L001296,nfl_401772743
L001297,nfl_401772743
L001298,nfl_401772743
L001299,nfl_401772743
L001300,nba_401809785
L001301,nba_401809785
L001302,nba_401809785
L001303,nba_401809785
L001304,nba_401810647
L001305,nba_401810647
L001306,nba_401810647
L001307,nba_401810647
L001308,nba_401810752
L001309,nba_401810752
L001310,nba_401810752
L001311,nba_401810752
L001312,nba_401869193
L001313,nba_401869193
L001314,nba_401869193
L001315,nba_401869193
L001316,nba_401810331
L001317,nba_401810331
L001318,nba_401810331
L001319,nba_401810331
L001320,nfl_401772857
L001321,nfl_401772857
L001322,nfl_401772857
L001323,nfl_401772857
L001324,nfl_401772612
L001325,nfl_401772612
L001326,nfl_401772612
L001327,nfl_401772612
L001328,nba_401810899
L001329,nba_401810899
L001330,nba_401810899
L001331,nba_401810899
L001332,nba_401810464
L001333,nba_401810464
L001334,nba_401810464
L001335,nba_401810464
L001336,nba_401810433
L001337,nba_401810433
L001338,nba_401810433
L001339,nba_401810433
L001340,nba_401812700
L001341,nba_401812700
L001342,nba_401812700
L001343,nba_401812700
L001344,nba_401810948
L001345,nba_401810948
L001346,nba_401810948
L001347,nba_401810948
L001348,nba_401809245
L001349,nba_401809245
L001350,nba_401809245
L001351,nba_401809245
L001352,nba_401810248
L001353,nba_401810248
L001354,nba_401810248
L001355,nba_401810248
L001356,nba_401810181
L001357,nba_401810181
L001358,nba_401810181
L001359,nba_401810181
L001360,nba_401871338
L001361,nba_401871338
L001362,nba_401871338
L001363,nba_401871338
L001364,nba_401810209
L001365,nba_401810209
L001366,nba_401810209
L001367,nba_401810209
L001368,nba_401810524
L001369,nba_401810524
L001370,nba_401810524
L001371,nba_401810524
L001372,nba_401810076
L001373,nba_401810076
L001374,nba_401810076
L001375,nba_401810076
L001376,nba_401869405
L001377,nba_401869405
L001378,nba_401869405
L001379,nba_401869405
L001380,nba_401810930
L001381,nba_401810930
L001382,nba_401810930
L001383,nba_401810930
L001384,nba_401810374
L001385,nba_401810374
L001386,nba_401810374
L001387,nba_401810374
L001388,nba_401810036
L001389,nba_401810036
L001390,nba_401810036
L001391,nba_401810036
L001392,nba_401811027
L001393,nba_401811027
L001394,nba_401811027
L001395,nba_401811027
L001396,nba_401836795
L001397,nba_401836795
L001398,nba_401836795
L001399,nba_401836795
L001400,nba_401810802
L001401,nba_401810802
L001402,nba_401810802
L001403,nba_401810802
L001404,nba_401869373
L001405,nba_401869373
L001406,nba_401869373
L001407,nba_401869373
L001408,nba_401810901
L001409,nba_401810901
L001410,nba_401810901
L001411,nba_401810901
L001412,nba_401810992
L001413,nba_401810992
L001414,nba_401810992
L001415,nba_401810992
L001416,nfl_401772735
L001417,nfl_401772735
L001418,nfl_401772735
L001419,nfl_401772735
L001420,nba_401809238
L001421,nba_401809238
L001422,nba_401809238
L001423,nba_401809238
L001424,nba_401812731
L001425,nba_401812731
L001426,nba_401812731
L001427,nba_401812731
L001428,nfl_401772862
L001429,nfl_401772862
L001430,nfl_401772862
L001431,nfl_401772862
L001432,nfl_401772774
L001433,nfl_401772774
L001434,nfl_401772774
L001435,nfl_401772774
L001436,nba_401810999
L001437,nba_401810999
L001438,nba_401810999
L001439,nba_401810999
L001440,nba_401810757
L001441,nba_401810757
L001442,nba_401810757
L001443,nba_401810757
L001444,nba_401810280
L001445,nba_401810280
L001446,nba_401810280
L001447,nba_401810280
L001448,nfl_401772736
L001449,nfl_401772736
L001450,nfl_401772736
L001451,nfl_401772736
L001452,nba_401810636
L001453,nba_401810636
L001454,nba_401810636
L001455,nba_401810636
L001456,nba_401810695
L001457,nba_401810695
L001458,nba_401810695
L001459,nba_401810695
L001460,nba_401810765
L001461,nba_401810765
L001462,nba_401810765
L001463,nba_401810765
L001464,nba_401810836
L001465,nba_401810836
L001466,nba_401810836
L001467,nba_401810836
L001468,nba_401809970
L001469,nba_401809970
L001470,nba_401809970
L001471,nba_401809970
L001472,nba_401810459
L001473,nba_401810459
L001474,nba_401810459
L001475,nba_401810459
L001476,nba_401812706
L001477,nba_401812706
L001478,nba_401812706
L001479,nba_401812706
L001480,nba_401810308
L001481,nba_401810308
L001482,nba_401810308
L001483,nba_401810308
L001484,nba_401812726
L001485,nba_401812726
L001486,nba_401812726
L001487,nba_401812726
L001488,nfl_401772858
L001489,nfl_401772858
L001490,nfl_401772858
L001491,nfl_401772858
L001492,nba_401810628
L001493,nba_401810628
L001494,nba_401810628
L001495,nba_401810628
L001496,nba_401810658
L001497,nba_401810658
L001498,nba_401810658
L001499,nba_401810658
L001500,nba_401810811
L001501,nba_401810811
L001502,nba_401810811
L001503,nba_401810811
L001504,nba_401809942
L001505,nba_401809942
L001506,nba_401809942
L001507,nba_401809942
L001508,nba_401810332
L001509,nba_401810332
L001510,nba_401810332
L001511,nba_401810332
L001512,nba_401810448
L001513,nba_401810448
L001514,nba_401810448
L001515,nba_401810448
L001516,nba_401810631
L001517,nba_401810631
L001518,nba_401810631
L001519,nba_401810631
L001520,nba_401810033
L001521,nba_401810033
L001522,nba_401810033
L001523,nba_401810033
L001524,nba_401810649
L001525,nba_401810649
L001526,nba_401810649
L001527,nba_401810649
L001528,nba_401810675
L001529,nba_401810675
L001530,nba_401810675
L001531,nba_401810675
L001532,nfl_401772922
L001533,nfl_401772922
L001534,nfl_401772922
L001535,nfl_401772922
L001536,nba_401810598
L001537,nba_401810598
L001538,nba_401810598
L001539,nba_401810598
L001540,nba_401810719
L001541,nba_401810719
L001542,nba_401810719
L001543,nba_401810719
L001544,nba_401810176
L001545,nba_401810176
L001546,nba_401810176
L001547,nba_401810176
L001548,nba_401810709
L001549,nba_401810709
L001550,nba_401810709
L001551,nba_401810709
L001552,nba_401873199
L001553,nba_401873199
L001554,nba_401873199
L001555,nba_401873199
L001556,nfl_401772869
L001557,nfl_401772869
L001558,nfl_401772869
L001559,nfl_401772869
L001560,nba_401812735
L001561,nba_401812735
L001562,nba_401812735
L001563,nba_401812735
L001564,nba_401810168
L001565,nba_401810168
L001566,nba_401810168
L001567,nba_401810168
L001568,nba_401810685
L001569,nba_401810685
L001570,nba_401810685
L001571,nba_401810685
L001572,nba_401810122
L001573,nba_401810122
L001574,nba_401810122
L001575,nba_401810122
L001576,nba_401810592
L001577,nba_401810592
L001578,nba_401810592
L001579,nba_401810592
L001580,nba_401810060
L001581,nba_401810060
L001582,nba_401810060
L001583,nba_401810060
L001584,nba_401810905
L001585,nba_401810905
L001586,nba_401810905
L001587,nba_401810905
L001588,nba_401869384
L001589,nba_401869384
L001590,nba_401869384
L001591,nba_401869384
L001592,nba_401810745
L001593,nba_401810745
L001594,nba_401810745
L001595,nba_401810745
L001596,nba_401810195
L001597,nba_401810195
L001598,nba_401810195
L001599,nba_401810195
L001600,nba_401812717
L001601,nba_401812717
L001602,nba_401812717
L001603,nba_401812717
L001604,nba_401810138
L001605,nba_401810138
L001606,nba_401810138
L001607,nba_401810138
L001608,nba_401810670
L001609,nba_401810670
L001610,nba_401810670
L001611,nba_401810670
L001612,nba_401810941
L001613,nba_401810941
L001614,nba_401810941
L001615,nba_401810941
L001616,nba_401810968
L001617,nba_401810968
L001618,nba_401810968
L001619,nba_401810968
L001620,nba_401810319
L001621,nba_401810319
L001622,nba_401810319
L001623,nba_401810319
L001624,nba_401810541
L001625,nba_401810541
L001626,nba_401810541
L001627,nba_401810541
L001628,nfl_401772733
L001629,nfl_401772733
L001630,nfl_401772733
L001631,nfl_401772733
L001632,nfl_401772796
L001633,nfl_401772796
L001634,nfl_401772796
L001635,nfl_401772796
L001636,nba_401810519
L001637,nba_401810519
L001638,nba_401810519
L001639,nba_401810519
L001640,nba_401810245
L001641,nba_401810245
L001642,nba_401810245
L001643,nba_401810245
L001644,nba_401809953
L001645,nba_401809953
L001646,nba_401809953
L001647,nba_401809953
L001648,nba_401810305
L001649,nba_401810305
L001650,nba_401810305
L001651,nba_401810305
L001652,nba_401809968
L001653,nba_401809968
L001654,nba_401809968
L001655,nba_401809968
L001656,nfl_401772811
L001657,nfl_401772811
L001658,nfl_401772811
L001659,nfl_401772811
L001660,nba_401810390
L001661,nba_401810390
L001662,nba_401810390
L001663,nba_401810390
L001664,nfl_401772819
L001665,nfl_401772819
L001666,nfl_401772819
L001667,nfl_401772819
L001668,nba_401810701
L001669,nba_401810701
L001670,nba_401810701
L001671,nba_401810701
L001672,nba_401810203
L001673,nba_401810203
L001674,nba_401810203
L001675,nba_401810203
L001676,nba_401810191
L001677,nba_401810191
L001678,nba_401810191
L001679,nba_401810191
L001680,nfl_401772694
L001681,nfl_401772694
L001682,nfl_401772694
L001683,nfl_401772694
L001684,nfl_401772756
L001685,nfl_401772756
L001686,nfl_401772756
L001687,nfl_401772756
L001688,nba_401869380
L001689,nba_401869380
L001690,nba_401869380
L001691,nba_401869380
L001692,nba_401810127
L001693,nba_401810127
L001694,nba_401810127
L001695,nba_401810127
L001696,nba_401812693
L001697,nba_401812693
L001698,nba_401812693
L001699,nba_401812693
L001700,nba_401810175
L001701,nba_401810175
L001702,nba_401810175
L001703,nba_401810175
L001704,nba_401811028
L001705,nba_401811028
L001706,nba_401811028
L001707,nba_401811028
L001708,nba_401809819
L001709,nba_401809819
L001710,nba_401809819
L001711,nba_401809819
L001712,nba_401810255
L001713,nba_401810255
L001714,nba_401810255
L001715,nba_401810255
L001716,nfl_401772727
L001717,nfl_401772727
L001718,nfl_401772727
L001719,nfl_401772727
L001720,nba_401811035
L001721,nba_401811035
L001722,nba_401811035
L001723,nba_401811035
L001724,nba_401810453
L001725,nba_401810453
L001726,nba_401810453
L001727,nba_401810453
L001728,nba_401810732
L001729,nba_401810732
L001730,nba_401810732
L001731,nba_401810732
L001732,nba_401810500
L001733,nba_401810500
L001734,nba_401810500
L001735,nba_401810500
L001736,nba_401810853
L001737,nba_401810853
L001738,nba_401810853
L001739,nba_401810853
L001740,nba_401811017
L001741,nba_401811017
L001742,nba_401811017
L001743,nba_401811017
L001744,nba_401810792
L001745,nba_401810792
L001746,nba_401810792
L001747,nba_401810792
L001748,nba_401809997
L001749,nba_401809997
L001750,nba_401809997
L001751,nba_401809997
L001752,nba_401809239
L001753,nba_401809239
L001754,nba_401809239
L001755,nba_401809239
L001756,nba_401810333
L001757,nba_401810333
L001758,nba_401810333
L001759,nba_401810333
L001760,nfl_401772879
L001761,nfl_401772879
L001762,nfl_401772879
L001763,nfl_401772879
L001764,nba_401810439
L001765,nba_401810439
L001766,nba_401810439
L001767,nba_401810439
L001768,nba_401810911
L001769,nba_401810911
L001770,nba_401810911
L001771,nba_401810911
L001772,nba_401810506
L001773,nba_401810506
L001774,nba_401810506
L001775,nba_401810506
L001776,nba_401810755
L001777,nba_401810755
L001778,nba_401810755
L001779,nba_401810755
L001780,nba_401811039
L001781,nba_401811039
L001782,nba_401811039
L001783,nba_401811039
L001784,nba_401810556
L001785,nba_401810556
L001786,nba_401810556
L001787,nba_401810556
L001788,nba_401810480
L001789,nba_401810480
L001790,nba_401810480
L001791,nba_401810480
L001792,nfl_401772846
L001793,nfl_401772846
L001794,nfl_401772846
L001795,nfl_401772846
L001796,nfl_401772883
L001797,nfl_401772883
L001798,nfl_401772883
L001799,nfl_401772883
L001800,nba_401810068
L001801,nba_401810068
L001802,nba_401810068
L001803,nba_401810068
L001804,nba_401809982
L001805,nba_401809982
L001806,nba_401809982
L001807,nba_401809982
L001808,nba_401810317
L001809,nba_401810317
L001810,nba_401810317
L001811,nba_401810317
L001812,nba_401810620
L001813,nba_401810620
L001814,nba_401810620
L001815,nba_401810620
L001816,nfl_401772765
L001817,nfl_401772765
L001818,nfl_401772765
L001819,nfl_401772765
L001820,nfl_401772737
L001821,nfl_401772737
L001822,nfl_401772737
L001823,nfl_401772737
L001824,nba_401809793
L001825,nba_401809793
L001826,nba_401809793
L001827,nba_401809793
L001828,nba_401810022
L001829,nba_401810022
L001830,nba_401810022
L001831,nba_401810022
L001832,nba_401810589
L001833,nba_401810589
L001834,nba_401810589
L001835,nba_401810589
L001836,nba_401811019
L001837,nba_401811019
L001838,nba_401811019
L001839,nba_401811019
L001840,nba_401809939
L001841,nba_401809939
L001842,nba_401809939
L001843,nba_401809939
L001844,nba_401810822
L001845,nba_401810822
L001846,nba_401810822
L001847,nba_401810822
L001848,nba_401810888
L001849,nba_401810888
L001850,nba_401810888
L001851,nba_401810888
L001852,nba_401810771
L001853,nba_401810771
L001854,nba_401810771
L001855,nba_401810771
L001856,nba_401810465
L001857,nba_401810465
L001858,nba_401810465
L001859,nba_401810465
L001860,nba_401810073
L001861,nba_401810073
L001862,nba_401810073
L001863,nba_401810073
L001864,nfl_401772812
L001865,nfl_401772812
L001866,nfl_401772812
L001867,nfl_401772812
L001868,nba_401810890
L001869,nba_401810890
L001870,nba_401810890
L001871,nba_401810890
L001872,nba_401869402
L001873,nba_401869402
L001874,nba_401869402
L001875,nba_401869402
L001876,nba_401810456
L001877,nba_401810456
L001878,nba_401810456
L001879,nba_401810456
L001880,nba_401810349
L001881,nba_401810349
L001882,nba_401810349
L001883,nba_401810349
L001884,nba_401810070
L001885,nba_401810070
L001886,nba_401810070
L001887,nba_401810070
L001888,nfl_401772761
L001889,nfl_401772761
L001890,nfl_401772761
L001891,nfl_401772761
L001892,nba_401810957
L001893,nba_401810957
L001894,nba_401810957
L001895,nba_401810957
L001896,nba_401858693
L001897,nba_401858693
L001898,nba_401858693
L001899,nba_401858693
L001900,nfl_401772893
L001901,nfl_401772893
L001902,nfl_401772893
L001903,nfl_401772893
L001904,nba_401810873
L001905,nba_401810873
L001906,nba_401810873
L001907,nba_401810873
L001908,nba_401810527
L001909,nba_401810527
L001910,nba_401810527
L001911,nba_401810527
L001912,nba_401810651
L001913,nba_401810651
L001914,nba_401810651
L001915,nba_401810651
L001916,nba_401810976
L001917,nba_401810976
L001918,nba_401810976
L001919,nba_401810976
L001920,nba_401810566
L001921,nba_401810566
L001922,nba_401810566
L001923,nba_401810566
L001924,nba_401810254
L001925,nba_401810254
L001926,nba_401810254
L001927,nba_401810254
L001928,nfl_401772946
L001929,nfl_401772946
L001930,nfl_401772946
L001931,nfl_401772946
L001932,nba_401810503
L001933,nba_401810503
L001934,nba_401810503
L001935,nba_401810503
L001936,nba_401810838
L001937,nba_401810838
L001938,nba_401810838
L001939,nba_401810838
L001940,nba_401810485
L001941,nba_401810485
L001942,nba_401810485
L001943,nba_401810485
L001944,nba_401810741
L001945,nba_401810741
L001946,nba_401810741
L001947,nba_401810741
L001948,nba_401809944
L001949,nba_401809944
L001950,nba_401809944
L001951,nba_401809944
L001952,nfl_401772896
L001953,nfl_401772896
L001954,nfl_401772896
L001955,nfl_401772896
L001956,nfl_401772903
L001957,nfl_401772903
L001958,nfl_401772903
L001959,nfl_401772903
L001960,nba_401810199
L001961,nba_401810199
L001962,nba_401810199
L001963,nba_401810199
L001964,nba_401810668
L001965,nba_401810668
L001966,nba_401810668
L001967,nba_401810668
L001968,nba_401810764
L001969,nba_401810764
L001970,nba_401810764
L001971,nba_401810764
L001972,nba_401810971
L001973,nba_401810971
L001974,nba_401810971
L001975,nba_401810971
L001976,nba_401810285
L001977,nba_401810285
L001978,nba_401810285
L001979,nba_401810285
L001980,nba_401809979
L001981,nba_401809979
L001982,nba_401809979
L001983,nba_401809979
L001984,nba_401809933
L001985,nba_401809933
L001986,nba_401809933
L001987,nba_401809933
L001988,nba_401810055
L001989,nba_401810055
L001990,nba_401810055
L001991,nba_401810055
L001992,nfl_401772738
L001993,nfl_401772738
L001994,nfl_401772738
L001995,nfl_401772738
L001996,nba_401810920
L001997,nba_401810920
L001998,nba_401810920
L001999,nba_401810920
L002000,nba_401811041
L002001,nba_401811041
L002002,nba_401811041
L002003,nba_401811041
L002004,nba_401812696
L002005,nba_401812696
L002006,nba_401812696
L002007,nba_401812696
L002008,nba_401810283
L002009,nba_401810283
L002010,nba_401810283
L002011,nba_401810283
L002012,nba_401810012
L002013,nba_401810012
L002014,nba_401810012
L002015,nba_401810012
L002016,nfl_401772758
L002017,nfl_401772758
L002018,nfl_401772758
L002019,nfl_401772758
L002020,nba_401810355
L002021,nba_401810355
L002022,nba_401810355
L002023,nba_401810355
L002024,nba_401810227
L002025,nba_401810227
L002026,nba_401810227
L002027,nba_401810227
L002028,nba_401809999
L002029,nba_401809999
L002030,nba_401809999
L002031,nba_401809999
L002032,nfl_401772788
L002033,nfl_401772788
L002034,nfl_401772788
L002035,nfl_401772788
L002036,nfl_401772916
L002037,nfl_401772916
L002038,nfl_401772916
L002039,nfl_401772916
L002040,nba_401810062
L002041,nba_401810062
L002042,nba_401810062
L002043,nba_401810062
L002044,nba_401810565
L002045,nba_401810565
L002046,nba_401810565
L002047,nba_401810565
L002048,nba_401809956
L002049,nba_401809956
L002050,nba_401809956
L002051,nba_401809956
L002052,nba_401809838
L002053,nba_401809838
L002054,nba_401809838
L002055,nba_401809838
L002056,nba_401809948
L002057,nba_401809948
L002058,nba_401809948
L002059,nba_401809948
L002060,nba_401810543
L002061,nba_401810543
L002062,nba_401810543
L002063,nba_401810543
L002064,nba_401810643
L002065,nba_401810643
L002066,nba_401810643
L002067,nba_401810643
L002068,nba_401810075
L002069,nba_401810075
L002070,nba_401810075
L002071,nba_401810075
L002072,nba_401810671
L002073,nba_401810671
L002074,nba_401810671
L002075,nba_401810671
L002076,nba_401812704
L002077,nba_401812704
L002078,nba_401812704
L002079,nba_401812704
L002080,nba_401871157
L002081,nba_401871157
L002082,nba_401871157
L002083,nba_401871157
L002084,nba_401810141
L002085,nba_401810141
L002086,nba_401810141
L002087,nba_401810141
L002088,nba_401810605
L002089,nba_401810605
L002090,nba_401810605
L002091,nba_401810605
L002092,nba_401809804
L002093,nba_401809804
L002094,nba_401809804
L002095,nba_401809804
L002096,nba_401810427
L002097,nba_401810427
L002098,nba_401810427
L002099,nba_401810427
L002100,nba_401810868
L002101,nba_401810868
L002102,nba_401810868
L002103,nba_401810868
L002104,nba_401809814
L002105,nba_401809814
L002106,nba_401809814
L002107,nba_401809814
L002108,nba_401811033
L002109,nba_401811033
L002110,nba_401811033
L002111,nba_401811033
L002112,nba_401810633
L002113,nba_401810633
L002114,nba_401810633
L002115,nba_401810633
L002116,nba_401810469
L002117,nba_401810469
L002118,nba_401810469
L002119,nba_401810469
L002120,nba_401810823
L002121,nba_401810823
L002122,nba_401810823
L002123,nba_401810823
L002124,nba_401810213
L002125,nba_401810213
L002126,nba_401810213
L002127,nba_401810213
L002128,nba_401809506
L002129,nba_401809506
L002130,nba_401809506
L002131,nba_401809506
L002132,nba_401812683
L002133,nba_401812683
L002134,nba_401812683
L002135,nba_401812683
L002136,nba_401810338
L002137,nba_401810338
L002138,nba_401810338
L002139,nba_401810338
L002140,nfl_401772804
L002141,nfl_401772804
L002142,nfl_401772804
L002143,nfl_401772804
L002144,nba_401836804
L002145,nba_401836804
L002146,nba_401836804
L002147,nba_401836804
L002148,nba_401811029
L002149,nba_401811029
L002150,nba_401811029
L002151,nba_401811029
L002152,nba_401809807
L002153,nba_401809807
L002154,nba_401809807
L002155,nba_401809807
L002156,nba_401811005
L002157,nba_401811005
L002158,nba_401811005
L002159,nba_401811005
L002160,nba_401810810
L002161,nba_401810810
L002162,nba_401810810
L002163,nba_401810810
L002164,nba_401810763
L002165,nba_401810763
L002166,nba_401810763
L002167,nba_401810763
L002168,nba_401810392
L002169,nba_401810392
L002170,nba_401810392
L002171,nba_401810392
L002172,nba_401810898
L002173,nba_401810898
L002174,nba_401810898
L002175,nba_401810898
L002176,nfl_401772636
L002177,nfl_401772636
L002178,nfl_401772636
L002179,nfl_401772636
L002180,nba_401810184
L002181,nba_401810184
L002182,nba_401810184
L002183,nba_401810184
L002184,nba_401810581
L002185,nba_401810581
L002186,nba_401810581
L002187,nba_401810581
L002188,nfl_401772889
L002189,nfl_401772889
L002190,nfl_401772889
L002191,nfl_401772889
L002192,nba_401812712
L002193,nba_401812712
L002194,nba_401812712
L002195,nba_401812712
L002196,nba_401810214
L002197,nba_401810214
L002198,nba_401810214
L002199,nba_401810214
L002200,nba_401811049
L002201,nba_401811049
L002202,nba_401811049
L002203,nba_401811049
L002204,nba_401810725
L002205,nba_401810725
L002206,nba_401810725
L002207,nba_401810725
L002208,nba_401810729
L002209,nba_401810729
L002210,nba_401810729
L002211,nba_401810729
L002212,nfl_401772829
L002213,nfl_401772829
L002214,nfl_401772829
L002215,nfl_401772829
L002216,nba_401810146
L002217,nba_401810146
L002218,nba_401810146
L002219,nba_401810146
L002220,nba_401810947
L002221,nba_401810947
L002222,nba_401810947
L002223,nba_401810947
L002224,nba_401810180
L002225,nba_401810180
L002226,nba_401810180
L002227,nba_401810180
L002228,nba_401810819
L002229,nba_401810819
L002230,nba_401810819
L002231,nba_401810819
L002232,nba_401871333
L002233,nba_401871333
L002234,nba_401871333
L002235,nba_401871333
L002236,nba_401809821
L002237,nba_401809821
L002238,nba_401809821
L002239,nba_401809821
L002240,nba_401810678
L002241,nba_401810678
L002242,nba_401810678
L002243,nba_401810678
L002244,nba_401838143
L002245,nba_401838143
L002246,nba_401838143
L002247,nba_401838143
L002248,nfl_401772965
L002249,nfl_401772965
L002250,nfl_401772965
L002251,nfl_401772965
L002252,nfl_401772613
L002253,nfl_401772613
L002254,nfl_401772613
L002255,nfl_401772613
L002256,nba_401810663
L002257,nba_401810663
L002258,nba_401810663
L002259,nba_401810663
L002260,nba_401810987
L002261,nba_401810987
L002262,nba_401810987
L002263,nba_401810987
L002264,nba_401810461
L002265,nba_401810461
L002266,nba_401810461
L002267,nba_401810461
L002268,nfl_401772797
L002269,nfl_401772797
L002270,nfl_401772797
L002271,nfl_401772797
L002272,nba_401810440
L002273,nba_401810440
L002274,nba_401810440
L002275,nba_401810440
L002276,nba_401809242
L002277,nba_401809242
L002278,nba_401809242
L002279,nba_401809242
L002280,nba_401810714
L002281,nba_401810714
L002282,nba_401810714
L002283,nba_401810714
L002284,nba_401810218
L002285,nba_401810218
L002286,nba_401810218
L002287,nba_401810218
L002288,nba_401871335
L002289,nba_401871335
L002290,nba_401871335
L002291,nba_401871335
L002292,nba_401809243
L002293,nba_401809243
L002294,nba_401809243
L002295,nba_401809243
L002296,nfl_401772930
L002297,nfl_401772930
L002298,nfl_401772930
L002299,nfl_401772930
L002300,nba_401810278
L002301,nba_401810278
L002302,nba_401810278
L002303,nba_401810278
L002304,nba_401810608
L002305,nba_401810608
L002306,nba_401810608
L002307,nba_401810608
L002308,nfl_401772769
L002309,nfl_401772769
L002310,nfl_401772769
L002311,nfl_401772769
L002312,nfl_401772789
L002313,nfl_401772789
L002314,nfl_401772789
L002315,nfl_401772789
L002316,nba_401810356
L002317,nba_401810356
L002318,nba_401810356
L002319,nba_401810356
L002320,nba_401810230
L002321,nba_401810230
L002322,nba_401810230
L002323,nba_401810230
L002324,nba_401810809
L002325,nba_401810809
L002326,nba_401810809
L002327,nba_401810809
L002328,nba_401810246
L002329,nba_401810246
L002330,nba_401810246
L002331,nba_401810246
L002332,nba_401810257
L002333,nba_401810257
L002334,nba_401810257
L002335,nba_401810257
L002336,nba_401810219
L002337,nba_401810219
L002338,nba_401810219
L002339,nba_401810219
L002340,nba_401810105
L002341,nba_401810105
L002342,nba_401810105
L002343,nba_401810105
L002344,nba_401810918
L002345,nba_401810918
L002346,nba_401810918
L002347,nba_401810918
L002348,nba_401810599
L002349,nba_401810599
L002350,nba_401810599
L002351,nba_401810599
L002352,nba_401811022
L002353,nba_401811022
L002354,nba_401811022
L002355,nba_401811022
L002356,nba_401810003
L002357,nba_401810003
L002358,nba_401810003
L002359,nba_401810003
L002360,nba_401869409
L002361,nba_401869409
L002362,nba_401869409
L002363,nba_401869409
L002364,nba_401810235
L002365,nba_401810235
L002366,nba_401810235
L002367,nba_401810235
L002368,nba_401810562
L002369,nba_401810562
L002370,nba_401810562
L002371,nba_401810562
L002372,nba_401810449
L002373,nba_401810449
L002374,nba_401810449
L002375,nba_401810449
L002376,nba_401810591
L002377,nba_401810591
L002378,nba_401810591
L002379,nba_401810591
L002380,nba_401810211
L002381,nba_401810211
L002382,nba_401810211
L002383,nba_401810211
L002384,nfl_401772622
L002385,nfl_401772622
L002386,nfl_401772622
L002387,nfl_401772622
L002388,nba_401810859
L002389,nba_401810859
L002390,nba_401810859
L002391,nba_401810859
L002392,nba_401810322
L002393,nba_401810322
L002394,nba_401810322
L002395,nba_401810322
L002396,nba_401810708
L002397,nba_401810708
L002398,nba_401810708
L002399,nba_401810708
L002400,nba_401810008
L002401,nba_401810008
L002402,nba_401810008
L002403,nba_401810008
L002404,nba_401810991
L002405,nba_401810991
L002406,nba_401810991
L002407,nba_401810991
L002408,nba_401810626
L002409,nba_401810626
L002410,nba_401810626
L002411,nba_401810626
L002412,nfl_401772631
L002413,nfl_401772631
L002414,nfl_401772631
L002415,nfl_401772631
L002416,nba_401810259
L002417,nba_401810259
L002418,nba_401810259
L002419,nba_401810259
L002420,nba_401810428
L002421,nba_401810428
L002422,nba_401810428
L002423,nba_401810428
L002424,nba_401810120
L002425,nba_401810120
L002426,nba_401810120
L002427,nba_401810120
L002428,nba_401809988
L002429,nba_401809988
L002430,nba_401809988
L002431,nba_401809988
L002432,nba_401810825
L002433,nba_401810825
L002434,nba_401810825
L002435,nba_401810825
L002436,nba_401810842
L002437,nba_401810842
L002438,nba_401810842
L002439,nba_401810842
L002440,nba_401810043
L002441,nba_401810043
L002442,nba_401810043
L002443,nba_401810043
L002444,nba_401810843
L002445,nba_401810843
L002446,nba_401810843
L002447,nba_401810843
L002448,nba_401810659
L002449,nba_401810659
L002450,nba_401810659
L002451,nba_401810659
L002452,nba_401810934
L002453,nba_401810934
L002454,nba_401810934
L002455,nba_401810934
L002456,nba_401810660
L002457,nba_401810660
L002458,nba_401810660
L002459,nba_401810660
L002460,nba_401810831
L002461,nba_401810831
L002462,nba_401810831
L002463,nba_401810831
L002464,nba_401809510
L002465,nba_401809510
L002466,nba_401809510
L002467,nba_401809510
L002468,nba_401810560
L002469,nba_401810560
L002470,nba_401810560
L002471,nba_401810560
L002472,nba_401810804
L002473,nba_401810804
L002474,nba_401810804
L002475,nba_401810804
L002476,nba_401810827
L002477,nba_401810827
L002478,nba_401810827
L002479,nba_401810827
L002480,nba_401810313
L002481,nba_401810313
L002482,nba_401810313
L002483,nba_401810313
L002484,nfl_401772861
L002485,nfl_401772861
L002486,nfl_401772861
L002487,nfl_401772861
L002488,nba_401810284
L002489,nba_401810284
L002490,nba_401810284
L002491,nba_401810284
L002492,nba_401810207
L002493,nba_401810207
L002494,nba_401810207
L002495,nba_401810207
L002496,nfl_401772850
L002497,nfl_401772850
L002498,nfl_401772850
L002499,nfl_401772850
L002500,nba_401809799
L002501,nba_401809799
L002502,nba_401809799
L002503,nba_401809799
L002504,nba_401810515
L002505,nba_401810515
L002506,nba_401810515
L002507,nba_401810515
L002508,nba_401869398
L002509,nba_401869398
L002510,nba_401869398
L002511,nba_401869398
L002512,nba_401810917
L002513,nba_401810917
L002514,nba_401810917
L002515,nba_401810917
L002516,nba_401810767
L002517,nba_401810767
L002518,nba_401810767
L002519,nba_401810767
L002520,nba_401812705
L002521,nba_401812705
L002522,nba_401812705
L002523,nba_401812705
L002524,nba_401810575
L002525,nba_401810575
L002526,nba_401810575
L002527,nba_401810575
L002528,nfl_401772895
L002529,nfl_401772895
L002530,nfl_401772895
L002531,nfl_401772895
L002532,nba_401810960
L002533,nba_401810960
L002534,nba_401810960
L002535,nba_401810960
L002536,nfl_401772839
L002537,nfl_401772839
L002538,nfl_401772839
L002539,nfl_401772839
L002540,nba_401810215
L002541,nba_401810215
L002542,nba_401810215
L002543,nba_401810215
L002544,nba_401869381
L002545,nba_401869381
L002546,nba_401869381
L002547,nba_401869381
L002548,nba_401869368
L002549,nba_401869368
L002550,nba_401869368
L002551,nba_401869368
L002552,nba_401809963
L002553,nba_401809963
L002554,nba_401809963
L002555,nba_401809963
L002556,nba_401810145
L002557,nba_401810145
L002558,nba_401810145
L002559,nba_401810145
L002560,nba_401809809
L002561,nba_401809809
L002562,nba_401809809
L002563,nba_401809809
L002564,nba_401809250
L002565,nba_401809250
L002566,nba_401809250
L002567,nba_401809250
L002568,nba_401810969
L002569,nba_401810969
L002570,nba_401810969
L002571,nba_401810969
L002572,nba_401810410
L002573,nba_401810410
L002574,nba_401810410
L002575,nba_401810410
L002576,nfl_401772832
L002577,nfl_401772832
L002578,nfl_401772832
L002579,nfl_401772832
L002580,nba_401810510
L002581,nba_401810510
L002582,nba_401810510
L002583,nba_401810510
L002584,nba_401810646
L002585,nba_401810646
L002586,nba_401810646
L002587,nba_401810646
L002588,nba_401810357
L002589,nba_401810357
L002590,nba_401810357
L002591,nba_401810357
L002592,nba_401810031
L002593,nba_401810031
L002594,nba_401810031
L002595,nba_401810031
L002596,nba_401810761
L002597,nba_401810761
L002598,nba_401810761
L002599,nba_401810761
L002600,nba_401836802
L002601,nba_401836802
L002602,nba_401836802
L002603,nba_401836802
L002604,nba_401810289
L002605,nba_401810289
L002606,nba_401810289
L002607,nba_401810289
L002608,nba_401810587
L002609,nba_401810587
L002610,nba_401810587
L002611,nba_401810587
L002612,nba_401810025
L002613,nba_401810025
L002614,nba_401810025
L002615,nba_401810025
L002616,nfl_401772847
L002617,nfl_401772847
L002618,nfl_401772847
L002619,nfl_401772847
L002620,nba_401810508
L002621,nba_401810508
L002622,nba_401810508
L002623,nba_401810508
L002624,nba_401811020
L002625,nba_401811020
L002626,nba_401811020
L002627,nba_401811020
L002628,nba_401812689
L002629,nba_401812689
L002630,nba_401812689
L002631,nba_401812689
L002632,nfl_401772860
L002633,nfl_401772860
L002634,nfl_401772860
L002635,nfl_401772860
L002636,nfl_401772838
L002637,nfl_401772838
L002638,nfl_401772838
L002639,nfl_401772838
L002640,nfl_401772962
L002641,nfl_401772962
L002642,nfl_401772962
L002643,nfl_401772962
L002644,nfl_401772793
L002645,nfl_401772793
L002646,nfl_401772793
L002647,nfl_401772793
L002648,nfl_401772808
L002649,nfl_401772808
L002650,nfl_401772808
L002651,nfl_401772808
L002652,nba_401809789
L002653,nba_401809789
L002654,nba_401809789
L002655,nba_401809789
L002656,nba_401810376
L002657,nba_401810376
L002658,nba_401810376
L002659,nba_401810376
L002660,nba_401810926
L002661,nba_401810926
L002662,nba_401810926
L002663,nba_401810926
L002664,nba_401836796
L002665,nba_401836796
L002666,nba_401836796
L002667,nba_401836796
L002668,nba_401810801
L002669,nba_401810801
L002670,nba_401810801
L002671,nba_401810801
L002672,nba_401810370
L002673,nba_401810370
L002674,nba_401810370
L002675,nba_401810370
L002676,nba_401809235
L002677,nba_401809235
L002678,nba_401809235
L002679,nba_401809235
L002680,nfl_401772876
L002681,nfl_401772876
L002682,nfl_401772876
L002683,nfl_401772876
L002684,nfl_401772877
L002685,nfl_401772877
L002686,nfl_401772877
L002687,nfl_401772877
L002688,nba_401810750
L002689,nba_401810750
L002690,nba_401810750
L002691,nba_401810750
L002692,nba_401810275
L002693,nba_401810275
L002694,nba_401810275
L002695,nba_401810275
L002696,nba_401810104
L002697,nba_401810104
L002698,nba_401810104
L002699,nba_401810104
L002700,nba_401810206
L002701,nba_401810206
L002702,nba_401810206
L002703,nba_401810206
L002704,nba_401810789
L002705,nba_401810789
L002706,nba_401810789
L002707,nba_401810789
L002708,nba_401810242
L002709,nba_401810242
L002710,nba_401810242
L002711,nba_401810242
L002712,nba_401810805
L002713,nba_401810805
L002714,nba_401810805
L002715,nba_401810805
L002716,nba_401810937
L002717,nba_401810937
L002718,nba_401810937
L002719,nba_401810937
L002720,nfl_401772907
L002721,nfl_401772907
L002722,nfl_401772907
L002723,nfl_401772907
L002724,nba_401810484
L002725,nba_401810484
L002726,nba_401810484
L002727,nba_401810484
L002728,nba_401810367
L002729,nba_401810367
L002730,nba_401810367
L002731,nba_401810367
L002732,nba_401810131
L002733,nba_401810131
L002734,nba_401810131
L002735,nba_401810131
L002736,nba_401810015
L002737,nba_401810015
L002738,nba_401810015
L002739,nba_401810015
L002740,nba_401869191
L002741,nba_401869191
L002742,nba_401869191
L002743,nba_401869191
L002744,nba_401810985
L002745,nba_401810985
L002746,nba_401810985
L002747,nba_401810985
L002748,nfl_401772835
L002749,nfl_401772835
L002750,nfl_401772835
L002751,nfl_401772835
L002752,nba_401810098
L002753,nba_401810098
L002754,nba_401810098
L002755,nba_401810098
L002756,nba_401810504
L002757,nba_401810504
L002758,nba_401810504
L002759,nba_401810504
L002760,nba_401810832
L002761,nba_401810832
L002762,nba_401810832
L002763,nba_401810832
L002764,nba_401810065
L002765,nba_401810065
L002766,nba_401810065
L002767,nba_401810065
L002768,nba_401869189
L002769,nba_401869189
L002770,nba_401869189
L002771,nba_401869189
L002772,nba_401810712
L002773,nba_401810712
L002774,nba_401810712
L002775,nba_401810712
L002776,nba_401810577
L002777,nba_401810577
L002778,nba_401810577
L002779,nba_401810577
L002780,nba_401809780
L002781,nba_401809780
L002782,nba_401809780
L002783,nba_401809780
L002784,nba_401810673
L002785,nba_401810673
L002786,nba_401810673
L002787,nba_401810673
L002788,nba_401810922
L002789,nba_401810922
L002790,nba_401810922
L002791,nba_401810922
L002792,nba_401810656
L002793,nba_401810656
L002794,nba_401810656
L002795,nba_401810656
L002796,nba_401810476
L002797,nba_401810476
L002798,nba_401810476
L002799,nba_401810476
L002800,nba_401810074
L002801,nba_401810074
L002802,nba_401810074
L002803,nba_401810074
L002804,nba_401809244
L002805,nba_401809244
L002806,nba_401809244
L002807,nba_401809244
L002808,nba_401810571
L002809,nba_401810571
L002810,nba_401810571
L002811,nba_401810571
L002812,nba_401810546
L002813,nba_401810546
L002814,nba_401810546
L002815,nba_401810546
L002816,nba_401810121
L002817,nba_401810121
L002818,nba_401810121
L002819,nba_401810121
L002820,nba_401810072
L002821,nba_401810072
L002822,nba_401810072
L002823,nba_401810072
L002824,nba_401812701
L002825,nba_401812701
L002826,nba_401812701
L002827,nba_401812701
L002828,nba_401809791
L002829,nba_401809791
L002830,nba_401809791
L002831,nba_401809791
L002832,nba_401810753
L002833,nba_401810753
L002834,nba_401810753
L002835,nba_401810753
L002836,nba_401810366
L002837,nba_401810366
L002838,nba_401810366
L002839,nba_401810366
L002840,nba_401809247
L002841,nba_401809247
L002842,nba_401809247
L002843,nba_401809247
L002844,nba_401810490
L002845,nba_401810490
L002846,nba_401810490
L002847,nba_401810490
L002848,nfl_401772887
L002849,nfl_401772887
L002850,nfl_401772887
L002851,nfl_401772887
L002852,nba_401812482
L002853,nba_401812482
L002854,nba_401812482
L002855,nba_401812482
L002856,nba_401810572
L002857,nba_401810572
L002858,nba_401810572
L002859,nba_401810572
L002860,nba_401809935
L002861,nba_401809935
L002862,nba_401809935
L002863,nba_401809935
L002864,nba_401810323
L002865,nba_401810323
L002866,nba_401810323
L002867,nba_401810323
L002868,nba_401810023
L002869,nba_401810023
L002870,nba_401810023
L002871,nba_401810023
L002872,nba_401869369
L002873,nba_401869369
L002874,nba_401869369
L002875,nba_401869369
L002876,nba_401810006
L002877,nba_401810006
L002878,nba_401810006
L002879,nba_401810006
L002880,nba_401810754
L002881,nba_401810754
L002882,nba_401810754
L002883,nba_401810754
L002884,nfl_401772851
L002885,nfl_401772851
L002886,nfl_401772851
L002887,nfl_401772851
L002888,nfl_401772938
L002889,nfl_401772938
L002890,nfl_401772938
L002891,nfl_401772938
L002892,nba_401810768
L002893,nba_401810768
L002894,nba_401810768
L002895,nba_401810768
L002896,nba_401810398
L002897,nba_401810398
L002898,nba_401810398
L002899,nba_401810398
L002900,nba_401811021
L002901,nba_401811021
L002902,nba_401811021
L002903,nba_401811021
L002904,nba_401809957
L002905,nba_401809957
L002906,nba_401809957
L002907,nba_401809957
L002908,nba_401810630
L002909,nba_401810630
L002910,nba_401810630
L002911,nba_401810630
L002912,nfl_401772935
L002913,nfl_401772935
L002914,nfl_401772935
L002915,nfl_401772935
L002916,nba_401810870
L002917,nba_401810870
L002918,nba_401810870
L002919,nba_401810870
L002920,nba_401810340
L002921,nba_401810340
L002922,nba_401810340
L002923,nba_401810340
L002924,nba_401810966
L002925,nba_401810966
L002926,nba_401810966
L002927,nba_401810966
L002928,nba_401836753
L002929,nba_401836753
L002930,nba_401836753
L002931,nba_401836753
L002932,nba_401810360
L002933,nba_401810360
L002934,nba_401810360
L002935,nba_401810360
L002936,nba_401809797
L002937,nba_401809797
L002938,nba_401809797
L002939,nba_401809797
L002940,nba_401836803
L002941,nba_401836803
L002942,nba_401836803
L002943,nba_401836803
L002944,nba_401810910
L002945,nba_401810910
L002946,nba_401810910
L002947,nba_401810910
L002948,nba_401810919
L002949,nba_401810919
L002950,nba_401810919
L002951,nba_401810919
L002952,nba_401810293
L002953,nba_401810293
L002954,nba_401810293
L002955,nba_401810293
L002956,nba_401810066
L002957,nba_401810066
L002958,nba_401810066
L002959,nba_401810066
L002960,nba_401810903
L002961,nba_401810903
L002962,nba_401810903
L002963,nba_401810903
L002964,nba_401810614
L002965,nba_401810614
L002966,nba_401810614
L002967,nba_401810614
L002968,nfl_401772718
L002969,nfl_401772718
L002970,nfl_401772718
L002971,nfl_401772718
L002972,nba_401810220
L002973,nba_401810220
L002974,nba_401810220
L002975,nba_401810220
L002976,nba_401810983
L002977,nba_401810983
L002978,nba_401810983
L002979,nba_401810983
L002980,nba_401809246
L002981,nba_401809246
L002982,nba_401809246
L002983,nba_401809246
L002984,nba_401809787
L002985,nba_401809787
L002986,nba_401809787
L002987,nba_401809787
L002988,nba_401810607
L002989,nba_401810607
L002990,nba_401810607
L002991,nba_401810607
L002992,nba_401810128
L002993,nba_401810128
L002994,nba_401810128
L002995,nba_401810128
L002996,nba_401810334
L002997,nba_401810334
L002998,nba_401810334
L002999,nba_401810334
L003000,nba_401809998
L003001,nba_401809998
L003002,nba_401809998
L003003,nba_401809998
L003004,nba_401810001
L003005,nba_401810001
L003006,nba_401810001
L003007,nba_401810001
L003008,nfl_401772915
L003009,nfl_401772915
L003010,nfl_401772915
L003011,nfl_401772915
L003012,nba_401811010
L003013,nba_401811010
L003014,nba_401811010
L003015,nba_401811010
L003016,nfl_401772776
L003017,nfl_401772776
L003018,nfl_401772776
L003019,nfl_401772776
L003020,nba_401810348
L003021,nba_401810348
L003022,nba_401810348
L003023,nba_401810348
L003024,nba_401809934
L003025,nba_401809934
L003026,nba_401809934
L003027,nba_401809934
L003028,nba_401810266
L003029,nba_401810266
L003030,nba_401810266
L003031,nba_401810266
L003032,nba_401810204
L003033,nba_401810204
L003034,nba_401810204
L003035,nba_401810204
L003036,nba_401812734
L003037,nba_401812734
L003038,nba_401812734
L003039,nba_401812734
L003040,nba_401869375
L003041,nba_401869375
L003042,nba_401869375
L003043,nba_401869375
L003044,nba_401810828
L003045,nba_401810828
L003046,nba_401810828
L003047,nba_401810828
L003048,nba_401810756
L003049,nba_401810756
L003050,nba_401810756
L003051,nba_401810756
L003052,nba_401812720
L003053,nba_401812720
L003054,nba_401812720
L003055,nba_401812720
L003056,nba_401810034
L003057,nba_401810034
L003058,nba_401810034
L003059,nba_401810034
L003060,nba_401871337
L003061,nba_401871337
L003062,nba_401871337
L003063,nba_401871337
L003064,nba_401810793
L003065,nba_401810793
L003066,nba_401810793
L003067,nba_401810793
L003068,nfl_401772914
L003069,nfl_401772914
L003070,nfl_401772914
L003071,nfl_401772914
L003072,nba_401810821
L003073,nba_401810821
L003074,nba_401810821
L003075,nba_401810821
L003076,nba_401810117
L003077,nba_401810117
L003078,nba_401810117
L003079,nba_401810117
L003080,nfl_401772781
L003081,nfl_401772781
L003082,nfl_401772781
L003083,nfl_401772781
L003084,nfl_401772824
L003085,nfl_401772824
L003086,nfl_401772824
L003087,nfl_401772824
L003088,nba_401809961
L003089,nba_401809961
L003090,nba_401809961
L003091,nba_401809961
L003092,nba_401810959
L003093,nba_401810959
L003094,nba_401810959
L003095,nba_401810959
L003096,nba_401869385
L003097,nba_401869385
L003098,nba_401869385
L003099,nba_401869385
L003100,nba_401810411
L003101,nba_401810411
L003102,nba_401810411
L003103,nba_401810411
L003104,nba_401810955
L003105,nba_401810955
L003106,nba_401810955
L003107,nba_401810955
L003108,nba_401811037
L003109,nba_401811037
L003110,nba_401811037
L003111,nba_401811037
L003112,nba_401809792
L003113,nba_401809792
L003114,nba_401809792
L003115,nba_401809792
L003116,nfl_401772726
L003117,nfl_401772726
L003118,nfl_401772726
L003119,nfl_401772726
L003120,nba_401810778
L003121,nba_401810778
L003122,nba_401810778
L003123,nba_401810778
L003124,nba_401812714
L003125,nba_401812714
L003126,nba_401812714
L003127,nba_401812714
L003128,nba_401810106
L003129,nba_401810106
L003130,nba_401810106
L003131,nba_401810106
L003132,nba_401810730
L003133,nba_401810730
L003134,nba_401810730
L003135,nba_401810730
L003136,nba_401858694
L003137,nba_401858694
L003138,nba_401858694
L003139,nba_401858694
L003140,nba_401859967
L003141,nba_401859967
L003142,nba_401859967
L003143,nba_401859967
L003144,nfl_401772730
L003145,nfl_401772730
L003146,nfl_401772730
L003147,nfl_401772730
L003148,nba_401810126
L003149,nba_401810126
L003150,nba_401810126
L003151,nba_401810126
L003152,nba_401810029
L003153,nba_401810029
L003154,nba_401810029
L003155,nba_401810029
L003156,nba_401810163
L003157,nba_401810163
L003158,nba_401810163
L003159,nba_401810163
L003160,nba_401810067
L003161,nba_401810067
L003162,nba_401810067
L003163,nba_401810067
L003164,nba_401810981
L003165,nba_401810981
L003166,nba_401810981
L003167,nba_401810981
L003168,nfl_401772830
L003169,nfl_401772830
L003170,nfl_401772830
L003171,nfl_401772830
L003172,nba_401810772
L003173,nba_401810772
L003174,nba_401810772
L003175,nba_401810772
L003176,nba_401810115
L003177,nba_401810115
L003178,nba_401810115
L003179,nba_401810115
L003180,nba_401810796
L003181,nba_401810796
L003182,nba_401810796
L003183,nba_401810796
L003184,nba_401810295
L003185,nba_401810295
L003186,nba_401810295
L003187,nba_401810295
L003188,nfl_401772821
L003189,nfl_401772821
L003190,nfl_401772821
L003191,nfl_401772821
L003192,nba_401810361
L003193,nba_401810361
L003194,nba_401810361
L003195,nba_401810361
L003196,nfl_401772768
L003197,nfl_401772768
L003198,nfl_401772768
L003199,nfl_401772768
L003200,nba_401810816
L003201,nba_401810816
L003202,nba_401810816
L003203,nba_401810816
L003204,nba_401838141
L003205,nba_401838141
L003206,nba_401838141
L003207,nba_401838141
L003208,nfl_401772822
L003209,nfl_401772822
L003210,nfl_401772822
L003211,nfl_401772822
L003212,nfl_401772961
L003213,nfl_401772961
L003214,nfl_401772961
L003215,nfl_401772961
L003216,nba_401809774
L003217,nba_401809774
L003218,nba_401809774
L003219,nba_401809774
L003220,nba_401811003
L003221,nba_401811003
L003222,nba_401811003
L003223,nba_401811003
L003224,nba_401809248
L003225,nba_401809248
L003226,nba_401809248
L003227,nba_401809248
L003228,nba_401810533
L003229,nba_401810533
L003230,nba_401810533
L003231,nba_401810533
L003232,nfl_401772775
L003233,nfl_401772775
L003234,nfl_401772775
L003235,nfl_401772775
L003236,nba_401810512
L003237,nba_401810512
L003238,nba_401810512
L003239,nba_401810512
L003240,nba_401809976
L003241,nba_401809976
L003242,nba_401809976
L003243,nba_401809976
L003244,nba_401811030
L003245,nba_401811030
L003246,nba_401811030
L003247,nba_401811030
L003248,nba_401809775
L003249,nba_401809775
L003250,nba_401809775
L003251,nba_401809775
L003252,nba_401810492
L003253,nba_401810492
L003254,nba_401810492
L003255,nba_401810492
L003256,nba_401810681
L003257,nba_401810681
L003258,nba_401810681
L003259,nba_401810681
L003260,nba_401810921
L003261,nba_401810921
L003262,nba_401810921
L003263,nba_401810921
L003264,nfl_401772742
L003265,nfl_401772742
L003266,nfl_401772742
L003267,nfl_401772742
L003268,nfl_401772720
L003269,nfl_401772720
L003270,nfl_401772720
L003271,nfl_401772720
L003272,nba_401810775
L003273,nba_401810775
L003274,nba_401810775
L003275,nba_401810775
L003276,nba_401810224
L003277,nba_401810224
L003278,nba_401810224
L003279,nba_401810224
L003280,nba_401810938
L003281,nba_401810938
L003282,nba_401810938
L003283,nba_401810938
L003284,nfl_401772760
L003285,nfl_401772760
L003286,nfl_401772760
L003287,nfl_401772760
L003288,nba_401811004
L003289,nba_401811004
L003290,nba_401811004
L003291,nba_401811004
L003292,nfl_401772957
L003293,nfl_401772957
L003294,nfl_401772957
L003295,nfl_401772957
L003296,nba_401810516
L003297,nba_401810516
L003298,nba_401810516
L003299,nba_401810516
L003300,nfl_401772882
L003301,nfl_401772882
L003302,nfl_401772882
L003303,nfl_401772882
L003304,nba_401809820
L003305,nba_401809820
L003306,nba_401809820
L003307,nba_401809820
L003308,nfl_401772901
L003309,nfl_401772901
L003310,nfl_401772901
L003311,nfl_401772901
L003312,nba_401811001
L003313,nba_401811001
L003314,nba_401811001
L003315,nba_401811001
L003316,nba_401869389
L003317,nba_401869389
L003318,nba_401869389
L003319,nba_401869389
L003320,nba_401810799
L003321,nba_401810799
L003322,nba_401810799
L003323,nba_401810799
L003324,nba_401810353
L003325,nba_401810353
L003326,nba_401810353
L003327,nba_401810353
L003328,nba_401810437
L003329,nba_401810437
L003330,nba_401810437
L003331,nba_401810437
L003332,nfl_401772751
L003333,nfl_401772751
L003334,nfl_401772751
L003335,nfl_401772751
L003336,nfl_401772510
L003337,nfl_401772510
L003338,nfl_401772510
L003339,nfl_401772510
L003340,nba_401809249
L003341,nba_401809249
L003342,nba_401809249
L003343,nba_401809249
L003344,nba_401810208
L003345,nba_401810208
L003346,nba_401810208
L003347,nba_401810208
L003348,nba_401810061
L003349,nba_401810061
L003350,nba_401810061
L003351,nba_401810061
L003352,nba_401810867
L003353,nba_401810867
L003354,nba_401810867
L003355,nba_401810867
L003356,nba_401809951
L003357,nba_401809951
L003358,nba_401809951
L003359,nba_401809951
L003360,nba_401812685
L003361,nba_401812685
L003362,nba_401812685
L003363,nba_401812685
L003364,nba_401810564
L003365,nba_401810564
L003366,nba_401810564
L003367,nba_401810564
L003368,nba_401809839
L003369,nba_401809839
L003370,nba_401809839
L003371,nba_401809839
L003372,nba_401810265
L003373,nba_401810265
L003374,nba_401810265
L003375,nba_401810265
L003376,nba_401810482
L003377,nba_401810482
L003378,nba_401810482
L003379,nba_401810482
L003380,nba_401810419
L003381,nba_401810419
L003382,nba_401810419
L003383,nba_401810419
L003384,nfl_401772725
L003385,nfl_401772725
L003386,nfl_401772725
L003387,nfl_401772725
L003388,nba_401810774
L003389,nba_401810774
L003390,nba_401810774
L003391,nba_401810774
L003392,nba_401810081
L003393,nba_401810081
L003394,nba_401810081
L003395,nba_401810081
L003396,nba_401810895
L003397,nba_401810895
L003398,nba_401810895
L003399,nba_401810895
L003400,nba_401810326
L003401,nba_401810326
L003402,nba_401810326
L003403,nba_401810326
L003404,nfl_401772948
L003405,nfl_401772948
L003406,nfl_401772948
L003407,nfl_401772948
L003408,nba_401811009
L003409,nba_401811009
L003410,nba_401811009
L003411,nba_401811009
L003412,nba_401810491
L003413,nba_401810491
L003414,nba_401810491
L003415,nba_401810491
L003416,nfl_401772840
L003417,nfl_401772840
L003418,nfl_401772840
L003419,nfl_401772840
L003420,nba_401809946
L003421,nba_401809946
L003422,nba_401809946
L003423,nba_401809946
L003424,nba_401809773
L003425,nba_401809773
L003426,nba_401809773
L003427,nba_401809773
L003428,nba_401810287
L003429,nba_401810287
L003430,nba_401810287
L003431,nba_401810287
L003432,nba_401812678
L003433,nba_401812678
L003434,nba_401812678
L003435,nba_401812678
L003436,nfl_401772931
L003437,nfl_401772931
L003438,nfl_401772931
L003439,nfl_401772931
L003440,nba_401810108
L003441,nba_401810108
L003442,nba_401810108
L003443,nba_401810108
L003444,nba_401810472
L003445,nba_401810472
L003446,nba_401810472
L003447,nba_401810472
L003448,nba_401810368
L003449,nba_401810368
L003450,nba_401810368
L003451,nba_401810368
L003452,nba_401810113
L003453,nba_401810113
L003454,nba_401810113
L003455,nba_401810113
L003456,nba_401809816
L003457,nba_401809816
L003458,nba_401809816
L003459,nba_401809816
L003460,nba_401810090
L003461,nba_401810090
L003462,nba_401810090
L003463,nba_401810090
L003464,nba_401873202
L003465,nba_401873202
L003466,nba_401873202
L003467,nba_401873202
L003468,nba_401810157
L003469,nba_401810157
L003470,nba_401810157
L003471,nba_401810157
L003472,nfl_401772749
L003473,nfl_401772749
L003474,nfl_401772749
L003475,nfl_401772749
L003476,nba_401810855
L003477,nba_401810855
L003478,nba_401810855
L003479,nba_401810855
L003480,nfl_401772767
L003481,nfl_401772767
L003482,nfl_401772767
L003483,nfl_401772767
L003484,nba_401810964
L003485,nba_401810964
L003486,nba_401810964
L003487,nba_401810964
L003488,nba_401810623
L003489,nba_401810623
L003490,nba_401810623
L003491,nba_401810623
L003492,nba_401811025
L003493,nba_401811025
L003494,nba_401811025
L003495,nba_401811025
L003496,nba_401812697
L003497,nba_401812697
L003498,nba_401812697
L003499,nba_401812697
L003500,nba_401809812
L003501,nba_401809812
L003502,nba_401809812
L003503,nba_401809812
L003504,nba_401810762
L003505,nba_401810762
L003506,nba_401810762
L003507,nba_401810762
L003508,nba_401810443
L003509,nba_401810443
L003510,nba_401810443
L003511,nba_401810443
L003512,nba_401810382
L003513,nba_401810382
L003514,nba_401810382
L003515,nba_401810382
L003516,nfl_401772871
L003517,nfl_401772871
L003518,nfl_401772871
L003519,nfl_401772871
L003520,nba_401810238
L003521,nba_401810238
L003522,nba_401810238
L003523,nba_401810238
L003524,nba_401810521
L003525,nba_401810521
L003526,nba_401810521
L003527,nba_401810521
L003528,nba_401809782
L003529,nba_401809782
L003530,nba_401809782
L003531,nba_401809782
L003532,nba_401810226
L003533,nba_401810226
L003534,nba_401810226
L003535,nba_401810226
L003536,nfl_401772770
L003537,nfl_401772770
L003538,nfl_401772770
L003539,nfl_401772770
L003540,nfl_401772800
L003541,nfl_401772800
L003542,nfl_401772800
L003543,nfl_401772800
L003544,nba_401810692
L003545,nba_401810692
L003546,nba_401810692
L003547,nba_401810692
L003548,nba_401809784
L003549,nba_401809784
L003550,nba_401809784
L003551,nba_401809784
L003552,nba_401810624
L003553,nba_401810624
L003554,nba_401810624
L003555,nba_401810624
L003556,nba_401810995
L003557,nba_401810995
L003558,nba_401810995
L003559,nba_401810995
L003560,nba_401810100
L003561,nba_401810100
L003562,nba_401810100
L003563,nba_401810100
L003564,nfl_401772782
L003565,nfl_401772782
L003566,nfl_401772782
L003567,nfl_401772782
L003568,nba_401810502
L003569,nba_401810502
L003570,nba_401810502
L003571,nba_401810502
L003572,nba_401810597
L003573,nba_401810597
L003574,nba_401810597
L003575,nba_401810597
L003576,nba_401836799
L003577,nba_401836799
L003578,nba_401836799
L003579,nba_401836799
L003580,nba_401811006
L003581,nba_401811006
L003582,nba_401811006
L003583,nba_401811006
L003584,nba_401810258
L003585,nba_401810258
L003586,nba_401810258
L003587,nba_401810258
L003588,nba_401810545
L003589,nba_401810545
L003590,nba_401810545
L003591,nba_401810545
L003592,nba_401810309
L003593,nba_401810309
L003594,nba_401810309
L003595,nba_401810309
L003596,nba_401810579
L003597,nba_401810579
L003598,nba_401810579
L003599,nba_401810579
L003600,nba_401810388
L003601,nba_401810388
L003602,nba_401810388
L003603,nba_401810388
L003604,nba_401810102
L003605,nba_401810102
L003606,nba_401810102
L003607,nba_401810102
L003608,nba_401810424
L003609,nba_401810424
L003610,nba_401810424
L003611,nba_401810424
L003612,nba_401810931
L003613,nba_401810931
L003614,nba_401810931
L003615,nba_401810931
L003616,nba_401810505
L003617,nba_401810505
L003618,nba_401810505
L003619,nba_401810505
L003620,nba_401810026
L003621,nba_401810026
L003622,nba_401810026
L003623,nba_401810026
L003624,nba_401869415
L003625,nba_401869415
L003626,nba_401869415
L003627,nba_401869415
L003628,nba_401810731
L003629,nba_401810731
L003630,nba_401810731
L003631,nba_401810731
L003632,nba_401810970
L003633,nba_401810970
L003634,nba_401810970
L003635,nba_401810970
L003636,nba_401810233
L003637,nba_401810233
L003638,nba_401810233
L003639,nba_401810233
L003640,nba_401810861
L003641,nba_401810861
L003642,nba_401810861
L003643,nba_401810861
L003644,nba_401810408
L003645,nba_401810408
L003646,nba_401810408
L003647,nba_401810408
L003648,nba_401810164
L003649,nba_401810164
L003650,nba_401810164
L003651,nba_401810164
L003652,nba_401809837
L003653,nba_401809837
L003654,nba_401809837
L003655,nba_401809837
L003656,nba_401809964
L003657,nba_401809964
L003658,nba_401809964
L003659,nba_401809964
L003660,nba_401810986
L003661,nba_401810986
L003662,nba_401810986
L003663,nba_401810986
L003664,nba_401810594
L003665,nba_401810594
L003666,nba_401810594
L003667,nba_401810594
L003668,nba_401810886
L003669,nba_401810886
L003670,nba_401810886
L003671,nba_401810886
L003672,nba_401810621
L003673,nba_401810621
L003674,nba_401810621
L003675,nba_401810621
L003676,nba_401810798
L003677,nba_401810798
L003678,nba_401810798
L003679,nba_401810798
L003680,nba_401809817
L003681,nba_401809817
L003682,nba_401809817
L003683,nba_401809817
L003684,nfl_401772942
L003685,nfl_401772942
L003686,nfl_401772942
L003687,nfl_401772942
L003688,nba_401809241
L003689,nba_401809241
L003690,nba_401809241
L003691,nba_401809241
L003692,nba_401869392
L003693,nba_401869392
L003694,nba_401869392
L003695,nba_401869392
L003696,nba_401810173
L003697,nba_401810173
L003698,nba_401810173
L003699,nba_401810173
L003700,nba_401811040
L003701,nba_401811040
L003702,nba_401811040
L003703,nba_401811040
L003704,nba_401810914
L003705,nba_401810914
L003706,nba_401810914
L003707,nba_401810914
L003708,nba_401810303
L003709,nba_401810303
L003710,nba_401810303
L003711,nba_401810303
L003712,nba_401810149
L003713,nba_401810149
L003714,nba_401810149
L003715,nba_401810149
L003716,nba_401812710
L003717,nba_401812710
L003718,nba_401812710
L003719,nba_401812710
L003720,nba_401810554
L003721,nba_401810554
L003722,nba_401810554
L003723,nba_401810554
L003724,nba_401810337
L003725,nba_401810337
L003726,nba_401810337
L003727,nba_401810337
L003728,nba_401810567
L003729,nba_401810567
L003730,nba_401810567
L003731,nba_401810567
L003732,nba_401809977
L003733,nba_401809977
L003734,nba_401809977
L003735,nba_401809977
L003736,nba_401811043
L003737,nba_401811043
L003738,nba_401811043
L003739,nba_401811043
L003740,nba_401811050
L003741,nba_401811050
L003742,nba_401811050
L003743,nba_401811050
L003744,nba_401810458
L003745,nba_401810458
L003746,nba_401810458
L003747,nba_401810458
L003748,nfl_401772722
L003749,nfl_401772722
L003750,nfl_401772722
L003751,nfl_401772722
L003752,nba_401810815
L003753,nba_401810815
L003754,nba_401810815
L003755,nba_401810815
L003756,nba_401810542
L003757,nba_401810542
L003758,nba_401810542
L003759,nba_401810542
L003760,nba_401810467
L003761,nba_401810467
L003762,nba_401810467
L003763,nba_401810467
L003764,nba_401811007
L003765,nba_401811007
L003766,nba_401811007
L003767,nba_401811007
L003768,nba_401810844
L003769,nba_401810844
L003770,nba_401810844
L003771,nba_401810844
L003772,nba_401810907
L003773,nba_401810907
L003774,nba_401810907
L003775,nba_401810907
L003776,nba_401810602
L003777,nba_401810602
L003778,nba_401810602
L003779,nba_401810602
L003780,nba_401810925
L003781,nba_401810925
L003782,nba_401810925
L003783,nba_401810925
L003784,nba_401810364
L003785,nba_401810364
L003786,nba_401810364
L003787,nba_401810364
L003788,nba_401809936
L003789,nba_401809936
L003790,nba_401809936
L003791,nba_401809936
L003792,nba_401810038
L003793,nba_401810038
L003794,nba_401810038
L003795,nba_401810038
L003796,nba_401810974
L003797,nba_401810974
L003798,nba_401810974
L003799,nba_401810974
L003800,nba_401810200
L003801,nba_401810200
L003802,nba_401810200
L003803,nba_401810200
L003804,nba_401810178
L003805,nba_401810178
L003806,nba_401810178
L003807,nba_401810178
L003808,nfl_401772755
L003809,nfl_401772755
L003810,nfl_401772755
L003811,nfl_401772755
L003812,nba_401810451
L003813,nba_401810451
L003814,nba_401810451
L003815,nba_401810451
L003816,nba_401810347
L003817,nba_401810347
L003818,nba_401810347
L003819,nba_401810347
L003820,nba_401810136
L003821,nba_401810136
L003822,nba_401810136
L003823,nba_401810136
L003824,nba_401810841
L003825,nba_401810841
L003826,nba_401810841
L003827,nba_401810841
L003828,nba_401812694
L003829,nba_401812694
L003830,nba_401812694
L003831,nba_401812694
L003832,nfl_401772898
L003833,nfl_401772898
L003834,nfl_401772898
L003835,nfl_401772898
L003836,nfl_401772816
L003837,nfl_401772816
L003838,nfl_401772816
L003839,nfl_401772816
L003840,nba_401811015
L003841,nba_401811015
L003842,nba_401811015
L003843,nba_401811015
L003844,nba_401869188
L003845,nba_401869188
L003846,nba_401869188
L003847,nba_401869188
L003848,nba_401810590
L003849,nba_401810590
L003850,nba_401810590
L003851,nba_401810590
L003852,nba_401866758
L003853,nba_401866758
L003854,nba_401866758
L003855,nba_401866758
L003856,nba_401810726
L003857,nba_401810726
L003858,nba_401810726
L003859,nba_401810726
L003860,nfl_401772799
L003861,nfl_401772799
L003862,nfl_401772799
L003863,nfl_401772799
L003864,nfl_401772750
L003865,nfl_401772750
L003866,nfl_401772750
L003867,nfl_401772750
L003868,nba_401810380
L003869,nba_401810380
L003870,nba_401810380
L003871,nba_401810380
L003872,nba_401810379
L003873,nba_401810379
L003874,nba_401810379
L003875,nba_401810379
L003876,nba_401869400
L003877,nba_401869400
L003878,nba_401869400
L003879,nba_401869400
L003880,nba_401810171
L003881,nba_401810171
L003882,nba_401810171
L003883,nba_401810171
L003884,nba_401850920
L003885,nba_401850920
L003886,nba_401850920
L003887,nba_401850920
L003888,nfl_401772741
L003889,nfl_401772741
L003890,nfl_401772741
L003891,nfl_401772741
L003892,nba_401810949
L003893,nba_401810949
L003894,nba_401810949
L003895,nba_401810949
L003896,nfl_401772900
L003897,nfl_401772900
L003898,nfl_401772900
L003899,nfl_401772900
L003900,nba_401873342
L003901,nba_401873342
L003902,nba_401873342
L003903,nba_401873342
L003904,nba_401810718
L003905,nba_401810718
L003906,nba_401810718
L003907,nba_401810718
L003908,nba_401811013
L003909,nba_401811013
L003910,nba_401811013
L003911,nba_401811013
L003912,nba_401869391
L003913,nba_401869391
L003914,nba_401869391
L003915,nba_401869391
L003916,nba_401810444
L003917,nba_401810444
L003918,nba_401810444
L003919,nba_401810444
L003920,nfl_401772968
L003921,nfl_401772968
L003922,nfl_401772968
L003923,nfl_401772968
L003924,nba_401809986
L003925,nba_401809986
L003926,nba_401809986
L003927,nba_401809986
L003928,nba_401810079
L003929,nba_401810079
L003930,nba_401810079
L003931,nba_401810079
L003932,nba_401810002
L003933,nba_401810002
L003934,nba_401810002
L003935,nba_401810002
L003936,nba_401810394
L003937,nba_401810394
L003938,nba_401810394
L003939,nba_401810394
L003940,nba_401812688
L003941,nba_401812688
L003942,nba_401812688
L003943,nba_401812688
L003944,nfl_401772711
L003945,nfl_401772711
L003946,nfl_401772711
L003947,nfl_401772711
L003948,nba_401811042
L003949,nba_401811042
L003950,nba_401811042
L003951,nba_401811042
L003952,nba_401809786
L003953,nba_401809786
L003954,nba_401809786
L003955,nba_401809786
L003956,nfl_401772940
L003957,nfl_401772940
L003958,nfl_401772940
L003959,nfl_401772940
L003960,nba_401812699
L003961,nba_401812699
L003962,nba_401812699
L003963,nba_401812699
L003964,nba_401810525
L003965,nba_401810525
L003966,nba_401810525
L003967,nba_401810525
L003968,nba_401812709
L003969,nba_401812709
L003970,nba_401812709
L003971,nba_401812709
L003972,nba_401810425
L003973,nba_401810425
L003974,nba_401810425
L003975,nba_401810425
L003976,nba_401810728
L003977,nba_401810728
L003978,nba_401810728
L003979,nba_401810728
L003980,nba_401869410
L003981,nba_401869410
L003982,nba_401869410
L003983,nba_401869410
L003984,nba_401812738
L003985,nba_401812738
L003986,nba_401812738
L003987,nba_401812738
L003988,nba_401810423
L003989,nba_401810423
L003990,nba_401810423
L003991,nba_401810423
L003992,nba_401810989
L003993,nba_401810989
L003994,nba_401810989
L003995,nba_401810989
L003996,nba_401810152
L003997,nba_401810152
L003998,nba_401810152
L003999,nba_401810152
L004000,nba_401810759
L004001,nba_401810759
L004002,nba_401810759
L004003,nba_401810759
L004004,nba_401812721
L004005,nba_401812721
L004006,nba_401812721
L004007,nba_401812721
L004008,nfl_401772886
L004009,nfl_401772886
L004010,nfl_401772886
L004011,nfl_401772886
L004012,nba_401810520
L004013,nba_401810520
L004014,nba_401810520
L004015,nba_401810520
L004016,nba_401810990
L004017,nba_401810990
L004018,nba_401810990
L004019,nba_401810990
L004020,nba_401810871
L004021,nba_401810871
L004022,nba_401810871
L004023,nba_401810871
L004024,nba_401809941
L004025,nba_401809941
L004026,nba_401809941
L004027,nba_401809941
L004028,nba_401810606
L004029,nba_401810606
L004030,nba_401810606
L004031,nba_401810606
L004032,nba_401810084
L004033,nba_401810084
L004034,nba_401810084
L004035,nba_401810084
L004036,nba_401811011
L004037,nba_401811011
L004038,nba_401811011
L004039,nba_401811011
L004040,nba_401810806
L004041,nba_401810806
L004042,nba_401810806
L004043,nba_401810806
L004044,nba_401810722
L004045,nba_401810722
L004046,nba_401810722
L004047,nba_401810722
L004048,nba_401810523
L004049,nba_401810523
L004050,nba_401810523
L004051,nba_401810523
L004052,nba_401810110
L004053,nba_401810110
L004054,nba_401810110
L004055,nba_401810110
L004056,nfl_401772945
L004057,nfl_401772945
L004058,nfl_401772945
L004059,nfl_401772945
L004060,nba_401810824
L004061,nba_401810824
L004062,nba_401810824
L004063,nba_401810824
L004064,nfl_401772834
L004065,nfl_401772834
L004066,nfl_401772834
L004067,nfl_401772834
L004068,nba_401809813
L004069,nba_401809813
L004070,nba_401809813
L004071,nba_401809813
L004072,nfl_401772784
L004073,nfl_401772784
L004074,nfl_401772784
L004075,nfl_401772784
L004076,nba_401810225
L004077,nba_401810225
L004078,nba_401810225
L004079,nba_401810225
L004080,nba_401810051
L004081,nba_401810051
L004082,nba_401810051
L004083,nba_401810051
L004084,nba_401809803
L004085,nba_401809803
L004086,nba_401809803
L004087,nba_401809803
L004088,nba_401869401
L004089,nba_401869401
L004090,nba_401869401
L004091,nba_401869401
L004092,nba_401810290
L004093,nba_401810290
L004094,nba_401810290
L004095,nba_401810290
L004096,nfl_401772924
L004097,nfl_401772924
L004098,nfl_401772924
L004099,nfl_401772924
L004100,nba_401810166
L004101,nba_401810166
L004102,nba_401810166
L004103,nba_401810166
L004104,nba_401810693
L004105,nba_401810693
L004106,nba_401810693
L004107,nba_401810693
L004108,nba_401810103
L004109,nba_401810103
L004110,nba_401810103
L004111,nba_401810103
L004112,nfl_401772944
L004113,nfl_401772944
L004114,nfl_401772944
L004115,nfl_401772944
L004116,nba_401810017
L004117,nba_401810017
L004118,nba_401810017
L004119,nba_401810017
L004120,nba_401810780
L004121,nba_401810780
L004122,nba_401810780
L004123,nba_401810780
L004124,nba_401810559
L004125,nba_401810559
L004126,nba_401810559
L004127,nba_401810559
L004128,nba_401812723
L004129,nba_401812723
L004130,nba_401812723
L004131,nba_401812723
L004132,nba_401810979
L004133,nba_401810979
L004134,nba_401810979
L004135,nba_401810979
L004136,nba_401810705
L004137,nba_401810705
L004138,nba_401810705
L004139,nba_401810705
L004140,nfl_401772845
L004141,nfl_401772845
L004142,nfl_401772845
L004143,nfl_401772845
L004144,nba_401810580
L004145,nba_401810580
L004146,nba_401810580
L004147,nba_401810580
L004148,nba_401810446
L004149,nba_401810446
L004150,nba_401810446
L004151,nba_401810446
L004152,nba_401810550
L004153,nba_401810550
L004154,nba_401810550
L004155,nba_401810550
L004156,nba_401812727
L004157,nba_401812727
L004158,nba_401812727
L004159,nba_401812727
L004160,nba_401871159
L004161,nba_401871159
L004162,nba_401871159
L004163,nba_401871159
L004164,nba_401810644
L004165,nba_401810644
L004166,nba_401810644
L004167,nba_401810644
L004168,nba_401810316
L004169,nba_401810316
L004170,nba_401810316
L004171,nba_401810316
L004172,nfl_401772874
L004173,nfl_401772874
L004174,nfl_401772874
L004175,nfl_401772874
L004176,nba_401810747
L004177,nba_401810747
L004178,nba_401810747
L004179,nba_401810747
L004180,nfl_401772912
L004181,nfl_401772912
L004182,nfl_401772912
L004183,nfl_401772912
L004184,nfl_401772927
L004185,nfl_401772927
L004186,nfl_401772927
L004187,nfl_401772927
L004188,nba_401810551
L004189,nba_401810551
L004190,nba_401810551
L004191,nba_401810551
L004192,nfl_401772859
L004193,nfl_401772859
L004194,nfl_401772859
L004195,nfl_401772859
L004196,nba_401810474
L004197,nba_401810474
L004198,nba_401810474
L004199,nba_401810474
L004200,nba_401812680
L004201,nba_401812680
L004202,nba_401812680
L004203,nba_401812680
L004204,nba_401869382
L004205,nba_401869382
L004206,nba_401869382
L004207,nba_401869382
L004208,nba_401810532
L004209,nba_401810532
L004210,nba_401810532
L004211,nba_401810532
L004212,nba_401812708
L004213,nba_401812708
L004214,nba_401812708
L004215,nba_401812708
L004216,nba_401810549
L004217,nba_401810549
L004218,nba_401810549
L004219,nba_401810549
L004220,nba_401810612
L004221,nba_401810612
L004222,nba_401810612
L004223,nba_401810612
L004224,nba_401810217
L004225,nba_401810217
L004226,nba_401810217
L004227,nba_401810217
L004228,nba_401809981
L004229,nba_401809981
L004230,nba_401809981
L004231,nba_401809981
L004232,nba_401810603
L004233,nba_401810603
L004234,nba_401810603
L004235,nba_401810603
L004236,nba_401810702
L004237,nba_401810702
L004238,nba_401810702
L004239,nba_401810702
L004240,nba_401810435
L004241,nba_401810435
L004242,nba_401810435
L004243,nba_401810435
L004244,nba_401810586
L004245,nba_401810586
L004246,nba_401810586
L004247,nba_401810586
L004248,nba_401810601
L004249,nba_401810601
L004250,nba_401810601
L004251,nba_401810601
L004252,nfl_401772951
L004253,nfl_401772951
L004254,nfl_401772951
L004255,nfl_401772951
L004256,nfl_401772723
L004257,nfl_401772723
L004258,nfl_401772723
L004259,nfl_401772723
L004260,nba_401810129
L004261,nba_401810129
L004262,nba_401810129
L004263,nba_401810129
L004264,nba_401810537
L004265,nba_401810537
L004266,nba_401810537
L004267,nba_401810537
L004268,nba_401810236
L004269,nba_401810236
L004270,nba_401810236
L004271,nba_401810236
L004272,nba_401810125
L004273,nba_401810125
L004274,nba_401810125
L004275,nba_401810125
L004276,nfl_401772873
L004277,nfl_401772873
L004278,nfl_401772873
L004279,nfl_401772873
L004280,nba_401810011
L004281,nba_401810011
L004282,nba_401810011
L004283,nba_401810011
L004284,nba_401810412
L004285,nba_401810412
L004286,nba_401810412
L004287,nba_401810412
L004288,nba_401810445
L004289,nba_401810445
L004290,nba_401810445
L004291,nba_401810445
L004292,nba_401810314
L004293,nba_401810314
L004294,nba_401810314
L004295,nba_401810314
L004296,nba_401810243
L004297,nba_401810243
L004298,nba_401810243
L004299,nba_401810243
L004300,nba_401810343
L004301,nba_401810343
L004302,nba_401810343
L004303,nba_401810343
L004304,nba_401810004
L004305,nba_401810004
L004306,nba_401810004
L004307,nba_401810004
L004308,nba_401810648
L004309,nba_401810648
L004310,nba_401810648
L004311,nba_401810648
L004312,nba_401810320
L004313,nba_401810320
L004314,nba_401810320
L004315,nba_401810320
L004316,nba_401810252
L004317,nba_401810252
L004318,nba_401810252
L004319,nba_401810252
L004320,nba_401810740
L004321,nba_401810740
L004322,nba_401810740
L004323,nba_401810740
L004324,nba_401810814
L004325,nba_401810814
L004326,nba_401810814
L004327,nba_401810814
L004328,nba_401810325
L004329,nba_401810325
L004330,nba_401810325
L004331,nba_401810325
L004332,nba_401810269
L004333,nba_401810269
L004334,nba_401810269
L004335,nba_401810269
L004336,nba_401810288
L004337,nba_401810288
L004338,nba_401810288
L004339,nba_401810288
L004340,nba_401810669
L004341,nba_401810669
L004342,nba_401810669
L004343,nba_401810669
L004344,nba_401810720
L004345,nba_401810720
L004346,nba_401810720
L004347,nba_401810720
L004348,nba_401810142
L004349,nba_401810142
L004350,nba_401810142
L004351,nba_401810142
L004352,nba_401810661
L004353,nba_401810661
L004354,nba_401810661
L004355,nba_401810661
L004356,nba_401810625
L004357,nba_401810625
L004358,nba_401810625
L004359,nba_401810625
L004360,nba_401810781
L004361,nba_401810781
L004362,nba_401810781
L004363,nba_401810781
L004364,nba_401810654
L004365,nba_401810654
L004366,nba_401810654
L004367,nba_401810654
L004368,nba_401810407
L004369,nba_401810407
L004370,nba_401810407
L004371,nba_401810407
L004372,nba_401871327
L004373,nba_401871327
L004374,nba_401871327
L004375,nba_401871327
L004376,nba_401810847
L004377,nba_401810847
L004378,nba_401810847
L004379,nba_401810847
L004380,nba_401810099
L004381,nba_401810099
L004382,nba_401810099
L004383,nba_401810099
L004384,nba_401810682
L004385,nba_401810682
L004386,nba_401810682
L004387,nba_401810682
L004388,nba_401809781
L004389,nba_401809781
L004390,nba_401809781
L004391,nba_401809781
L004392,nba_401810273
L004393,nba_401810273
L004394,nba_401810273
L004395,nba_401810273
L004396,nba_401869370
L004397,nba_401869370
L004398,nba_401869370
L004399,nba_401869370
L004400,nba_401810699
L004401,nba_401810699
L004402,nba_401810699
L004403,nba_401810699
L004404,nba_401810808
L004405,nba_401810808
L004406,nba_401810808
L004407,nba_401810808
L004408,nba_401810154
L004409,nba_401810154
L004410,nba_401810154
L004411,nba_401810154
L004412,nba_401836800
L004413,nba_401836800
L004414,nba_401836800
L004415,nba_401836800
L004416,nba_401810622
L004417,nba_401810622
L004418,nba_401810622
L004419,nba_401810622
L004420,nba_401810053
L004421,nba_401810053
L004422,nba_401810053
L004423,nba_401810053
L004424,nba_401812679
L004425,nba_401812679
L004426,nba_401812679
L004427,nba_401812679
L004428,nba_401809795
L004429,nba_401809795
L004430,nba_401809795
L004431,nba_401809795
L004432,nba_401810262
L004433,nba_401810262
L004434,nba_401810262
L004435,nba_401810262
L004436,nba_401810936
L004437,nba_401810936
L004438,nba_401810936
L004439,nba_401810936
L004440,nba_401810760
L004441,nba_401810760
L004442,nba_401810760
L004443,nba_401810760
L004444,nba_401810538
L004445,nba_401810538
L004446,nba_401810538
L004447,nba_401810538
L004448,nba_401810192
L004449,nba_401810192
L004450,nba_401810192
L004451,nba_401810192
L004452,nba_401810600
L004453,nba_401810600
L004454,nba_401810600
L004455,nba_401810600
L004456,nba_401810680
L004457,nba_401810680
L004458,nba_401810680
L004459,nba_401810680
L004460,nba_401809508
L004461,nba_401809508
L004462,nba_401809508
L004463,nba_401809508
L004464,nfl_401772849
L004465,nfl_401772849
L004466,nfl_401772849
L004467,nfl_401772849
L004468,nfl_401772783
L004469,nfl_401772783
L004470,nfl_401772783
L004471,nfl_401772783
L004472,nba_401809950
L004473,nba_401809950
L004474,nba_401809950
L004475,nba_401809950
L004476,nba_401810961
L004477,nba_401810961
L004478,nba_401810961
L004479,nba_401810961
L004480,nba_401809794
L004481,nba_401809794
L004482,nba_401809794
L004483,nba_401809794
L004484,nfl_401772748
L004485,nfl_401772748
L004486,nfl_401772748
L004487,nfl_401772748
L004488,nfl_401772899
L004489,nfl_401772899
L004490,nfl_401772899
L004491,nfl_401772899
L004492,nba_401810393
L004493,nba_401810393
L004494,nba_401810393
L004495,nba_401810393
L004496,nba_401869395
L004497,nba_401869395
L004498,nba_401869395
L004499,nba_401869395
L004500,nba_401871160
L004501,nba_401871160
L004502,nba_401871160
L004503,nba_401871160
L004504,nba_401810442
L004505,nba_401810442
L004506,nba_401810442
L004507,nba_401810442
L004508,nba_401810803
L004509,nba_401810803
L004510,nba_401810803
L004511,nba_401810803
L004512,nba_401810339
L004513,nba_401810339
L004514,nba_401810339
L004515,nba_401810339
L004516,nba_401810019
L004517,nba_401810019
L004518,nba_401810019
L004519,nba_401810019
L004520,nba_401809815
L004521,nba_401809815
L004522,nba_401809815
L004523,nba_401809815
L004524,nba_401810717
L004525,nba_401810717
L004526,nba_401810717
L004527,nba_401810717
L004528,nba_401810794
L004529,nba_401810794
L004530,nba_401810794
L004531,nba_401810794
L004532,nba_401869418
L004533,nba_401869418
L004534,nba_401869418
L004535,nba_401869418
L004536,nba_401810653
L004537,nba_401810653
L004538,nba_401810653
L004539,nba_401810653
L004540,nba_401810994
L004541,nba_401810994
L004542,nba_401810994
L004543,nba_401810994
L004544,nba_401810700
L004545,nba_401810700
L004546,nba_401810700
L004547,nba_401810700
L004548,nba_401810417
L004549,nba_401810417
L004550,nba_401810417
L004551,nba_401810417
L004552,nba_401810980
L004553,nba_401810980
L004554,nba_401810980
L004555,nba_401810980
L004556,nba_401810973
L004557,nba_401810973
L004558,nba_401810973
L004559,nba_401810973
L004560,nba_401810345
L004561,nba_401810345
L004562,nba_401810345
L004563,nba_401810345
L004564,nba_401810378
L004565,nba_401810378
L004566,nba_401810378
L004567,nba_401810378
L004568,nba_401812480
L004569,nba_401812480
L004570,nba_401812480
L004571,nba_401812480
L004572,nba_401810869
L004573,nba_401810869
L004574,nba_401810869
L004575,nba_401810869
L004576,nba_401810583
L004577,nba_401810583
L004578,nba_401810583
L004579,nba_401810583
L004580,nba_401810375
L004581,nba_401810375
L004582,nba_401810375
L004583,nba_401810375
L004584,nba_401810150
L004585,nba_401810150
L004586,nba_401810150
L004587,nba_401810150
L004588,nba_401869417
L004589,nba_401869417
L004590,nba_401869417
L004591,nba_401869417
L004592,nba_401810613
L004593,nba_401810613
L004594,nba_401810613
L004595,nba_401810613
L004596,nba_401873341
L004597,nba_401873341
L004598,nba_401873341
L004599,nba_401873341
L004600,nba_401810086
L004601,nba_401810086
L004602,nba_401810086
L004603,nba_401810086
L004604,nba_401811023
L004605,nba_401811023
L004606,nba_401811023
L004607,nba_401811023
L004608,nba_401810363
L004609,nba_401810363
L004610,nba_401810363
L004611,nba_401810363
L004612,nba_401873343
L004613,nba_401873343
L004614,nba_401873343
L004615,nba_401873343
L004616,nba_401810426
L004617,nba_401810426
L004618,nba_401810426
L004619,nba_401810426
L004620,nba_401810588
L004621,nba_401810588
L004622,nba_401810588
L004623,nba_401810588
L004624,nba_401810391
L004625,nba_401810391
L004626,nba_401810391
L004627,nba_401810391
L004628,nba_401810786
L004629,nba_401810786
L004630,nba_401810786
L004631,nba_401810786
L004632,nba_401810373
L004633,nba_401810373
L004634,nba_401810373
L004635,nba_401810373
L004636,nfl_401772905
L004637,nfl_401772905
L004638,nfl_401772905
L004639,nfl_401772905
L004640,nba_401810924
L004641,nba_401810924
L004642,nba_401810924
L004643,nba_401810924
L004644,nfl_401772724
L004645,nfl_401772724
L004646,nfl_401772724
L004647,nfl_401772724
L004648,nba_401809502
L004649,nba_401809502
L004650,nba_401809502
L004651,nba_401809502
L004652,nba_401810635
L004653,nba_401810635
L004654,nba_401810635
L004655,nba_401810635
L004656,nba_401810498
L004657,nba_401810498
L004658,nba_401810498
L004659,nba_401810498
L004660,nba_401810197
L004661,nba_401810197
L004662,nba_401810197
L004663,nba_401810197
L004664,nba_401810849
L004665,nba_401810849
L004666,nba_401810849
L004667,nba_401810849
L004668,nba_401810812
L004669,nba_401810812
L004670,nba_401810812
L004671,nba_401810812
L004672,nba_401812483
L004673,nba_401812483
L004674,nba_401812483
L004675,nba_401812483
L004676,nba_401810923
L004677,nba_401810923
L004678,nba_401810923
L004679,nba_401810923
L004680,nba_401811000
L004681,nba_401811000
L004682,nba_401811000
L004683,nba_401811000
L004684,nba_401810279
L004685,nba_401810279
L004686,nba_401810279
L004687,nba_401810279
L004688,nfl_401772963
L004689,nfl_401772963
L004690,nfl_401772963
L004691,nfl_401772963
L004692,nfl_401772955
L004693,nfl_401772955
L004694,nfl_401772955
L004695,nfl_401772955
L004696,nba_401869192
L004697,nba_401869192
L004698,nba_401869192
L004699,nba_401869192
L004700,nba_401810795
L004701,nba_401810795
L004702,nba_401810795
L004703,nba_401810795
L004704,nba_401810645
L004705,nba_401810645
L004706,nba_401810645
L004707,nba_401810645
L004708,nba_401869399
L004709,nba_401869399
L004710,nba_401869399
L004711,nba_401869399
L004712,nba_401810463
L004713,nba_401810463
L004714,nba_401810463
L004715,nba_401810463
L004716,nba_401810641
L004717,nba_401810641
L004718,nba_401810641
L004719,nba_401810641
L004720,nba_401810057
L004721,nba_401810057
L004722,nba_401810057
L004723,nba_401810057
L004724,nba_401809937
L004725,nba_401809937
L004726,nba_401809937
L004727,nba_401809937
L004728,nba_401811036
L004729,nba_401811036
L004730,nba_401811036
L004731,nba_401811036
L004732,nfl_401772815
L004733,nfl_401772815
L004734,nfl_401772815
L004735,nfl_401772815
L004736,nba_401866754
L004737,nba_401866754
L004738,nba_401866754
L004739,nba_401866754
L004740,nba_401811044
L004741,nba_401811044
L004742,nba_401811044
L004743,nba_401811044
L004744,nba_401812725
L004745,nba_401812725
L004746,nba_401812725
L004747,nba_401812725
L004748,nba_401810436
L004749,nba_401810436
L004750,nba_401810436
L004751,nba_401810436
L004752,nba_401871339
L004753,nba_401871339
L004754,nba_401871339
L004755,nba_401871339
L004756,nba_401810570
L004757,nba_401810570
L004758,nba_401810570
L004759,nba_401810570
L004760,nfl_401772870
L004761,nfl_401772870
L004762,nfl_401772870
L004763,nfl_401772870
L004764,nba_401810473
L004765,nba_401810473
L004766,nba_401810473
L004767,nba_401810473
L004768,nba_401810329
L004769,nba_401810329
L004770,nba_401810329
L004771,nba_401810329
L004772,nfl_401772791
L004773,nfl_401772791
L004774,nfl_401772791
L004775,nfl_401772791
L004776,nba_401873203
L004777,nba_401873203
L004778,nba_401873203
L004779,nba_401873203
L004780,nba_401810430
L004781,nba_401810430
L004782,nba_401810430
L004783,nba_401810430
L004784,nba_401810568
L004785,nba_401810568
L004786,nba_401810568
L004787,nba_401810568
L004788,nba_401810189
L004789,nba_401810189
L004790,nba_401810189
L004791,nba_401810189
L004792,nba_401812716
L004793,nba_401812716
L004794,nba_401812716
L004795,nba_401812716
L004796,nba_401836806
L004797,nba_401836806
L004798,nba_401836806
L004799,nba_401836806
L004800,nfl_401772790
L004801,nfl_401772790
L004802,nfl_401772790
L004803,nfl_401772790
L004804,nba_401810383
L004805,nba_401810383
L004806,nba_401810383
L004807,nba_401810383
L004808,nba_401810470
L004809,nba_401810470
L004810,nba_401810470
L004811,nba_401810470
L004812,nba_401810690
L004813,nba_401810690
L004814,nba_401810690
L004815,nba_401810690
L004816,nba_401810202
L004817,nba_401810202
L004818,nba_401810202
L004819,nba_401810202
L004820,nba_401836805
L004821,nba_401836805
L004822,nba_401836805
L004823,nba_401836805
L004824,nba_401810711
L004825,nba_401810711
L004826,nba_401810711
L004827,nba_401810711
L004828,nba_401809938
L004829,nba_401809938
L004830,nba_401809938
L004831,nba_401809938
L004832,nba_401810536
L004833,nba_401810536
L004834,nba_401810536
L004835,nba_401810536
L004836,nba_401810056
L004837,nba_401810056
L004838,nba_401810056
L004839,nba_401810056
L004840,nfl_401772913
L004841,nfl_401772913
L004842,nfl_401772913
L004843,nfl_401772913
L004844,nfl_401772863
L004845,nfl_401772863
L004846,nfl_401772863
L004847,nfl_401772863
L004848,nba_401810271
L004849,nba_401810271
L004850,nba_401810271
L004851,nba_401810271
L004852,nba_401810595
L004853,nba_401810595
L004854,nba_401810595
L004855,nba_401810595
L004856,nba_401810438
L004857,nba_401810438
L004858,nba_401810438
L004859,nba_401810438
L004860,nba_401810161
L004861,nba_401810161
L004862,nba_401810161
L004863,nba_401810161
L004864,nba_401812718
L004865,nba_401812718
L004866,nba_401812718
L004867,nba_401812718
L004868,nba_401810596
L004869,nba_401810596
L004870,nba_401810596
L004871,nba_401810596
L004872,nba_401810156
L004873,nba_401810156
L004874,nba_401810156
L004875,nba_401810156
L004876,nba_401809800
L004877,nba_401809800
L004878,nba_401809800
L004879,nba_401809800
L004880,nba_401871326
L004881,nba_401871326
L004882,nba_401871326
L004883,nba_401871326
L004884,nba_401810133
L004885,nba_401810133
L004886,nba_401810133
L004887,nba_401810133
L004888,nba_401871152
L004889,nba_401871152
L004890,nba_401871152
L004891,nba_401871152
L004892,nba_401810894
L004893,nba_401810894
L004894,nba_401810894
L004895,nba_401810894
L004896,nba_401810478
L004897,nba_401810478
L004898,nba_401810478
L004899,nba_401810478
L004900,nba_401810045
L004901,nba_401810045
L004902,nba_401810045
L004903,nba_401810045
L004904,nba_401871155
L004905,nba_401871155
L004906,nba_401871155
L004907,nba_401871155
L004908,nba_401809835
L004909,nba_401809835
L004910,nba_401809835
L004911,nba_401809835
L004912,nba_401810486
L004913,nba_401810486
L004914,nba_401810486
L004915,nba_401810486
L004916,nba_401869190
L004917,nba_401869190
L004918,nba_401869190
L004919,nba_401869190
L004920,nba_401810499
L004921,nba_401810499
L004922,nba_401810499
L004923,nba_401810499
L004924,nba_401810389
L004925,nba_401810389
L004926,nba_401810389
L004927,nba_401810389
L004928,nba_401809236
L004929,nba_401809236
L004930,nba_401809236
L004931,nba_401809236
L004932,nba_401810087
L004933,nba_401810087
L004934,nba_401810087
L004935,nba_401810087
L004936,nba_401810632
L004937,nba_401810632
L004938,nba_401810632
L004939,nba_401810632
L004940,nba_401809796
L004941,nba_401809796
L004942,nba_401809796
L004943,nba_401809796
L004944,nba_401810878
L004945,nba_401810878
L004946,nba_401810878
L004947,nba_401810878
L004948,nba_401810939
L004949,nba_401810939
L004950,nba_401810939
L004951,nba_401810939
L004952,nba_401811032
L004953,nba_401811032
L004954,nba_401811032
L004955,nba_401811032
L004956,nba_401809234
L004957,nba_401809234
L004958,nba_401809234
L004959,nba_401809234
L004960,nba_401810864
L004961,nba_401810864
L004962,nba_401810864
L004963,nba_401810864
L004964,nba_401809798
L004965,nba_401809798
L004966,nba_401809798
L004967,nba_401809798
L004968,nba_401871162
L004969,nba_401871162
L004970,nba_401871162
L004971,nba_401871162
L004972,nfl_401772635
L004973,nfl_401772635
L004974,nfl_401772635
L004975,nfl_401772635
L004976,nfl_401772820
L004977,nfl_401772820
L004978,nfl_401772820
L004979,nfl_401772820
L004980,nba_401810896
L004981,nba_401810896
L004982,nba_401810896
L004983,nba_401810896
L004984,nba_401810627
L004985,nba_401810627
L004986,nba_401810627
L004987,nba_401810627
L004988,nba_401810876
L004989,nba_401810876
L004990,nba_401810876
L004991,nba_401810876
L004992,nba_401810652
L004993,nba_401810652
L004994,nba_401810652
L004995,nba_401810652
L004996,nfl_401772856
L004997,nfl_401772856
L004998,nfl_401772856
L004999,nfl_401772856
L005000,nba_401810294
L005001,nba_401810294
L005002,nba_401810294
L005003,nba_401810294
L005004,nba_401810093
L005005,nba_401810093
L005006,nba_401810093
L005007,nba_401810093
L005008,nba_401810441
L005009,nba_401810441
L005010,nba_401810441
L005011,nba_401810441
L005012,nba_401812487
L005013,nba_401812487
L005014,nba_401812487
L005015,nba_401812487
L005016,nba_401809945
L005017,nba_401809945
L005018,nba_401809945
L005019,nba_401809945
L005020,nba_401810324
L005021,nba_401810324
L005022,nba_401810324
L005023,nba_401810324
L005024,nfl_401772621
L005025,nfl_401772621
L005026,nfl_401772621
L005027,nfl_401772621
L005028,nfl_401772949
L005029,nfl_401772949
L005030,nfl_401772949
L005031,nfl_401772949
L005032,nba_401809960
L005033,nba_401809960
L005034,nba_401809960
L005035,nba_401809960
L005036,nfl_401772867
L005037,nfl_401772867
L005038,nfl_401772867
L005039,nfl_401772867
L005040,nfl_401772854
L005041,nfl_401772854
L005042,nfl_401772854
L005043,nfl_401772854
L005044,nba_401810784
L005045,nba_401810784
L005046,nba_401810784
L005047,nba_401810784
L005048,nba_401810298
L005049,nba_401810298
L005050,nba_401810298
L005051,nba_401810298
L005052,nba_401810210
L005053,nba_401810210
L005054,nba_401810210
L005055,nba_401810210
L005056,nba_401810460
L005057,nba_401810460
L005058,nba_401810460
L005059,nba_401810460
L005060,nba_401809836
L005061,nba_401809836
L005062,nba_401809836
L005063,nba_401809836
L005064,nba_401810984
L005065,nba_401810984
L005066,nba_401810984
L005067,nba_401810984
L005068,nba_401810335
L005069,nba_401810335
L005070,nba_401810335
L005071,nba_401810335
L005072,nba_401810315
L005073,nba_401810315
L005074,nba_401810315
L005075,nba_401810315
L005076,nfl_401772803
L005077,nfl_401772803
L005078,nfl_401772803
L005079,nfl_401772803
L005080,nfl_401772868
L005081,nfl_401772868
L005082,nfl_401772868
L005083,nfl_401772868
L005084,nba_401810054
L005085,nba_401810054
L005086,nba_401810054
L005087,nba_401810054
L005088,nba_401810071
L005089,nba_401810071
L005090,nba_401810071
L005091,nba_401810071
L005092,nfl_401772909
L005093,nfl_401772909
L005094,nfl_401772909
L005095,nfl_401772909
L005096,nba_401810101
L005097,nba_401810101
L005098,nba_401810101
L005099,nba_401810101
L005100,nba_401810047
L005101,nba_401810047
L005102,nba_401810047
L005103,nba_401810047
L005104,nba_401810371
L005105,nba_401810371
L005106,nba_401810371
L005107,nba_401810371
L005108,nba_401810882
L005109,nba_401810882
L005110,nba_401810882
L005111,nba_401810882
L005112,nba_401812684
L005113,nba_401812684
L005114,nba_401812684
L005115,nba_401812684
L005116,nfl_401772865
L005117,nfl_401772865
L005118,nfl_401772865
L005119,nfl_401772865
L005120,nba_401810998
L005121,nba_401810998
L005122,nba_401810998
L005123,nba_401810998
L005124,nba_401810377
L005125,nba_401810377
L005126,nba_401810377
L005127,nba_401810377
L005128,nba_401810860
L005129,nba_401810860
L005130,nba_401810860
L005131,nba_401810860
L005132,nfl_401772794
L005133,nfl_401772794
L005134,nfl_401772794
L005135,nfl_401772794
L005136,nfl_401772753
L005137,nfl_401772753
L005138,nfl_401772753
L005139,nfl_401772753
L005140,nba_401810341
L005141,nba_401810341
L005142,nba_401810341
L005143,nba_401810341
L005144,nba_401810509
L005145,nba_401810509
L005146,nba_401810509
L005147,nba_401810509
L005148,nba_401810263
L005149,nba_401810263
L005150,nba_401810263
L005151,nba_401810263
L005152,nba_401869397
L005153,nba_401869397
L005154,nba_401869397
L005155,nba_401869397
L005156,nba_401810468
L005157,nba_401810468
L005158,nba_401810468
L005159,nba_401810468
L005160,nba_401810097
L005161,nba_401810097
L005162,nba_401810097
L005163,nba_401810097
L005164,nba_401811053
L005165,nba_401811053
L005166,nba_401811053
L005167,nba_401811053
L005168,nba_401810785
L005169,nba_401810785
L005170,nba_401810785
L005171,nba_401810785
L005172,nba_401836750
L005173,nba_401836750
L005174,nba_401836750
L005175,nba_401836750
L005176,nba_401810848
L005177,nba_401810848
L005178,nba_401810848
L005179,nba_401810848
L005180,nba_401809509
L005181,nba_401809509
L005182,nba_401809509
L005183,nba_401809509
L005184,nba_401810039
L005185,nba_401810039
L005186,nba_401810039
L005187,nba_401810039
L005188,nba_401810900
L005189,nba_401810900
L005190,nba_401810900
L005191,nba_401810900
L005192,nba_401811018
L005193,nba_401811018
L005194,nba_401811018
L005195,nba_401811018
L005196,nba_401810686
L005197,nba_401810686
L005198,nba_401810686
L005199,nba_401810686
L005200,nba_401812687
L005201,nba_401812687
L005202,nba_401812687
L005203,nba_401812687
L005204,nba_401809507
L005205,nba_401809507
L005206,nba_401809507
L005207,nba_401809507
L005208,nfl_401772864
L005209,nfl_401772864
L005210,nfl_401772864
L005211,nfl_401772864
L005212,nba_401810684
L005213,nba_401810684
L005214,nba_401810684
L005215,nba_401810684
L005216,nba_401810372
L005217,nba_401810372
L005218,nba_401810372
L005219,nba_401810372
L005220,nba_401810094
L005221,nba_401810094
L005222,nba_401810094
L005223,nba_401810094
L005224,nfl_401772630
L005225,nfl_401772630
L005226,nfl_401772630
L005227,nfl_401772630
L005228,nba_401869393
L005229,nba_401869393
L005230,nba_401869393
L005231,nba_401869393
L005232,nba_401810251
L005233,nba_401810251
L005234,nba_401810251
L005235,nba_401810251
L005236,nba_401810401
L005237,nba_401810401
L005238,nba_401810401
L005239,nba_401810401
L005240,nba_401810212
L005241,nba_401810212
L005242,nba_401810212
L005243,nba_401810212
L005244,nba_401810292
L005245,nba_401810292
L005246,nba_401810292
L005247,nba_401810292
L005248,nba_401810405
L005249,nba_401810405
L005250,nba_401810405
L005251,nba_401810405
L005252,nba_401810817
L005253,nba_401810817
L005254,nba_401810817
L005255,nba_401810817
L005256,nba_401810904
L005257,nba_401810904
L005258,nba_401810904
L005259,nba_401810904
L005260,nfl_401772818
L005261,nfl_401772818
L005262,nfl_401772818
L005263,nfl_401772818
L005264,nba_401810610
L005265,nba_401810610
L005266,nba_401810610
L005267,nba_401810610
L005268,nba_401810013
L005269,nba_401810013
L005270,nba_401810013
L005271,nba_401810013
L005272,nba_401811014
L005273,nba_401811014
L005274,nba_401811014
L005275,nba_401811014
L005276,nba_401809940
L005277,nba_401809940
L005278,nba_401809940
L005279,nba_401809940
L005280,nba_401810858
L005281,nba_401810858
L005282,nba_401810858
L005283,nba_401810858
L005284,nba_401810935
L005285,nba_401810935
L005286,nba_401810935
L005287,nba_401810935
L005288,nba_401810267
L005289,nba_401810267
L005290,nba_401810267
L005291,nba_401810267
L005292,nba_401810913
L005293,nba_401810913
L005294,nba_401810913
L005295,nba_401810913
L005296,nba_401810080
L005297,nba_401810080
L005298,nba_401810080
L005299,nba_401810080
L005300,nba_401810578
L005301,nba_401810578
L005302,nba_401810578
L005303,nba_401810578
L005304,nba_401810244
L005305,nba_401810244
L005306,nba_401810244
L005307,nba_401810244
L005308,nba_401809993
L005309,nba_401809993
L005310,nba_401809993
L005311,nba_401809993
L005312,nba_401810963
L005313,nba_401810963
L005314,nba_401810963
L005315,nba_401810963
L005316,nba_401809994
L005317,nba_401809994
L005318,nba_401809994
L005319,nba_401809994
L005320,nba_401810174
L005321,nba_401810174
L005322,nba_401810174
L005323,nba_401810174
L005324,nba_401810010
L005325,nba_401810010
L005326,nba_401810010
L005327,nba_401810010
L005328,nba_401810788
L005329,nba_401810788
L005330,nba_401810788
L005331,nba_401810788
L005332,nba_401809971
L005333,nba_401809971
L005334,nba_401809971
L005335,nba_401809971
L005336,nba_401810139
L005337,nba_401810139
L005338,nba_401810139
L005339,nba_401810139
L005340,nba_401810834
L005341,nba_401810834
L005342,nba_401810834
L005343,nba_401810834
L005344,nba_401810777
L005345,nba_401810777
L005346,nba_401810777
L005347,nba_401810777
L005348,nba_401810724
L005349,nba_401810724
L005350,nba_401810724
L005351,nba_401810724
L005352,
L005353,
L005354,
L005355,
L005356,
L005357,
L005358,
L005359,
L005360,
L005361,
L005362,
L005363,
L005364,
L005365,
L005366,
L005367,
L005368,
L005369,
L005370,
L005371,
L005372,
L005373,
L005374,
L005375,
L005376,
L005377,
L005378,
L005379,
L005380,
L005381,
L005382,
L005383,
L005384,
L005385,
L005386,
L005387,
L005388,
L005389,
L005390,
L005391,
L005392,
L005393,
L005394,
L005395,
L005396,
L005397,
L005398,
L005399,
L005400,
L005401,
L005402,
L005403,
L005404,
L005405,
L005406,
L005407,
L005408,
L005409,
L005410,
L005411,
L005412,
L005413,
L005414,
L005415,
L005416,
L005417,
L005418,
L005419,
L005420,
L005421,
L005422,
L005423,
L005424,
L005425,
L005426,
L005427,
L005428,
L005429,
L005430,
L005431,
L005432,
L005433,
L005434,
L005435,
L005436,
L005437,
L005438,
L005439,
L005440,
L005441,
L005442,
L005443,
L005444,
L005445,
L005446,
L005447,
L005448,
L005449,
L005450,
L005451,
L005452,
L005453,
L005454,
L005455,
L005456,
L005457,
L005458,
L005459,
L005460,
L005461,
L005462,
L005463,
L005464,
L005465,
L005466,
L005467,
L005468,
L005469,
L005470,
L005471,
L005472,
L005473,
L005474,
L005475,
L005476,
L005477,
L005478,
L005479,
L005480,
L005481,
L005482,
L005483,
L005484,
L005485,
L005486,
L005487,
L005488,
L005489,
L005490,
L005491,
L005492,
L005493,
L005494,
L005495,
L005496,
L005497,
L005498,
L005499,
L005500,
L005501,
L005502,
L005503,
L005504,
L005505,
L005506,
L005507,
L005508,
L005509,
L005510,
L005511,
L005512,
L005513,
L005514,
L005515,
L005516,
L005517,
L005518,
L005519,
L005520,
L005521,
L005522,
L005523,
L005524,
L005525,
L005526,
L005527,
L005528,
L005529,
L005530,
L005531,
L005532,
L005533,
L005534,
L005535,
L005536,
L005537,
L005538,
L005539,
L005540,
L005541,
L005542,
L005543,
L005544,
L005545,
L005546,
L005547,
L005548,
L005549,
L005550,
L005551,
L005552,
L005553,
L005554,
L005555,
L005556,
L005557,
L005558,
L005559,
L005560,
L005561,
L005562,
L005563,
L005564,
L005565,
L005566,
L005567,
L005568,
L005569,
L005570,
L005571,
L005572,
L005573,
L005574,
L005575,
L005576,
L005577,
L005578,
L005579,
L005580,
L005581,
L005582,
L005583,
L005584,
L005585,
L005586,
L005587,
L005588,
L005589,
L005590,
L005591,
L005592,
L005593,
L005594,
L005595,
L005596,
L005597,
L005598,
L005599,
L005600,
L005601,
L005602,
L005603,
L005604,
L005605,
L005606,
L005607,
L005608,
L005609,
L005610,
L005611,
L005612,
L005613,
L005614,
L005615,
L005616,
L005617,
L005618,
L005619,
L005620,
L005621,
L005622,
L005623,
L005624,
L005625,
L005626,
L005627,
L005628,
L005629,
L005630,
L005631,
L005632,
L005633,
L005634,
L005635,
L005636,
L005637,
L005638,
L005639,
L005640,
L005641,
L005642,
L005643,
L005644,
L005645,
L005646,
L005647,
L005648,
L005649,
L005650,
L005651,
L005652,
L005653,
L005654,
L005655,
L005656,
L005657,
L005658,
L005659,
L005660,
L005661,
L005662,
L005663,
L005664,
L005665,
L005666,
L005667,
L005668,
L005669,
L005670,
L005671,
L005672,
L005673,
L005674,
L005675,
L005676,
L005677,
L005678,
L005679,
L005680,
L005681,
L005682,
L005683,
L005684,
L005685,
L005686,
L005687,
L005688,
L005689,
L005690,
L005691,
L005692,
L005693,
L005694,
L005695,
L005696,
L005697,
L005698,
L005699,
L005700,
L005701,
L005702,
L005703,
L005704,
L005705,
L005706,
L005707,
L005708,
L005709,
L005710,
L005711,
L005712,
L005713,
L005714,
L005715,
L005716,
L005717,
L005718,
L005719,
L005720,
L005721,
L005722,
L005723,
L005724,
L005725,
L005726,
L005727,
L005728,
L005729,
L005730,
L005731,
L005732,
L005733,
L005734,
L005735,
L005736,
L005737,
L005738,
L005739,
L005740,
L005741,
L005742,
L005743,
L005744,
L005745,
L005746,
L005747,
L005748,
L005749,
L005750,
L005751,
L005752,
L005753,
L005754,
L005755,
L005756,
L005757,
L005758,
L005759,
L005760,
L005761,
L005762,
L005763,
L005764,
L005765,
L005766,
L005767,
L005768,
L005769,
L005770,
L005771,
L005772,
L005773,
L005774,
L005775,
L005776,
L005777,
L005778,
L005779,
L005780,
L005781,
L005782,
L005783,
L005784,
L005785,
L005786,
L005787,
L005788,
L005789,
L005790,
L005791,
L005792,
L005793,
L005794,
L005795,
L005796,
L005797,
L005798,
L005799,
L005800,
L005801,
L005802,
L005803,
L005804,
L005805,
L005806,
L005807,
L005808,
L005809,
L005810,
L005811,
L005812,
L005813,
L005814,
L005815,
L005816,
L005817,
L005818,
L005819,
L005820,
L005821,
L005822,
L005823,
L005824,
L005825,
L005826,
L005827,
L005828,
L005829,
L005830,
L005831,
L005832,
L005833,
L005834,
L005835,
L005836,
L005837,
L005838,
L005839,
L005840,
L005841,
L005842,
L005843,
L005844,
L005845,
L005846,
L005847,
L005848,
L005849,
L005850,
L005851,
L005852,
L005853,
L005854,
L005855,
L005856,
L005857,
L005858,
L005859,
L005860,
L005861,
L005862,
L005863,
L005864,
L005865,
L005866,
L005867,
L005868,
L005869,
L005870,
L005871,
L005872,
L005873,
L005874,
L005875,
L005876,
L005877,
L005878,
L005879,
L005880,
L005881,
L005882,
L005883,
L005884,
L005885,
L005886,
L005887,
L005888,
L005889,
L005890,
L005891,
L005892,
L005893,
L005894,
L005895,
L005896,
L005897,
L005898,
L005899,
L005900,
L005901,
L005902,
L005903,
L005904,
L005905,
L005906,
L005907,
L005908,
L005909,
L005910,
L005911,
L005912,
L005913,
L005914,
L005915,
L005916,
L005917,
L005918,
L005919,
L005920,
L005921,
L005922,
L005923,
L005924,
L005925,
L005926,
L005927,
L005928,
L005929,
L005930,
L005931,
L005932,
L005933,
L005934,
L005935,
L005936,
L005937,
L005938,
L005939,
L005940,
L005941,
L005942,
L005943,
L005944,
L005945,
L005946,
L005947,
L005948,
L005949,
L005950,
L005951,
L005952,
L005953,
L005954,
L005955,
L005956,
L005957,
L005958,
L005959,
L005960,
L005961,
L005962,
L005963,
L005964,
L005965,
L005966,
L005967,
L005968,
L005969,
L005970,
L005971,
L005972,
L005973,
L005974,
L005975,
L005976,
L005977,
L005978,
L005979,
L005980,
L005981,
L005982,
L005983,
L005984,
L005985,
L005986,
L005987,
L005988,
L005989,
L005990,
L005991,
L005992,
L005993,
L005994,
L005995,
L005996,
L005997,
L005998,
L005999,
L006000,
L006001,
L006002,
L006003,
L006004,
L006005,
L006006,
L006007,
L006008,
L006009,
L006010,
L006011,
L006012,
L006013,
L006014,
L006015,
L006016,
L006017,
L006018,
L006019,
L006020,
L006021,
L006022,
L006023,
L006024,
L006025,
L006026,
L006027,
L006028,
L006029,
L006030,
L006031,
L006032,
L006033,
L006034,
L006035,
L006036,
L006037,
L006038,
L006039,
L006040,
L006041,
L006042,
L006043,
L006044,
L006045,
L006046,
L006047,
L006048,
L006049,
L006050,
L006051,
L006052,
L006053,
L006054,
L006055,
L006056,
L006057,
L006058,
L006059,
L006060,
L006061,
L006062,
L006063,
L006064,
L006065,
L006066,
L006067,
L006068,
L006069,
L006070,
L006071,
L006072,
L006073,
L006074,
L006075,
L006076,
L006077,
L006078,
L006079,
L006080,
L006081,
L006082,
L006083,
L006084,
L006085,
L006086,
L006087,
L006088,
L006089,
L006090,
L006091,
L006092,
L006093,
L006094,
L006095,
L006096,
L006097,
L006098,
L006099,
L006100,
L006101,
L006102,
L006103,
L006104,
L006105,
L006106,
L006107,
L006108,
L006109,
L006110,
L006111,
L006112,
L006113,
L006114,
L006115,
L006116,
L006117,
L006118,
L006119,
L006120,
L006121,
L006122,
L006123,
L006124,
L006125,
L006126,
L006127,
L006128,
L006129,
L006130,
L006131,
L006132,
L006133,
L006134,
L006135,
L006136,
L006137,
L006138,
L006139,
L006140,
L006141,
L006142,
L006143,
L006144,
L006145,
L006146,
L006147,
L006148,
L006149,
L006150,
L006151,
L006152,
L006153,
L006154,
L006155,
L006156,
L006157,
L006158,
L006159,
L006160,
L006161,
L006162,
L006163,
L006164,
L006165,
L006166,
L006167,
L006168,
L006169,
L006170,
L006171,
L006172,
L006173,
L006174,
L006175,
L006176,
L006177,
L006178,
L006179,
L006180,
L006181,
L006182,
L006183,
L006184,
L006185,
L006186,
L006187,
L006188,
L006189,
L006190,
L006191,
L006192,
L006193,
L006194,
L006195,
L006196,
L006197,
L006198,
L006199,
L006200,
L006201,
L006202,
L006203,
L006204,
L006205,
L006206,
L006207,
L006208,
L006209,
L006210,
L006211,
L006212,
L006213,
L006214,
L006215,
L006216,
L006217,
L006218,
L006219,
L006220,
L006221,
L006222,
L006223,
L006224,
L006225,
L006226,
L006227,
L006228,
L006229,
L006230,
L006231,
L006232,
L006233,
L006234,
L006235,
L006236,
L006237,
L006238,
L006239,
L006240,
L006241,
L006242,
L006243,
L006244,
L006245,
L006246,
L006247,
L006248,
L006249,
L006250,
L006251,
L006252,
L006253,
L006254,
L006255,
L006256,
L006257,
L006258,
L006259,
L006260,
L006261,
L006262,
L006263,
L006264,
L006265,
L006266,
L006267,
L006268,
L006269,
L006270,
L006271,
L006272,
L006273,
L006274,
L006275,
L006276,
L006277,
L006278,
L006279,
L006280,
L006281,
L006282,
L006283,
L006284,
L006285,
L006286,
L006287,
L006288,
L006289,
L006290,
L006291,
L006292,
L006293,
L006294,
L006295,
L006296,
L006297,
L006298,
L006299,
L006300,
L006301,
L006302,
L006303,
L006304,
L006305,
L006306,
L006307,
L006308,
L006309,
L006310,
L006311,
L006312,
L006313,
L006314,
L006315,
L006316,
L006317,
L006318,
L006319,
L006320,
L006321,
L006322,
L006323,
L006324,
L006325,
L006326,
L006327,
L006328,
L006329,
L006330,
L006331,
L006332,
L006333,
L006334,
L006335,
L006336,
L006337,
L006338,
L006339,
L006340,
L006341,
L006342,
L006343,
L006344,
L006345,
L006346,
L006347,
L006348,
L006349,
L006350,
L006351,
L006352,
L006353,
L006354,
L006355,
L006356,
L006357,
L006358,
L006359,
L006360,
L006361,
L006362,
L006363,
L006364,
L006365,
L006366,
L006367,
L006368,
L006369,
L006370,
L006371,
L006372,
L006373,
L006374,
L006375,
L006376,
L006377,
L006378,
L006379,
L006380,
L006381,
L006382,
L006383,
L006384,
L006385,
L006386,
L006387,
L006388,
L006389,
L006390,
L006391,
L006392,
L006393,
L006394,
L006395,
L006396,
L006397,
L006398,
L006399,
L006400,
L006401,
L006402,
L006403,
L006404,
L006405,
L006406,
L006407,
L006408,
L006409,
L006410,
L006411,
L006412,
L006413,
L006414,
L006415,
L006416,
L006417,
L006418,
L006419,
L006420,
L006421,
