listing_id,raw_title,raw_date,raw_venue,source,wrong_day_noise
L000000,Cleveland Cavaliers @ Phoenix Suns,1/31/2026,Mortgage Matchup Center,scraped_feed_c,False
L000001,PHX vs CLE,1/31/26,Mortgage Matchup Center,partner_feed_a,False
L000002,Cleveland Cavaliers vs Phoenix Suns,1/31/26,Mortgage Matchup Center,partner_feed_a,False
L000003,CLE vs PHX,1/31/26,,partner_feed_a,False
L000004,Washington Wizards vs Golden State Warriors,"March 28, 2026",,partner_feed_a,False
L000005,WAS vs GSW,2026-03-28,Chase Center Arena,partner_feed_a,False
L000006,was at gsw,3/28/2026,Chase Center,partner_feed_a,False
L000007,Washington Wizards at Golden State Warriors,"March 28, 2026",Chase Center,official_feed,False
L000008,LAL at GSW,"October 6, 2025",Chase Center,scraped_feed_b,False
L000009,LOS ANGELES LAKERS VS GOLDEN STATE WARRIORS,10/6/25,Chase Center Arena,partner_feed_a,False
L000010,LAL vs GSW,October 6,,scraped_feed_c,False
L000011,LAL a GSW,,Chase Center,scraped_feed_b,True
L000012,DAL vs BKN,2026-01-13,AAC,partner_feed_a,False
L000013,Dalla&nbsp;Mavericks vs Brooklyn Nets,2026-01-13,American Airlines Center,scraped_feed_b,False
L000014,Brooklyn Nets vs Dallas Mavericks,2026-01-13,AAC,scraped_feed_c,False
L000015,D vs BKN,1/13/26,AAC,scraped_feed_c,False
L000016,  SA  Cat CLE ,January 24,Rocket Arena,scraped_feed_c,False
L000017,  sacramento  kings vs cleveland cavaliers ,January 24,,scraped_feed_c,False
L000018,CLE vs SAC,"January 24, 2026",Quicken Loans Arena,partner_feed_a,False
L000019,Cleveland Cavaliers vs Sacramento Kings,"January 24, 2026",Rocket Arena,official_feed,False
L000020,memphis grizzlies at indiana pacers,2026-03-01,GF,scraped_feed_b,False
L000021,Memphis Grizzlies at Indiana Pacers,March 1,Gainbridge Fieldhouse,official_feed,False
L000022,MEM @ IND,3/1/2026,Gainbridge Fieldhouse,scraped_feed_c,False
L000023,Memphis Grizzlies vs Indiana Pacers,"March 1, 2026",Gainbridge Fieldhouse,official_feed,False
L000024,SF vs JAX,2025-09-28,Levi's Stadium,scraped_feed_b,False
L000025,Jacksonville Jaguars vs Sa nFrancisco 49ers,2025-09-28,Levi's Stadium,scraped_feed_c,False
L000026,San Francisco 49ers vs Jacksonville Jaguars,9/28/2025,Levi's Stadium,official_feed,False
L000027,SF vs JAX,9/28/25,Levi's Stadium,partner_feed_a,False
L000028,MINNESOTA VIKINGS VS NEW YORK GIANTS,"December 21, 2025",MetLife Stadium,scraped_feed_c,False
L000029,NYGV S MIN,2025-12-21,MS,scraped_feed_b,False
L000030,Minnesota Vikings vs New York Giants,12/21/25,MetLife,scraped_feed_b,False
L000031,MINNESOTA VIKINGS VS NEW YORK GIANTS,12/21/25,,scraped_feed_b,False
L000032,Miami Heat vs Chicago Bulls,"January 9, 2026",United Center,official_feed,False
L000033,MIA vs CHI,1/9/26,United Center Chicago,partner_feed_a,False
L000034,miami heat at chicago bulls,"January 9, 2026",United Center,partner_feed_a,False
L000035,MIAMI HEAT VS CHICAGO BULLS,1/9/2026,United Center,partner_feed_a,False
L000036,Orlando Magic vs San Antonio Spurs,2/2/2026,Frost Bank Center,partner_feed_a,False
L000037,  ORL  @ aAS ,"February 2, 2026",Frost Bank Center,scraped_feed_b,False
L000038,SAS vs ORL,2/2/2026,FBC,scraped_feed_c,False
L000039,SAS vs ORL,2026-02-02,Frost Bank Center,scraped_feed_c,False
L000040,Sacramento Kings vs Atlanta Hawks,2026-03-28,State Farm Arena,official_feed,False
L000041,Atlanta Hawks vs Sacramento Kings,3/28/2026,Philips Arena,partner_feed_a,False
L000042,SAC at ATL,3/28/2026,Philips Arena,scraped_feed_b,False
L000043,atlanta hawks vs sacramento kings,March 28,State Farm Arena,partner_feed_a,False
L000044,Carolina Panthers at New Orleans Saints,12/14/25,Caesars Superdome,official_feed,False
L000045,Carolina Panthers vs New Orleans Saints,2025-12-14,Caesars Superdome,official_feed,False
L000046,New Orleans Saints vs Carolina Panthers,2025-12-14,Caesars Superdome,official_feed,False
L000047,  new  orleans saints vs carolina panthers ,2025-12-14,,scraped_feed_c,False
L000048,Denver Nuggets vs Philadelphia 76ers,3/18/2026,Ball Arena,scraped_feed_b,False
L000049,PIH @ DEN,March 18,Ball Arena Denver,scraped_feed_c,False
L000050,Denver Nuggets vs Philadelphia 76ers,3/18/2026,Ball Arena,official_feed,False
L000051,Philadwlphia 76ers at Denver Nuggets,3/18/26,Ball Arena,scraped_feed_b,False
L000052,Charlotte Hornets at Chicago Bulls,"February 25, 2026",United Center,official_feed,False
L000053,  Charlotte  Hornets at Chicago Bulls ,2/25/2026,UC,scraped_feed_b,False
L000054,Chicago Bulls vs Charlotte Hornets,2/25/2026,,scraped_feed_c,False
L000055,charlotte hornets v. chicago bulls,"February 25, 2026",UCC,scraped_feed_b,False
L000056,Minnesota Timberwolves vs Golden State Warriors,1/25/26,,partner_feed_a,False
L000057,Golde State Warriors @ Minnesota Tmberwolves,2026-01-25,TCM,scraped_feed_c,False
L000058,Golden State Warriors vs Minnesota Timberwolves,1/25/2026,Target Center,scraped_feed_b,False
L000059,  MIN  VS GSW ,January 25,,scraped_feed_c,False
L000060,Los Angeles Lakers at Portland Trail Blazers,November 4,Moda Center,official_feed,False
L000061,Los Angeles Lakers at Portland Trail Blazers,11/4/2025,Moda Center,official_feed,False
L000062,LAL vs POR,2025-11-04,Moda Center,partner_feed_a,False
L000063,  LOS  ANGELES LAKERS AT PORTLAND TRAIL BLAZERS ,November 6,Moda Center,scraped_feed_c,True
L000064,SAS vs MIN,5/7/26,Frost Bank Center,partner_feed_a,False
L000065,MIN at SAS,5/7/26,Frost Bank Center,partner_feed_a,False
L000066,  Minnesota  Tinberwolves vs San Antonio Spurs ,5/7/2026,Frost Bank Center,scraped_feed_b,False
L000067,minnesota timberwolves vs san antonio spurs,2026-05-07,,scraped_feed_c,False
L000068,las vegas raiders v. new york giants,2025-12-28,Allegiant Stadium,scraped_feed_b,False
L000069,New York Giants vs Las Vegas Raiders,12/28/25,AS,scraped_feed_b,False
L000070,Las Vegas Raiders vs New York Giants,December 28,,scraped_feed_c,False
L000071,lv v. nyg,12/28/2025,Allegiant Stadium Las Vegas,scraped_feed_c,False
L000072,oklahoma ciyt thunder vs san antonio spurs,2026-05-21,Paycom Center,scraped_feed_b,False
L000073,san antonio spurs vs oklahoma city thunder,May 21,,scraped_feed_c,False
L000074,San Antonio Spurs at Oklahoma City Thunder,5/21/26,Paycom Center,official_feed,False
L000075,  Oklahoma  City Thunder vs San Antonio Spurs ,2026-05-21,,scraped_feed_b,False
L000076,Tampa Bay Buccaneers vs Houston Texans,2025-09-15,Reliant Stadium,official_feed,False
L000077,tb vs hou,"September 15, 2025",Reliant Stadium,partner_feed_a,False
L000078,HOU vs TB,2025-09-15,Reliant Stadium,partner_feed_a,False
L000079,Tampa Bay Buccaneers vs Houston Texans,9/15/2025,Reliant Stadium,official_feed,False
L000080,DAL at CHI,2025-09-21,,scraped_feed_c,False
L000081,AL VSCHI,September 21,Soldier Field,scraped_feed_b,False
L000082,Dallas Cowboys vs Chicago Bears,September 21,Soldier Field,official_feed,False
L000083,Chicago Bears vs Dallas Cowboys,September 21,Soldier Field,official_feed,False
L000084,Oklahoma City Thunder at Toronto Raptors,2/25/2026,Scotiabank Arena,official_feed,False
L000085,  TOR  v. OKC ,2/25/26,Scotiabank Arena Toronto,scraped_feed_b,False
L000086,  Oklahoma  City Thynder vs Toronto Raptors ,2/25/2026,Scotiabank Arena,scraped_feed_c,False
L000087,oklahoma city thunder vs toronto raptors,2/25/2026,Scotiabank Arena Toronto,scraped_feed_b,False
L000088,LsL at KBN,February 4,Barclays Center Brooklyn,scraped_feed_b,False
L000089,LAL vs NBK,February 4,Barclays Center,scraped_feed_c,False
L000090,Los Angeles Lakers vs Brooklyn Nets,2/4/2026,Barclays Center,partner_feed_a,False
L000091,Los Angeles Lakers vs Brooklyn Nets,2026-02-04,Barclays Center Brooklyn,partner_feed_a,False
L000092,Oklahoma City Thunder vs Memphis Grizzlies,12/23/25,Paycom Center,partner_feed_a,False
L000093,Memphis Grizzlies vs Oklahoma City Thunder,12/23/25,Paycom Center,official_feed,False
L000094,mem vs okc,2025-12-23,Paycom Center,scraped_feed_b,False
L000095,memphis grizzlies @ oklahoms city thunder,,Paycom Center,scraped_feed_c,False
L000096,  Miami  Heat v. Detroit Pistons ,November 30,FTX Arena,scraped_feed_c,False
L000097,  Detroit  Pistons vs Miami Heat ,2025-11-30,FTX Arena,scraped_feed_c,False
L000098,detroit pistons vs miami heat,11/30/25,Kaseya Center,partner_feed_a,False
L000099,  Dr  Tat MIA ,November 30,KC,scraped_feed_c,False
L000100,PHX vs LA Clippers,"October 25, 2025",Intuit Dome,scraped_feed_c,False
L000101,Phoenix Suns at LA Clippers,10/25/2025,Intuit Dome,official_feed,False
L000102,LA Clippers vs PHX,"October 25, 2025",Intuit Dome Los Angeles,partner_feed_a,False
L000103,Phoenix Suns vs LA Clippers,2025-10-25,Intuit Dome,official_feed,False
L000104,Atlanta Hawks vs Brooklyn Nets,2025-10-29,Barclays Center Brooklyn,partner_feed_a,False
L000105,ATL vs BKN,"October 29, 2025",Barclays Center Brooklyn,scraped_feed_b,False
L000106,Atlanta Hawks vs Brooklyn Nets,10/29/2025,Barclays Center,official_feed,False
L000107,BKN vs ATL,10/29/25,Barclays Center,partner_feed_a,False
L000108,Toronto Raptors vs Minnesota Timberwolves,"February 5, 2026",Scotiabank Arena,official_feed,False
L000109,Toronto Raptors vs Minnesota Timberwolves,2/5/2026,Scotiabank Arena,official_feed,False
L000110,TOR vs MIm,2/5/26,Scotiabank Arena,scraped_feed_c,False
L000111,Minnesota Timberwolves vs Toronto Raptors,2/5/2026,Scotiabank Arena Toronto,partner_feed_a,False
L000112,&nbsp; BOSTON  CELTICS VS ORLANDO MAGIC ,"November 23, 2025",TD Garden,scraped_feed_b,False
L000113,  Orlando  Magic t Boston Celtics ,2025-11-23,TD Garden,scraped_feed_b,False
L000114,ORLvs BSO,11/21/25,TD Garden Boston,scraped_feed_b,True
L000115,Orlando Magic vs Boston Celtics,11/23/25,TD Garden,official_feed,False
L000116,San Francisco 49ers at New Orleans Saints,9/14/25,Caesars Superdome,official_feed,False
L000117,sf at no,9/14/2025,Caesars Superdome,partner_feed_a,False
L000118,  SF  v. NO ,9/14/2025,Caesars Superdome,scraped_feed_c,False
L000119,San Francisco 49ers vs New Orleans Saints,2025-09-14,Caesars Superdome,official_feed,False
L000120,PHX vs SAC,,Golden 1 Center,scraped_feed_b,False
L000121,PHX v. dAC,"November 27, 2025",Golden 1 Center,scraped_feed_c,False
L000122,PHXvsSAC,11/27/2025,Golden 1 Center,scraped_feed_c,False
L000123,sac v. phx,November 27,,scraped_feed_c,False
L000124,cha vs sac,2026-03-24,Spectrum Center,partner_feed_a,False
L000125,SAC at CHA,3/24/26,Spectrum Center,scraped_feed_b,False
L000126,Sacramento Kings at Carlotte Hornets,2026-03-24,Time Warner Cable Arena,scraped_feed_b,False
L000127,Sacramento Kings at Charlotte Hornets,3/24/2026,SCC,scraped_feed_b,False
L000128,atl vs hou,"October 16, 2025",,partner_feed_a,False
L000129,Atlanta Hawks vs Houston Rockets,10/16/25,State Farm Arena,official_feed,False
L000130,Houston Rockets vs Atlanta Hawks,"October 16, 2025",State Farm Arena,official_feed,False
L000131,HOU vs ATL,,State Farm Arena,partner_feed_a,False
L000132,POR at MIN,February 12,Target Center Minneapolis,scraped_feed_b,False
L000133,POR @ IN,2026-02-12,Target Center,scraped_feed_b,False
L000134,POR at MIN,February 12,Target Center,scraped_feed_c,False
L000135,  POR  at MNI ,February 12,Target Center,scraped_feed_c,False
L000136,San&nbsp;Antonio Spurs @ New York Knicks,2026-06-09,,scraped_feed_c,False
L000137,  SAS  at NYK ,6/9/26,MSGA,scraped_feed_b,False
L000138,san antonio spurs @ newyork knicks,2026-06-09,Madison Square Garden,scraped_feed_b,False
L000139,San Antonio Spurs vs New York Knicks,June 9,Madison Square Garden,official_feed,False
L000140,Portland Traik Blazers at Sacramento Kings,12/21/25,Golden 1 Center,scraped_feed_b,False
L000141,PORTLAND TRAIL BLAZERS AT SACRAMENTO KINGS,December 21,,partner_feed_a,False
L000142,Sacramento Kings vs Portland Trail Blazers,"December 21, 2025",Golden 1 Center,official_feed,False
L000143,PortlandTrail Blazersa t Sacramento Kings,12/21/25,Golden 1 Center,scraped_feed_b,False
L000144,Chicago Bulls vs Charlotte Hornets,1/4/26,United Center,partner_feed_a,False
L000145,CAH vs CHu,"January 4, 2026",,scraped_feed_c,False
L000146,Chicago Bulls vs Charlotte Hornets,1/4/2026,United Center,official_feed,False
L000147,chi vs cha,"January 4, 2026",United Center,partner_feed_a,False
L000148,min v. lal,2025-10-30,Target Center,scraped_feed_b,False
L000149,Los Angeles Lakers vs Minnesota Timberwolves,10/30/25,Target Center,official_feed,False
L000150,Los Angeles Lakers at Minnesota Timberwolves,2025-10-30,Target Center,official_feed,False
L000151,Minnesota Timberwolves vs Los Angeles Lakers,10/30/2025,Target Center,official_feed,False
L000152,milwaukee bucks vs houston rockets,11/9/2025,Fiserv Forum,partner_feed_a,False
L000153,HOU v. MIL,"November 9, 2025",Fiserv Forum,scraped_feed_b,False
L000154,HOU&nbsp;at MIL,November 9,Bradley Center,scraped_feed_b,False
L000155,Houston Rockets vs Milwaukee Bucks,11/9/2025,Fiserv Forum,official_feed,False
L000156,ASC sv DET,2025-12-24,Golden 1 Center Sacramento,scraped_feed_b,False
L000157,SACRAMENTO KINGS VS DETROIT PISTONS,"December 24, 2025",Golden 1 Center,scraped_feed_b,False
L000158,Sacramento Kings vs Detroit Pistons,2025-12-24,Golden 1 Center,scraped_feed_c,False
L000159,det v. sac,,,scraped_feed_b,True
L000160,LA Clippers at Houston Rockets,February 12,Toyota Center (Houston),official_feed,False
L000161,LA Clippers @ HOU,February 12,Toyota Center (Houston),scraped_feed_c,False
L000162,HOU vs LA Clippers,February 12,Toyota Center (Houston),partner_feed_a,False
L000163,HOU VS LA CLIPPERS,"February 12, 2026",Toyota Center (Houston),scraped_feed_b,False
L000164,Los Angeles Lakers vs Denver Nuggets,2026-03-15,crypto.com Arena,official_feed,False
L000165,DEN at LAL,2026-03-15,crypto.com Arena,partner_feed_a,False
L000166,Los Angeles Lakers vs Denver Nuggets,March 15,crypto.com Arena,partner_feed_a,False
L000167,Denver Nuggets at Los Angeles Lakers,March 15,crypto.com Arena,official_feed,False
L000168,Cleveland Cavaliers at Atlanta Hawks,11/29/2025,State Farm Arena,official_feed,False
L000169,cleveland cavaliers vs atlanta hawks,2025-11-29,Philips Arena,partner_feed_a,False
L000170,  ATL  v. CLE ,2025-11-29,State Farm Arena,scraped_feed_b,False
L000171,Atlanta Hawks vs Cleveland Cavaliers,11/29/2025,State Farm Arena,official_feed,False
L000172,no at mia,,Hard Rock Stadium,scraped_feed_b,False
L000173,MIA vs NO,11/30/2025,Sun Life Stadium,partner_feed_a,False
L000174,no at mia,November 30,Hard Rock Stadium,partner_feed_a,False
L000175,MIA vs NO,November 30,Hard Rock Stadium,partner_feed_a,False
L000176,Toronto Raptors vs Sacramento Kings,10/9/25,Golden 1 Center Sacramento,partner_feed_a,False
L000177,TOR vs SAC,"October 9, 2025",Golden 1 Center,partner_feed_a,False
L000178,Scaramento Kings vs Toronto Raptors,October 9,Golden 1 Center Sacramento,scraped_feed_b,False
L000179,SACRAMENTO KINGS VS TORONTO RAPTORS,2025-10-09,Golden 1 Center,scraped_feed_b,False
L000180,Indiana Pacers at San Antonio Spurs,3/22/26,Frost Bank Center,partner_feed_a,False
L000181,Indiana Pacers vs San Antonio Spurs,"March 22, 2026",Frost Bank Center,official_feed,False
L000182,  Indiana  Pacers vs San Antonio Spurs ,2026-03-22,Frost Bank Center,scraped_feed_c,False
L000183,  INDvs  SAS ,,Frost Bank Center,scraped_feed_c,False
L000184,Utah Jazz vs LA Clippers,January 2,Intuit Dome,official_feed,False
L000185,UTA at LA Clippers,1/2/2026,Intuit Dome,partner_feed_a,False
L000186,LA Clippers vs UTA,2026-01-02,,scraped_feed_c,False
L000187,UTAH JAZZ AT LA CLIPPERS,1/2/26,Intuit Dome,partner_feed_a,False
L000188,BROOKLYN NETS VS DENVER NUGGETS,"January 4, 2026",Barclays Center Brooklyn,partner_feed_a,False
L000189,BROOKLYN NETS VS DENVER NUGGETS,"January 4, 2026",,partner_feed_a,False
L000190,Brooklyn Nets vs Denver Nuggets,,Barclays Center,partner_feed_a,False
L000191,BKN VS DEN,1/4/2026,Barclays Center,partner_feed_a,False
L000192,Dallas Maveicks at Milwaukee Bucks,1/27/26,,scraped_feed_b,True
L000193,milwaukee bucks vs dallas mavericks,January 26,Fiserv Forum Milwaukee,partner_feed_a,False
L000194,Dallas Mavericks at Milwaukee Bucks,January 26,Fiserv Forum,official_feed,False
L000195,  Dallas  Mvaericks at Milwaukee Bcuks ,January 26,,scraped_feed_b,False
L000196,AWS AT NYK,October 13,Madison Square Garden,scraped_feed_c,False
L000197,New York Knicks vs Washington Wizards,10/13/2025,Madison Square Garden,official_feed,False
L000198,WAS VS NYK,October 13,Madison Square Garden,scraped_feed_b,False
L000199,Washington Wizardd vs bew York Knicks,October 13,Madison Square Garden,scraped_feed_b,False
L000200,Boston Celtics at Indiana Pacers,"December 27, 2025",Gainbridge Fieldhouse,official_feed,False
L000201,BOS at IND,12/27/2025,Gainbridge Fieldhouse,partner_feed_a,False
L000202,Indiana Pacers vs Boston Celtics,2025-12-27,Gainbridge Fieldhouse,official_feed,False
L000203,Boston Celtics at Indiana Pacers,December 27,Gainbridge Fieldhouse,official_feed,False
L000204,Boston Celtics @ Cleveland Cavaliers,March 8,RA,scraped_feed_b,False
L000205,Boston Celtics at Cleveland Cavaliers,2026-03-08,Rocket Arena,official_feed,False
L000206,Boston Celtics at Cleveland Cavaliers,"March 8, 2026",Rocket Arena,official_feed,False
L000207,Boston Celtics vs Cleveland Cavaliers,3/8/26,Rocket Arena,official_feed,False
L000208,Utah Jazzvs San Antonio Spurs,1/19/26,AC,scraped_feed_b,False
L000209,San&nbsp;Antonio Spurs v. Utah Jazz,,,scraped_feed_b,False
L000210,Utah Jazz vs San Antonio Spurs,"January 19, 2026",Frost Bank Center,partner_feed_a,False
L000211,Utah Jazz at San Antonio Spurs,January 19,Frost Bank Center,official_feed,False
L000212,SAS vs POR,4/22/2026,AT&T Center,scraped_feed_c,False
L000213,POR a SAS,,Frost Bank Center,scraped_feed_b,False
L000214,Portland Trail Blazers at San Antonuo Spurs,April 22,,scraped_feed_c,False
L000215,San Antonio Spurs vs Portland Trail Blazers,"April 22, 2026",Frost Bank Center,scraped_feed_c,False
L000216,Indiana Pacers vs Toronto Raptors,11/16/2025,Gainbridge Fieldhouse,official_feed,False
L000217,Indiana Pacers vs Toronto Raptors,11/16/2025,Gainbridge Fieldhouse,official_feed,False
L000218,toronto raptors @ indiana pacers,11/16/25,Gainbridge Fieldhouse,scraped_feed_b,False
L000219,nIdiana Pacers vs Toronto Raptors,11/16/25,Gainbridge Fieldhouse,scraped_feed_c,False
L000220,Kansas&nbsp;City Chiefs @ New York Giants,,MetLife Stadium,scraped_feed_c,False
L000221,NYG vs KC,September 22,MetLife Stadium,scraped_feed_c,False
L000222,NYG VS KC,9/22/2025,MetLife Stadium,partner_feed_a,False
L000223,New&nbsp;York Giants v. Kansas City Chiefs,2025-09-22,,scraped_feed_b,False
L000224,Indianapolis Colts vs Kansas City Chiefs,November 23,Arrowhead Stadium,official_feed,False
L000225,  IND  vs C ,"November 23, 2025",Arrowhead Stadium,scraped_feed_b,False
L000226,Indianapolis Coltsv s Kansas City Chiwfs,November 23,Arrowhead Stadium,scraped_feed_b,False
L000227,Indianapolis Colts vs Kansas City Chiefs,11/23/2025,Arrowhead Stadium,official_feed,False
L000228,POR vs SAS,4/9/26,Frost Bank Center,partner_feed_a,False
L000229,Portland Trail Blazers at San Antonio Spurs,2026-04-09,Frost Bank Center,official_feed,False
L000230,Portland Trail Blazers at San Antonio Spurs,"April 9, 2026",AT&T Center,partner_feed_a,False
L000231,SAN ANTONIO SPURS VS PORTLAND TRAIL BLAZERS,April 9,AT&T Center,scraped_feed_b,False
L000232,Dallas Cowboys vs Dteroit Lion,2025-12-05,Ford Field,scraped_feed_b,False
L000233,DALLAS COWBOYS VS DETEOIT LIONS,12/5/2025,,scraped_feed_b,False
L000234,Dallas Cowboys vs Detroit Lions,2025-12-05,Ford Field,partner_feed_a,False
L000235,DETROIT LIONS VS DALLAS COWBOYS,2025-12-05,Ford Field,partner_feed_a,False
L000236,Brooklyn Nets v. Denver Nuggets,"January 28, 2026",,scraped_feed_c,True
L000237,DenverN uggets v. Brpoklyn Nets,"January 31, 2026",PC,scraped_feed_c,True
L000238,Brooklyn Nets at Denver Nuggets,2026-01-30,BA,scraped_feed_b,False
L000239,Brooklyn Nets at Denver Nuggets,January 30,Ball Arena,scraped_feed_b,False
L000240,Minnesota Vikings at Chicago Bears,9/9/2025,Soldier Field,official_feed,False
L000241,CHICAGO BEARS VS MINNESOTA VKIINGS,9/9/2025,SF,scraped_feed_c,False
L000242,  chi  vs min ,September 9,,scraped_feed_c,False
L000243,Chicago Bears vs Minnesota Vikings,9/9/2025,Soldier Field,official_feed,False
L000244,Cleveland Cavaliers at Detroit Pistons,2026-02-28,Little Caesars Arena,official_feed,False
L000245,CLE vs DET,2026-02-28,Little Caesars Arena,partner_feed_a,False
L000246,CLE at DET,"February 28, 2026",Little Caesars Arena Detroit,partner_feed_a,False
L000247,Detroit Pistons vs Cleveland Cavaliers,2026-02-28,Little Caesars Arena Detroit,partner_feed_a,False
L000248,MIL at GSW,,Chase Center Arena,partner_feed_a,False
L000249,Golden State Warriors vs Milwaukee Bucks,2026-01-08,Chase Center,official_feed,False
L000250,Milwaukee Bucks vs Golden State Warriors,January 8,Chase Center,official_feed,False
L000251,Milwaukee Bucks v. Golden State Warriors,January 8,Chase Center,scraped_feed_c,False
L000252,Milwaukee Bucks vs Toronto Raptors,11/5/25,Scotiabank Arena,official_feed,False
L000253,Milwaukee Bucks vs Toronto Raptors,11/5/2025,Scotiabank Arena,official_feed,False
L000254,Milwaukee Bucks vs Toronto Raptors,11/5/25,Scotiabank Arena,official_feed,False
L000255,Milwaukee Bucks at Toronto Raptors,11/5/25,Scotiabank Arena Toronto,partner_feed_a,False
L000256,  pit  @ nyj ,9/7/25,,scraped_feed_c,False
L000257,  PIT  vs NYJ ,9/7/2025,MetLife Stadium,scraped_feed_c,False
L000258,yj vs pi,9/7/2025,,scraped_feed_c,False
L000259,NYJ vs PIT,9/7/25,MetLife Stadium,scraped_feed_b,False
L000260,TOR vs SAS,2/26/2026,Scotiabank Arena,partner_feed_a,False
L000261,San Antonoi Sprus vs Toronto Raptors,February 28,Air Canada Centre,scraped_feed_c,True
L000262,San Antonio Spurs vs Toronto Raptors,"February 26, 2026",Scotiabank Arena,official_feed,False
L000263,SAS at TOR,2026-02-26,Air Canada Centre,partner_feed_a,False
L000264,Dallas Mavericks at San Antonio Spurs,"February 7, 2026",Frost Bank Center,official_feed,False
L000265,aSn ntonio Spurs vs Dallas Mavericks,2/9/26,Frost Bank Center,scraped_feed_c,True
L000266,Dallas Mavericks vs San Antonio Spurs,2/9/26,FBC,scraped_feed_b,True
L000267,SAN ANTONIO SPURS VS DALLAS MAVERICKS,"February 7, 2026",Frost Bank Center,partner_feed_a,False
L000268,Washington Wizards vs New York Knicks,3/22/26,Madison Square Garden,partner_feed_a,False
L000269,WAS at NYK,March 22,Madison Square Garden,scraped_feed_b,False
L000270,New York Knicks vs Washington Wizards,"March 22, 2026",Madison Square Garden,official_feed,False
L000271,NYK VS WAS,,Madison Square Garden,scraped_feed_c,False
L000272,San sntonio Spurs at New Orleans Pelicans,December 9,New Orleans Arena,scraped_feed_c,False
L000273,SAS AT NOP,12/9/25,,partner_feed_a,False
L000274,  new  orleabs pelicans vs san antonio spurs ,12/9/25,Smoothie King Center New Orleans,scraped_feed_c,False
L000275,New Orleans Pelicans v. San Antonio Spurs,12/9/25,New Orleans Arena,scraped_feed_b,False
L000276,Cincinnati Bengals vs Green Bay Packers,10/12/25,Lambeau Field,partner_feed_a,False
L000277,Cincinnati Bengals vs Green Bay Packers,"October 12, 2025",Lambeau Field,partner_feed_a,False
L000278,green bay packers vs cincinnati bengals,,Lambeau Field,scraped_feed_b,False
L000279,Green Bay Packers v. Cincinnati Bengals,10/12/25,,scraped_feed_c,False
L000280,NO at TB,December 7,RJS,scraped_feed_c,False
L000281,TB VS NO,12/7/2025,Raymond James Stadium,scraped_feed_c,False
L000282,New Orleas Saints vs Tampa Bay Buccaneers,2025-12-07,Raymond James Stadium,scraped_feed_c,False
L000283,New Orleans Saints at Tampa Bay Buccaneers,"December 7, 2025",Raymond James Stadium,official_feed,False
L000284,Orlando Magic vs Miami Heat,10/5/25,Coliseo de Puerto Rico,official_feed,False
L000285,  Orlando  Magic @ Miami Heat ,October 5,Coliseo de Puerto Rico,scraped_feed_c,False
L000286,IA v sORL,10/5/2025,Coliseo de Puerto Rico,scraped_feed_b,False
L000287,  orlando  magic at miami heat ,10/6/25,Coliseo de Puerto Rico,scraped_feed_b,True
L000288,Los Angeles Lakers vs Phoenix Suns,February 27,Mortgage Matchup Center,partner_feed_a,False
L000289,Los Angeles Lakers at Phoenix Suns,"February 27, 2026",Mortgage Matchup Center,official_feed,False
L000290,Phoenix Suns vs Los Angeles Lakers,2026-02-27,Mortgage Matchup Center,official_feed,False
L000291,  LAL  vs PHX ,2/27/26,Mortgage Matchup Center,scraped_feed_b,False
L000292,  PHI  vs HOU ,2026-01-23,,scraped_feed_b,False
L000293,Houston Rockets at Philadelphia 76ers,2026-01-23,Xfinity Mobile Arena,official_feed,False
L000294,Philadelphia 76ers vs Houston Rockets,1/23/26,Xfinity Mobile Arena,official_feed,False
L000295,Philadelphia 76ers vs Houston Rockets,January 23,Xfinity Mobile Arena,official_feed,False
L000296,BALTIMORE RAVENS VS LOS ANGELES RAMS,10/12/25,M&T Bank Stadium,partner_feed_a,False
L000297,los angeles rams vs baltimore ravens,2025-10-12,M&T Bank Stadium,partner_feed_a,False
L000298,LAR vs BAL,10/12/2025,M&T Bank Stadium,partner_feed_a,False
L000299,los angeles rams at baltimore ravens,"October 12, 2025",M&T Bank Stadium,partner_feed_a,False
L000300,ATL vs LAL,2025-11-09,PA,scraped_feed_b,False
L000301,Atlanta Hawkd vs Los Anfeles Lakers,"November 9, 2025",State Farm Arena,scraped_feed_c,False
L000302,ATL VS LAL,"November 9, 2025",Philips Arena,partner_feed_a,False
L000303,  LOS  ANGELES LAKERD VS ATLANTA HWAKS ,11/9/2025,State Farm Arena Atlanta,scraped_feed_b,False
L000304,WAS vs HOU,"March 3, 2026",Capital One Arena,scraped_feed_b,False
L000305,Washington Wizards vs Houston Rockets,"March 3, 2026",Capital One Arena,official_feed,False
L000306,Houston Rockets at Washington Wizards,"March 3, 2026",Capital One Arena,official_feed,False
L000307,HO at eAS,"March 3, 2026",Capital One Arena,scraped_feed_c,False
L000308,UTA at DET,11/6/25,LCAD,scraped_feed_c,False
L000309,TUA ATDET,2025-11-06,LCA,scraped_feed_b,False
L000310,UTA AT DET,2025-11-06,LCA,scraped_feed_c,False
L000311,DETROI PISTONS VS UTSH JAZZ,11/6/2025,Little Caesars Arena,scraped_feed_b,False
L000312,CLE at SAS,"December 30, 2025",Frost Bank Center,scraped_feed_c,False
L000313,San Antonio Spurs vs Cleveland Cavaliers,12/30/2025,Frost Bank Center,partner_feed_a,False
L000314,Cleveland Cavaliers at San Antonio Spurs,December 30,FBC,scraped_feed_c,False
L000315,CLE at SAS,12/30/25,,scraped_feed_b,False
L000316,Toronto Raptors vs Utah Jazz,2/1/26,Scotiabank Arena,official_feed,False
L000317,utah jazx at toronto raptors,2026-02-01,,scraped_feed_c,False
L000318,Utah Jazz at Toronto Raptors,2/1/2026,Scotiabank Arena Toronto,scraped_feed_c,False
L000319,Toronto Raptors vs Utah Jazz,February 1,Scotiabank Arena,official_feed,False
L000320,Brooklyn Nets at New Orleans Pelicans,,Smoothie King Center New Orleans,scraped_feed_b,False
L000321,Brooklyn Nets at New Orleans Pelicans,January 15,Smoothie King Center,official_feed,False
L000322,Brooklyn Nets at New Orleans Pelicans,1/15/26,Smoothie King Center,partner_feed_a,False
L000323,Brooklyn Nets vs New Orleans Pelicans,2026-01-15,Smoothie King Center,official_feed,False
L000324,Denver Nuggets at Utah Jazz,3/3/26,Delta Center,partner_feed_a,False
L000325,DEN at UTA,"March 3, 2026",Delta Center,partner_feed_a,False
L000326,DEN at UTA,"March 3, 2026",Delta Center,partner_feed_a,False
L000327,UTA vsEDN,3/3/2026,Delta Center,scraped_feed_c,False
L000328,SAS VS YNK,2026-03-01,Madison Square Garden Arena,scraped_feed_c,False
L000329,SAS AT NYK,3/1/26,MSG,scraped_feed_c,False
L000330,New York Knicks vs San Antonio Spurs,March 1,Madison Square Garden,official_feed,False
L000331,new york knicks vs san antonio spurs,3/1/2026,The Garden,partner_feed_a,False
L000332,Detroit Pistons at Houston Rockets,10/25/2025,Toyota Center (Houston),official_feed,False
L000333,Houston Rockets vs Detroit Pistons,October 25,Toyota Center (Houston),official_feed,False
L000334,  DETVS  HOU ,October 25,Toyota Center (Houston),scraped_feed_c,False
L000335,Detroit Pistons at Houston Rockets,10/25/25,Toyota Center (Houston),official_feed,False
L000336,MIL v. NYK,10/29/25,Fiserv Forum,scraped_feed_c,False
L000337,Milwaukee Bucks vs New York Knicks,October 29,Fiserv Forum,official_feed,False
L000338,IL vs NYK,10/29/25,Fiserv Forum Milwaukee,scraped_feed_b,False
L000339,MIL vs NYK,10/29/2025,,partner_feed_a,False
L000340,POR v. MIA,11/9/25,Kaseya Center,scraped_feed_b,False
L000341,ia vs por,,American Airlines Arena,scraped_feed_c,False
L000342,Miami Heat vs Portland Trail Blazers,11/9/25,Kaseya Center,official_feed,False
L000343,portland trail blazers vs miami heat,November 9,Kaseya Center,partner_feed_a,False
L000344,NYK VS PHI,,Madison Square Garden,scraped_feed_c,False
L000345,philadelphia 76ers vs new york knicks,12/20/25,Madison Square Garden,scraped_feed_c,False
L000346,  Philadelphia  76ers at New York Knicks ,12/20/25,M,scraped_feed_b,False
L000347,NYK vs PHI,12/20/25,Madison Square Garden,partner_feed_a,False
L000348,Los Angeles Chargers at Dallas Cowboys,December 21,AT&T Stadium,official_feed,False
L000349,LAC at DAL,December 21,CS,scraped_feed_c,False
L000350,Los Angeles Chargers at Dallas Cowboys,2025-12-21,,partner_feed_a,False
L000351,Dallas Cowboys v. Los Angeles Chargers,December 21,AT&T Stadium,scraped_feed_b,False
L000352,CAH @ MIL,"January 3, 2026",Bradley Center,scraped_feed_b,False
L000353,  CHARLOTTE  HORNETS AT MILWAUKEE BUCKS ,2026-01-03,FF,scraped_feed_b,False
L000354,Charlotte&nbsp;Hornets vs Milwaukee Bucks,1/3/26,,scraped_feed_c,False
L000355,MIL vs CHA,1/3/2026,Fiserv Forum,partner_feed_a,False
L000356,CHI vs MIN,"December 30, 2025",United Center,partner_feed_a,False
L000357,MIN @ CHI,"December 30, 2025",UCC,scraped_feed_c,False
L000358,CHI vs MIN,"December 30, 2025",United Center Chicago,scraped_feed_b,False
L000359,CHI vs MIN,12/31/2025,United Center,scraped_feed_c,True
L000360,Houston Rockets vs Sacramento Kings,12/4/25,Toyota Center (Houston),scraped_feed_c,False
L000361,hu&nbsp;vs sc,12/4/25,Toyota Center (Houston),scraped_feed_c,False
L000362,Houston Rockets vs Sacramento Kings,12/4/25,Toyota Center (Houston),partner_feed_a,False
L000363,Houston Rockets v. Sacramento Kings,"December 6, 2025",Toyota Center (Houston),scraped_feed_b,True
L000364,Atlanta Hawks vs Memphis Grizzlies,2025-10-12,FedExForum,official_feed,False
L000365,ATL VS MEM,10/12/25,FedExForum,partner_feed_a,False
L000366,Memphis Grizzlies vs Atlanta Hawks,10/12/25,FedExForum,official_feed,False
L000367,Memphis Grizzlies vs Atlanta Hawks,"October 12, 2025",,partner_feed_a,False
L000368,NYK a SAC,January 15,Golden 1 Center,scraped_feed_c,False
L000369,SAC vs NYK,1/16/26,Golden 1 Center,scraped_feed_b,True
L000370,New York Knicks vs Sacramento Kings,January 15,Golden 1 Center,official_feed,False
L000371,  New  York Knicks at Sacramento Kings ,1/15/26,Golden 1 Center Sacramento,scraped_feed_c,False
L000372,CLE vs CHA,2026-02-21,Time Warner Cable Arena,scraped_feed_c,False
L000373,Charlotte Hornets vs Cleveland Cavaliers,,Spectrum Center,partner_feed_a,False
L000374,Cleveland Cavaliers at Charlotte Hornets,2026-02-21,Spectrum Center,partner_feed_a,False
L000375,CHA VS CLE,2/21/2026,Spectrum Center,scraped_feed_b,False
L000376,HOU at IND,November 30,Lucas Oil Stadium,partner_feed_a,False
L000377,IND vs HOU,11/30/25,Lucas Oil Stadium,partner_feed_a,False
L000378,IND VS HOU,"November 30, 2025",Lucas Oil Stadium,scraped_feed_c,False
L000379,Houston Texans vs Indianapolis Colts,11/30/2025,Lucas Oil Stadium,scraped_feed_c,False
L000380,mai @ nop,,New Orleans Arena,scraped_feed_c,False
L000381,nop v. mia,February 14,New Orleans Arena,scraped_feed_b,True
L000382,Miami Heat vs New Orleans Pelicans,"February 12, 2026",,partner_feed_a,False
L000383,MIA AT ONP,February 13,,scraped_feed_c,True
L000384,atlanta falcons at new england patriots,November 2,Gillette,partner_feed_a,False
L000385,New England Patriots v. Atlanta Falcons,2025-11-02,,scraped_feed_c,False
L000386,ATL AT NE,11/2/25,Gillette Stadium,partner_feed_a,False
L000387,N s ATL,2025-11-02,Gillette,scraped_feed_b,False
L000388,Golden State Warriors at Phoenix Suns,2026-04-18,Mortgage Matchup Center,official_feed,False
L000389,phx v. gsw,2026-04-18,,scraped_feed_c,False
L000390,GOLDEN STATE WARRIORS AT PHOENIX SUNS,,Mortgage Matchup Center,partner_feed_a,False
L000391,Golden&nbsp;State Warorirs vs Phoenix Suns,April 18,Mortgage Matchup Center,scraped_feed_b,False
L000392,TORONTO RAPTORS VS MIAMI HEAT,December 16,Kaseya Center,partner_feed_a,False
L000393,  TOR  v. MIA ,12/16/25,FTX Arena,scraped_feed_b,False
L000394,Miami Heat vs Toronto Raptors,12/16/2025,Kaseya Center,official_feed,False
L000395,Toronto Raptors @ Miami Heat,2025-12-18,Kaseya Center,scraped_feed_c,True
L000396,Utah Jazz vs Portland Trail Blazers,"October 30, 2025",Delta Center,official_feed,False
L000397,POR at UTA,10/30/25,Delta Center,partner_feed_a,False
L000398,  POR  v. UTA ,October 30,Vivint Arena,scraped_feed_b,False
L000399,POR vs UTA,October 30,,partner_feed_a,False
L000400,Minnesota Timberwolves vs Washington Wizards,11/20/25,Target Center,official_feed,False
L000401,washington wizards vs minnesota timberwolves,2025-11-20,Target Center,partner_feed_a,False
L000402,Washington Wizards vs Minnesota Timberwolves,2025-11-20,Target Center,scraped_feed_b,False
L000403,Washington Wizards vs Minnesota Timberwolves,11/20/2025,Target Center,official_feed,False
L000404,  PHI  va PHX ,,Mortgage Matchup Center,scraped_feed_c,False
L000405,Philadelphia 76ers vs Phoenix Suns,2/8/26,Mortgage Matchup Center,official_feed,False
L000406,PHX vs PHI,2026-02-08,Mortgage Matchup Center,partner_feed_a,False
L000407,Philadelphia 76ers vs Phoenix Suns,February 8,Mortgage Matchup Center,official_feed,False
L000408,Portland Trail Blazers vs Denver Nuggets,"April 7, 2026",Ball Arena,official_feed,False
L000409,Denver Nuggets vs Portland Trail Blazers,2026-04-07,Ball Arena,official_feed,False
L000410,Denver Nuggets vs Portland Trail Blazers,2026-04-07,Ball Arena,official_feed,False
L000411,den vs por,"April 7, 2026",Ball Arena,scraped_feed_c,False
L000412,  CHI  @ ORL ,2025-10-25,,scraped_feed_c,False
L000413,Chicago Bulls vs Orlando Magic,"October 25, 2025",Kia Center,partner_feed_a,False
L000414,Orlando Magic vs Chicago Bulls,10/25/2025,Kia Center,official_feed,False
L000415,Chicago Bulls vs Orlando Magic,10/25/2025,Kia Center,scraped_feed_c,False
L000416,TOR vs PHX,March 13,Scotiabank Arena,partner_feed_a,False
L000417,Phoenix Suns vs Toronto Raptors,3/13/26,Air Canada Centre,partner_feed_a,False
L000418,Phoenux Suns s Toronto Raptors,2026-03-13,Scotiabank Arena,scraped_feed_b,False
L000419,PHX v. TOR,2026-03-14,SA,scraped_feed_b,True
L000420,Denver Nuggets vs New York Knicks,3/7/2026,Ball Arena,official_feed,False
L000421,New York Knicks at Denver Nuggets,March 7,,partner_feed_a,False
L000422,Denver Nuggets vs New York Knicks,3/7/2026,Ball Arena,official_feed,False
L000423,New York Knicks at Denver Nuggets,3/7/2026,Ball Arena,official_feed,False
L000424,Charlotte Hornets at LA Clippers,January 13,Intuit Dome,partner_feed_a,False
L000425,LA Clippers vs Charlotte Hornets,1/13/2026,Intuit Dome,official_feed,False
L000426,LA Clippers vs CHA,1/13/26,Intuit Dome Los Angeles,partner_feed_a,False
L000427,Charlotte Hornets vs LA Clippers,January 13,Intuit Dome,official_feed,False
L000428,UT AVS DA,2025-10-14,EnergySolutions Arena,scraped_feed_b,False
L000429,DAL vs UTA,"October 14, 2025",Delta Center,scraped_feed_b,False
L000430,DAL at UTA,"October 14, 2025",Delta Center,partner_feed_a,False
L000431,Utah Jazz vs Dallas Mavericks,2025-10-14,Delta Center,official_feed,False
L000432,  Detroit  Pistons vs San Antonio Spurs ,"February 24, 2026",Little Caesars Arena,scraped_feed_b,False
L000433,San Antonio Spurs at Detroit Pistons,2026-02-24,Little Caesars Arena,official_feed,False
L000434,San Antonio Spurs at Detroit Pistons,2/24/2026,Little Caesars Arena,official_feed,False
L000435,San Antonio Spurs at Detroit Pistons,2026-02-24,Little Caesars Arena,official_feed,False
L000436,Clevelan dBrwons vs Green Bay Packers,9/22/25,Huntington Bank Field,scraped_feed_b,True
L000437,GREEN BAY PACKERS VS CLEVELAND BROWNS,"September 21, 2025",Cleveland Browns Stadium,scraped_feed_c,False
L000438,CLE vs GB,2025-09-21,Huntington Bank Field,scraped_feed_b,False
L000439,  CLE  vs GB ,9/21/25,,scraped_feed_b,False
L000440,MAat BUF,2025-09-19,,scraped_feed_c,False
L000441,Miami Dolphins at Buffalo Bills,9/19/25,Highmark Stadium (Old),official_feed,False
L000442,Miami Dolphins v. Buffalo Bills,"September 19, 2025",Highmark Stadium (Old),scraped_feed_b,False
L000443,Buffalo Bills vs Miami Dolphins,"September 19, 2025",Highmark Stadium (Old),partner_feed_a,False
L000444,Charlotte Hornets vs Boston Celtics,3/5/2026,TD Garden Boston,partner_feed_a,False
L000445,CHA vs BOS,"March 5, 2026",TD Garden,partner_feed_a,False
L000446,  Charlotte  Hornets vs Boston Celtics ,March 5,TD Garden,scraped_feed_b,False
L000447,CHA vs BOS,3/5/2026,,scraped_feed_c,False
L000448,GSW v. DN,2026-03-30,BA,scraped_feed_c,False
L000449,gsw at den,3/30/2026,Pepsi Center,partner_feed_a,False
L000450,golden state warriors vs denver nuggets,3/30/2026,Ball Arena Denver,partner_feed_a,False
L000451,Golden State Warriors vs Denver Nuggets,"March 30, 2026",Ball Arena,official_feed,False
L000452,Boston Celtics vs Philadelphia 76ers,10/31/25,Xfinity Mobile Arena,official_feed,False
L000453,  phi  vs obs ,2025-10-31,,scraped_feed_b,False
L000454,BOSTON CELTICS AT PHILADELPHIA 76ERS,2025-10-31,Xfinity Mobile Arena,partner_feed_a,False
L000455,Philadelphia 76ers vs Boston Celtics,2025-10-31,Xfinity Mobile Arena,official_feed,False
L000456,PHX vs OKC,2026-04-13,Paycom Center,partner_feed_a,False
L000457,PHX vs OKC,,Chesapeake Energy Arena,partner_feed_a,False
L000458,Phoenix Suns at Oklahoma City Thunder,4/13/2026,Paycom Center,official_feed,False
L000459,Phoenix Suns vs Oklahoma City Thunder,4/13/26,Paycom Center,official_feed,False
L000460,CRA vs MI,10/5/2025,Bank of America Stadium,scraped_feed_b,False
L000461,MIA at CAR,10/5/25,Bank of America Stadium,partner_feed_a,False
L000462,Miami Dolphins vs Carolina Panthers,October 5,Bank of America Stadium,official_feed,False
L000463,Miami Dolphins vs Carolina Panthers,10/5/2025,Bank of America Stadium,partner_feed_a,False
L000464,ATL VS DET,3/25/2026,Little Caesars Arena Detroit,partner_feed_a,False
L000465,Atalnta Hawks vs Detroit Psitons,3/25/26,Little Caesars Arena Detroit,scraped_feed_c,False
L000466,Atlanta Hawks vs Detroit Pistons,3/25/2026,,partner_feed_a,False
L000467,Detroit Pistons vs Atlanta Hawks,2026-03-25,Little Caesars Arena,official_feed,False
L000468,gsw vs bkn,3/26/2026,Chase Center Arena,partner_feed_a,False
L000469,BKN vs GSW,March 26,Chase Center Arena,partner_feed_a,False
L000470,Brooklyn Nets at Golden State Warriors,3/26/26,Chase Center,partner_feed_a,False
L000471,GOLDEN STATE WARRIORS VS BROOKLYN NETS,3/26/26,Chase Center,scraped_feed_c,False
L000472,Indiana Pacers v. Charlotte Hoenets,4/3/26,Spectrum Center,scraped_feed_c,False
L000473,Indiana Pacers at Charlotte Hornets,2026-04-03,Spectrum Center,official_feed,False
L000474,Indiana Pacers at Charlotte Hornets,April 3,Spectrum Center,official_feed,False
L000475,Indiana Pacers at Charlotte Hornets,,Spectrum Center,scraped_feed_c,False
L000476,Baltimore Ravens vs Pittsburgh Steelers,1/5/2026,Acrisure Stadium,official_feed,False
L000477,vAL vs PIT,January 5,AS,scraped_feed_c,False
L000478,Baltimore Ravens vs Pittsburgh Steelers,2026-01-05,Heinz Field,scraped_feed_b,False
L000479,Pittsburgh Steelers vs Baltimore Ravens,"January 5, 2026",,official_feed,False
L000480,  MI  KVS CHA ,December 30,,scraped_feed_c,False
L000481,Milwaukee Bucks @ Charlotte Hornets,"December 30, 2025",,scraped_feed_c,False
L000482,CHARLOTTE HORNETS VS MILWAUKEE BUCKS,December 30,Spectrum Center,scraped_feed_b,False
L000483,Milwaukee Bucks vs Charlotte Hornets,"December 30, 2025",Spectrum Center,scraped_feed_b,False
L000484,San Antonio Spurs vs Sacramento Kings,11/16/25,Frost Bank Center,partner_feed_a,False
L000485,Sacramento Kings vs San Antonio Spurs,2025-11-17,Frost Bank Center,scraped_feed_c,True
L000486,Sacramento Kings at San Antonio Spurs,"November 16, 2025",,scraped_feed_c,False
L000487,San Antonio Spurs vs Sacramento Kings,"November 16, 2025",Frost Bank Center,official_feed,False
L000488,Miami Dolphins vs New England Patriots,,Gillette Stadium,scraped_feed_b,False
L000489,New England Patriots vs Miami Dolphins,1/4/26,Gillette Stadium,official_feed,False
L000490,New England Patriots vs Miami Dolphins,January 4,Gillette Stadium,scraped_feed_b,False
L000491,Miami Dolphins vs New England Patriots,1/4/26,Gillette Stadium,official_feed,False
L000492,Arizona Cardinals vs Cincinnati Bengals,,PS,scraped_feed_c,False
L000493,Arizona Cardinals at Cincinnati Bengals,2025-12-28,Paycor Stadium,partner_feed_a,False
L000494,arizona cardinals at cincinnati bengals,2025-12-28,Paycor Stadium,scraped_feed_b,False
L000495,Cincinnati Bengals vs Arizona Cardinal,December 28,Paycor Stadium,scraped_feed_c,False
L000496,Sactamento Kings v. Memphis Grizzlies,12/1/2025,Golden 1 Center,scraped_feed_b,False
L000497,  SACRAMENTO  KINGS VS MEMPHIS GRIZZLIS ,2025-12-01,Golden 1 Center,scraped_feed_c,False
L000498,SAC vs MEM,2025-12-01,Golden 1 Center,partner_feed_a,False
L000499,Memphis Grizzlies at Sacramento Kings,12/1/2025,,partner_feed_a,False
L000500,JAX vs CAR,9/7/25,EverBank Stadium,partner_feed_a,False
L000501,JAX sv CAt,2025-09-07,EverBank Stadium,scraped_feed_c,False
L000502,Jacksonville Jaguars vs Carolina Panthers,2025-09-07,EverBank Stadium,official_feed,False
L000503,Jacksonville Jaguars vs Carolina Panthers,"September 7, 2025",,partner_feed_a,False
L000504,OKLAHOMA CITY THUNDER AT PHOENIX SUNS,January 5,,scraped_feed_c,False
L000505,Phoenix Suns vs Oklahoma City Thunder,1/5/2026,Mortgage Matchup Center,scraped_feed_c,False
L000506,PHX v. OKC,2026-01-05,MMC,scraped_feed_b,False
L000507,Phoenix Suns vs Oklahoma City Thunder,1/5/26,Mortgage Matchup Center,official_feed,False
L000508,Los Angeles Rams v. aCorlina Panthers,2025-11-30,BAS,scraped_feed_b,False
L000509,Carolina Panthers v. Los Angeles Rams,11/30/2025,BAS,scraped_feed_b,False
L000510,Los Angeles Rams vs Carolina Panthers,11/30/25,Bank of America Stadium,official_feed,False
L000511,LAR vs CAR,November 30,Bank of America Stadium,partner_feed_a,False
L000512,GB AT PIT,2025-10-27,Acrisure Stadium,scraped_feed_c,False
L000513,Pittsburgh Steelers vs Green Bay Packers,"October 27, 2025",Acrisure Stadium,official_feed,False
L000514,Green Bay Packers at Pittsburgh Steelers,2025-10-27,Heinz Field,partner_feed_a,False
L000515,Green Bay Packers vs Pittsburgh Steelers,10/27/25,Acrisure Stadium,official_feed,False
L000516,BO vs ORL,November 9,Kia Center,scraped_feed_b,False
L000517,BOS vs ORL,11/9/25,Amway Center,partner_feed_a,False
L000518,BOS vs ORL,,Kia Center,scraped_feed_c,False
L000519,BOSTON CELTICS AT ORLANDO MAGIC,2025-11-09,Kia Center,scraped_feed_c,False
L000520,TB at LAR,November 24,SoFi Stadium,partner_feed_a,False
L000521,Tampa Bay Buccaneers vs Los Angeles Rams,"November 24, 2025",SoFi Stadium,official_feed,False
L000522,Los Angeles Rams vs Tampa Bay Buccaneers,November 24,SoFi Stadium Los Angeles,scraped_feed_b,False
L000523,Tampa Bay Buccaneers at Los Angeles Rams,11/24/2025,SoFi Stadium,official_feed,False
L000524,Philadelphia 76ers at Boston Celtics,"May 2, 2026",TD Garden,official_feed,False
L000525,BOS vs PHI,5/2/26,,scraped_feed_b,False
L000526,Philadelphia 76ers at Boston Celtics,May 2,TD Garden,official_feed,False
L000527,Philadelphia 76ers at Boston Celtics,2026-05-02,TD Garden,official_feed,False
L000528,LAL ATUTA,11/24/2025,,scraped_feed_b,False
L000529,LAL @ UTA,,,scraped_feed_b,False
L000530,Utah Jazz vs Los Angeles Lakers,"November 24, 2025",Delta Center,official_feed,False
L000531,UTA&nbsp;bs ALL,"November 24, 2025",,scraped_feed_b,False
L000532,sac vs okc,2025-11-20,Paycom Center,scraped_feed_b,False
L000533,OKC VS SAC,11/20/2025,Paycom Center,partner_feed_a,False
L000534,Sacramento Kings vs Oklahoma City Thunder,November 20,Paycom Center,official_feed,False
L000535,SACRAMENTO KINGS VS OKLAHOMA CITY THUNDER,"November 20, 2025",Paycom Center,partner_feed_a,False
L000536,Sacramento Kings vs LA Clippers,April 6,Golden 1 Center Sacramento,partner_feed_a,False
L000537,LA Clippers vs Sacramento Kings,"April 6, 2026",Golden 1 Center,official_feed,False
L000538,ssc vs la cliopers,4/6/26,GC,scraped_feed_b,False
L000539,LA Clippers vs Sacramento Kings,2026-04-06,Golden 1 Center,official_feed,False
L000540,IND at SAS,October 18,Frost Bank Center,partner_feed_a,False
L000541,IND vs SAS,10/18/2025,,partner_feed_a,False
L000542,ind vs sas,October 18,AT&T Center,partner_feed_a,False
L000543,SAS vs IND,10/18/25,Frost Bank Center,partner_feed_a,False
L000544,MIA @ CLE,October 19,Huntington Bank Field,scraped_feed_b,False
L000545,Miami Dolphins vs Cleveland Browns,10/19/2025,Huntington Bank Field,official_feed,False
L000546,Miami Dolphins @ Cleveland Browns,"October 19, 2025",Huntington Bank Field,scraped_feed_c,False
L000547,Miami Dolphins vs Cleveland Browns,"October 19, 2025",Huntington Bank Field,official_feed,False
L000548,new york gianta at new orleans sainrs,,Caesars Superdome,scraped_feed_b,False
L000549,NYG at NO,October 5,,scraped_feed_b,False
L000550,New Orleans Saints vs New York Giants,"October 5, 2025",Caesars Superdome,scraped_feed_b,False
L000551,  NYG  at NO ,"October 5, 2025",,scraped_feed_b,False
L000552,CLE vs DAL,3/13/26,American Airlines Center,partner_feed_a,False
L000553,DAL vs CLE,"March 13, 2026",American Airlines Center,partner_feed_a,False
L000554,CLEVELAND CAVALIERS VS DALLAS MAVERICKS,"March 13, 2026",American Airlines Center,partner_feed_a,False
L000555,Dallas Mavericks vs Cleveland Cavaliers,3/13/2026,American Airlines Center,official_feed,False
L000556,Portland Trail Blazers v. Dallas Mavericks,December 30,Moda Center,scraped_feed_b,False
L000557,por v. dal,2025-12-30,,scraped_feed_c,False
L000558,Portland Trail Blazers vs Dallas Mavericks,"December 30, 2025",Moda Center,official_feed,False
L000559,DAL vs POR,,Moda Center,scraped_feed_b,False
L000560,Charlotte Hornets at Indiana Pacers,2026-02-27,Gainbridge Fieldhouse,official_feed,False
L000561,IND vs CHA,2/27/2026,Gainbridge Fieldhouse,partner_feed_a,False
L000562,Charlotte&nbsp;Hornetsvs Indiana Pacers,2026-02-27,Gainbridge Fieldhouse,scraped_feed_b,False
L000563,IND v. CHA,2/27/2026,Bankers Life Fieldhouse,scraped_feed_c,False
L000564,MIAMI HEAT VS LOS ANGELES LAKERS,March 20,,scraped_feed_b,False
L000565,LAL vs MIA,3/20/2026,,partner_feed_a,False
L000566,MIA vs LAL,3/20/2026,Kaseya Center,partner_feed_a,False
L000567,MAI vs LAL,,,scraped_feed_c,True
L000568,ari vs sf,"November 16, 2025",State Farm Stadium,partner_feed_a,False
L000569,sf ar ari,11/16/2025,University of Phoenix Stadium,scraped_feed_b,False
L000570,SF VS ARI,11/16/2025,SFS,scraped_feed_b,False
L000571,San Francisco 49ers vs Arizona Cardinals,"November 16, 2025",State Farm Stadium,official_feed,False
L000572,LA Clippers @ GSW,2026-03-03,,scraped_feed_c,False
L000573,LA Clippers at Golden State Warriors,3/3/2026,Chase Center,official_feed,False
L000574,Golden State Warriors vs LA Clippers,3/3/26,Chase Center,official_feed,False
L000575,LA Clippers vs Golden State Warriors,"March 3, 2026",Chase Center,official_feed,False
L000576,  Portland  Trail Blaers vs Denver muggets ,2026-02-21,Moda Center Portland,scraped_feed_b,False
L000577,Denver Nuggets at Portland Trail Blazers,2/21/2026,Moda Center,official_feed,False
L000578,Portland Trai lBlazers vs Denver Nuggets,February 21,Moda Center,scraped_feed_c,False
L000579,DEN&nbsp;at POR,"February 21, 2026",Moda Center Portland,scraped_feed_b,False
L000580,Dallas&nbsp;Mavericks vs Los Angeles Lakers,10/16/2025,T-Mobile Arena,scraped_feed_b,False
L000581,Dallas Mavericks at Los Angeles Lakers,October 16,T-Mobile Arena,scraped_feed_b,False
L000582,Dallas Mavericks @ Los Angeles Lakers,"October 16, 2025",T-Mobile Arena,scraped_feed_c,False
L000583,dallas mavericks vs los angeles lakers,10/16/25,T-Mobile Arena,partner_feed_a,False
L000584,LA Clippers at Portland Trail Blazers,12/27/25,Moda Center,partner_feed_a,False
L000585,POR vs LA Clippers,12/27/2025,MC,scraped_feed_c,False
L000586,LA Clippers at Portland Trail Blazers,"December 27, 2025",Moda Center,official_feed,False
L000587,la clippers at por,December 27,,partner_feed_a,False
L000588,MIN ATUTA,2026-01-21,EnergySolutions Arena,scraped_feed_c,False
L000589,Minnesota Timberwolves at Utah Jazz,1/21/26,Delta Center,official_feed,False
L000590,  UTA  vs MIN ,"January 21, 2026",Delta Center,scraped_feed_b,False
L000591,Minnesota Timberwolves vs Utah Jazz,January 21,Delta Center,official_feed,False
L000592,Portland Trail Blazers vs Philadelphia 76ers,3/15/2026,Xfinity Mobile Arena,scraped_feed_b,False
L000593,Portland Trail Blazers vs Philadelphia 76ers,March 15,Xfinity Mobile Arena,scraped_feed_b,False
L000594,  PHI  vs POR ,2026-03-16,Xfinity Mobile Arena,scraped_feed_c,True
L000595,  POR  at PHI ,3/15/2026,Xfinity Mobile Arena,scraped_feed_c,False
L000596,  HOU  vs KC ,2025-12-08,AS,scraped_feed_c,False
L000597,Houston Texans vs Kansas City Chiefs,"December 8, 2025",Arrowhead Stadium,official_feed,False
L000598,Houston Texans vs Kansas City Chiefs,12/8/25,Arrowhead Stadium,official_feed,False
L000599,Kansas City Chiefs vs Houston Texans,2025-12-08,Arrowhead Stadium,partner_feed_a,False
L000600,Miami Heat at Brooklyn Nets,12/19/2025,Barclays Center,scraped_feed_c,False
L000601,Brooklyn Nets vs Miami Heat,2025-12-19,Barclays Center Brooklyn,partner_feed_a,False
L000602,MIA at BKN,December 19,Barclays Center,scraped_feed_b,False
L000603,Miami Heat at Brooklyn Nets,"December 19, 2025",Barclays Center Brooklyn,partner_feed_a,False
L000604,HOUSTON ROCKETS VS CHICAGO BULLS,March 22,,scraped_feed_c,True
L000605,chi v. hou,"March 24, 2026",United Center,scraped_feed_b,False
L000606,Chicago Bulls vs Houston Rockets,"March 24, 2026",United Center,official_feed,False
L000607,Chicago Bulls vs Houston Rockets,3/24/2026,United Center,official_feed,False
L000608,BKN vs UTA,12/5/2025,,partner_feed_a,False
L000609,UTA vs BKN,,Barclays Center Brooklyn,scraped_feed_c,False
L000610,utah jazz @ brooklyn nets,December 5,Barclays Center Brooklyn,scraped_feed_b,False
L000611,Utah Jazz at Brooklyn Nets,12/5/2025,Barclays Center,official_feed,False
L000612,ARI AT SF,September 21,Levi's Stadium,partner_feed_a,False
L000613,ARIZONA CARDINALS VS SAN FRANCISCO 49ERS,"September 21, 2025",Levis Stadium,scraped_feed_c,False
L000614,Arizona Cardinals at San Francisco 49ers,2025-09-21,Levi's Stadium,scraped_feed_b,False
L000615,ARI AR SF,2025-09-21,Levi's Stadium,scraped_feed_b,False
L000616,Atlanta Falcons at Minnesota Vikings,9/15/25,U.S. Bank Stadium,official_feed,False
L000617,Minnesota Vikings vs Atlanta Falcons,2025-09-15,U.S. Bank Stadium,partner_feed_a,False
L000618,  ATLANTA  FALCONS AT MINNESOTA VIINGS ,September 15,,scraped_feed_c,False
L000619,Atlanta Falcons at Minnesota Vikings,9/15/25,U.S. Bank Stadium,official_feed,False
L000620,team stars v. world,"February 15, 2026",Intuit Dome,scraped_feed_c,False
L000621,World at Team Stars,2/15/26,Intuit Dome,official_feed,False
L000622,WORLD AT TEAM STARS,2026-02-13,Intuit Dome Los Angeles,scraped_feed_c,True
L000623,World vs Team Stars,2026-02-15,Intuit Dome,official_feed,False
L000624,Utah Jazz vs Chicago Bulls,2025-11-17,Delta Center,official_feed,False
L000625,Chicago Bulls at Utah Jazz,11/17/25,Delta Center,official_feed,False
L000626,Chicago Bulls @ Utah Jazz,11/17/2025,,scraped_feed_c,False
L000627,  CHI  s UTA ,11/17/2025,,scraped_feed_c,False
L000628,MIAMI HEAT AT ORLANDO MAGIC,12/9/2025,Kia Center,partner_feed_a,False
L000629,Miami Heat @ Orlando Magic,,Kia Center,scraped_feed_b,False
L000630,MIA vs ORL,2025-12-09,Kia Center Orlando,partner_feed_a,False
L000631,ORL vs MIA,December 9,Amway Center,scraped_feed_c,False
L000632,UTAS&nbsp;DAL,2026-01-09,Delta Center,scraped_feed_b,False
L000633,Dallas Mavericks vs Utah Jazz,2026-01-09,Delta Center,official_feed,False
L000634,DALat yTA,2026-01-09,EnergySolutions Arena,scraped_feed_c,False
L000635,UTA vs DAL,,Delta Center,partner_feed_a,False
L000636,Charlotte Hornets vs LA Clippers,2025-11-22,Spectrum Center,official_feed,False
L000637,  LA  Clippers v. CHA ,11/23/2025,Spectrum Center,scraped_feed_c,True
L000638,LA CLIPPERS AT CHARLOTTE HORNETS,11/23/25,Spectrum Center,scraped_feed_c,True
L000639,LA Clippers at Charlotte Hornets,November 22,Spectrum Center,official_feed,False
L000640,Green Bay Packers vs Chicago Bears,"December 7, 2025",Lambeau Field,official_feed,False
L000641,chi at gb,"December 7, 2025",Lambeau Field,partner_feed_a,False
L000642,CHI v Gn,12/7/25,Lambeau,scraped_feed_c,False
L000643,chi at bg,12/7/25,LF,scraped_feed_b,False
L000644,Denver Nuggets vs Dallas Mavericks,"December 2, 2025",Ball Arena,official_feed,False
L000645,Dallas Mvericks atD enver Nuggets,2025-12-02,BA,scraped_feed_c,False
L000646,Dallas Mavericks at Denver Nuggets,12/2/25,Ball Arena,official_feed,False
L000647,DAL at DEN,12/2/2025,,scraped_feed_c,False
L000648,cin vs ubf,December 7,Highmark Stadium (Old),scraped_feed_c,False
L000649,cin @ buf,12/7/25,Highmark Stadium (Old),scraped_feed_c,False
L000650,Cincinnati Bengals at Buffalo Bills,12/7/2025,Highmark Stadium (Old),official_feed,False
L000651,Cincinnati Bengals at Buffalo Bills,December 7,Highmark Stadium (Old),official_feed,False
L000652,New York Knicks vs Charlotte Hornets,2026-04-12,Madison Square Garden,official_feed,False
L000653,Charlotte Hornets at New York Knicks,April 12,Madison Square Garden,official_feed,False
L000654,  CAH  vs NYK ,4/12/2026,Madison Square Garden,scraped_feed_b,False
L000655,Charlotte Hornets at New York Knicks,2026-04-12,Madison Square Garden,partner_feed_a,False
L000656,Chicago Bears vs New York Giants,11/9/2025,Soldier Field,official_feed,False
L000657,New York Giants vs Chicago Bears,2025-11-09,Soldier Field,official_feed,False
L000658,New York Giants at Chicago Bears,2025-11-09,Soldier Field,official_feed,False
L000659,NYG at xI,November 9,,scraped_feed_c,False
L000660,DAL&nbsp;at GSW,,Chase Center,scraped_feed_c,False
L000661,Dallas Mavericks vs Golden State Warriors,12/25/25,Chase Center,official_feed,False
L000662,Golden State Warriors v. Dallsa Mavericks,December 25,,scraped_feed_c,False
L000663,Dallas Mavericks sv Golden State Warriors,"December 25, 2025",Chase Center,scraped_feed_b,False
L000664,Charlotte Hornets vs Boston Celtics,2026-03-29,Spectrum Center Charlotte,scraped_feed_b,False
L000665,boston celtics vs charlotte hornets,"March 29, 2026",Spectrum Center,partner_feed_a,False
L000666,CHA vs BOS,2026-03-29,Spectrum Center,scraped_feed_b,False
L000667,CHA vs BOS,3/29/26,Spectrum Center Charlotte,partner_feed_a,False
L000668,Toronto Raptors vs Dallas Mavericks,2026-03-08,Scotiabank Arena Toronto,partner_feed_a,False
L000669,  DALLAS  MAVERICKS VS TORONTO RAPTOS ,3/8/26,Scotiabank Arena,scraped_feed_c,False
L000670,Dallas Mavericks vs Toronto Raptors,2026-03-08,Scotiabank Arena,official_feed,False
L000671,yOR s DAL,3/8/26,,scraped_feed_b,False
L000672,new orleans sainys at atlanta falcons,2026-01-04,Mercedes-Benz Stadium,scraped_feed_c,False
L000673,Atlanta Falcons v. New Orleans Saints,1/4/2026,MS,scraped_feed_b,False
L000674,atlanta falcons vs new orleans saints,1/4/2026,Mercedes-Benz Stadium,partner_feed_a,False
L000675,New Orleans Saints vs Atlanta Falcons,"January 4, 2026",Mercedes-Benz Stadium,official_feed,False
L000676,TOR&nbsp;v. ATL,November 8,State Farm Arena,scraped_feed_c,False
L000677,Toronto Raptors at Atlanta Hawks,November 8,,partner_feed_a,False
L000678,Atlanta Hawks vs Toronto Raptors,2025-11-08,State Farm Arena,official_feed,False
L000679,TOR at ATL,11/8/2025,State Farm Arena,partner_feed_a,False
L000680,Los Angeles Lakers vs Detroit Pistons,2026-03-23,Little Caesars Arena,official_feed,False
L000681,Los Angeles Lakers at Detroit Pistons,3/23/2026,Little Caesars Arena,partner_feed_a,False
L000682,LAL vs DET,3/23/26,,scraped_feed_b,False
L000683,Lod Angeles Lakers vs Detroit Pistons,,Little Caesars Arena,scraped_feed_b,False
L000684,Dallas Cowboys vs Philadelphia Eagles,11/23/25,Cowboys Stadium,scraped_feed_c,False
L000685,oHI vsD AL,November 23,AT&T Stadium,scraped_feed_b,False
L000686,dallas cowboys vs philadelphia eagles,11/23/25,AT&T Stadium,partner_feed_a,False
L000687,fallas Cowboys v. Philadelphia Eagles,"November 23, 2025",AT&T Stadium,scraped_feed_c,False
L000688,Philadelphia 76ers vs Toronto Raptors,2026-01-13,Scotiabank Arena,official_feed,False
L000689,toe s phi,2026-01-13,,scraped_feed_b,False
L000690,Toronto Raptors vs Philadelphia 76ers,1/13/26,,scraped_feed_b,False
L000691,TORONTO&nbsp;RAPTORS VS PHILADELPHIA 76ERS,"January 13, 2026",Scotiabank Arena,scraped_feed_c,False
L000692,MIN vs CLE,1/10/26,Rocket Arena,partner_feed_a,False
L000693,CLE v. MIN,2026-01-10,Rocket Arena,scraped_feed_b,False
L000694,Minnesota Timberwolves v. Cleveland Cavaliers,January 10,Rocket Arena,scraped_feed_c,False
L000695,CLE VS MIN,1/10/26,Rocket Mortgage FieldHouse,scraped_feed_b,False
L000696,GSW vs PHI,December 5,Xfinity Mobile Arena,partner_feed_a,False
L000697,  GSW  @ PHI ,12/5/2025,,scraped_feed_b,False
L000698,GSW v. PHI,2025-12-05,Xfinity Mobile Arena,scraped_feed_c,False
L000699,GSW vs PHI,12/5/25,Xfinity Mobile Arena,partner_feed_a,False
L000700,Houston Rockets vs Orlando Magic,11/17/25,Toyota Center (Houston),official_feed,False
L000701,ORL VS HOU,November 17,,scraped_feed_c,False
L000702,otl at ou,"November 17, 2025",Toyota Center (Houston),scraped_feed_c,False
L000703,Orlando Magic at Houston Rockets,November 17,Toyota Center (Houston),partner_feed_a,False
L000704,  DET  t WAS ,11/9/25,,scraped_feed_b,False
L000705,Detroit Lions at Washington Commanders,2025-11-09,Northwest Stadium,official_feed,False
L000706,DET VS WAS,2025-11-09,Northwest Stadium,scraped_feed_b,False
L000707,Detroit Lions at Washington Commanders,2025-11-09,Northwest Stadium,official_feed,False
L000708,TB VS SEA,"October 5, 2025",Lumen Field,partner_feed_a,False
L000709,SEA vs TB,2025-10-05,Lumen Field,scraped_feed_b,False
L000710,TB at SEA,10/5/2025,Lumen Field,partner_feed_a,False
L000711,Tampa Bay Buccaneers vs Seattle Seahawks,10/5/2025,,official_feed,False
L000712,  new  orleans pelicans vs miami heat ,1/4/2026,Kaseya Center,scraped_feed_c,False
L000713,NOP vs MIA,2026-01-04,American Airlines Arena,scraped_feed_b,False
L000714,NOP vs MIA,"January 4, 2026",,scraped_feed_b,False
L000715,Miami Heat vs New Orleans elcans,1/4/2026,Kaseya Center,scraped_feed_c,False
L000716,Baltimore Ravens vs Cleveland Browns,November 16,Huntington Bank Field,official_feed,False
L000717,Baltimore Ravens vs Cleveland Browns,2025-11-16,Huntington Bank Field,official_feed,False
L000718,Baltimore Ravens vs Cleveland Browns,11/16/25,Huntington Bank Field,official_feed,False
L000719,Baltimore Ravens vs Cleveland Browns,2025-11-16,Huntington Bank Field,official_feed,False
L000720,LA Clpers v. MIN,,Target Center Minneapolis,scraped_feed_b,False
L000721,MIN VS LA CLIPPERS,"February 8, 2026",,scraped_feed_b,False
L000722,Minnesota Timberwolves vs LA Clippers,February 8,Target Center,official_feed,False
L000723,Minnesota Timberwolves vs LA Clippers,2/8/2026,Target Center,partner_feed_a,False
L000724,Golden State Warirors vs New Orleans Pelicans,11/17/2025,Smoothie King Center,scraped_feed_c,False
L000725,Golden State Warriors at New Orleans Pelicans,"November 17, 2025",Smoothie King Center,official_feed,False
L000726,Golden State Warriors at New Orleans Pelicans,11/17/2025,Smoothie King Center,official_feed,False
L000727,Golden State Warriors at New Orleans Pelicans,11/17/2025,Smoothie King Center,official_feed,False
L000728,ntg vs den,"October 19, 2025",Empower Field at Mile High,scraped_feed_c,False
L000729,YG at DEN,10/19/25,Empower Field at Mile High,scraped_feed_b,False
L000730,  New  York Giants at Denver Broncos ,2025-10-19,,scraped_feed_b,False
L000731,den vs nyg,October 19,EFMH,scraped_feed_c,False
L000732,HOU v. DEN,12/20/2025,Ball Arena,scraped_feed_b,False
L000733,houston rockets vs denver nuggets,,,scraped_feed_b,True
L000734,DEN VS HOU,2025-12-20,Ball Arena,scraped_feed_b,False
L000735,houston rockets @ denver nuggets,12/20/2025,BAD,scraped_feed_c,False
L000736,  Cleveland  Cavaliers v. Chicago Bulls ,,UCC,scraped_feed_b,False
L000737,CLEv s CHI,10/10/25,United Center Chicago,scraped_feed_c,False
L000738,  CLE  vs CHI ,2025-10-10,United Center,scraped_feed_b,False
L000739,  CLE  vs CHI ,10/10/25,United Center Chicago,scraped_feed_b,False
L000740,Mepmhis Grizzliesa t San Antonio Spurs,11/19/25,Frost Bank Center,scraped_feed_b,False
L000741,MEM at SAS,,Frost Bank Center,scraped_feed_c,False
L000742,Memphis Grizzlies at San Antonio Spurs,2025-11-19,Frost Bank Center,official_feed,False
L000743,San Antonio Spurs vs Memphis Grizzlies,11/19/2025,Frost Bank Center,scraped_feed_b,False
L000744,Los Angeles Lakers vs New Orleans Pelicans,3/4/2026,crypto.com Arena,official_feed,False
L000745,NOP VS LAL,March 4,crypto.com Arena,partner_feed_a,False
L000746,New Orleans Pelicans at Los Angeles Lakers,3/4/26,crypto.com Arena,official_feed,False
L000747,New Orleans Pelicans at Los Angeles Lakers,"March 4, 2026",crypto.com Arena,official_feed,False
L000748,Boston Celtics vs Milwaukee Bucks,"March 3, 2026",Fiserv Forum,official_feed,False
L000749,Milwaukee Bucks vs Boston Celtics,2026-03-03,Fiserv Forum,official_feed,False
L000750,Milwaukee Bucks vs Boston Celtics,2026-03-03,Fiserv Forum,official_feed,False
L000751,bos at mil,3/3/2026,Fiserv Forum,scraped_feed_b,False
L000752,  DE  AT GSW ,10/24/25,Chase Center Arena,scraped_feed_b,False
L000753,Denver Nuggets vs Golden State Warriors,"October 24, 2025",Chase Center Arena,partner_feed_a,False
L000754,GOLDEN STATE WARRIORS VS DENVR NUGGETS,10/24/2025,Chase Center,scraped_feed_b,False
L000755,Denver Nuggets vs Golden State Warriors,10/24/25,Chase Center,official_feed,False
L000756,Indiana Pacers vs Atlanta Hawks,"February 1, 2026",Gainbridge Fieldhouse,official_feed,False
L000757,Atlanta Hqwks vs ondiana Pacers,"February 1, 2026",Gainbridge Fieldhouse,scraped_feed_b,False
L000758,  atl  at ind ,"February 1, 2026",Gainbridge Fieldhouse,scraped_feed_c,False
L000759,ATLANTA HAWKS VS INDIANA PACERS,2026-02-01,Gainbridge Fieldhouse,partner_feed_a,False
L000760,ORL @ DET,4/29/26,Little Caesars Arena Detroit,scraped_feed_b,False
L000761,DET VSO LR,4/29/2026,LCA,scraped_feed_b,False
L000762,ORL vs DEe,,,scraped_feed_c,False
L000763,DET v. ORL,"April 29, 2026",Little Caesars Arena Detroit,scraped_feed_c,False
L000764,Minnesota Timberwolves vs Dallas Mavericks,"March 31, 2026",American Airlines Center,official_feed,False
L000765,Dallas Mavericks vs Minnesota Timberwolves,3/31/26,American Airlines Center,official_feed,False
L000766,MIN vs DAL,3/31/26,American Airlines Center,scraped_feed_c,False
L000767,  MIN  vs DAL ,March 31,,scraped_feed_c,False
L000768,Cleveland Cavaliers vs New York Knicks,2026-05-26,,scraped_feed_b,False
L000769,  CLEVELAND  CAVALIERS VS NEW YRK KNICKS ,May 26,,scraped_feed_b,False
L000770,  NYK  at CLE ,May 26,RA,scraped_feed_c,False
L000771,New York Knicks at Cleveland Cavaliers,May 26,Rocket Arena,official_feed,False
L000772,Oklahoma City Thunder at Portland Trail Blazers,11/30/25,Moda Center,official_feed,False
L000773,Portland Trail Blazers vs Oklahoma City Thunder,11/30/25,Moda Center,official_feed,False
L000774,Oklahoma City Thunder at Portland Trail Blazers,2025-11-30,Moda Center,official_feed,False
L000775,Oklahoma City Thunder at Portland Trail Blazers,12/2/2025,Moda Center,scraped_feed_b,True
L000776,new yorkknicls vs minnesota timberwolves,11/6/2025,,scraped_feed_c,False
L000777,Minnesota Timberwolves vs New York Knicks,,MSG,scraped_feed_c,False
L000778,MIN at NYK,11/6/25,The Garden,scraped_feed_b,False
L000779,New York Knicks vs Minnesota Timberwolves,November 6,Madison Square Garden,official_feed,False
L000780,lal&nbsp;vs bos,12/6/2025,TD Garden,scraped_feed_b,False
L000781,Los Angeles Lakers vs Boston Celtics,12/6/25,TD Garden,official_feed,False
L000782,Los Angeles Lakers vs Boston Celtics,12/6/25,TD Garden,partner_feed_a,False
L000783,Los Angeles Lakers at Boston Celtics,December 6,TD Garden,scraped_feed_b,False
L000784,rOlando Magic vs New rleans Pelicans,January 11,,scraped_feed_c,False
L000785,LO vs NOP,January 11,,scraped_feed_c,False
L000786,  ORL  VS NOP ,1/11/2026,Kia Center,scraped_feed_b,False
L000787,ORL vs NOP,2026-01-11,Kia Center,partner_feed_a,False
L000788,  buf  @ mia ,November 9,Hard Rock Stadium,scraped_feed_c,False
L000789,Buffalo Bills at Miami Dolphins,"November 9, 2025",Hard Rock Stadium,official_feed,False
L000790,Buffalo Bills at Miami Dkophins,11/9/2025,,scraped_feed_c,False
L000791,BUF at MIA,11/9/25,Hard Rock Stadium,partner_feed_a,False
L000792,Utah Jazz vs San Antonio Spurs,1/23/2026,Delta Center,official_feed,False
L000793,Utah Jazz vs San Antonio Spurs,1/23/26,Delta Center,official_feed,False
L000794,san antonio spsur at utah jazz,1/23/26,,scraped_feed_b,False
L000795,San Antonio Spurs at Utah Jazz,1/23/2026,Delta Center,scraped_feed_b,False
L000796,buf v. ne,12/14/25,Gillette,scraped_feed_c,False
L000797,  BUF  at NE ,December 14,Gillette Stadium,scraped_feed_b,False
L000798,Buffalo Bills at New England Patriots,December 14,Gillette Stadium,official_feed,False
L000799,New England Patriots vs Buffalo Bills,"December 14, 2025",Gillette Stadium,official_feed,False
L000800,LA Clippers vs NYK,3/10/2026,Intuit Dome Los Angeles,partner_feed_a,False
L000801,NYK vs LA Clippers,3/10/2026,ID,scraped_feed_b,False
L000802,New York Knicks at LA Clippers,2026-03-10,Intuit Dome,official_feed,False
L000803,New York Knicks at LA Clippers,2026-03-10,Intuit Dome,official_feed,False
L000804,Sacramento Kings vs Philadelphia 76ers,January 30,Xfinity Mobile Arena,official_feed,False
L000805,Sacramento Kings @ Philadelphia 76ers,1/30/2026,Xfinity Mobile Arena,scraped_feed_c,False
L000806,Sacramento Kings atPhiladelphia76ers,,Xfinity Mobile Arena,scraped_feed_b,False
L000807,PHI v. SAC,1/30/26,Xfinity Mobile Arena,scraped_feed_c,False
L000808,  Oklahoma  City Thunder at Phoenix Suns ,2/12/2026,Mortgage Matchup Center,scraped_feed_b,False
L000809,  Oklahoma  City Thunder vs Phoenix Suns ,2/12/26,Mortgage Matchup Center,scraped_feed_b,False
L000810,OKC @ PHX,2026-02-12,,scraped_feed_b,False
L000811,OKLAHOMA CITY THUNDER VS PHOENIX SUNS,2/12/26,Mortgage Matchup Center,partner_feed_a,False
L000812,New Orleans Pelicans vs Utah Jazz,4/8/26,Smoothie King Center New Orleans,partner_feed_a,False
L000813,NEW ORLEANS PELCANS VS URAH JAZZ,4/8/26,,scraped_feed_c,False
L000814,UTA VS NOP,4/8/2026,New Orleans Arena,partner_feed_a,False
L000815,New Orleans Pelicans vs Utah Jazz,2026-04-08,Smoothie King Center,official_feed,False
L000816,Chicago Bears @ Baltimore Ravens,"October 26, 2025",M&T Bank Stadium,scraped_feed_b,False
L000817,Baltimore Ravens vs Chicago Bears,"October 26, 2025",M&T Bank Stadium,partner_feed_a,False
L000818,Baltimore Ravens vs Chicago Bears,October 26,M&T Bank Stadium,scraped_feed_b,False
L000819,Chicago Bears vs Baltimore Ravens,10/26/2025,M&T Bank Stadium,official_feed,False
L000820,Portland Trail Blazers vs Indiana Pacers,"March 18, 2026",Gainbridge Fieldhouse,official_feed,False
L000821,Indiana Pacers vs Portland Trail Blazers,3/18/26,Gainbridge Fieldhouse,partner_feed_a,False
L000822,por vs ind,"March 18, 2026",Gainbridge Fieldhouse,partner_feed_a,False
L000823,ond v por,March 18,Gainbridge Fieldhouse,scraped_feed_c,False
L000824,DALLAS COWBOYS VS GREEN BAY PACKERS,2025-09-29,,partner_feed_a,False
L000825,DAL vs GB,9/29/2025,,scraped_feed_b,False
L000826,  DAL  vsG B ,September 29,AS,scraped_feed_c,False
L000827,GB at DAL,,AS,scraped_feed_b,False
L000828,BKN vs ATL,"April 3, 2026",,scraped_feed_b,False
L000829,ATL vs BKN,4/3/2026,Barclays Center,partner_feed_a,False
L000830,Atlanta Hawks vs Brooklyn Nets,"April 3, 2026",Barclays Center,partner_feed_a,False
L000831,Atlanta Hawks vs Brooklyn Nets,4/3/26,Barclays Center,partner_feed_a,False
L000832,ORL&nbsp;v. LA Clippers,2025-11-21,AC,scraped_feed_c,False
L000833,ORL vs LA Clippers,11/21/2025,Kia Center Orlando,partner_feed_a,False
L000834,  LA  Clippers v. ORL ,11/21/25,Amway Center,scraped_feed_c,False
L000835,orl vs la clippers,11/21/2025,Kia Center,partner_feed_a,False
L000836,  BOS  s SAS ,March 11,Frost Bank Center,scraped_feed_b,False
L000837,Boston Celtics vs San Antonio Spurs,"March 11, 2026",Frost Bank Center,official_feed,False
L000838,SAS vs BOS,3/11/2026,,partner_feed_a,False
L000839,San Antonio Spurs vs Boston Celtics,March 11,AC,scraped_feed_b,False
L000840,LAC at TEN,November 2,,partner_feed_a,False
L000841,tennessee titans v. los angeles chargers,2025-11-02,LF,scraped_feed_b,False
L000842,Los Angeles Chargers at Tennessee Titans,November 2,Nissan Stadium,partner_feed_a,False
L000843,Los Angeles Chargers vs Tennessee itans,11/2/2025,NS,scraped_feed_b,False
L000844,LA Clippers vs Los Angeles Lakers,2/21/2026,crypto.com Arena,partner_feed_a,False
L000845,LA Clippers at Los Angeles Lakers,2/21/26,crypto.com Arena,scraped_feed_b,False
L000846,Los Angeles Lakers vs LA Clippers,"February 21, 2026",crypto.com Arena,official_feed,False
L000847,  Los  Angeles Lakers v. LA Clippers ,"February 21, 2026",crypto.com Arena,scraped_feed_c,False
L000848,Houston Rockets v. Los Angeles Lakers,3/19/26,TC,scraped_feed_c,False
L000849,Los Angeles Lakers @ Houston Rockets,3/19/26,,scraped_feed_c,False
L000850,LAL vs HOU,March 19,Toyota Center (Houston),scraped_feed_c,False
L000851,Los Angeles Lakers vs Houston Rockets,3/19/26,Toyota Center (Houston),scraped_feed_c,False
L000852,Chicago Bears vs Cleveland Browns,"December 14, 2025",Soldier Field,official_feed,False
L000853,chicago bears vs cleveland browns,December 14,Soldier Field,scraped_feed_c,False
L000854,Cleveland Browns vs Chicago Bears,2025-12-14,Soldier Field,official_feed,False
L000855,Cleveland Browns at Chicago Bears,December 14,Soldier Field,partner_feed_a,False
L000856,  Utah  Jazz vs Charlotte Hornets ,,SC,scraped_feed_b,False
L000857,Utah Jazz vs Charlotte Hornets,"November 2, 2025",Spectrum Center,official_feed,False
L000858,Utah Jaz at Charlotte Hornets,11/2/25,Spectrum Center,scraped_feed_b,False
L000859,Charlotte Hornets vs Utah Jazz,11/2/2025,TWCA,scraped_feed_b,False
L000860,SAS at CLE,"December 6, 2025",Rocket Arena,partner_feed_a,False
L000861,cle vs sas,December 6,Rocket Arena,partner_feed_a,False
L000862,SAN ANTONIO SPURS AT CLEVELAND CAVALIERS,December 6,Rocket Arena,partner_feed_a,False
L000863,SAS vs CLE,12/6/2025,Rocket Arena,partner_feed_a,False
L000864,Phoenix Suns vs Los Angeles kakers,"December 2, 2025",crypto.com Arena,scraped_feed_b,False
L000865,LAL vs PHX,December 2,crypto.com Arena,partner_feed_a,False
L000866,PHX at LAL,"December 2, 2025",crypto.com Arena,partner_feed_a,False
L000867,Phoenix Suns v. Los AngrlesLakers,12/2/25,crypto.com Arena,scraped_feed_b,False
L000868,NYK vs ORL,November 22,Kia Center,scraped_feed_c,False
L000869,orlndo magic vsn ew york knicks,November 22,Kia Center Orlando,scraped_feed_c,False
L000870,NYK vs ORL,11/22/25,Amway Center,partner_feed_a,False
L000871,  Orladno  Magic v. New York Knicks ,November 22,Kia Center,scraped_feed_b,False
L000872,  CHI  vs CLE ,"December 18, 2025",UC,scraped_feed_b,False
L000873,CLEat&nbsp;CHI,2025-12-18,UC,scraped_feed_b,False
L000874,Chicago Bulls vs Cleveland Cavaliers,12/18/25,United Center,official_feed,False
L000875,Cleveland Cavaliers vs Chicago Bulls,December 18,United Center,official_feed,False
L000876,Utah Jazz vs Washington Wizards,3/26/2026,Delta Center,official_feed,False
L000877,  utah  jazz v. washington wizards ,3/26/2026,,scraped_feed_c,False
L000878,Washington Wizards at Utah Jazz,3/26/26,Delta Center,official_feed,False
L000879,Washington Wizards vs Utah Jazz,"March 26, 2026",Vivint Arena,partner_feed_a,False
L000880,PHILDEPLHIA 76ERS VS CHICAGO BULLS,"December 27, 2025",United Center Chicago,scraped_feed_c,False
L000881,Philadelphia 76ers vs Chicago Bulls,2025-12-27,United Center,official_feed,False
L000882,Philadelphia 76ers vs Chicago Bulls,12/27/25,United Center Chicago,scraped_feed_b,False
L000883,CHI s PH,2025-12-27,UC,scraped_feed_c,False
L000884,MIL VS DEN,1/12/26,Ball Arena,partner_feed_a,False
L000885,Milwaukee Bucks vs Denver Nuggets,2026-01-11,Ball Arena,scraped_feed_c,True
L000886,Denver Nuggets vs Milwaukee Bucks,"January 12, 2026",Ball Arena,official_feed,False
L000887,Milwaukee Bucks at Denver Nuggets,2026-01-12,Ball Arena,official_feed,False
L000888,Miami Heat vs San Antonio Spurs,October 7,FTX Arena,scraped_feed_b,True
L000889,Miami Heat vs San Antonio Spurs,"October 10, 2025",Kaseya Center,scraped_feed_b,True
L000890,  miani  heat v. san antonio spurs ,"October 8, 2025",American Airlines Arena,scraped_feed_c,False
L000891,San Antonio Spurs vs Miami Heat,"October 8, 2025",Kaseya Center,official_feed,False
L000892,Utah Jazz at New York Knicks,"December 6, 2025",Madison Square Garden,official_feed,False
L000893,new york knicks vs utah jazz,2025-12-06,The Garden,partner_feed_a,False
L000894,Utah Jazz vs New York Knicks,12/6/25,Madison Square Garden Arena,scraped_feed_c,False
L000895,UTA vs NYK,12/6/25,Madison Square Garden,partner_feed_a,False
L000896,  Brpoklyn  Nets vs ondiana Pacers ,2025-11-06,Gainbridge Fieldhouse,scraped_feed_b,False
L000897,INDIANA PACERS VS BROOKLYN NETS,2025-11-06,Gainbridge Fieldhouse,partner_feed_a,False
L000898,BKN vs IND,2025-11-06,Gainbridge Fieldhouse,partner_feed_a,False
L000899,Brooklyn Nets at Indina Pacers,"November 6, 2025",Gainbridge Fieldhouse,scraped_feed_c,False
L000900,Minnesota Timberwolves at Atlanta Hawks,12/31/25,State Farm Arena,partner_feed_a,False
L000901,Minnesota Timberwolves at Atlanta Hawks,"December 31, 2025",State Farm Arena,official_feed,False
L000902,MIN at ATL,12/31/2025,State Farm Arena,partner_feed_a,False
L000903,Minnesota Timberwolves at Atlanta Hawks,December 31,State Farm Arena Atlanta,scraped_feed_c,False
L000904,Portland Trail Blazers at Minnesota Timberwolves,3/21/2026,Target Center,scraped_feed_b,False
L000905,MIN vsP OR,"March 20, 2026",Target Center,scraped_feed_c,True
L000906,MIN vs POR,3/21/2026,Target Center,partner_feed_a,False
L000907,Portland Trail Blazers vs Minnesota Timberwolves,2026-03-21,Target Center,official_feed,False
L000908,Los Angeles Rams vs San Francisco 49ers,2025-10-03,SoFi Stadium,official_feed,False
L000909,San Francisco 49ers at Los Angeles Rams,2025-10-03,SoFi Stadium,official_feed,False
L000910,Los Angeles Rams v. San Francisco 49ers,10/3/25,,scraped_feed_b,False
L000911,LAR vs SF,October 3,SoFi Stadium,partner_feed_a,False
L000912,INDIANA PCERS VS MINNESOTA TIMBERWOLVES,"October 26, 2025",Target Center Minneapolis,scraped_feed_b,False
L000913,Minnesota Timberwolves vs Indiana Pacers,10/26/25,Target Center Minneapolis,scraped_feed_c,False
L000914,IND vs MIN,2025-10-26,Target Center,partner_feed_a,False
L000915,MIN va ImD,"October 26, 2025",,scraped_feed_c,False
L000916,Memphis Grizzlies at San Antonio Spurs,"December 3, 2025",Frost Bank Center,official_feed,False
L000917,MEM AT SAS,"December 3, 2025",Frost Bank Center,scraped_feed_c,False
L000918,  san  antonio spurs vs memphis grizzlies ,2025-12-03,Frost Bank Center,scraped_feed_b,False
L000919,SAN ANTONIO SPURS VS MEMPHIS GRIZZLIES,12/3/25,Frost Bank Center,partner_feed_a,False
L000920,BROOKLYN NETS VS NEW YORK KNICKS,2026-01-22,,scraped_feed_c,False
L000921,  Brooklyn  Nets at New York Knicks ,January 22,,scraped_feed_c,False
L000922,BKN vs NYK,1/22/2026,MSG,partner_feed_a,False
L000923,Brooklyn Nets vsNrw York Knicks,1/22/26,,scraped_feed_c,False
L000924,San Antonio Spurs vs Denver Nuggets,,Frost Bank Center,scraped_feed_c,False
L000925,  DEN  at SAS ,April 13,Frost Bank Center,scraped_feed_b,False
L000926,  Denver  Nuggets at San Antonio Spurs ,"April 13, 2026",,scraped_feed_c,False
L000927,DEN at SAS,,Frost Bank Center,partner_feed_a,False
L000928,IND AT MIA,12/28/25,Kaseya Center,partner_feed_a,False
L000929,Indiana Pacers at Miami Heat,"December 28, 2025",Kaseya Center,partner_feed_a,False
L000930,Indiana Pacers at Miami Heat,2025-12-28,Kaseya Center,official_feed,False
L000931,&nbsp; IND  vs MA ,12/29/2025,American Airlines Arena,scraped_feed_b,True
L000932,Houston Rockets at Golden State Warriors,2026-04-06,Chase Center,partner_feed_a,False
L000933,&nbsp; HOU  vs GSW ,4/6/26,Chase Center,scraped_feed_b,False
L000934,houston rockets vs golden state warriors,"April 6, 2026",Chase Center,partner_feed_a,False
L000935,Houston Rockets at Golden State Warriors,4/6/2026,Chase Center,official_feed,False
L000936,Houston Rockets vs Portland Trail Blazers,"January 10, 2026",Moda Center,official_feed,False
L000937,POR v. HOU,2026-01-10,,scraped_feed_b,False
L000938,HOUa t POR,,Moda Center,scraped_feed_b,True
L000939,por vs hou,"January 10, 2026",Rose Garden,partner_feed_a,False
L000940,tor vd hx,3/23/26,MMC,scraped_feed_c,False
L000941,  TOR  v. PHX ,2026-03-23,Mortgage Matchup Center,scraped_feed_c,False
L000942,TOR AT PHX,March 23,Mortgage Matchup Center,partner_feed_a,False
L000943,TOR&nbsp;at PHX,March 23,Mortgage Matchup Center,scraped_feed_b,False
L000944,CLE v. DET,,RA,scraped_feed_b,False
L000945,detroit pistons at cleveland cavaliers,"May 12, 2026",,scraped_feed_b,False
L000946,detroit psitons vs cleveland cavaliers,5/12/26,Rocket Arena,scraped_feed_b,False
L000947,DET at LCE,5/12/2026,Rocket Mortgage FieldHouse,scraped_feed_b,False
L000948,  Sacramento  Kings vs Chicago Bulls ,October 29,United Center,scraped_feed_b,True
L000949,Sacramento Kings at Chicago Bulls,10/30/25,United Center,partner_feed_a,False
L000950,SACRMAENTO KINGS AT CHICAGO BULLS,10/28/25,,scraped_feed_c,True
L000951,Sacramento Kings at Chicago Bulls,10/30/25,,partner_feed_a,False
L000952,Oklahoma City Thunder at Minnesota Timberwolves,12/20/2025,Target Center,official_feed,False
L000953,Minnesota Timberwolves vs Oklahoma City Thunder,2025-12-20,Target Center,partner_feed_a,False
L000954,Minnesota Timberwolves vs Oklahoma City Thunder,12/20/2025,Target Center,official_feed,False
L000955,  okc  @ min ,"December 20, 2025",Target Center Minneapolis,scraped_feed_b,False
L000956,  MIN  v. MEM ,2/1/2026,FedEx Forum,scraped_feed_b,False
L000957,MEMPHIS GRIZZLIES VS MINNESOTA TIMBERWOLVES,February 1,FedEx Forum,scraped_feed_c,False
L000958,MI Nat EMM,February 1,FedEx Forum,scraped_feed_c,False
L000959,MEM vs MIN,2/1/2026,FedExForum,partner_feed_a,False
L000960,NOP vs OKC,1/28/2026,Paycom Center,partner_feed_a,False
L000961,New Orleans Pelicans vs Oklahoma City Thunder,January 28,Paycom Center,official_feed,False
L000962,New Orleans Pelicans vs Oklahoma City Thunder,2026-01-28,Paycom Center,official_feed,False
L000963,NOP vs OKC,1/28/26,Paycom Center,partner_feed_a,False
L000964,San Antonio Spurs v. Minnesota Timberwolves,"May 9, 2026",Target Center,scraped_feed_b,False
L000965,SAS vs MIN,May 9,Target Center,partner_feed_a,False
L000966,  minnesota  timberwolves v. san antoino spurs ,5/7/2026,TCM,scraped_feed_b,True
L000967,San Antonio Spurs vs Minnesota Timberwolves,May 9,Target Center,official_feed,False
L000968,POR at MEM,2026-03-05,FedExForum,scraped_feed_c,False
L000969,Portland&nbsp;Trail Blazers vs Memphis Grizzlies,"March 5, 2026",,scraped_feed_c,False
L000970,Portland Trail Blazers at Memphis Grizzlies,"March 5, 2026",FedExForum,official_feed,False
L000971,PORTLAND TRAIL BLAZERS VS MEMPHIS GRIZZLIES,"March 5, 2026",,partner_feed_a,False
L000972,Portland Trail Blazers vs New Orleans Pelicans,"December 12, 2025",Smoothie King Center,official_feed,False
L000973,POR at NOP,December 12,,partner_feed_a,False
L000974,Ne Orleans Pelicans vs Portland Trail Blazers,,New Orleans Arena,scraped_feed_c,False
L000975,Portland Trail Blazers at New Orleans Pelicans,12/12/2025,Smoothie King Center,official_feed,False
L000976,Dallas Mavericks v. LA Clippers,3/22/2026,American Airlines Center,scraped_feed_c,False
L000977,LA Clippers vs Dallas Mavericks,March 22,American Airlines Center,official_feed,False
L000978,LA CLIPPERS VS DALLAS MAVERICKS,3/20/26,American Airlines Center,scraped_feed_b,True
L000979,DAL VS LA CLIPPERS,3/22/2026,American Airlines Center,partner_feed_a,False
L000980,LAL AT OKC,11/13/2025,,scraped_feed_b,False
L000981,Los Angeles Lakers at Oklahoma City Thunder,11/13/2025,Paycom Center,official_feed,False
L000982,LOS ANGELES LAKERS AT OKLAHOMA CITY THUNDER,"November 13, 2025",Paycom Center,partner_feed_a,False
L000983,Oklahoma City Thunder vs Los Angeles Lakers,11/13/2025,Paycom Center,official_feed,False
L000984,MEM vs ORL,2026-01-18,The O2,partner_feed_a,False
L000985,Memphis Grizzlies v. Orlando Magic,"January 18, 2026",The O2,scraped_feed_b,False
L000986,Orlando Magic at Memphis Grizzlies,"January 18, 2026",The O2,partner_feed_a,False
L000987,ORLANDO MAGIC AT MEMPHIS GRIZZLIES,1/18/2026,TO,scraped_feed_b,False
L000988,Charlotte Hornets at Phoenix Suns,"March 9, 2026",Mortgage Matchup Center,scraped_feed_b,False
L000989,CHA at PHX,3/9/26,Mortgage Matchup Center,partner_feed_a,False
L000990,charlotte hornets at phoenix suns,3/9/2026,Mortgage Matchup Center,scraped_feed_b,False
L000991,Charlotte Hornets v. Phoenix Suns,3/9/26,Mortgage Matchup Center,scraped_feed_c,False
L000992,Orlando Magic vs Atlanta Hawks,4/1/2026,Amway Center,partner_feed_a,False
L000993,atl&nbsp;at orl,April 1,Kia Center Orlando,scraped_feed_c,False
L000994,  Atlanta  Hawks at Orlando Magic ,4/1/26,Amway Center,scraped_feed_c,False
L000995,ORL vs ATL,2026-04-01,Kia Center Orlando,partner_feed_a,False
L000996,LA Clippers v. Guangzhou Loong-Lions,October 10,FA,scraped_feed_b,False
L000997,Guangzhou Loong-Lions vs LA Clippers,,Frontwave Arena,partner_feed_a,False
L000998,LA Clippers vs Guangzhou Loong-Lions,10/10/2025,,partner_feed_a,False
L000999,GUANGZHOU KOONH-LIONS AT LA CLIPPERS,October 10,Frontwave Arena,scraped_feed_b,False
L001000,Charlotte Hornets vs Brooklyn Nets,"December 2, 2025",Barclays Center Brooklyn,partner_feed_a,False
L001001,CHAVS KBN,12/2/2025,Barclays Center,scraped_feed_c,False
L001002,Charlotte Hornets at Brooklyn Nets,2025-12-02,Barclays Center,partner_feed_a,False
L001003,Charlotte Hornets at Brooklyn Nets,2025-12-02,Barclays Center,official_feed,False
L001004,MIN at SAS,5/13/26,AT&T Center,scraped_feed_b,False
L001005,San Antonio Spurs vs Minnesota Timberwolves,5/13/2026,,partner_feed_a,False
L001006,Minnesota Timberwolves at San Antonio Spurs,2026-05-13,Frost Bank Center,official_feed,False
L001007,MIN STSAS,May 13,Frost Bank Center,scraped_feed_b,False
L001008,cle v. orl,1/27/2026,Rocket Arena,scraped_feed_c,False
L001009,Cleveland Cavaliers vs Orlando Magic,1/27/2026,,partner_feed_a,False
L001010,&nbsp; CLE  v. ORL ,1/27/26,Rocket Arena,scraped_feed_c,False
L001011,Cleveland Cavaliers vs Orlando Magic,"January 27, 2026",Rocket Arena,official_feed,False
L001012,Chicago Bulls at Milwaukee Bucks,November 8,Fiserv Forum,scraped_feed_b,False
L001013,Chicago Bulls at Milwaukee Bucks,11/8/2025,Bradley Center,scraped_feed_c,False
L001014,Chicago Bulls at Milwaukee Bucks,"November 8, 2025",Fiserv Forum,official_feed,False
L001015,Milwaukee Bucks vs Chicago Bulls,"November 8, 2025",Fiserv Forum,official_feed,False
L001016,Buffalo Bills at Cleveland Browns,12/21/2025,Huntington Bank Field,partner_feed_a,False
L001017,Cleveland Browns vs Buffalo Bills,"December 21, 2025",Huntington Bank Field,official_feed,False
L001018,Buffalo Bills @ Cleveland Brpwns,,Huntington Bank Field,scraped_feed_c,False
L001019,Bufflo Bills v. Clevekand Browns,12/21/2025,,scraped_feed_b,False
L001020,ATL at SAC,November 13,Golden 1 Center,scraped_feed_c,False
L001021,Sacramento Kings vs Atlanta Hawks,"November 13, 2025",Golden 1 Center,official_feed,False
L001022,ATLANTA HAWKD VS SACRAMENTO KINGS,11/12/2025,Golden 1 Center,scraped_feed_c,True
L001023,SACRAMENTO KINGS VS ATLANTA HAWKS,"November 13, 2025",Golden 1 Center,partner_feed_a,False
L001024,IND VS LAL,3/7/26,crypto.com Arena,partner_feed_a,False
L001025,Indiana Pacers vs Los Angeles Lakers,March 7,crypto.com Arena,scraped_feed_b,False
L001026,Los Angeles Lakers vs Indiana Pacers,3/7/26,crypto.com Arena,partner_feed_a,False
L001027,Los&nbsp;Anfeles Lalers vs Indiana Pacers,March 7,crypto.com Arena,scraped_feed_c,False
L001028,Cleveland Cavaliers at Indiana Pacers,2025-12-02,Gainbridge Fieldhouse,official_feed,False
L001029,IND vs CLE,"December 2, 2025",Gainbridge Fieldhouse,scraped_feed_c,False
L001030,Indiana Pacers v. Clveeland Cavaliers,2025-12-02,,scraped_feed_b,False
L001031,Indiana Pacers vs Cleveland Cavaliers,"December 2, 2025",Gainbridge Fieldhouse,official_feed,False
L001032,Detroit Pistons at Philadelphia 76ers,11/10/25,,partner_feed_a,False
L001033,DET AT PHI,11/10/2025,Xfinity Mobile Arena,scraped_feed_b,False
L001034,Detroit Pistons vs Philadelphia 76ers,11/10/25,Xfinity Mobile Arena,official_feed,False
L001035,DETROIT PISTONS VS PHILADELPHIA7 6ERS,11/10/2025,Xfinity Mobile Arena,scraped_feed_c,False
L001036,GOLDEN STATE EARRIORS AT WASHINGTON WIZARD,2026-03-16,VC,scraped_feed_c,False
L001037,GSW vs WAS,March 16,Capital One Arena,partner_feed_a,False
L001038,gsw va was,"March 16, 2026",Capital One Arena,scraped_feed_c,False
L001039,  GSW  vs WAS ,3/15/26,Capital One Arena,scraped_feed_c,True
L001040,Chicago Bulls at Houston Rockets,1/14/26,,scraped_feed_c,False
L001041,HOU vs CHI,January 14,Toyota Center (Houston),partner_feed_a,False
L001042,Chicago Bulls at Houston Rockets,2026-01-14,Toyota Center (Houston),partner_feed_a,False
L001043,HOU vs HI,1/14/2026,Toyota Center (Houston),scraped_feed_c,False
L001044,DENVER NUGGETS VS SAN ANTONIO SPURS,March 13,Frost Bank Center,partner_feed_a,False
L001045,SAS v. DEN,March 13,FBC,scraped_feed_c,False
L001046,Denver Nuggets at San Antonio Spurs,March 13,Frost Bank Center,official_feed,False
L001047,San&nbsp;Antonio Spurs vs Denver Nuggets,3/13/2026,AC,scraped_feed_b,False
L001048,Washington Commanders vs Las Vegas Raiders,9/21/2025,Northwest Stadium,scraped_feed_b,False
L001049,Washington Commanders vs Las Vegas Raiders,2025-09-21,Northwest Stadium,official_feed,False
L001050,Washington Commanders vs Las Vegas Raiders,2025-09-21,Northwest Stadium,official_feed,False
L001051,was&nbsp;vs lv,2025-09-21,Northwest Stadium,scraped_feed_b,False
L001052,OKC vs CHA,2025-10-05,North Charleston Coliseum,scraped_feed_b,False
L001053,cah vs okc,2025-10-05,North Charleston Coliseum,scraped_feed_b,False
L001054,kc @ cha,10/5/25,,scraped_feed_c,False
L001055,Oklahoma City Thunder vs Charlotte Hornets,10/5/2025,North Charleston Coliseum,official_feed,False
L001056,la clippers v. olden state warrior,4/16/2026,Intuit Dome,scraped_feed_b,False
L001057,LA Clippers v. GSW,4/16/2026,Intuit Dome,scraped_feed_b,False
L001058,Golden State Warriors at LA Clippers,4/16/26,Intuit Dome,official_feed,False
L001059,LA Clippers vs Golden State Warriors,April 16,Intuit Dome,official_feed,False
L001060,Washington Wizards vs Indiana Pacers,2026-02-20,Capital One Arena,official_feed,False
L001061,Indiana Pacers vs Washington Wizards,February 20,Capital One Arena,official_feed,False
L001062,INIANA&nbsp;PACERS VS WASHINGTOM WIZARDS,February 20,VC,scraped_feed_b,False
L001063,was vs ind,2026-02-20,,partner_feed_a,False
L001064,Cleveland Cavaliers vs Indiana Pacers,November 22,,partner_feed_a,False
L001065,indiana pacers v. cleveland cavaliers,"November 22, 2025",The Q,scraped_feed_b,False
L001066,INDIANA PACERS VS CLEVELAND CAVALIERS,November 22,Rocket Arena,partner_feed_a,False
L001067,IND VS CLE,November 22,,partner_feed_a,False
L001068,New Orleans Pelicans vs Golden State Warriors,2025-11-30,Chase Center,official_feed,False
L001069,GSW VS NOP,11/30/2025,,partner_feed_a,False
L001070,GSW v NOP,11/30/25,Chase Center,scraped_feed_b,False
L001071,NOP AT GSW,2025-11-30,Chase Center,partner_feed_a,False
L001072,Los Angeles Lakers vs Cleveland Cavaliers,"January 29, 2026",Rocket Arena,official_feed,False
L001073,LAL AT CLE,1/29/2026,,partner_feed_a,False
L001074,Los Angeles Lakers vs Cleveland Cavaliers,"January 29, 2026",Rocket Arena,official_feed,False
L001075,LAL at CLE,"January 29, 2026",Rocket Arena,partner_feed_a,False
L001076,DET v. PTI,12/21/25,Ford Field,scraped_feed_c,False
L001077,Detroit Lions vs Pittsburgh Steelers,December 21,Ford Field,official_feed,False
L001078,Detroit Lions vs Pittsburgh Steelers,12/21/25,Ford Field,official_feed,False
L001079,Pittsburgh Steelers vs Detroit Lions,December 21,Ford Field,partner_feed_a,False
L001080,BOS vs PHI,April 26,Xfinity Mobile Arena,scraped_feed_c,False
L001081,BOS vs PHI,2026-04-26,Xfinity Mobile Arena,scraped_feed_b,False
L001082,bos vs phi,2026-04-26,Xfinity Mobile Arena,partner_feed_a,False
L001083,BOSTON CELTICS AT PHILADELPHIA 76ERS,2026-04-26,Xfinity Mobile Arena,partner_feed_a,False
L001084,SAN ANTONIO SPURS VS NEW YORK KNICKS,6/6/26,AT&T Center,partner_feed_a,False
L001085,  SAS  v. NYK ,June 6,Frost Bank Center,scraped_feed_c,False
L001086,New York Knicks at San Antonio Spurs,6/6/2026,Frost Bank Center,official_feed,False
L001087,  SAS  v. NYK ,6/6/26,Frost Bank Center,scraped_feed_b,False
L001088,LA Clippers vs Detroit Pistons,1/11/26,Little Caesars Arena,official_feed,False
L001089,Detroit Pistons vs LA Clippers,1/11/2026,Little Caesars Arena,partner_feed_a,False
L001090,LA Clippers vs Detroit Pistons,"January 11, 2026",Little Caesars Arena,official_feed,False
L001091,DET vs LA Clippers,1/11/2026,Little Caesars Arena,partner_feed_a,False
L001092,  ATLANTA  HAWKS VS INDIANA PACERS ,"January 25, 2026",State Farm Arena Atlanta,scraped_feed_c,True
L001093,Indiana Pacers vs Atlanta Hawks,January 26,State Farm Arena,scraped_feed_b,False
L001094,IND at ATL,2026-01-26,,scraped_feed_c,False
L001095,Atlanta Hawks vs Indiana Pacers,January 26,State Farm Arena,official_feed,False
L001096,Denver Nuggets vs Philadelphia 76ers,"January 6, 2026",Xfinity Mobile Arena,official_feed,False
L001097,Philadelphia 76ers vs Denver Nuggets,1/6/2026,Xfinity Mobile Arena,partner_feed_a,False
L001098,Philadelphia 76ers vs Denver Nuggets,January 6,Xfinity Mobile Arena,official_feed,False
L001099,Dever Nuggets vs Philadelphia 76era,1/6/2026,XMA,scraped_feed_b,False
L001100,Toronto Raptors vs Milwaukee Bucks,2/22/26,Fiserv Forum,official_feed,False
L001101,TOR&nbsp;at MIL,2026-02-22,Fiserv Forum Milwaukee,scraped_feed_b,False
L001102,Toronto Raptors at Milwaukee Bucks,February 22,Fiserv Forum,official_feed,False
L001103,Toronto Raptors vs Milwaukee Bucks,February 22,Fiserv Forum,official_feed,False
L001104,NYK at MIL,February 28,Fiserv Forum,partner_feed_a,False
L001105,New York Knicks vs Milwaukee Bucks,2/28/2026,Fiserv Forum,official_feed,False
L001106,  NYK  AT MIL ,,BC,scraped_feed_c,False
L001107,NYK at MIL,2/28/26,Fiserv Forum,partner_feed_a,False
L001108,CHI vs MIA,2/1/26,,scraped_feed_c,False
L001109,IMA vs CH,February 1,KC,scraped_feed_c,False
L001110,Chicago Bulls vs Miami Heat,February 1,Kaseya Center,official_feed,False
L001111,Chicago&nbsp;Bulls vs Miami Heat,2/1/2026,Kaseya Center,scraped_feed_b,False
L001112,New York Knicks vs Washington Wizards,"November 4, 2025",Madison Square Garden,official_feed,False
L001113,WAS vs NYK,11/4/2025,MSG,scraped_feed_b,False
L001114,Washington Wizards at New York Knicks,11/4/25,Madison Square Garden,official_feed,False
L001115,Washington Wizards at New York Knicks,11/4/25,Madison Square Garden,official_feed,False
L001116,  NYK  vs ATL ,4/23/2026,Madison Square Garden,scraped_feed_c,True
L001117,Atlanta Hawks vs New York Knicks,2026-04-21,Madison Square Garden,official_feed,False
L001118,Atlanta Hawks at New York Knicks,2026-04-21,Madison Square Garden,scraped_feed_b,False
L001119,Atlanta Hawks @ New uork Knicks,4/21/2026,Madison Square Garden Arena,scraped_feed_b,False
L001120,  HOU  vs ORL ,February 27,Kia Center,scraped_feed_b,False
L001121,Houston Rockets vs Orlando Magic,2/27/2026,Kia Center,official_feed,False
L001122,Houston Rockets at Orlando Magic,2026-02-27,Kia Center,partner_feed_a,False
L001123,Houston Rockets vs Orlando Magic,February 27,Kia Center,official_feed,False
L001124,MIL at CLE,October 26,,scraped_feed_b,False
L001125,MILa t CLE,10/26/25,Rocket Arena,scraped_feed_b,False
L001126,MIL at CLE,10/26/2025,,partner_feed_a,False
L001127,Milwaukee Bucks vs Cleveland Cavaliers,October 26,Rocket Arena,official_feed,False
L001128,DAL&nbsp;v. CHA,"October 12, 2025",American Airlines Center,scraped_feed_b,False
L001129,DAL vs CHA,October 12,,scraped_feed_c,False
L001130,  cha  @ dal ,2025-10-12,American Airlines Center,scraped_feed_c,False
L001131,CHA&nbsp;VS DAL,10/12/2025,American Airlines Center,scraped_feed_c,False
L001132,DET vs CLE,,Rocket Arena,scraped_feed_c,False
L001133,Detroit Pistons vs Cleveland Cavaliers,"March 4, 2026",Rocket Arena,official_feed,False
L001134,&nbsp; DET  at CLE ,"March 4, 2026",Quicken Loans Arena,scraped_feed_b,False
L001135,Detroit Pistons vs Cleveland Cavaliers,2026-03-04,Rocket Arena,official_feed,False
L001136,New England Patriots at Miami Dolphins,9/14/25,Hard Rock Stadium,official_feed,False
L001137,New England Patriots vs Miami Dolphins,"September 14, 2025",Hard Rock Stadium,official_feed,False
L001138,New England Patriots at Miami Dolphins,September 14,Hard Rock Stadium,partner_feed_a,False
L001139,NE vs MIA,"September 14, 2025",SLS,scraped_feed_c,False
L001140,washington wizards at denver nuggets,1/18/26,Ball Arena,partner_feed_a,False
L001141,DEN vs WAS,1/18/2026,Ball Arena Denver,partner_feed_a,False
L001142,Washington Wizards at Denver Nuggets,January 18,Ball Arena,official_feed,False
L001143,EDN vs qAS,January 18,Ball Arena,scraped_feed_c,False
L001144,Detroit Pistons vs Memphis Grizzlies,11/4/25,FedExForum,partner_feed_a,False
L001145,Memphis Grizzlies vs Detroit Pistons,November 4,FedExForum,official_feed,False
L001146,memphis grizzlies vs detroit pistons,"November 4, 2025",F,scraped_feed_b,False
L001147,Memphis Grizzlies vs Detroit Pistons,2025-11-04,FedExForum,partner_feed_a,False
L001148,WAS vs ATL,2025-09-28,Mercedes-Benz Stadium,partner_feed_a,False
L001149,Atlanta Falcons vs Washington Commanders,September 28,Mercedes-Benz Stadium,partner_feed_a,False
L001150,washington commanders at atlanta falcons,September 28,Mercedes-Benz Stadium,partner_feed_a,False
L001151,Atlanta Falcons vs Washington Commanders,2025-09-28,Mercedes-Benz Stadium,official_feed,False
L001152,LAL vs OR,"March 19, 2026",Kia Center,scraped_feed_c,True
L001153,ORL vs LAL,"March 21, 2026",,scraped_feed_b,False
L001154,ALL at ORL,"March 21, 2026",Kia Center,scraped_feed_c,False
L001155,  Los  Angeles Lakers at Orlando Magic ,2026-03-22,Kia Center,scraped_feed_c,True
L001156,New Orleans Pelicans vs Milwaukee Bucks,2/21/26,Smoothie King Center,partner_feed_a,False
L001157,NOP v. MIL,2/21/2026,SKC,scraped_feed_c,False
L001158,NOP vs MIL,"February 21, 2026",New Orleans Arena,scraped_feed_b,False
L001159,New Orleans Pelicans vs Milwaukee Bucks,"February 21, 2026",Smoothie King Center,official_feed,False
L001160,LA Clippers vs Dallas Mavericks,"November 30, 2025",Intuit Dome,official_feed,False
L001161,LA Clippers vs Dallas Mavericks,"November 30, 2025",Intuit Dome,official_feed,False
L001162,  LA  Clippers vs DAL ,,Intuit Dome,scraped_feed_b,False
L001163,la clippers vs dallas mavericks,"November 30, 2025",Intuit Dome Los Angeles,partner_feed_a,False
L001164,dallas mavericks v. chicago bulls,April 13,AAC,scraped_feed_c,False
L001165,Chicago Bulls vs Dallas Mavericks,"April 13, 2026",AAC,scraped_feed_c,False
L001166,dal vs chi,2026-04-13,American Airlines Center,partner_feed_a,False
L001167,Chicago Bulls at Dallsa Mavericks,"April 13, 2026",American Airlines Center,scraped_feed_b,False
L001168,Portland Trail Blazers at Utah Jazz,October 17,Delta Center,partner_feed_a,False
L001169,uta v. por,2025-10-17,Delta Center,scraped_feed_b,False
L001170,Portland Trail Blazers v. Utah Jazz,October 17,Delta Center Salt Lake,scraped_feed_c,False
L001171,Portland Trail Blazers vs Utah Jazz,"October 17, 2025",Delta Center,official_feed,False
L001172,Milwaukee Bucks vs Denver Nuggets,"January 24, 2026",Fiserv Forum,partner_feed_a,False
L001173,Milwaukee Bucks vs Denver Nuggets,"January 24, 2026",Fiserv Forum,partner_feed_a,False
L001174,Denver Nuggets at Milwaukee Bucks,"January 24, 2026",Fiserv Forum,scraped_feed_c,False
L001175,DEN vs MIL,1/24/2026,Fiserv Forum,scraped_feed_c,False
L001176,NYJ at MIA,9/27/2025,Hard Rock Stadium,scraped_feed_b,True
L001177,New York hets @ Miami Dolhpins,September 29,Hard Rock Stadium,scraped_feed_c,False
L001178,New York Jets at Miami Dolphins,"September 29, 2025",Hard Rock Stadium,official_feed,False
L001179,New York Jets vs Miami Dolphins,9/29/25,Hard Rock Stadium,official_feed,False
L001180,Toronto Raptors vs New York Knicks,November 30,The Garden,scraped_feed_b,False
L001181,New York Knicks vs Toronto Raptors,November 30,Madison Square Garden,official_feed,False
L001182,TOR @ NYK,November 30,The Garden,scraped_feed_c,False
L001183,toronto raptors at new york knicks,November 30,,partner_feed_a,False
L001184,  FAL  VS CHQ ,3/4/26,Spectrum Center,scraped_feed_c,False
L001185,dallas mavericks at charlotte hornets,2026-03-04,,scraped_feed_c,False
L001186,Dallas Mavericks at Charlotte Hornets,3/4/2026,Spectrum Center,official_feed,False
L001187,Dallas Mavericks vs Charlotte Hornets,March 4,Spectrum Center,official_feed,False
L001188,Oklahoma City Thunder vs Detroit Pistons,2/26/2026,Little Caesars Arena,official_feed,False
L001189,Oklahoma City Thunder at Detroit Pistons,2/26/26,Little Caesars Arena,official_feed,False
L001190,OKC at DT,"February 26, 2026",Little Caesars Arena,scraped_feed_b,False
L001191,OKC vs DET,February 26,Little Caesars Arena,scraped_feed_b,False
L001192,Washington Wizards at LA Clippers,2026-01-15,Intuit Dome,partner_feed_a,False
L001193,la clippers vs washington wizards,1/15/26,Intuit Dome,partner_feed_a,False
L001194,LA Clippers vs Washington Wizards,1/15/2026,Intuit Dome,official_feed,False
L001195,Washington Wizards at LA Clippers,1/15/26,Intuit Dome,official_feed,False
L001196,Boston Celtics at Minnesota Timberwolves,11/29/25,Target Center,official_feed,False
L001197,Boston Celtics vs Minnesota Timberwolves,11/29/2025,Target Center,partner_feed_a,False
L001198,Boston Celtics at Minnesota Timberwolves,11/29/2025,Target Center,scraped_feed_c,False
L001199,Minnesota Timberwolves vs Boston Celtics,11/29/25,Target Center,official_feed,False
L001200,CLE at CHA,2026-01-22,Spectrum Center,partner_feed_a,False
L001201,Cleveland Cavaliers vs Charlotte Hornets,1/22/2026,Spectrum Center,official_feed,False
L001202,Charlotte Hornets vs Cleveland Cavaliers,1/22/2026,Spectrum Center,official_feed,False
L001203,Cleveland Cavaliers vs Charlotte Hornets,1/22/26,Spectrum Center,official_feed,False
L001204,New York Knicks at Portland Trail Blazers,2026-01-11,Moda Center,official_feed,False
L001205,nyk at por,"January 11, 2026",Moda Center Portland,partner_feed_a,False
L001206,New York Knicks vs Portland Trail Blazers,"January 11, 2026",Moda Center,official_feed,False
L001207,NYK at POR,1/11/26,Moda Center,partner_feed_a,False
L001208,Cleveland Cavaliers vs Minnesota Timberwolves,January 9,Target Center Minneapolis,partner_feed_a,False
L001209,cle vs min,"January 9, 2026",Target Center,partner_feed_a,False
L001210,CLE v. MIN,January 9,Target Center,scraped_feed_c,False
L001211,CLE VS MIN,"January 9, 2026",Target Center,partner_feed_a,False
L001212,LA Clippers vs Los Agneles Lakers,January 23,Intuit Dome Los Angeles,scraped_feed_b,False
L001213,AL Clippers vs LAL,"January 23, 2026",Intuit Dome,scraped_feed_c,False
L001214,la cluppers vs lal,"January 23, 2026",Intuit Dome,scraped_feed_c,False
L001215,LA Clippers vs LAL,2026-01-23,Intuit Dome Los Angeles,partner_feed_a,False
L001216,Houston Rockets vs Dallas Mavericks,1/4/2026,American Airlines Center,official_feed,False
L001217,Houston Rockets at Dallas Mavericks,January 4,American Airlines Center,official_feed,False
L001218,Houston Rockets vs Dallas Mavericks,1/4/26,American Airlines Center,scraped_feed_c,False
L001219,Dallas Mavericks vs Houston Rockets,2026-01-04,American Airlines Center,official_feed,False
L001220,LA Clippers vs Portland Trail Blazers,2025-10-27,Intuit Dome,scraped_feed_b,False
L001221,LA Clippers vs Portland Trail Blazers,10/27/2025,Intuit Dome,official_feed,False
L001222,Portland Trail Blazers vs LA Clippers,2025-10-27,Intuit Dome Los Angeles,partner_feed_a,False
L001223,LA CLIPPERS VS PORTLAND TRAIL BLAZERS,"October 27, 2025",,partner_feed_a,False
L001224,  DENEVR  BRNOCOS VS KANSAS CITY CHIEFS ,"November 16, 2025",Empower Field at Mile High,scraped_feed_c,False
L001225,Denver Broncos vs Kansas City Chiefs,"November 16, 2025",Empower Field at Mile High,official_feed,False
L001226,DEN vs KC,2025-11-16,Empower Field at Mile High,partner_feed_a,False
L001227,  DEN  v. KC ,"November 16, 2025",,scraped_feed_c,False
L001228,  PHI  VS HOU ,"April 10, 2026",TC,scraped_feed_b,False
L001229,phi vs hou,April 10,Toyota Center (Houston),partner_feed_a,False
L001230,PHI&nbsp;vs HOU,April 9,TC,scraped_feed_b,True
L001231,Houston Rockets vs Philadelphia 76ers,4/10/26,Toyota Center (Houston),official_feed,False
L001232,okx cs bos,3/25/26,TD Garden,scraped_feed_b,False
L001233,Oklahoma City rhunder vs Boston Celtivs,,Fleet Center,scraped_feed_c,False
L001234,Boston Celtics vs Oklahoma City Thunder,2026-03-25,TD Garden,official_feed,False
L001235,Oklahoma City Thunder at Boston Celtics,3/25/26,TD Garden,scraped_feed_b,False
L001236,DEN vs CIN,9/30/2025,Empower Field at Mile High,partner_feed_a,False
L001237,Denver Broncos vs Cincinnati Bengals,September 30,Empower Field at Mile High,official_feed,False
L001238,Cincinnati Bengals vs Denver Broncos,2025-09-30,Empower Field at Mile High,official_feed,False
L001239,Cincinnati Bengals vs Denver Broncos,"September 30, 2025",Empower Field at Mile High,official_feed,False
L001240,Philadelphia 76ers at Detroit Pistons,"November 15, 2025",Little Caesars Arena,official_feed,False
L001241,Philadelphia 76ers at Detroit Pistons,11/15/2025,Little Caesars Arena,official_feed,False
L001242,Philadelphia 76ers vs Detroit Pistons,2025-11-15,Little Caesars Arena,official_feed,False
L001243,PHI @ DET,2025-11-15,,scraped_feed_b,False
L001244,cle at chi,3/20/26,United Center,partner_feed_a,False
L001245,CLE at CHI,2026-03-20,United Center Chicago,partner_feed_a,False
L001246,CLE AT CHI,3/19/2026,United Center,scraped_feed_b,True
L001247,Cleveland&nbsp;Cavaliers at Chicago Bukls,,UC,scraped_feed_c,True
L001248,por v. cle,December 4,The Q,scraped_feed_c,False
L001249,CLE vs POR,2025-12-04,Rocket Arena,partner_feed_a,False
L001250,Portland Trail Blazers @ Cleveland Cavaliers,,RA,scraped_feed_c,True
L001251,Cleveland Cavaliers vs Portland Trail Blazers,12/4/2025,Rocket Arena,official_feed,False
L001252,Phoenix Suns at Orlando Magic,"March 31, 2026",Kia Center,official_feed,False
L001253,Orlando Magic vs Phoenix Suns,"March 31, 2026",Amway Center,partner_feed_a,False
L001254,orl vs phx,,AC,scraped_feed_c,False
L001255,Orlando Magic vs Phoenix Suns,2026-03-31,Kia Center,official_feed,False
L001256,Miami Heat vs Philadelphia 76ers,3/30/26,Kaseya Center,scraped_feed_b,False
L001257,  Maimi  Heat vs Phildaelphia 76ers ,March 30,Kaseya Center,scraped_feed_c,False
L001258,  Philadelphia  76ers vs Miami Heat ,"March 30, 2026",,scraped_feed_b,False
L001259,PHILADELPHIA 76ERS AT MIAMI HEAT,"March 30, 2026",FTX Arena,scraped_feed_b,False
L001260,Memphis Grizzlies v. Oklahoma City Thunder,"November 9, 2025",FedExForum,scraped_feed_b,False
L001261,MEMPHIS GRIZZLIES VS OKLAHOMA CITY THNDER,11/9/2025,FedEx Forum,scraped_feed_b,False
L001262,Memphis Grizzlies vs Oklahoma City Thunder,"November 9, 2025",FedEx Forum,scraped_feed_b,False
L001263,KC v. MME,2025-11-10,FedExForum,scraped_feed_c,True
L001264,Golden State Warroirs vs Chicago Bulls,2025-12-08,UC,scraped_feed_b,False
L001265,Golden State Warriors v. Chicago Bulls,12/8/2025,UC,scraped_feed_c,False
L001266,CHICAGO BULLS VS GOLDEN STATE WARRIORS,"December 8, 2025",United Center,partner_feed_a,False
L001267,Golden State Warriors at Chicago Bulls,12/8/25,United Center,official_feed,False
L001268,Milwaukee Bucks at Boston Celtics,2/1/26,TD Garden,official_feed,False
L001269,Boston Celtics vs Milwaukee Bucks,2/1/26,TD Garden,official_feed,False
L001270,MIL atBOS,2/1/26,,scraped_feed_b,False
L001271,Milwaukee Bucks vs Boston Celtics,2/1/2026,TD Garden,official_feed,False
L001272,Cleveland Cavaliers vs Los Angeles Lakers,April 1,crypto.com Arena,official_feed,False
L001273,Cleveland Cavaliers at Los Angeles Lakers,"April 1, 2026",crypto.com Arena,official_feed,False
L001274,LAL vs CLE,"April 1, 2026",crypto.com Arena,partner_feed_a,False
L001275,CLE svL AL,April 1,crypto.com Arena,scraped_feed_b,False
L001276,Sacramento Kings at Boston Celtics,1/31/26,TD Garden,official_feed,False
L001277,sac&nbsp;vs bos,1/31/2026,TD Garden,scraped_feed_b,False
L001278,Boston Celtics vs Sacramento Kings,January 31,TD Garden,official_feed,False
L001279,BSO vs SAC,,TG,scraped_feed_c,False
L001280,GSW vs LA Clippers,"October 18, 2025",Chase Center,partner_feed_a,False
L001281,LA Clippws at GSW,10/18/25,CC,scraped_feed_c,False
L001282,LA CLIPPERS VS GOLDEN STATE WARRIORS,10/18/25,Chase Center Arena,partner_feed_a,False
L001283,LA CLIPPERS AT GSW,10/18/25,Chase Center,partner_feed_a,False
L001284,Boston Celtics vs Indiana Pacers,"January 13, 2026",Gainbridge Fieldhouse,official_feed,False
L001285,ind vs bos,"January 13, 2026",Gainbridge Fieldhouse,partner_feed_a,False
L001286,BOS at IND,1/13/2026,GF,scraped_feed_c,False
L001287,  IND  v. BOS ,"January 13, 2026",Gainbridge Fieldhouse,scraped_feed_c,False
L001288,Utah&nbsp;Jazz @ Cleveland Cavaliers,"January 13, 2026",Rocket Arena,scraped_feed_b,False
L001289,UTA vs CLE,"January 13, 2026",Rocket Arena Cleveland,partner_feed_a,False
L001290,UTA vs CLE,1/13/26,Rocket Arena,scraped_feed_c,False
L001291,UTA @ CLE,"January 13, 2026",The Q,scraped_feed_b,False
L001292,Orlando Magic vs Miami Heat,12/6/2025,Kia Center,official_feed,False
L001293,miami heat vs orlando magic,"December 6, 2025",Kia Center,partner_feed_a,False
L001294,Miami Heat at Orlando Magic,"December 6, 2025",Kia Center,official_feed,False
L001295,orl vs nia,,,scraped_feed_c,False
L001296,BAL vs HOU,10/5/2025,M&T Bank Stadium,partner_feed_a,False
L001297,houston texans at baltimore ravens,10/5/25,M&T Bank Stadium,partner_feed_a,False
L001298,HOU atBAL,10/5/25,PS,scraped_feed_c,False
L001299,Houston Texans v. Baltimore Ravens,10/5/25,MBS,scraped_feed_c,False
L001300,Charlotte Hornets vs Milwaukee Bucks,November 15,Bradley Center,scraped_feed_c,False
L001301,CHA at MIL,"November 15, 2025",Fiserv Forum,scraped_feed_b,False
L001302,Milwaukee Bucks vs Charlotte Hornets,"November 15, 2025",Fiserv Forum,scraped_feed_c,False
L001303,Charlotte Hornets vs Milwaukee Bucks,November 15,Fiserv Forum,official_feed,False
L001304,CHA VS HOU,2/20/2026,,partner_feed_a,False
L001305,HOU at CAH,"February 20, 2026",SC,scraped_feed_c,False
L001306,Houston Rockets at Charlotte Hornets,2026-02-20,Spectrum Center,official_feed,False
L001307,HOU vs CHA,2/20/2026,,partner_feed_a,False
L001308,Atlanta Hawks at Milwaukee Bucks,3/5/26,Fiserv Forum,official_feed,False
L001309,MIL vs ATL,March 5,,partner_feed_a,False
L001310,Atlanta Hawks at Milwaukee Bucks,"March 5, 2026",Fiserv Forum,official_feed,False
L001311,Atlanta Hawks at Milwaukee Bucks,3/5/26,Fiserv Forum,official_feed,False
L001312,  Orlando  Magic at Detroit Pitons ,2026-04-19,Little Caesars Arena Detroit,scraped_feed_c,False
L001313,ORL at DET,4/19/26,Little Caesars Arena Detroit,partner_feed_a,False
L001314,Orlando Magic at Detroit Pistons,April 19,Little Caesars Arena,official_feed,False
L001315,Orlando Magic at DetroitP istons,"April 19, 2026",Little Caesars Arena,scraped_feed_c,False
L001316,San Antonio Spurs at Indiana Pacers,January 3,Gainbridge Fieldhouse,official_feed,False
L001317,SA v. ImD,1/3/2026,GF,scraped_feed_c,False
L001318,SAS at IND,January 3,Gainbridge Fieldhouse,partner_feed_a,False
L001319,Indiana&nbsp;Pacers vs San Antonio Spurs,2026-01-03,Gainbridge Fieldhouse,scraped_feed_b,False
L001320,Jacksonville Jaguars vs Seattle Seahawks,October 12,EverBank Stadium,official_feed,False
L001321,SEA at JAX,"October 12, 2025",EverBank Stadium,partner_feed_a,False
L001322,Seattle Seahawks vs Jacksonville Jaguars,October 12,EverBank Stadium,partner_feed_a,False
L001323,  Seattl  eSeahawks v. Jacksonville Jaguars ,2025-10-12,JMS,scraped_feed_b,False
L001324,Philadelphia Eagles vs Washington Commanders,December 20,Northwest Stadium,official_feed,False
L001325,Washington Commanders vs Philadelphia Eagles,"December 20, 2025",Northwest Stadium,official_feed,False
L001326,phi&nbsp;at was,December 20,Northwest Stadium,scraped_feed_b,False
L001327,Washington Commanders vs Philadelphia Eagles,12/20/2025,,partner_feed_a,False
L001328,  sAL  vs GWS ,"March 24, 2026",,scraped_feed_b,False
L001329,Dallas&nbsp;Mavericks vs Golden State Warriors,2026-03-24,American Airlines Center,scraped_feed_b,False
L001330,Golden State Warriors vs Dallas Mavericks,March 24,American Airlines Center,official_feed,False
L001331,gsw vs dal,March 24,,scraped_feed_b,False
L001332,IND at PHI,January 20,Xfinity Mobile Arena,partner_feed_a,False
L001333,Philadelphia 76ers vs Indiana Pacers,1/20/26,Xfinity Mobile Arena,official_feed,False
L001334,Indiana Pacers at Philadelphia 76ers,"January 20, 2026",Xfinity Mobile Arena,partner_feed_a,False
L001335,  Philadelphia  76ers vs Indiana Pacers ,1/20/2026,Xfinity Mobile Arena,scraped_feed_b,False
L001336,Orlando Magic v. Memphis Grizzlies,1/15/26,Uber Arena,scraped_feed_c,False
L001337,Memphis Grizzlies at Orlando Magic,,Uber Arena,partner_feed_a,False
L001338,Memphis Grizzlies at Orlando Magic,"January 15, 2026",Uber Arena,official_feed,False
L001339,Memphis Grizzlies at Orlando Magic,1/15/26,Uber Arena,official_feed,False
L001340,  sac  at por ,October 9,Moda Center,scraped_feed_b,True
L001341,Sacramento Kings vs Portland Trail Blazers,October 11,Moda Center,official_feed,False
L001342,Portland Trail Blazers vs Sacramento Kings,"October 11, 2025",Moda Center,partner_feed_a,False
L001343,Portland Trail Blazers vs Sacramento Kings,10/11/25,Moda Center,official_feed,False
L001344,&nbsp; phx  vs mem ,,,scraped_feed_c,False
L001345,phx vs mem,2026-03-31,FedEx Forum,scraped_feed_b,False
L001346,PHOENIX SUNS AT MEMPHIS GRIZZLIES,"March 31, 2026",FedExForum,scraped_feed_b,False
L001347,ohx v. mem,2026-03-31,FF,scraped_feed_b,False
L001348,DETv s CLE,,Little Caesars Arena,scraped_feed_b,False
L001349,DET&nbsp;vs CLE,"October 25, 2025",Little Caesars Arena,scraped_feed_c,True
L001350,Detroit Pistons vs Cleveland Cavaliers,10/27/2025,Little Caesars Arena,scraped_feed_b,False
L001351,DET V CLE,10/29/2025,Little Caesars Arena,scraped_feed_b,True
L001352,  Utah  Jazz vs Orlando Magic ,12/21/2025,,scraped_feed_b,False
L001353,orl v. ua,12/21/2025,,scraped_feed_c,False
L001354,Orlando Magic at Utah Jazz,December 21,,scraped_feed_c,False
L001355,UTA vs ORL,12/21/2025,Delta Center,partner_feed_a,False
L001356,  an  antonio spurs at orlando nagic ,December 4,Kia Center Orlando,scraped_feed_b,False
L001357,ORL vs SAS,2025-12-04,Kia Center,partner_feed_a,False
L001358,SAS VS OL,December 4,Kia Center,scraped_feed_b,False
L001359,San Antonio Spurs vs Orlando Magic,"December 4, 2025",Kia Center,scraped_feed_c,False
L001360,Detroit Pistons vs Cleveland Cavaliers,5/15/2026,Rocket Arena,partner_feed_a,False
L001361,cleveland cavaliers vs detroit pistons,May 14,The Q,scraped_feed_b,True
L001362,CLE VS DET,5/15/26,Rocket Arena,partner_feed_a,False
L001363,Cleveland Cavaliers vs Detroit Pistons,"May 15, 2026",Rocket Arena,official_feed,False
L001364,sacramento kings vs moami heat,12/7/2025,KC,scraped_feed_b,False
L001365,Miami Heat vs Sacramento Kings,12/7/25,Kaseya Center,official_feed,False
L001366,Miami Heat vs Sacramento Kings,December 7,Kaseya Center,official_feed,False
L001367,  IA  vs SAC ,"December 7, 2025",,scraped_feed_b,False
L001368,Brooklyn Nets vs Phoenix Suns,1/28/2026,Mortgage Matchup Center,official_feed,False
L001369,Brooklyn Nets at Phoenix Suns,2026-01-28,Mortgage Matchup Center,official_feed,False
L001370,BKN&nbsp;vs PHX,2026-01-28,,scraped_feed_c,False
L001371,PHX VS BKN,"January 28, 2026",Mortgage Matchup Center,partner_feed_a,False
L001372,PHOENIX SUNS AT DALLAS MAVERICKS,November 13,American Airlines Center,scraped_feed_c,False
L001373,Phoenix Suns at Dallas Mavericks,November 13,American Airlines Center,scraped_feed_b,False
L001374,PHX at DAL,"November 13, 2025",,partner_feed_a,False
L001375,Dallas Mavericks vs Phoenix Suns,November 13,American Airlines Center,scraped_feed_b,False
L001376,Los Angeles Lakers vs Houston Rockets,"April 27, 2026",Toyota Center (Houston),official_feed,False
L001377,Los Angeles Lakers vs Houston Rockets,April 27,Toyota Center (Houston),official_feed,False
L001378,LAL vs HOU,2026-04-27,Toyota Center (Houston),partner_feed_a,False
L001379,Houston Rockets vs Los Angeles Lakers,4/27/2026,Toyota Center (Houston),partner_feed_a,False
L001380,  Los  Angeles Lakers v. Brooklyn Nets ,3/28/2026,A,scraped_feed_c,False
L001381,bkn at lal,March 28,crypto.com Arena,scraped_feed_c,False
L001382,Brooklyn Nets vs Los Angeles Lakers,3/28/2026,crypto.com Arena,scraped_feed_b,False
L001383,LAL VS BKN,March 26,crypto.com Arena,scraped_feed_c,True
L001384,New Orleans Pelicans at Atlanta Hawks,1/8/26,State Farm Arena,partner_feed_a,False
L001385,ATLANTA HAWKS VS NEW ORLEANS PELICANS,1/8/26,Philips Arena,partner_feed_a,False
L001386,New Orleans Pelicans at Atlanta Hawks,1/8/2026,State Farm Arena,official_feed,False
L001387,Atlanta Hawks vs New Orleans Pelicans,1/8/2026,State Farm Arena,scraped_feed_b,False
L001388,Golden State Warriors at Sacramento Kings,November 6,Golden 1 Center,official_feed,False
L001389,  SAC  v. GSW ,,Golden 1 Center,scraped_feed_c,False
L001390,Golden State Warriors vs Sacramento Kings,11/6/25,Golden 1 Center,official_feed,False
L001391,Golden State Warriors at Sacramento Kings,11/6/2025,Golden 1 Center,partner_feed_a,False
L001392,Miami Heat @ Washington Wizards,4/10/2026,Capital One Arena,scraped_feed_b,False
L001393,Washington Wizards vs Miami Heat,4/10/2026,Capital One Arena,partner_feed_a,False
L001394,was vs mia,2026-04-10,Capital One Arena,partner_feed_a,False
L001395,miami heat at washington wizards,4/10/26,,partner_feed_a,False
L001396,BROOKLYN NETS AT DALLAS MAVERICKS,12/13/25,AAC,partner_feed_a,False
L001397,Brooklyn Nets at Dallas Mavericks,2025-12-13,American Airlines Center,official_feed,False
L001398,brooklyn nets vs dallas mavericks,"December 13, 2025",American Airlines Center,partner_feed_a,False
L001399,dal vs bkn,12/13/25,American Airlines Center,partner_feed_a,False
L001400,Cleveland Cavaliers vs Orlando Magic,3/11/2026,Kia Center,official_feed,False
L001401,ORL vs CLE,3/11/2026,KC,scraped_feed_c,False
L001402,CLEVELAND CAVALIERS VS ORLANDO MAGIC,"March 11, 2026",Kia Center,partner_feed_a,False
L001403,CLE AT ORL,March 11,,partner_feed_a,False
L001404,Oklahoma City Thunder vs Phoenix Suns,"April 28, 2026",Mortgage Matchup Center,official_feed,False
L001405,Oklahoma City Thunder at Phoenix Suns,2026-04-28,Mortgage Matchup Center,partner_feed_a,False
L001406,OKC AT PHX,"April 28, 2026",Mortgage Matchup Center,partner_feed_a,False
L001407,Oklahoma City Thunder vs Phoenix Suns,4/28/2026,Mortgage Matchup Center,partner_feed_a,False
L001408,MILWAUKEE BUCKS VS LA CLIPPERS,3/24/26,,scraped_feed_c,False
L001409,Milwaukee Bucks vs LA Clippers,2026-03-24,Intuit Dome,official_feed,False
L001410,Milwaukee Bucks at LA lCippers,3/24/26,Intuit Dome,scraped_feed_b,False
L001411,Milwaukee Bucks at LA Clippers,3/24/2026,Intuit Dome,official_feed,False
L001412,MIN v. CHA,"April 5, 2026",TCM,scraped_feed_c,False
L001413,Charlotte Hornets vs Minnesota Timberwolves,April 5,Target Center,official_feed,False
L001414,Charlotte Hornets vs Minnesota Timberwolves,2026-04-05,Target Center,official_feed,False
L001415,  MIN  vs CHA ,"April 6, 2026",,scraped_feed_c,True
L001416,DEN&nbsp;c LAC,September 21,SoFi Stadium Los Angeles,scraped_feed_c,False
L001417,LOS ANFELS CHARGERS VS DENVER BRONCOS,September 21,SoFi Stadium,scraped_feed_c,False
L001418,LAC vs DEN,"September 21, 2025",SoFi Stadium Los Angeles,partner_feed_a,False
L001419,Denver Broncos at Los Angeles Chargers,9/21/25,SoFi Stadium,official_feed,False
L001420,Cleveland Cavaliers v. New York Knicsk,"December 25, 2025",MSGA,scraped_feed_c,False
L001421,nyk vs cle,12/25/25,Madison Square Garden,partner_feed_a,False
L001422,Cleveland Cavaliers at New York Knicks,2025-12-25,MSG,scraped_feed_c,False
L001423,CLE at NYK,,Madison Square Garden,scraped_feed_c,False
L001424,BKN AT TOR,October 17,Scotiabank Arena,partner_feed_a,False
L001425,bkn at tor,10/17/25,Air Canada Centre,partner_feed_a,False
L001426,BKN va TpR,2025-10-17,Scotiabank Arena,scraped_feed_b,False
L001427,BKN vs TOR,10/17/25,Scotiabank Arena,scraped_feed_b,False
L001428,Philadelphia Eagles at Minnesota Vikings,October 19,U.S. Bank Stadium,official_feed,False
L001429,PHI vs MIN,10/19/25,US Bank Stadium,partner_feed_a,False
L001430,PHI at MIN,10/19/2025,US Bank Stadium,scraped_feed_b,False
L001431,min v. ph,2025-10-19,U.S. Bank Stadium,scraped_feed_b,False
L001432,  cin  @ pit ,11/17/25,Acrisure Stadium,scraped_feed_c,True
L001433,Pittsburgh Steelers vs Cincinnati Bengals,11/16/2025,Acrisure Stadium,official_feed,False
L001434,PIT vC IN,11/16/25,Acrisure Stadium,scraped_feed_b,False
L001435,PIT vs CIN,11/16/25,Heinz Field,partner_feed_a,False
L001436,Orlando Magic vs Detroit Pistons,April 6,Kia Center,official_feed,False
L001437,Orlando Magic vs Detroit Pistons,4/6/26,Kia Center,official_feed,False
L001438,DET at ORL,4/6/2026,Kia Center Orlando,partner_feed_a,False
L001439,DET at ORL,2026-04-06,Amway Center,partner_feed_a,False
L001440,Golden Sttae Warrors vs Houston Rockets,2026-03-06,,scraped_feed_c,False
L001441,Houston Rockets v. Golden State Wariors,March 6,Toyota Center (Houston),scraped_feed_b,False
L001442,HOU vs GSW,3/6/2026,Toyota Center (Houston),partner_feed_a,False
L001443,GSW at HOU,3/6/2026,,partner_feed_a,False
L001444,TOR atWAS,"December 27, 2025",Verizon Center,scraped_feed_b,False
L001445,TORONTO RAPTORS AT WASHINGTON WIZARDS,12/27/2025,Capital One Arena,partner_feed_a,False
L001446,TOe at WS,2025-12-27,MCI Center,scraped_feed_b,False
L001447,Toronto Raptors at Washington Wizards,"December 27, 2025",Capital One Arena,official_feed,False
L001448,New Orleans Saints v. Seattle Seahawks,"September 21, 2025",CenturyLink Field,scraped_feed_b,False
L001449,  sea  vs no ,"September 21, 2025",Lumen Field,scraped_feed_b,False
L001450,NO at SEA,9/21/2025,,scraped_feed_b,False
L001451,Seattle Seahawks vs New Orleans Saints,2025-09-21,Lumen Field,official_feed,False
L001452,Toronto Raptors vs Detroit Pistons,February 12,Scotiabank Arena,official_feed,False
L001453,Toronto Raptors vs Detroit Pistons,2/12/26,Scotiabank Arena,official_feed,False
L001454,Detroit Pistons vs Toronto Raptors,2026-02-12,Scotiabank Arena,scraped_feed_c,False
L001455,TORONTO RAPTORS VS DETROIT PISTONS,2026-02-12,Scotiabank Arena,scraped_feed_b,False
L001456,ORL VS LAL,2/25/26,crypto.com Arena,partner_feed_a,False
L001457,  Orlando  Magic vs Los Angeles Lakers ,2/25/2026,A,scraped_feed_b,False
L001458,LAL vs ORL,2026-02-25,A,scraped_feed_c,False
L001459,los angeles lakers vs orlando magic,2/25/2026,crypto.com Arena,scraped_feed_b,False
L001460,POR at HOU,"March 7, 2026",Toyota Center (Houston),partner_feed_a,False
L001461,HOU vs POR,3/7/26,Toyota Center (Houston),partner_feed_a,False
L001462,Portland Trail Blazers vs Houston Rockets,3/7/26,Toyota Center (Houston),official_feed,False
L001463,HOUSTON ROCKETS VS PORTLAND TRAIL BLAZERS,"March 7, 2026",Toyota Center (Houston),partner_feed_a,False
L001464,  NYK  v. GSW ,March 16,Madison Square Garden,scraped_feed_c,False
L001465,Golden State Warriors v. New York Knicks,2026-03-16,,scraped_feed_b,False
L001466,new york knicks vs golden state warriors,2026-03-16,Madison Square Garden,partner_feed_a,False
L001467,Golden State Warriors vs New York Knicks,March 16,Madison Square Garden,scraped_feed_b,False
L001468,atlanta hawks v. chicago bluls,"October 28, 2025",United Center,scraped_feed_b,False
L001469,  ATL  vs CHI ,October 28,UC,scraped_feed_c,False
L001470,CHI SV ATL,2025-10-28,United Center Chicago,scraped_feed_c,False
L001471,Atlanta Hawks at Chicago Bulls,October 28,United Center,official_feed,False
L001472,new orleans pelicans v. houston rockets,1/19/2026,,scraped_feed_c,False
L001473,Houston Rockets vs New Orleans Pelicans,2026-01-19,Toyota Center (Houston),official_feed,False
L001474,NOP vs HOU,January 19,,partner_feed_a,False
L001475,HOU vs NOP,January 20,Toyota Center (Houston),scraped_feed_b,True
L001476,Orlando Magic vs Miami Heat,"October 12, 2025",Kia Center,official_feed,False
L001477,Orlando Magic vs Miami Heat,October 12,Kia Center,scraped_feed_c,False
L001478,Orlando Magic vs Miami Heat,2025-10-12,Kia Center,partner_feed_a,False
L001479,oel vs ma,10/12/2025,Kia Center,scraped_feed_c,False
L001480,Indiana Pacers at Houston Rockets,2025-12-30,Toyota Center (Houston),partner_feed_a,False
L001481,Indiana Pacers at Houston Rockets,"December 30, 2025",Toyota Center (Houston),official_feed,False
L001482,Indiana Pacers vs Houston Rockets,2025-12-30,Toyota Center (Houston),official_feed,False
L001483,IND vs HOU,12/30/25,,scraped_feed_b,False
L001484,  NOP  vs ORL ,"October 16, 2025",Kia Center Orlando,scraped_feed_b,False
L001485,nop&nbsp;v ork,10/16/2025,Kia Center Orlando,scraped_feed_c,False
L001486,NEW ORLEANS PELICANS VS ORLANDO MAGIC,"October 16, 2025",Amway Center,partner_feed_a,False
L001487,Orlando Magic v. New Orleans Pelicans,10/18/25,Kia Center,scraped_feed_b,True
L001488,  Carolin  Panthers vs Dallas Coeboys ,10/12/2025,Bank of America Stadium,scraped_feed_b,False
L001489,Dallas Cowboys at Carolina Panthers,10/12/25,Bank of America Stadium,official_feed,False
L001490,Dallas Cowboys vs Carolina Panthers,2025-10-12,Bank of America Stadium,partner_feed_a,False
L001491,Carolina Panthers vs Dallas Cowboys,"October 12, 2025",Bank of America Stadium,official_feed,False
L001492,  hpx  v. dal ,,Mortgage Matchup Center,scraped_feed_c,False
L001493,  Dallas  Mavericks vs Phoenix Suns ,2026-02-11,Mortgage Matchup Center,scraped_feed_b,False
L001494,PHX vsf AL,2/11/26,MMC,scraped_feed_b,False
L001495,ALD at PHX,,Mortgage Matchup Center,scraped_feed_b,False
L001496,  INDIANA  PACERS AT WASHINGON WIZARDS ,,Capital One Arena,scraped_feed_b,False
L001497,IND @ WAS,2026-02-21,Capital One Arena,scraped_feed_c,False
L001498,Indiana Pacers at Washington Wizards,"February 21, 2026",Capital One Arena,official_feed,False
L001499,Indiana&nbsp;Pacers at Washington Wizards,2/21/26,Capital One Arena Washington,scraped_feed_c,False
L001500,  ATL  vs BKN ,"March 11, 2026",State Farm Arena Atlanta,scraped_feed_b,True
L001501,Brooklyn Nets vs Atlanta Hawks,"March 12, 2026",State Farm Arena,partner_feed_a,False
L001502,BKN vs ATL,3/12/26,State Farm Arena,partner_feed_a,False
L001503,Atltna Hawks vs Brooklyn Nets,2026-03-12,State Farm Arena Atlanta,scraped_feed_b,False
L001504,MIat POR,10/23/25,RG,scraped_feed_c,False
L001505,  MINNESOTA  TIMBERWOLVES AT PORTLAND TRAIL BLAZERS ,2025-10-22,Moda Center,scraped_feed_b,True
L001506,Minnesota Timberwolves at Portland Trail Blazers,October 23,Moda Center,partner_feed_a,False
L001507,Minnesota Timberwolves at Portland Trail Blazers,10/23/2025,Moda Center,official_feed,False
L001508,WAS vs BKN,2026-01-02,Capital One Arena,scraped_feed_c,True
L001509,BKN vs WAS,,Verizon Center,scraped_feed_c,False
L001510,Brooklyn Nets at Washington Wizards,1/3/2026,Capital One Arena,official_feed,False
L001511,Washington Wizards vs Brooklyn Nets,1/3/26,MCI Center,scraped_feed_c,False
L001512,dallas mavericks vs utah jazz,2026-01-17,American Airlines Center,scraped_feed_c,False
L001513,utah jazz vs dallas mavericks,"January 17, 2026",American Airlines Center,scraped_feed_b,False
L001514,utah jazz v. dalals mavericks,January 19,American Airlines Center,scraped_feed_b,True
L001515,Utah Jazz vs Dallas Mavericks,2026-01-17,American Airlines Center,partner_feed_a,False
L001516,Washington&nbsp;Wizards at Cleveland Cavaliers,"February 12, 2026",Rocket Arena,scraped_feed_b,False
L001517,Cleveland Cavaliers vs Washington Wizards,February 12,Rocket Arena,official_feed,False
L001518,WAS v. CL,2/12/26,,scraped_feed_c,False
L001519,CLE vs WAS,2/12/26,Rocket Arena Cleveland,partner_feed_a,False
L001520,MIA at DEN,,Ball Arena,partner_feed_a,False
L001521,Miami Heat vs Denver Nuggets,11/6/25,Ball Arena,official_feed,False
L001522,DENVER NUGGETS VS MIAMI HAET,November 6,,scraped_feed_c,False
L001523,Miami Heat v. Denver Nuggets,11/6/2025,,scraped_feed_b,False
L001524,PHI v. ATL,February 20,,scraped_feed_c,False
L001525,ATL vs PHI,2/20/26,Xfinity Mobile Arena,scraped_feed_b,False
L001526,  AL  VS PHI ,February 19,Xfinity Mobile Arena,scraped_feed_c,True
L001527,atl at phi,2026-02-20,,scraped_feed_c,False
L001528,  Dever  Nuggets v. Golden Sate Warriors ,February 22,,scraped_feed_b,False
L001529,Denver Nuggets at Golden State Warriors,2/22/26,Chase Center,official_feed,False
L001530,Golden State Warriors vs Denver Nuggets,February 22,Chase Center,scraped_feed_c,False
L001531,Denver Nuggets vs Golden State Warriors,2/22/2026,Chase Center,official_feed,False
L001532,New&nbsp;England Patriots vs Buffalo Bills,10/6/2025,Highmark Stadium (Old),scraped_feed_b,False
L001533,Buffalo Bills vs New England Patriots,October 6,Highmark Stadium (Old),partner_feed_a,False
L001534,NEW ENGLAND PATRIOTS AT BUFFALO BILLS,October 6,Highmark Stadium (Old),scraped_feed_c,False
L001535,NE vs BUF,"October 6, 2025",Highmark Stadium (Old),partner_feed_a,False
L001536,Indiana Pacers vs Milwaukee Bucks,2026-02-07,Fiserv Forum,official_feed,False
L001537,Indiana Pacers at Milwaukee Bucks,2/7/2026,Fiserv Forum,official_feed,False
L001538,MIL v IND,2026-02-07,Fiserv Forum,scraped_feed_c,False
L001539,IbD at IML,2/7/2026,Bradley Center,scraped_feed_b,False
L001540,MIAMI HEAT VS HOUSTON ROCKETS,3/2/2026,Kaseya Center,scraped_feed_b,True
L001541,Houston Rockets at Miami Heat,2/28/26,Kaseya Center,official_feed,False
L001542,HOU at MIA,2/28/2026,Kaseya Center,partner_feed_a,False
L001543,Miami Heat vs Houston Rockets,2/28/2026,Kaseya Center,official_feed,False
L001544,mew Orleans Pelicans v. Minnseota Timberwolves,,New Orleans Arena,scraped_feed_c,False
L001545,Minnesota Timberwolves at New Orleans Pelicans,2025-12-03,,partner_feed_a,False
L001546,  NOP  v. MIN ,12/3/2025,,scraped_feed_c,False
L001547,Minnesota Timberwolves vs New Orleans Pelicans,December 3,,partner_feed_a,False
L001548,DAL vs SAC,2/27/26,AAC,partner_feed_a,False
L001549,  Dallas  Mavericks v. Sacramento Kings ,"February 27, 2026",American Airlines Center,scraped_feed_c,False
L001550,DAL VS SAC,2/27/2026,American Airlines Center,partner_feed_a,False
L001551,Dallas Mavericks vs Sacramento Kings,2026-02-27,American Airlines Center,official_feed,False
L001552,Oklahoma City Thunder v. San Antonio Spurs,,Frost Bank Center,scraped_feed_b,False
L001553,Oklahoma City Thunder vs San Antonio Spurs,"May 23, 2026",Frost Bank Center,official_feed,False
L001554,  Oklahoma  City Thunder v. San Antonio Spurs ,5/23/26,Frost Bank Center,scraped_feed_b,False
L001555,San Antonio Spurs vs Oklahoma City Thunder,"May 23, 2026",Frost Bank Center,official_feed,False
L001556,TB vs NO,"October 26, 2025",Caesars Superdome,scraped_feed_c,False
L001557,New Orleans Saints vs Tampa Bay Buccaneers,October 26,Caesars Superdome,official_feed,False
L001558,tb&nbsp;at no,October 26,,scraped_feed_b,False
L001559,Tampa&nbsp;Bay Buccaneers vs New Orleans Saints,10/26/25,Caesars Superdome,scraped_feed_c,False
L001560,deb&nbsp;at okc,2025-10-18,Paycom Center,scraped_feed_c,False
L001561,Oklahoma City Thunder vs Denver Nuggets,October 18,PC,scraped_feed_c,False
L001562,Denver Nuggets v. Oklahoma City Thunder,"October 18, 2025",Paycom Center,scraped_feed_c,False
L001563,Denver Nuggets at Oklahoma City Thunder,2025-10-18,Paycom Center,official_feed,False
L001564,la clippers at miami heat,12/2/25,,scraped_feed_b,False
L001565,  LA  Clippers vs MIA ,"December 2, 2025",,scraped_feed_b,False
L001566,  LA  Clippers at Miami Heat ,12/2/2025,Kaseya Center,scraped_feed_b,False
L001567,LA&nbsp;Clippers at MIA,12/2/25,,scraped_feed_b,False
L001568,Utah Jazz vs Houston Rockets,February 24,TC,scraped_feed_b,False
L001569,Houston Rockets vs Utah Jazz,"February 24, 2026",Toyota Center (Houston),official_feed,False
L001570,Utah Jazz vs Houston Rockets,2/24/26,Toyota Center (Houston),scraped_feed_b,False
L001571,Houston Rockets vs Utah Jazz,2/24/26,Toyota Center (Houston),official_feed,False
L001572,Atlanta Hawks vs San Antonio Spurs,11/21/2025,Frost Bank Center,official_feed,False
L001573,San Antonio Spurs vs Atlanta Hawks,11/21/25,,scraped_feed_b,False
L001574,SAS vs ATL,2025-11-21,Frost Bank Center,partner_feed_a,False
L001575,San Antonio Spurs vs Atlanta Hawks,11/21/2025,Frost Bank Center,official_feed,False
L001576,Charlotte Hornets vs Houston Rockets,,,partner_feed_a,False
L001577,HOU v. CHA,,Toyota Center (Houston),scraped_feed_b,False
L001578,HOUSTO NROCKETS VS CHARLOTTE HORNETS,2/6/2026,Toyota Center (Houston),scraped_feed_c,False
L001579,Charlotte Hornets at Houston Rockets,"February 6, 2026",Toyota Center (Houston),official_feed,False
L001580,Minnesota Timberwolves at Utah Jazz,11/11/2025,Delta Center,partner_feed_a,False
L001581,  Utah  Jazz vs Minnesota Timberwolves ,"November 11, 2025",Delta Center,scraped_feed_c,False
L001582,  min  vs uta ,,Delta Center,scraped_feed_c,False
L001583,Minesota Timberwplves at Utah Jazz,November 11,Delta Center Salt Lake,scraped_feed_c,False
L001584,phx vs den,3/25/26,MMC,scraped_feed_b,False
L001585,Denver Nuggets vs Phoenix Suns,3/25/2026,Mortgage Matchup Center,official_feed,False
L001586,Denver Nuggets vs Phoenix Suns,"March 25, 2026",Mortgage Matchup Center,official_feed,False
L001587,Denver Nuggets at Phoenix Suns,March 25,Mortgage Matchup Center,partner_feed_a,False
L001588,Toronto Raptors vs Cleveland Cavaliers,May 3,Rocket Arena,official_feed,False
L001589,tor vs cle,2026-05-03,Rocket Arena,scraped_feed_c,False
L001590,  Cleveladn  Cavaliers vs Toronto Raptors ,May 3,Rocket Arena,scraped_feed_b,False
L001591,Cleveland Cabaliers vs Toronto Raptors,2026-05-03,,scraped_feed_c,False
L001592,Minnesota Timberwolves vs Memphis Grizzlies,2026-03-04,Target Center,partner_feed_a,False
L001593,  minnesotatimberwolves  vs memphis grizzlues ,March 4,Target Center Minneapolis,scraped_feed_c,False
L001594,ME&nbsp;Mvs MNI,"March 4, 2026",,scraped_feed_b,False
L001595,Memphis Grizzlies vs Minnesota Timberwolves,"March 4, 2026",Target Center,official_feed,False
L001596,Atlanta Hawks vs Denver Nuggets,December 6,State Farm Arena,partner_feed_a,False
L001597,Denver Nuggets vs Atlanta Hawks,12/6/2025,State Farm Arena,official_feed,False
L001598,ATL vs DEN,2025-12-06,,partner_feed_a,False
L001599,Denver Nuggets vs Atlanta Hawks,December 6,State Farm Arena,official_feed,False
L001600,houston rockets at new orleans pelicans,10/15/2025,Legacy Arena at BJCC,scraped_feed_b,False
L001601,Houston Rockets vs New Orelan Pelicans,10/15/25,Legacy Arena at BJCC,scraped_feed_c,False
L001602,NOP vs HOU,"October 15, 2025",Legacy Arena at BJCC,partner_feed_a,False
L001603,Houston Rockets at New Orleans Pelicans,2025-10-15,Legacy Arena at BJCC,official_feed,False
L001604,Indiana Pacers vs Detroit Pistons,11/25/2025,Gainbridge Fieldhouse,scraped_feed_b,False
L001605,DETROIT&nbsp;PISTONS VS INDIANA PACERS,November 25,,scraped_feed_b,False
L001606,Detroit Pistons at Indiana Pacers,"November 25, 2025",Gainbridge Fieldhouse,scraped_feed_c,False
L001607,Indiana Pacers vs Detroit Pistons,2025-11-25,Gainbridge Fieldhouse,official_feed,False
L001608,Sacramento Kings at San Antonio Spurs,"February 22, 2026",Moody Center,official_feed,False
L001609,Sacramento Kings at San Antonio Spurs,"February 22, 2026",Moody Center,partner_feed_a,False
L001610,sacramento kings @ san antonio spurs,"February 22, 2026",MC,scraped_feed_b,False
L001611,sac @ sa,2/22/26,Moody Center,scraped_feed_b,False
L001612,TOR vs ORL,2026-03-29,,partner_feed_a,False
L001613,Orlando Magic at Toronto Raptors,"March 29, 2026",Scotiabank Arena,official_feed,False
L001614,Orlando Magic vs Toronto Raptors,,Scotiabank Arena Toronto,scraped_feed_c,False
L001615,OR LVS TOR,,Scotiabank Arena,scraped_feed_b,False
L001616,SAS at GSW,2026-04-02,Chase Center,scraped_feed_c,False
L001617,San Antonio Suprs at Golden State Warriors,2026-04-02,,scraped_feed_c,False
L001618,an Antonio Spurs vs Gokden State Warriors,April 2,Chase Center,scraped_feed_c,False
L001619,San Antonio Spurs at Golden State Warriors,"April 2, 2026",Chase Center,scraped_feed_c,False
L001620,  indv  s orl ,12/31/2025,,scraped_feed_b,False
L001621,Indiana Pacers vs Orlando Magic,"December 31, 2025",Gainbridge Fieldhouse,official_feed,False
L001622,ORLANDO MAGIC AT INDIANA PACERS,December 31,,scraped_feed_c,False
L001623,Orlando Magic at Indiana Pacers,December 31,,official_feed,False
L001624,Minnesota Timberwolves vs Oklahoma City Thunder,January 30,,partner_feed_a,False
L001625,Minesota Timberwolves vs Oklahoma City Thunder,2026-01-30,,scraped_feed_b,False
L001626,OKC vs MIN,1/30/26,Target Center,scraped_feed_b,False
L001627,OKLAHOMA CITY THUNDER AT MINNESOTA TIMBERWOLVES,1/30/26,Target Center Minneapolis,scraped_feed_c,False
L001628,indianapolis colts vs tennessee titans,"September 21, 2025",Nissan Stadium,partner_feed_a,False
L001629,yEN vsIND,9/21/2025,Nissan Stadium,scraped_feed_c,False
L001630,&nbsp; TEN  bs ND ,,Nissan Stadium,scraped_feed_b,True
L001631,  Tennessee  Titans vs Indianapolis Colta ,9/21/2025,,scraped_feed_b,False
L001632,Baltimore Ravens at Cncinnati Bengals,12/14/2025,Paycor Stadium,scraped_feed_b,False
L001633,cin vs bal,"December 14, 2025",Paycor Stadium,partner_feed_a,False
L001634,Baltimore Ravens at Cincinnati Bengals,December 14,Paycor Stadium,official_feed,False
L001635,CIN vs BAL,12/14/25,,partner_feed_a,False
L001636,Portland Trail Blazers at Washington Wizards,1/28/26,Capital One Arena,official_feed,False
L001637,Portland Trail Blazers at Washington Wizards,1/28/2026,,scraped_feed_c,False
L001638,Washington Wizards vs Portland Trail Blazers,"January 28, 2026",Capital One Arena,official_feed,False
L001639,PRO V SWAS,"January 28, 2026",Capital One Arena,scraped_feed_b,False
L001640,Charlotte Hornets vs Detroit Pistons,"December 21, 2025",Little Caesars Arena Detroit,partner_feed_a,False
L001641,Charlotte Hornets vs Detroit Pistons,"December 21, 2025",Little Caesars Arena,official_feed,False
L001642,DET vs CHA,December 21,Little Caesars Arena,partner_feed_a,False
L001643,Detroit Pistons vs Charlotte Hornets,12/21/2025,Little Caesars Arena,official_feed,False
L001644,Utah Jazz at Sacramento Kings,10/25/2025,Golden 1 Center,official_feed,False
L001645,SCA&nbsp;v. UTA,2025-10-25,Golden 1 Center,scraped_feed_b,False
L001646,UTAH&nbsp;JAZZ VS SACRAMENTO KINGS,10/25/25,Golden 1 Center,scraped_feed_b,False
L001647,Utah Jazz at Sacramento Kings,October 25,Golden 1 Center,official_feed,False
L001648,Denver Nuggets at Miami Heat,"December 30, 2025",Kaseya Center,official_feed,False
L001649,Miami Heat vs Denver Nuggets,December 30,Kaseya Center,partner_feed_a,False
L001650,Denver Nuggets v. Mia iHeat,12/30/25,Kaseya Center,scraped_feed_b,False
L001651,Denver Nuggets at Miami Heat,"December 30, 2025",,partner_feed_a,False
L001652,  LAL  AT SAC ,,GC,scraped_feed_c,False
L001653,Sacramento Kings vs Los Angeles Lakers,October 27,Golden 1 Center,official_feed,False
L001654,Sacramento Kings vs Los Angeles Lakers,10/27/25,,scraped_feed_c,False
L001655,  SAC  vs LAL ,"October 27, 2025",Golden 1 Center,scraped_feed_b,False
L001656,Las Vegas Rqiders vs Los Angeles Chargers,September 15,Allegiant Stadium Las Vegas,scraped_feed_b,True
L001657,los angeles chargers at las vegas raiders,9/16/2025,,partner_feed_a,False
L001658,LAC AT LV,"September 16, 2025",Allegiant Stadium Las Vegas,partner_feed_a,False
L001659,KV S LAC,9/16/2025,Allegiant Stadium,scraped_feed_c,False
L001660,LA Clippers vs Brooklyn Nets,January 10,Barclays Center,official_feed,False
L001661,LA Clippers at Brooklyn Nets,1/10/26,Barclays Center,official_feed,False
L001662,LA Clippers vs BKN,1/10/26,Barclays Center Brooklyn,partner_feed_a,False
L001663,LA Clippers vs BKN,1/10/2026,Barclays Center,scraped_feed_c,False
L001664,Dallas Cowboys at Las Vegas Raiders,11/18/25,Allegiant Stadium,official_feed,False
L001665,Dallas Cowboys vs Las Vegas Raiders,November 18,Allegiant Stadium,official_feed,False
L001666,Dallas Cowboys at Las Vegas Raiders,November 18,Allegiant Stadium,official_feed,False
L001667,lv vs dal,11/18/25,Allegiant Stadium,partner_feed_a,False
L001668,Milwaukee Bucks vs Clreland Cavaliers,2026-02-26,,scraped_feed_b,False
L001669,LCE cs MIL,2/26/26,Fiserv Forum,scraped_feed_b,False
L001670,Milwaukee Bucks vs Cleveland Cavaliers,February 26,Fiserv Forum,official_feed,False
L001671,CLE VS MIL,,Bradley Center,scraped_feed_c,False
L001672,Philadelphia 76ers vs Milwaukee Bucks,"December 6, 2025",Fiserv Forum,official_feed,False
L001673,PHI at MIL,12/6/2025,Fiserv Forum,scraped_feed_b,False
L001674,Philadelphia 76ers vs Milwaukee Bucks,12/6/25,Fiserv Forum,official_feed,False
L001675,Milwaukee Bucks vs Philadelphia 76ers,12/6/2025,Fiserv Forum,official_feed,False
L001676,los angeles lakers vs toronto raptors,12/5/25,Air Canada Centre,partner_feed_a,False
L001677,TOR va LAL,,Scotiabank Arena,scraped_feed_c,False
L001678,Los Angeles Lakers v. Toronto Raptors,"December 5, 2025",Scotiabank Arena,scraped_feed_c,False
L001679,los angeles lakers vs toronto raptors,,Scotiabank Arena,scraped_feed_c,False
L001680,  dlalas  cowboys vs knasas city chiefs ,2025-11-29,,scraped_feed_c,True
L001681,Kansas City Chiefs at Dallas Cowboys,11/27/2025,AT&T Stadium,official_feed,False
L001682,Kansas City Chiefs at Dallas Cowboys,11/27/2025,AT&T Stadium,official_feed,False
L001683,kansas city chiefs vs dallas cowboys,November 27,AT&T Stadium,partner_feed_a,False
L001684,ind vs lac,2025-10-19,SoFi Stadium,scraped_feed_c,False
L001685,Los Angeles Chargers vs Indianapolis Colts,October 19,SoFi Stadium,official_feed,False
L001686,LOS ANGELES CHARGERS VS INDIANAPOLIS COLTS,October 19,SoFi Stadium,partner_feed_a,False
L001687,IDN at LAC,10/19/25,SoFi Stadium Los Angeles,scraped_feed_c,False
L001688,Cleveland Cavaliers vs Toronto Raptors,2026-04-29,Rocket Arena,partner_feed_a,False
L001689,Toronto Raptors at Cleveland Cavaliers,"April 29, 2026",Rocket Arena,official_feed,False
L001690,  TR  v. CLE ,4/29/2026,,scraped_feed_b,False
L001691,Toronto Raptors at Cleveland Cavaliers,2026-04-29,Rocket Arena,official_feed,False
L001692,detroit pistons at milwaukee bucks,11/23/2025,Fiserv Forum Milwaukee,partner_feed_a,False
L001693,Detroit Pistons at Milwaukee Bucks,11/23/2025,Fiserv Forum,official_feed,False
L001694,Detroit Pistons vs Milwaukee Bucks,11/23/25,Fiserv Forum,partner_feed_a,False
L001695,Detroit Pistons vs Milwaukee Bucks,2025-11-23,Fiserv Forum,official_feed,False
L001696,DET v. MIL,2025-10-10,Fiserv Forum,scraped_feed_b,False
L001697,det at mil,October 10,Fiserv Forum Milwaukee,partner_feed_a,False
L001698,Detroit Pistons vs Milwaukee Bucks,10/10/2025,Fiserv Forum,official_feed,False
L001699,MILWAUKEE BUCKS VS DETROIT PISTONS,10/10/2025,,scraped_feed_c,False
L001700,New York Knicks vs Boston Celtics,12/3/25,TD Garden,official_feed,False
L001701,NYK at BOS,12/3/2025,,partner_feed_a,False
L001702,BOS VS NYK,12/3/25,TD Garden,partner_feed_a,False
L001703,Boston Celtics vs New York Knicks,December 3,TD Garden,official_feed,False
L001704,ATL VS CLE,4/10/26,Philips Arena,scraped_feed_c,False
L001705,Cleveland Cavalers @ Atlanta Hawks,April 10,SFA,scraped_feed_c,False
L001706,CLEVELAND CAVALIERS AT ATLANTA HAWKS,"April 10, 2026",State Farm Arena,scraped_feed_b,False
L001707,Cleveland Cavaliers at Atlanta Hawks,"April 10, 2026",State Farm Arena,partner_feed_a,False
L001708,Utah Jazz vs Sacramento Kings,11/29/2025,Delta Center,partner_feed_a,False
L001709,Sacramento Kungs v sUtah Jazz,November 29,Delta Center,scraped_feed_c,False
L001710,UTA vs SAC,"November 29, 2025",Delta Center,partner_feed_a,False
L001711,acrqmento Kings @ Utah Jazz,11/29/25,,scraped_feed_c,False
L001712,min vs mil,12/22/25,Target Center Minneapolis,partner_feed_a,False
L001713,Milwaukee Bucks at Minnesota Timberwolves,12/22/2025,Target Center,official_feed,False
L001714,Milwaukwe Bucks v. Minnesota Timbrewolves,December 22,TC,scraped_feed_b,False
L001715,  Minnesota  Timberwolves v. Milwaukee Bucks ,2025-12-21,Target Center,scraped_feed_b,True
L001716,Buffalo Billa vs eNw York Jets,9/14/2025,MS,scraped_feed_c,False
L001717,BUF at NYJ,9/14/25,,scraped_feed_c,False
L001718,  New  York Jets vs Buffalo Bills ,2025-09-14,MetLife,scraped_feed_b,False
L001719,New York Jets vs Buffalo Bills,"September 14, 2025",MetLife Stadium,official_feed,False
L001720,SAS vs DAL,April 11,Frost Bank Center,partner_feed_a,False
L001721,DAL VS SAS,4/11/26,Frost Bank Center,partner_feed_a,False
L001722,  Dallas  Mavericks t San Antonio Spurs ,,Frost Bank Center,scraped_feed_b,False
L001723,DAL AT SAS,,,scraped_feed_c,False
L001724,Minnesota Timberwolves at San Antonio Spurs,1/18/26,Frost Bank Center,official_feed,False
L001725,San Antonio Spurs vs Mninesota Tumberwolves,1/18/26,Frost Bank Center,scraped_feed_b,False
L001726,Minnesota Timberwolves at San Antonio Spurs,2026-01-18,Frost Bank Center,official_feed,False
L001727,ASS vs MIN,1/18/26,,scraped_feed_c,False
L001728,New Orleans Pelicans vs LA Clippers,3/2/2026,Intuit Dome,official_feed,False
L001729,la clippers vs new orleans pelicans,"March 2, 2026",Intuit Dome,scraped_feed_c,False
L001730,LA Clippers vs New Orleans Pelicans,"March 2, 2026",Intuit Dome,official_feed,False
L001731,LA Clippers va New Orelans Pelicans,,Intuit Dome,scraped_feed_b,False
L001732,Charlotte Hornets vs Washington Wizards,2026-01-23,Spectrum Center,scraped_feed_c,True
L001733,  CHA  VSWAS ,,Time Warner Cable Arena,scraped_feed_b,False
L001734,cha vs was,2026-01-24,Spectrum Center,partner_feed_a,False
L001735,WAS at CHA,1/24/2026,,scraped_feed_b,False
L001736,SA VSSAC,2026-03-18,Golden 1 Center,scraped_feed_b,False
L001737,SAS at SAC,"March 18, 2026",,partner_feed_a,False
L001738,sC vs SAS,March 18,GC,scraped_feed_c,False
L001739,San Antonio Spurs vs Sacramento Kings,3/18/2026,Golden 1 Center,official_feed,False
L001740,MEM at DEN,4/9/26,Ball Arena Denver,partner_feed_a,False
L001741,MEM VS DEN,"April 9, 2026",PC,scraped_feed_b,False
L001742,MEM vs DEN,4/9/26,Pepsi Center,scraped_feed_b,False
L001743,Memphis Grizzlies vs Denver Nuggets,April 9,Ball Arena,official_feed,False
L001744,DET v vKN,"March 10, 2026",BC,scraped_feed_b,False
L001745,Detroit Pistons at Brooklyn Nets,3/10/2026,Barclays Center,official_feed,False
L001746,BKN VSDET,2026-03-11,,scraped_feed_c,True
L001747,Detroit Pistons @ Brokolyn Nets,3/10/26,Barclays Center Brooklyn,scraped_feed_c,False
L001748,Sacamento Kings v. MilwaukeeB ucks,2025-11-01,Fiserv Forum,scraped_feed_b,False
L001749,SAC&nbsp;vs MoL,November 1,,scraped_feed_b,False
L001750,Sacramento jinga at Milwaukee Bucks,11/1/2025,FF,scraped_feed_c,False
L001751,Sacramento Kings vs Milwaukee Bucks,11/1/25,Fiserv Forum Milwaukee,partner_feed_a,False
L001752,SAS @ OKC,12/25/2025,,scraped_feed_c,False
L001753,SAS vs OKC,12/25/25,,partner_feed_a,False
L001754,OKLAHOMA CITY THUNDER VS SAN ANTONIO SPURS,12/25/2025,Chesapeake Energy Arena,partner_feed_a,False
L001755,SAS vs OKC,12/25/25,Paycom Center,partner_feed_a,False
L001756,  den  vs cle ,January 3,Rocket Arena,scraped_feed_b,False
L001757,cleveland cavaliers vs denver nuggets,1/3/2026,Rocket Arena,partner_feed_a,False
L001758,Cleveland Cavaliers vs Denver Nuggets,January 3,,partner_feed_a,False
L001759,  DEN  v. CLE ,1/3/2026,RA,scraped_feed_b,False
L001760,San Francisco 49ersv s Los Angeles Rams,"November 9, 2025",Levi's Stadium,scraped_feed_b,False
L001761,Los Angeles Rams at San Francisco 49ers,11/9/2025,Levi's Stadium,official_feed,False
L001762,San Francisco 49ers vs Los Angeles Rams,"November 9, 2025",Levi's Stadium,official_feed,False
L001763,Los Angeles Rams vs San Francisco 49ers,"November 9, 2025",Levi's Stadium,scraped_feed_b,False
L001764,New York Knicks vs Golden State Warriors,1/16/2026,Chase Center,official_feed,False
L001765,new york knicks vs golden state warriors,January 16,Chase Center,scraped_feed_c,False
L001766,Golden State Warriors vs New York Knicks,"January 16, 2026",Chase Center Arena,partner_feed_a,False
L001767,NK at GSW,1/16/26,Chase Center Arena,scraped_feed_b,False
L001768,Memphis Grizzlies vs San Antonio Spurs,3/26/26,FedExForum,partner_feed_a,False
L001769,SAS at MEM,March 26,,partner_feed_a,False
L001770,MEM vs SAS,March 26,,partner_feed_a,False
L001771,MEMv s SAS,3/26/26,FedExForum,scraped_feed_b,False
L001772,den vs mem,January 25,FedEx Forum,scraped_feed_b,False
L001773,Denver Nuggets vs Memphis Grizzlies,2026-01-25,FedExForum,official_feed,False
L001774,DEN at MEM,2026-01-25,FedEx Forum,partner_feed_a,False
L001775,Denver Nuggets vs Memphis Grizzlies,"January 25, 2026",FedEx Forum,scraped_feed_c,False
L001776,  WAS  v UsTA ,"March 4, 2026",Capital One Arena,scraped_feed_b,True
L001777,Utah Jazz vs Washington Wizards,March 6,Capital One Arena,official_feed,False
L001778,was&nbsp;vs uta,2026-03-06,,scraped_feed_b,False
L001779,WAS v. UTA,March 6,,scraped_feed_c,False
L001780,Sacramento Kings vs Golden State Warriors,4/11/26,Golden 1 Center,partner_feed_a,False
L001781,Golden State Warriors vs Sacramento Kings,"April 11, 2026",Golden 1 Center,official_feed,False
L001782,GSW vs SAC,4/11/26,Golden 1 Center Sacramento,scraped_feed_c,False
L001783,Golden State Warriors at Sacramento Kings,"April 11, 2026",Golden 1 Center Sacramento,scraped_feed_b,False
L001784,Dallas Mavericks at Houston Rockets,February 1,Toyota Center (Houston),official_feed,False
L001785,Houston Rockets vs Dallas Mavericks,,Toyota Center (Houston),official_feed,False
L001786,HOUSTON ROCKETS VS DALLAS MAVERICKS,February 1,TC,scraped_feed_b,False
L001787,HOU sv AL,2026-02-01,TC,scraped_feed_b,False
L001788,MIL vs OKC,1/22/2026,Fiserv Forum,partner_feed_a,False
L001789,OKLAHOMA CITY THUNDER VS MILWAUKEE BUCKS,1/22/2026,Fiserv Forum,scraped_feed_c,False
L001790,mil v. okc,1/22/2026,Fiserv Forum,scraped_feed_b,False
L001791,Oklahoma City Thunder at Milwaukee Bucks,2026-01-22,Fiserv Forum,official_feed,False
L001792,Cleveland Browns at Detroit Lions,September 28,Ford Field,official_feed,False
L001793,  Detroit  Lions vs Cleveland Browns ,September 28,FF,scraped_feed_b,False
L001794,DET vs CLE,9/28/2025,,scraped_feed_c,False
L001795,Cleveland Browns at Detroit Lions,September 28,Ford Field,scraped_feed_b,False
L001796,GB at NYG,November 16,MetLife Stadium,scraped_feed_b,False
L001797,Green Bay Packers vs New York Giants,November 16,MetLife Stadium,official_feed,False
L001798,NYG vs GB,,MetLife Stadium,scraped_feed_c,False
L001799,New York Giants vs Green Bay Packers,2025-11-16,MetLife Stadium,official_feed,False
L001800,Milwaukee Bucks vs Charlotte Hornets,11/13/25,Spectrum Center,official_feed,False
L001801,Charlotte Hornets vs Milwaukee Bucks,November 13,Spectrum Center,official_feed,False
L001802,Mliwaukee Bucks v. Charlotte Hornets,November 13,SCC,scraped_feed_c,False
L001803,Milwaukee Bucks at Charlotte Hornets,11/13/2025,Time Warner Cable Arena,partner_feed_a,False
L001804,GSW vs LA Cliprps,10/29/2025,Chase Center,scraped_feed_c,False
L001805,Golden State Warriors vs LA Clippers,10/29/2025,Chase Center,official_feed,False
L001806,LA Clippers at Golden State Warriors,10/29/25,Chase Center Arena,scraped_feed_b,False
L001807,la vlippers at gsw,2025-10-29,Chase Center,scraped_feed_b,False
L001808,CHA vs GSW,2025-12-31,Spectrum Center,scraped_feed_c,False
L001809,Charlotte Hornets vs Golden State Warriors,12/31/25,Spectrum Center,partner_feed_a,False
L001810,Golden State Warriors vs Chralotte Hornets,2025-12-31,Spectrum Center,scraped_feed_c,False
L001811,CHA vs GSW,12/31/25,Spectrum Center,partner_feed_a,False
L001812,ATL VS MIN,February 10,,partner_feed_a,False
L001813,ATL v. MIN,2/10/2026,Target Center Minneapolis,scraped_feed_b,False
L001814,ATL vs MIN,2/10/26,Target Center Minneapolis,scraped_feed_b,False
L001815,ATL SV MIM,2/10/2026,Target Center Minneapolis,scraped_feed_b,False
L001816,Cincinnati Bengals vs Chicago Bears,11/2/25,Paycor Stadium,official_feed,False
L001817,chicago bearsa t cincinnati benals,11/2/2025,Paycor Stadium,scraped_feed_c,False
L001818,Chicago Bears at Cincinnati Bengals,2025-11-02,Paycor Stadium,partner_feed_a,False
L001819,CINCINNATI BENGALS VS CHICAGO BEARS,"November 2, 2025",Paul Brown Stadium,partner_feed_a,False
L001820,New York Giants vs Los Angeles Chargers,9/28/2025,MetLife Stadium,official_feed,False
L001821,  NYG  v. LAC ,9/28/2025,MetLife,scraped_feed_c,False
L001822,Los Angeles Chargers at New York Giants,"September 30, 2025",MetLife Stadium,scraped_feed_c,True
L001823,Los Angeles Chargers vs New York Giants,9/28/2025,MetLife Stadium,official_feed,False
L001824,CHI&nbsp;vs MIA,"November 22, 2025",UC,scraped_feed_b,False
L001825,Miami Heat sv Chicago Bukls,11/22/25,,scraped_feed_b,False
L001826,Chicago Bulls v. Miami Heat,11/22/2025,United Center,scraped_feed_b,False
L001827,MIA at CHI,11/22/2025,UC,scraped_feed_c,False
L001828,PHI VS CHI,November 5,,scraped_feed_b,False
L001829,PHI @ CHI,November 5,,scraped_feed_b,False
L001830,Philadelphia 76ers at Chicago Bulls,11/5/2025,United Center,official_feed,False
L001831,Chicago Bulls v. Philadelpgia 67ers,2025-11-05,UC,scraped_feed_b,False
L001832,Brooklyn Nets at Orlando Magic,,Kia Center,partner_feed_a,False
L001833,Orlando Magic vs Brooklyn Nets,2/6/26,Kia Center,partner_feed_a,False
L001834,Brooklyn Nets at Orlando Magic,2026-02-06,Kia Center,official_feed,False
L001835,ORL vs BKN,2/6/26,Kia Center,partner_feed_a,False
L001836,Dallas Mavericks vs Phoenix Suns,4/9/26,Mortgage Matchup Center,official_feed,False
L001837,PHX VS DAL,,Mortgage Matchup Center,partner_feed_a,False
L001838,Dallas Mavericks at Phoenix Suns,4/9/26,Mortgage Matchup Center,official_feed,False
L001839,PHX vs DAL,"April 9, 2026",Mortgage Matchup Center,partner_feed_a,False
L001840,MIL VS WAS,10/23/25,Fiserv Forum Milwaukee,partner_feed_a,False
L001841,WSS&nbsp;AT MIL,10/23/2025,Fiserv Forum,scraped_feed_b,False
L001842,WASHINGTON WIZARDS AT MILWAUKEE BUCKS,10/23/25,Fiserv Forum,scraped_feed_b,False
L001843,was at mi,10/23/2025,Bradley Center,scraped_feed_c,False
L001844,UA v POR,3/14/26,Moda Center,scraped_feed_b,False
L001845,Utah Jazz @ Portland Trali Blazers,3/14/26,Moda Center,scraped_feed_b,False
L001846,Portland Trail Blazers vs Utah Jazz,,Rose Garden,scraped_feed_c,False
L001847,PORTLAND TRAIL BLAZERS VS UTAH JAZZ,,Rose Garden,scraped_feed_c,False
L001848,Brooklyn Nets vs Sacramento Kings,March 22,,partner_feed_a,False
L001849,BROOKLYN NETS VS SACRAMENTO KINGS,March 22,Golden 1 Center,partner_feed_a,False
L001850,SAC VS BKN,2026-03-22,Golden 1 Center,partner_feed_a,False
L001851,Sacramento Kings vs Brooklyn Nets,3/22/26,Golden 1 Center,official_feed,False
L001852,  brooklyn  nets at detroit pistons ,3/7/2026,Little Caesars Arena Detroit,scraped_feed_c,False
L001853,BKN at DET,3/7/2026,,scraped_feed_c,False
L001854,Detroit Pistons vs Brooklyn Nets,,Little Caesars Arena,scraped_feed_c,False
L001855,BKN&nbsp;vs DET,"March 7, 2026",Little Caesars Arena,scraped_feed_c,False
L001856,Phoenix Suns at Brooklyn Nets,2026-01-20,Barclays Center,partner_feed_a,False
L001857,PHOENIX SUNS VS BROOKLYN NETS,"January 20, 2026",Barclays Center,scraped_feed_b,False
L001858,Phoenix Suns at Brooklyn Nets,2026-01-20,Barclays Center,official_feed,False
L001859,Brooklyn Nets vs Phoenix Suns,2026-01-20,,scraped_feed_b,False
L001860,Houston Rockets vs Washington Wizards,2025-11-13,Toyota Center (Houston),official_feed,False
L001861,HOU vs WAS,"November 13, 2025",Toyota Center (Houston),partner_feed_a,False
L001862,Washington Wizards vs Houston Rockets,2025-11-13,Toyota Center (Houston),official_feed,False
L001863,Houston Rockets vs Washington Wizards,11/13/25,Toyota Center (Houston),official_feed,False
L001864,Detroit Lions at Baltimore Ravens,9/23/25,PSINet Stadium,partner_feed_a,False
L001865,DET at BAL,"September 23, 2025",M&T Bank Stadium,partner_feed_a,False
L001866,Baltimore Ravens vs Detroit Lions,September 23,M&T Bank Stadium,official_feed,False
L001867,Detroit Lions at Baltimore Ravens,"September 23, 2025",M&T Bank Stadium,official_feed,False
L001868,Minnesota Timberwolves at Boston Celtics,2026-03-23,TD Garden,official_feed,False
L001869,MIN vs BOS,2026-03-23,TD Garden,partner_feed_a,False
L001870,Boston Celtics vs Minnesota Timberwolves,March 23,TD Garden,official_feed,False
L001871,Minnesota Timberwolves at Boston Celtics,2026-03-23,TD Garden,official_feed,False
L001872,DNEvs MIN,,,scraped_feed_c,False
L001873,  Denver  Nuggets vs Minnesota Timberwolves ,,TCM,scraped_feed_b,False
L001874,DEN at MIN,"May 1, 2026",Target Center,partner_feed_a,False
L001875,  den  at min ,2026-05-01,Target Center Minneapolis,scraped_feed_b,False
L001876,Los Angeles Lakers vs Portland Trail Blazers,January 18,MCP,scraped_feed_b,False
L001877,LOS ANGELES LAKERS AT PORTLAND TRAIL BLAZERS,1/18/2026,Moda Center,scraped_feed_c,False
L001878,Los Angeles Lakers at Portland Trail Blazers,"January 18, 2026",Moda Center,official_feed,False
L001879,  Portlans  Trail Blazers v sLos Angeles Lakers ,1/18/26,Rose Garden,scraped_feed_c,False
L001880,  DETROI  PSITONS AT CLEVELAND CAVALIERS ,2026-01-04,,scraped_feed_c,False
L001881,DET a tCLE,2026-01-02,Rocket Arena,scraped_feed_b,True
L001882,Detroit Pistons vs Cleveland Cavaliers,2026-01-04,Rocket Arena,official_feed,False
L001883,DET v. CLE,,Rocket Arena,scraped_feed_b,False
L001884,New&nbsp;York Knicks vs Orlando Magic,November 13,,scraped_feed_b,False
L001885,Orlando Magic vs New York Knicks,11/13/25,Madison Square Garden,official_feed,False
L001886,NYK v. ORL,2025-11-13,Madison Square Garden,scraped_feed_b,False
L001887,orl vs nyk,November 13,Madison Square Garden,partner_feed_a,False
L001888,  Tennessee  Titans @ Indianapolis Colts ,"October 26, 2025",Lucas Oil Stadium,scraped_feed_b,False
L001889,Tennessee Titans at Indianapolis Colts,10/26/25,Lucas Oil Stadium,scraped_feed_c,False
L001890,tennessee titans vs indianapolis colts,October 26,,scraped_feed_b,False
L001891,  IND  vs TEN ,"October 26, 2025",Lucas Oil Stadium,scraped_feed_c,False
L001892,Houston Rockets vs New York Knicks,"April 1, 2026",Toyota Center (Houston),official_feed,False
L001893,New York Knicks at Houston Rockets,April 1,Toyota Center (Houston),official_feed,False
L001894,Houston Rockets vs New York Knicks,4/1/26,Toyota Center (Houston),official_feed,False
L001895,New York Knicks vs Houston Rockets,4/1/26,Toyota Center (Houston),official_feed,False
L001896,Denver Nuggets v. Memphis Grizzlies,"March 19, 2026",FedExForum,scraped_feed_c,False
L001897,DEN VS MEM,March 19,FedEx Forum,partner_feed_a,False
L001898,DEN at MEM,3/19/2026,FedExForum,partner_feed_a,False
L001899,  DEN  @ MEM ,"March 19, 2026",FedExForum,scraped_feed_b,False
L001900,New York Jets vs Atlanta Falcons,11/30/25,MetLife Stadium,partner_feed_a,False
L001901,NYJ vs ATL,11/30/2025,MetLife Stadium,partner_feed_a,False
L001902,atl vs nyj,November 30,MetLife Stadium,partner_feed_a,False
L001903,  NEW  YORK JETS VS ATLANTA FALCONS ,11/30/2025,MetLife Stadium,scraped_feed_b,False
L001904,HOU vs ATL,2026-03-21,Toyota Center (Houston),scraped_feed_c,False
L001905,Houston Rockets vs Atlanta Hawks,3/21/2026,Toyota Center (Houston),official_feed,False
L001906,Atlanta Hawks vs Houston Rockets,March 21,Toyota Center (Houston),official_feed,False
L001907,ATL vs HOU,3/21/2026,Toyota Center (Houston),partner_feed_a,False
L001908,Indiana Pacers vs Chicago Bulls,2026-01-29,Gainbridge Fieldhouse,official_feed,False
L001909,CHI&nbsp;taI ND,January 29,Conseco Fieldhouse,scraped_feed_b,False
L001910,Chcago Bulls vs Indiana Pacers,January 29,Gainbridge Fieldhouse,scraped_feed_b,False
L001911,Chicago Bulls vs Indiana Pacers,2026-01-29,Gainbridge Fieldhouse,official_feed,False
L001912,NEW YORK KNICKS VS DETROIT PISTONS,"February 20, 2026",Madison Square Garden,scraped_feed_b,False
L001913,New York Knicks vs Detroit Pistons,2026-02-20,Madison Square Garden,official_feed,False
L001914,DET vs NYK,2/20/26,,partner_feed_a,False
L001915,New York Knicks vs Detroit Pistons,2/20/2026,Madison Square Garden,official_feed,False
L001916,Minnesota Timberwolves at Philadelphia 76ers,"April 3, 2026",Xfinity Mobile Arena,official_feed,False
L001917,PHI&nbsp;v. MIN,4/3/2026,Xfinity Mobile Arena,scraped_feed_c,False
L001918,Minnesota Timberwolves v. Philadelphia 76ers,4/3/2026,,scraped_feed_b,False
L001919,Minnesota Timberwolves vs Philadelphia 76ers,4/3/2026,Xfinity Mobile Arena,partner_feed_a,False
L001920,OKC at DEN,February 2,Ball Arena,partner_feed_a,False
L001921,Oklahoma City Thunder v. DenverNuggets,,,scraped_feed_c,False
L001922,Denver Nuggets vs Oklahoma ity Thunder,2/2/26,Ball Arena Denver,scraped_feed_b,False
L001923,Oklahoma City Thunder at Denver Nuggets,"February 2, 2026",Pepsi Center,partner_feed_a,False
L001924,SAd vs WA,12/24/2025,Verizon Center,scraped_feed_b,True
L001925,Washington Wizards vs San Antonio Spurs,2025-12-22,Capital One Arena,official_feed,False
L001926,San Antonio Spurs at Washington Wizards,12/22/2025,Capital One Arena,partner_feed_a,False
L001927,San Antonio Spurs vs Washington Wizards,"December 22, 2025",Capital One Arena,official_feed,False
L001928,BUFFALO BILLS AT HOUSTON TEXANS,11/21/2025,Reliant Stadium,partner_feed_a,False
L001929,HOU VS BUF,2025-11-21,,scraped_feed_b,False
L001930,buffalo bills vs houston texans,"November 21, 2025",Reliant Stadium,scraped_feed_b,False
L001931,BUF vs HOU,11/21/25,Reliant Stadium,partner_feed_a,False
L001932,LAvL s DAL,1/24/2026,American Airlines Center,scraped_feed_c,True
L001933,los angeles lakers @ dallas mavericks,January 25,American Airlines Center,scraped_feed_c,False
L001934,Los Angeles Lakers v. Daklas Mavericks,"January 25, 2026",,scraped_feed_c,False
L001935,Dallas Mavericks vs Los Angeles Lakers,1/25/2026,American Airlines Center,official_feed,False
L001936,Atlanta Hawks vs Orlando Magic,2026-03-16,Philips Arena,scraped_feed_b,False
L001937,Orlando Magic vs Atlanta Hawks,2026-03-16,State Farm Arena,official_feed,False
L001938,Orlando Magic at Atlanta Hawks,3/16/26,State Farm Arena,official_feed,False
L001939,Orlando Magic at Atlanta Hawks,2026-03-16,State Farm Arena,official_feed,False
L001940,Golden State Warriors at Dallas Mavericks,"January 23, 2026",American Airlines Center,official_feed,False
L001941,  dallas  mavericks v. golden state warriors ,,American Airlines Center,scraped_feed_b,False
L001942,FSW&nbsp;AT DL,January 23,American Airlines Center,scraped_feed_b,False
L001943,Golden State Warriors @ Dallas Mavericks,"January 23, 2026",American Airlines Center,scraped_feed_c,False
L001944,Miami Heat vs Brooklyn Nets,,FTX Arena,scraped_feed_c,False
L001945,Brooklyn Nets at Miami Heat,March 4,Kaseya Center,partner_feed_a,False
L001946,mia vs bkn,2026-03-04,American Airlines Arena,scraped_feed_b,False
L001947,Miami Heat vs Brooklyn Nets,2026-03-04,FTX Arena,partner_feed_a,False
L001948,  BKN  S CLE ,10/25/2025,Barclays Center,scraped_feed_c,True
L001949,rBooklynN ets vs Cleveland Cavaliers,,Barclays Center,scraped_feed_c,False
L001950,CLE at BKN,October 24,Barclays Center,partner_feed_a,False
L001951,Brooklyn Nets vs Cleveland Cavaliers,"October 24, 2025",Barclays Center,official_feed,False
L001952,sea vs min,11/30/2025,Qwest Field,partner_feed_a,False
L001953,Minnesota Vikings at Seattle Seahawks,"November 30, 2025",Lumen Field,official_feed,False
L001954,MIN at SEA,2025-11-30,Lumen Field,scraped_feed_c,False
L001955,minnesota vikings at seattle seahawks,11/30/2025,CF,scraped_feed_c,False
L001956,houston texa svs arizona cardinals,12/14/2025,Reliant Stadium,scraped_feed_b,False
L001957,houstn texans v. arizona cardinals,12/14/2025,,scraped_feed_c,False
L001958,Arizona&nbsp;Cardinals at Houston Texans,12/14/25,Reliant Stadium,scraped_feed_b,False
L001959,Arizona Cardinals at Houston Texans,"December 14, 2025",,scraped_feed_c,False
L001960,Charlotte Hornets at Toronto Raptors,12/6/2025,Scotiabank Arena,official_feed,False
L001961,  CHA  AT TOR ,December 6,Scotiabank Arena,scraped_feed_c,False
L001962,Toronto Raptors vs Charlotte Hornets,2025-12-06,Air Canada Centre,partner_feed_a,False
L001963,Charlotte Hornets vs Toronto Raptors,12/6/25,Scotiabank Arena,official_feed,False
L001964,Memphis Grizzlies at Miami Heat,2/22/2026,Kaseya Center,partner_feed_a,False
L001965,MIA vs MEM,2/22/2026,Kaseya Center,partner_feed_a,False
L001966,mia vs mem,February 22,FTX Arena,partner_feed_a,False
L001967,  MEM  v. MAo ,2/22/26,FTX Arena,scraped_feed_c,False
L001968,Charlotte Hornets vs Miami Heat,"March 7, 2026",,partner_feed_a,False
L001969,Charlotte Hornets vs Miami Heat,3/7/2026,,scraped_feed_c,False
L001970,Miami Heat vs Charlotte Hornets,3/7/2026,SCC,scraped_feed_c,False
L001971,Charlotte Hornets vs Miami Heat,3/7/2026,Spectrum Center,partner_feed_a,False
L001972,Oklahoma City Thunder vs Los Angeles Lakers,4/3/26,Chesapeake Energy Arena,partner_feed_a,False
L001973,Los Angeles Lakers v. Oklahoma City Thunder,"April 3, 2026",,scraped_feed_c,False
L001974,OKC vs LAL,,Paycom Center,scraped_feed_c,False
L001975,LAL at OKC,"April 3, 2026",PC,scraped_feed_c,False
L001976,Detroit Pistons at Utah Jazz,12/27/25,Delta Center,official_feed,False
L001977,DETROIT PISTONS AT UTAH JAZZ,December 27,Delta Center,partner_feed_a,False
L001978,det at uta,,Delta Center Salt Lake,scraped_feed_c,False
L001979,Detroit Pistons at Utah Jaxz,,Delta Center,scraped_feed_b,False
L001980,Miami Heat vs Charlotte Hornets,October 28,Kaseya Center,official_feed,False
L001981,  Charlotte  Hronetsvs Miami Heat ,2025-10-28,,scraped_feed_b,False
L001982,Miami Heat vs Charlotte Hornets,October 28,Kaseya Center,official_feed,False
L001983,Charlotte Hornets at Miami Heat,10/28/25,Kaseya Center,official_feed,False
L001984,Brooklyn Nets at Charlotte Hornets,October 22,Spectrum Center,official_feed,False
L001985,cha vs bkn,2025-10-22,,partner_feed_a,False
L001986,Charlotte Hornets vs Brooklyn Nets,"October 22, 2025",Spectrum Center,official_feed,False
L001987,Charlotte Hornets vs Brooklyn Nets,10/22/25,Spectrum Center,official_feed,False
L001988,Portland Trail Blaxers bs Orlando Magic,11/11/25,Amway Center,scraped_feed_c,False
L001989,ORLVSP OR,November 11,Kia Center,scraped_feed_c,False
L001990,Portland Trail Blazers at Orlando Magic,11/11/25,Kia Center,partner_feed_a,False
L001991,POR at ORL,2025-11-11,Kia Center,scraped_feed_c,False
L001992,Houston Texans vs Tennessee Titans,September 28,Reliant Stadium,partner_feed_a,False
L001993,Houston Texans vs Tennessee Titans,2025-09-28,,scraped_feed_b,False
L001994,TEN AT HOU,September 28,Reliant Stadium,scraped_feed_b,False
L001995,TEN vs HOU,9/28/25,,partner_feed_a,False
L001996,Sacramento Kings at Orlando Magic,3/26/2026,Kia Center,official_feed,False
L001997,ORL vs SAC,,,scraped_feed_b,False
L001998,Sacramento Kings vs Orlando Magic,3/26/26,KCO,scraped_feed_b,False
L001999,ORLANDO MAGIC VS SACRAMENTO KINGS,3/26/26,Kia Center Orlando,scraped_feed_b,False
L002000,RLO AT BOS,4/12/26,Fleet Center,scraped_feed_b,False
L002001,BOS VS ORL,2026-04-12,,scraped_feed_c,False
L002002,orl at bos,2026-04-12,TD Garden,partner_feed_a,False
L002003,ORL at BOS,April 12,TD Garden,scraped_feed_c,False
L002004,Phoenix Suns at Brooklyn Nets,"October 10, 2025",Venetian Arena,official_feed,False
L002005,PH Xat BKN,2025-10-10,Venetian Arena,scraped_feed_b,False
L002006,Phoenix Suns at Brooklyn Nets,October 10,Venetian Arena,official_feed,False
L002007,Phoenix Suns vs Brooklyn Nets,10/10/25,Venetian Arena,official_feed,False
L002008,Memphis Grizzlies vs Milwaukee Bucks,12/27/25,FedExForum,official_feed,False
L002009,mil at mem,December 27,FedEx Forum,partner_feed_a,False
L002010,  Milwaukee  Bucks at Memphis Grizzlies ,12/28/25,FedExForum,scraped_feed_c,True
L002011,mem&nbsp;vs mil,12/27/2025,,scraped_feed_b,False
L002012,  MIL  vs IND ,11/4/2025,Gainbridge Fieldhouse,scraped_feed_c,False
L002013,Indiana Pacers s Milwaukee Bucks,11/4/2025,Gainbridge Fieldhouse,scraped_feed_c,False
L002014,MIL at IND,,Gainbridge Fieldhouse,scraped_feed_c,False
L002015,MIL vs IND,11/4/2025,Gainbridge Fieldhouse,partner_feed_a,False
L002016,Cincinnati Bengals vs New York Jets,October 26,Paycor Stadium,official_feed,False
L002017,new york jets at xincinnati bengals,2025-10-26,,scraped_feed_c,False
L002018,nyj at cin,2025-10-26,Paul Brown Stadium,partner_feed_a,False
L002019,cin va nyj,"October 26, 2025",Paycor Stadium,scraped_feed_b,False
L002020,Milwaukee Bucks vs Sacramento Kings,"January 5, 2026",Golden 1 Center,official_feed,False
L002021,MIL vs SAC,"January 5, 2026",GCS,scraped_feed_c,False
L002022,SAC VS MIL,January 5,,scraped_feed_c,False
L002023,Milwaukee Bucks vs Sacramento Kings,1/5/26,Golden 1 Center,official_feed,False
L002024,NY KatIND,"December 19, 2025",GF,scraped_feed_b,False
L002025,  Indiana  Pacers vs New Yor Knicks ,2025-12-19,Gainbridge Fieldhouse,scraped_feed_c,False
L002026,  IND  s NYK ,"December 19, 2025",GF,scraped_feed_b,False
L002027,New York Knicks vs Indiana Pacers,12/19/25,Gainbridge Fieldhouse,official_feed,False
L002028,Golden State Warriors at Indiana Pacers,11/1/2025,Gainbridge Fieldhouse,official_feed,False
L002029,Indiana Pacers vs Golden State Warriors,,Bankers Life Fieldhouse,partner_feed_a,False
L002030,  GSW  at IND ,2025-11-01,Conseco Fieldhouse,scraped_feed_c,False
L002031,Golden State Warriors at Indiana Pacers,2025-11-01,Gainbridge Fieldhouse,partner_feed_a,False
L002032,Las Vegas Raiders vs Los Angeles Chargers,11/30/2025,,partner_feed_a,False
L002033,LV at LAC,2025-11-30,SoFi Stadium,partner_feed_a,False
L002034,Los Angeles Chargers vs Las Vegas Raiders,November 30,SoFi Stadium,official_feed,False
L002035,LV vs LAC,November 30,SoFi Stadium Los Angeles,partner_feed_a,False
L002036,TB vs MIA,December 28,Hard Rock Stadium,scraped_feed_c,False
L002037,Tampa Bay Buccaneers at Miami Dolphins,12/28/2025,Hard Rock Stadium,official_feed,False
L002038,mia vs tb,"December 28, 2025",Hard Rock Stadium,partner_feed_a,False
L002039,Tampa Bay Buccaneers vs Miami Dolphins,December 28,Hard Rock Stadium,official_feed,False
L002040,Brooklyn Nets vs Toronto Raptors,"November 12, 2025",Barclays Center,official_feed,False
L002041,Toronto Raptors vs Brooklyn Nets,11/12/25,Barclays Center,partner_feed_a,False
L002042,BKN vs TOR,11/12/25,Barclays Center,partner_feed_a,False
L002043,bknvs tor,November 12,,scraped_feed_c,False
L002044,Portland Trail Blazers vs Cleveland Cavaliers,2026-02-02,Moda Center,official_feed,False
L002045,  CLE  @ POR ,2/2/2026,MC,scraped_feed_c,False
L002046,CLE vs POR,2/4/2026,Moda Center,scraped_feed_b,True
L002047,  Portland  Trail Blazers vs Cleveland Cavaliers ,2/2/26,Moda Center,scraped_feed_c,False
L002048,ATL v sOKC,10/25/25,State Farm Arena,scraped_feed_b,False
L002049,oklahoma city thunder at atlanta hawks,10/25/2025,State Farm Arena,partner_feed_a,False
L002050,OKLAHOMA CITY THUNDER VS ATLANTA HAWKS,10/25/25,State Farm Arena,partner_feed_a,False
L002051,Oklahoma City Thunder at Atlanta Hawks,October 25,State Farm Arena,official_feed,False
L002052,SAS vs OKC,December 14,TA,scraped_feed_b,False
L002053,SAS vs OKC,12/14/2025,T-Mobile Arena,partner_feed_a,False
L002054,San Antonio Suprs at Oklahoma City Thunder,"December 14, 2025",TA,scraped_feed_c,False
L002055,SAS AT OKC,12/14/25,T-Mobile Arena,partner_feed_a,False
L002056,MEM vs MIA,10/25/2025,FedExForum,partner_feed_a,False
L002057,Memphis Grizzlies vs Miami Heat,October 25,FedExForum,official_feed,False
L002058,  ni  aat mem ,10/25/25,FedExForum,scraped_feed_b,False
L002059,Miami Heat at Memphis Grizzlies,"October 25, 2025",FedExForum,official_feed,False
L002060,Los Angeles Lakers vs Washington Wizards,January 31,Capital One Arena,official_feed,False
L002061,LAL @ WAS,2026-01-31,MC,scraped_feed_b,False
L002062,Los Angeles Lakers at Washington Wizards,2026-01-31,Capital One Arena Washington,partner_feed_a,False
L002063,washington wizards v. los angeles lakers,"January 31, 2026",Capital One Arena,scraped_feed_b,False
L002064,GOLDEN STATE WARRIORS VS SAN ANTONIO SPURS,2026-02-12,Chase Center,partner_feed_a,False
L002065,San Antonio Spurs vs Golden State Warriors,2/12/2026,Chase Center,official_feed,False
L002066,GSW VS SAS,2/12/2026,Chase Center Arena,scraped_feed_b,False
L002067,  GSW  SVS AS ,,Chase Center Arena,scraped_feed_b,False
L002068,golden state warriors at san antonio spurs,11/13/2025,Frost Bank Center,partner_feed_a,False
L002069,GSW vs SAS,November 15,Frost Bank Center,scraped_feed_b,True
L002070,Golden State Warriors at San Antonio Spurs,"November 13, 2025",Frost Bank Center,official_feed,False
L002071,SAS vs GSW,November 13,Frost Bank Center,partner_feed_a,False
L002072,Houston Rockets at New York Knicks,February 22,Madison Square Garden,partner_feed_a,False
L002073,HOU at NYK,2026-02-22,Madison Square Garden,scraped_feed_c,False
L002074,New York Knicks vs Houston Rockets,2/22/26,Madison Square Garden,official_feed,False
L002075,New York Knicks vs Houston Rockets,2026-02-22,Madison Square Garden,official_feed,False
L002076,BKN vs PHX,"October 12, 2025",Venetian Arena,partner_feed_a,False
L002077,Brooklyn Nets @ Phoeni xSuns,"October 12, 2025",Venetian Arena,scraped_feed_c,False
L002078,Brooklyn Nets vs Phoenix Suns,10/12/25,Venetian Arena,scraped_feed_b,False
L002079,bkn at phx,10/12/25,Venetian Arena,partner_feed_a,False
L002080,sam antonio spurs vs minnesoya timberwolves,"May 16, 2026",Target Center,scraped_feed_c,False
L002081,  Minnesota  Timberwolves vs aSn Antonio Spurs ,May 16,TC,scraped_feed_c,False
L002082,SAS v. MIN,May 16,TC,scraped_feed_c,False
L002083,Minnesota Tibmerwolves v. San Antonio Spurs,5/16/2026,Target Center,scraped_feed_c,False
L002084,Miami Heat vs Dallas Mavericks,11/25/2025,American Airlines Arena,partner_feed_a,False
L002085,  Dallas  Mavericks v. Miami Heat ,"November 25, 2025",,scraped_feed_c,False
L002086,Dallas Mavericks at Miami Heat,November 25,Kaseya Center,scraped_feed_c,False
L002087,DA Lvd MIA,2025-11-25,Kaseya Center,scraped_feed_b,False
L002088,ORL vs UTA,"February 8, 2026",,scraped_feed_b,False
L002089,ORLANDO MAGIC VS UTAH JAZZ,,Kia Center,partner_feed_a,False
L002090,UTA AT ORL,2/8/26,Kia Center,scraped_feed_b,False
L002091,uta at orl,2026-02-08,,partner_feed_a,False
L002092,Miami Heat vs Milwaukee Bucks,2025-11-27,Kaseya Center,official_feed,False
L002093,Milwaukee Bucks v. Miami Heat,November 27,Kaseya Center,scraped_feed_b,False
L002094,  MIL  v. MIA ,11/27/25,Kaseya Center,scraped_feed_b,False
L002095,MIL vs MIA,"November 27, 2025",KC,scraped_feed_c,False
L002096,CLEVELAND CAVALIESR VS PHILADELPHIA 76ERS,January 15,Xfinity Mobile Arena,scraped_feed_b,False
L002097,CLEVELAND CAVALIERS VS PHILADELPHIA 76ERS,1/15/26,,partner_feed_a,False
L002098,  CLE  @ PHI ,2026-01-15,Xfinity Mobile Arena,scraped_feed_c,False
L002099,PHI vs CLE,1/15/26,Xfinity Mobile Arena,partner_feed_a,False
L002100,PHX vs SAS,3/20/2026,Frost Bank Center,partner_feed_a,False
L002101,  PHX  at SAS ,3/20/2026,FBC,scraped_feed_c,False
L002102,PHOENIX SUNS AT SAN ANTONIO SPURS,March 20,Frost Bank Center,scraped_feed_b,False
L002103,Phoenix Suns vs San Antonio Spurs,March 20,Frost Bank Center,official_feed,False
L002104,Detroit Pistons vs Orlando Magic,November 29,Little Caesars Arena,official_feed,False
L002105,Orlando Magic @ Detroit Pistons,November 29,,scraped_feed_b,False
L002106,Orlando Magic vs Detroit Pistons,2025-11-29,Little Caesars Arena,official_feed,False
L002107,ORL VS DET,11/29/25,Little Caesars Arena Detroit,partner_feed_a,False
L002108,MIN vs HOU,2026-04-11,Toyota Center (Houston),scraped_feed_b,False
L002109,MIN v sHOU,4/9/26,Toyota Center (Houston),scraped_feed_b,True
L002110,Houston Rockets vs Minnesota Timberwolves,April 11,Toyota Center (Houston),official_feed,False
L002111,Minnesota Timberwolvs at Huoston Rockets,4/11/26,Toyota Center (Houston),scraped_feed_c,False
L002112,Boston Celtics vs Chicago Bulls,"February 12, 2026",TD Garden,official_feed,False
L002113,CHI at BOS,2026-02-12,TD Garden Boston,scraped_feed_b,False
L002114,Boston Celtics vs Chicago Bulls,February 12,TD Garden,official_feed,False
L002115,CHI vs BOS,2026-02-12,TD Garden,partner_feed_a,False
L002116,Chicago Bulls vs LA Clippers,"January 21, 2026",United Center,partner_feed_a,False
L002117,  AL  CLIPPERS VS CHICAGO BULLS ,2026-01-21,UC,scraped_feed_c,False
L002118,l acliopers at chi,1/21/26,United Center,scraped_feed_b,False
L002119,Chicago Bulls vs LA Clippers,January 21,United Center,official_feed,False
L002120,chi&nbsp;at la clippers,2026-03-14,ID,scraped_feed_b,False
L002121,LA Clippers vs Chicago Bulls,3/14/2026,Intuit Dome,official_feed,False
L002122,chicago bulls at la clippers,3/14/26,,scraped_feed_c,False
L002123,Chiago Bulls at LA Clippers,3/14/2026,Intuit Dome Los Angeles,scraped_feed_c,False
L002124,TOR vs BOS,2025-12-07,Scotiabank Arena,partner_feed_a,False
L002125,Toronto Raptors vs Boston Celtics,2025-12-07,Scotiabank Arena,official_feed,False
L002126,BOS vs TOR,"December 7, 2025",Scotiabank Arena,partner_feed_a,False
L002127,Boston Celtics vs Toronto Raptors,December 7,Scotiabank Arena,official_feed,False
L002128,Memphis Grizzlies vs Los Angeles Lakers,11/1/25,FedExForum,official_feed,False
L002129,Los Angeles Lakers v. Memphis Grizzlies,November 1,FedEx Forum,scraped_feed_b,False
L002130,MEM vs LA,11/1/2025,FedExForum,scraped_feed_b,False
L002131,Los Angeles Lakers vs Memphis Grizzlies,11/1/25,FedExForum,official_feed,False
L002132,Denver Nuggets vs Toronto Raptors,10/7/2025,,scraped_feed_c,False
L002133,denver nuggets vs toronto raptors,October 7,Rogers Arena,partner_feed_a,False
L002134,Denver Nuggets vs Toronto Raptors,"October 7, 2025",Rogers Arena,scraped_feed_c,False
L002135,Denver Nuggets at Toronto Raptors,October 7,Rogers Arena,partner_feed_a,False
L002136,Phoenix Suns vs Sacramento Kings,1/3/26,Mortgage Matchup Center,official_feed,False
L002137,Sacramento Kings at Phoenix Suns,1/3/26,Mortgage Matchup Center,official_feed,False
L002138,Sacramento Kings vs Phoenix Suns,"January 3, 2026",MMC,scraped_feed_b,False
L002139,SAC at PHX,2026-01-03,Mortgage Matchup Center,partner_feed_a,False
L002140,BAL v. NE,"December 22, 2025",M&T Bank Stadium,scraped_feed_b,False
L002141,New England Patriots vs Baltimore Ravens,12/22/2025,M&T Bank Stadium,official_feed,False
L002142,Baltimore Ravens vs New England Patriots,12/22/2025,,partner_feed_a,False
L002143,new englamd patriots vs baltimore arvens,"December 22, 2025",,scraped_feed_c,False
L002144,New Orleans Pelicans at Chicago Bulls,2025-12-15,United Center,official_feed,False
L002145,new orleans pelicans at chicago bulls,12/15/2025,United Center,partner_feed_a,False
L002146,New Orleans Pelicans at Chicago Bulls,2025-12-15,,scraped_feed_c,False
L002147,  NEW  ORLEANS PELICANS VS CHICAGO BULLS ,12/15/25,UC,scraped_feed_c,False
L002148,new orleans pelicans at boston celtics,2026-04-10,TD Garden,scraped_feed_c,False
L002149,NOP VS BOS,4/10/26,TD Garden,partner_feed_a,False
L002150,nop at bos,4/10/26,TD Garden,partner_feed_a,False
L002151,BOS vs NOP,,TD Garden,scraped_feed_c,False
L002152,MEM @ NOP,November 27,Smoothie King Center,scraped_feed_b,False
L002153,Memphis Grizzlies vs New Orleans Pelicans,November 27,Smoothie King Center,partner_feed_a,False
L002154,Memphis Grizzlies at Ne Orleans Pelicans,11/27/2025,Smoothie King Center,scraped_feed_c,False
L002155,emmphis&nbsp;grizzlies at new orleans pelicans,11/27/2025,,scraped_feed_b,False
L002156,MIL VS BKN,2026-04-07,Barclays Center,scraped_feed_b,False
L002157,MIL v BKN,2026-04-07,Barclays Center,scraped_feed_c,False
L002158,Brooklyn Nets vs Milwaukee Bucks,4/7/26,Barclays Center,partner_feed_a,False
L002159,Milwaueke Bucks @ Broolkyn Nets,April 7,Barclays Center,scraped_feed_b,False
L002160,WAS t ORL,2026-03-12,Amway Center,scraped_feed_b,False
L002161,Orlando&nbsp;Magic vs Washington Wizards,3/12/2026,Kia Center,scraped_feed_b,False
L002162,ORL v. WAS,2026-03-12,KC,scraped_feed_c,False
L002163,WAS vs ORL,"March 12, 2026",Kia Center,scraped_feed_c,False
L002164,  DAL  atBOS ,3/7/26,,scraped_feed_c,False
L002165,Boston Celtics vs Dallas Mavericks,3/7/2026,TD Garden,official_feed,False
L002166,Boston Celtics vs Dallas Mavericks,,TD Garden,official_feed,False
L002167,Boston Celtics vs Dallas Mavericks,3/7/26,Fleet Center,partner_feed_a,False
L002168,atlanta hawks bs denver nuggets,2026-01-10,Ball Arena,scraped_feed_c,False
L002169,Atlanta Hawks at Denver Nuggets,1/10/26,Pepsi Center,partner_feed_a,False
L002170,Atlsnta Hawksv s Denver Nuggets,1/10/2026,Ball Arena Denver,scraped_feed_b,False
L002171,Atlanta Hawks at Denver Nuggets,"January 10, 2026",Ball Arena,partner_feed_a,False
L002172,Toronto Rapotrs v. Utag Jazz,2026-03-24,Delta Center,scraped_feed_b,False
L002173,Utah Jazz vs Toronto Raptors,"March 24, 2026",Delta Center,official_feed,False
L002174,Toronto Raptors vs Utah Jazz,3/24/2026,Delta Center Salt Lake,partner_feed_a,False
L002175,  TOR  VSI TA ,3/24/2026,,scraped_feed_c,False
L002176,IND vs ATL,"November 9, 2025",,scraped_feed_c,False
L002177,ATL AT IND,"November 9, 2025",OSB,scraped_feed_c,False
L002178,Atlanta Falcons vs Indianapolis Colts,11/9/25,Olympic Stadium Berlin,official_feed,False
L002179,ATL vsIND,"November 9, 2025",OSB,scraped_feed_c,False
L002180,Brooklyn Nets vs Chicago Bulls,12/4/25,United Center,partner_feed_a,False
L002181,  BNK  v. CH ,December 5,United Center,scraped_feed_c,True
L002182,  BKN  @ CHI ,"December 4, 2025",,scraped_feed_c,False
L002183,Brooklyn Nets vs Chicago Bulls,12/4/25,UC,scraped_feed_c,False
L002184,denver nuggets vs new york knicks,2026-02-05,MSG,partner_feed_a,False
L002185,  NYKv  sD EN ,2026-02-05,Madison Square Garden Arena,scraped_feed_b,False
L002186,Denver Nuggets vs New York Knicks,2026-02-05,Madison Square Garden,scraped_feed_c,False
L002187,New York Knicks sv Denver Nuggets,2/5/26,Madison Square Garden,scraped_feed_c,False
L002188,ATL vs NO,"November 23, 2025",CS,scraped_feed_c,False
L002189,Atlanta Falcons vs New Orleans Saints,11/23/2025,Caesars Superdome,scraped_feed_c,False
L002190,  atlanta  falcons @ enw orleans saints ,,Caesars Superdome,scraped_feed_b,False
L002191,NO&nbsp;vs ATL,November 23,Caesars Superdome,scraped_feed_b,False
L002192,sas at ind,October 13,Gainbridge Fieldhouse,scraped_feed_c,False
L002193,sas vs ind,"October 13, 2025",Bankers Life Fieldhouse,scraped_feed_b,False
L002194,NID vs SS,"October 13, 2025",,scraped_feed_c,False
L002195,IND vs SAS,,GF,scraped_feed_c,False
L002196,charlotte hornets vs denver nuggets,12/7/2025,Spectrum Center Charlotte,partner_feed_a,False
L002197,charlotte hornets vs denver nuggets,12/7/2025,,partner_feed_a,False
L002198,Denver Nuggets at Charlotte Hornets,December 7,Spectrum Center,official_feed,False
L002199,  DEN  vs CHA ,,Spectrum Center,scraped_feed_b,False
L002200,memphis grizzlies at houston rockets,4/13/26,Toyota Center (Houston),partner_feed_a,False
L002201,MEM VS HOU,April 13,Toyota Center (Houston),scraped_feed_b,False
L002202,Memphis Grizzlies at Houston Rockets,4/13/2026,Toyota Center (Houston),official_feed,False
L002203,Memphis Grizzlies at Houston Rcokets,"April 13, 2026",,scraped_feed_c,False
L002204,chicago bulls vs milwaukee bucks,March 1,United Center,partner_feed_a,False
L002205,Chicago Bulls vs Milwaukee Bucks,March 1,United Center,scraped_feed_c,False
L002206,&nbsp; Chicago  Bulls v. Milwaukee Bucks ,"March 1, 2026",United Center,scraped_feed_b,False
L002207,Milwaukee Bucks at Chicago Bulls,2026-03-01,United Center,official_feed,False
L002208,Philadelphia 76ers vs Boston Celtics,2026-03-02,TD Garden,official_feed,False
L002209,ph iat bos,"March 2, 2026",TD Garden,scraped_feed_c,False
L002210,Boston Celtics vs Philadelphia 76ers,3/2/26,TD Garden,official_feed,False
L002211,PHI at BOS,2026-03-02,TD Garden,partner_feed_a,False
L002212,cin @ cle,9/7/25,Cleveland Browns Stadium,scraped_feed_c,False
L002213,&nbsp; cleveland  browns vs cincinnati bengals ,2025-09-07,Huntington Bank Field,scraped_feed_c,False
L002214,Cincinnati Bengals v. Cleveland Browns,September 5,Huntington Bank Field,scraped_feed_b,True
L002215,CLE vs CIN,September 7,Huntington Bank Field,partner_feed_a,False
L002216,UTA VS GSW,11/25/2025,Chase Center,partner_feed_a,False
L002217,Utah Jazz at Golden State Warriors,November 25,Chase Center,official_feed,False
L002218,Utah Jazz at Golden State Watriors,"November 25, 2025",Chase Center Arena,scraped_feed_b,False
L002219,Utah Jazz v. Golden State Warriors,November 25,Chase Center Arena,scraped_feed_b,False
L002220,BOS vs ATL,3/30/2026,State Farm Arena,scraped_feed_c,False
L002221,boston celtics vs atlanta hawks,3/30/26,State Farm Arena,scraped_feed_b,False
L002222,Atlanta Hawks vs Boston Celtics,March 30,State Farm Arena,official_feed,False
L002223,Atlanta Hawks vs Boston Celtics,3/30/26,State Farm Arena,official_feed,False
L002224,Denver Nuggets vs Indiana Pacers,12/4/25,Gainbridge Fieldhouse,official_feed,False
L002225,Denver Nuggets vs Indiana Pacers,2025-12-04,Gainbridge Fieldhouse,scraped_feed_c,False
L002226,DEN at IND,12/4/2025,Bankers Life Fieldhouse,partner_feed_a,False
L002227,denver nuggets at indiana pacers,2025-12-04,Gainbridge Fieldhouse,partner_feed_a,False
L002228,Houston Rockets vs New Orleans Pelicans,3/14/26,Toyota Center (Houston),official_feed,False
L002229,HOUSTON ROCKETS VS NEW ORLEANS PELICANS,3/14/2026,Toyota Center (Houston),partner_feed_a,False
L002230,New Orleans Pelicans at Houston Rockets,3/14/2026,Toyota Center (Houston),scraped_feed_b,False
L002231,NOP at HOU,3/14/26,Toyota Center (Houston),scraped_feed_c,False
L002232,  Detroit  Pitons v. Cleveland Cavaliers ,5/5/2026,LCA,scraped_feed_b,False
L002233,Cleveland Cavaliers at Detroit Pistons,5/5/26,Little Caesars Arena,official_feed,False
L002234,Detroit Pistons vs Cleveland Cavaliers,5/5/26,Little Caesars Arena Detroit,scraped_feed_c,False
L002235,Cleveland Cavaliers vs Detroit Pistons,"May 5, 2026",Little Caesars Arena,official_feed,False
L002236,  Memphis  Grizzlies ay LA Clippers ,November 29,Intuit Dome,scraped_feed_b,False
L002237,MEM @ LA Clippers,2025-11-29,Intuit Dome,scraped_feed_b,False
L002238,LA CLIPPERS VS MEM,,Intuit Dome,partner_feed_a,False
L002239,MEMPHIS GRIZZLIES VS LA CLIPPERS,11/29/25,Intuit Dome Los Angeles,partner_feed_a,False
L002240,bos at lal,2/22/26,crypto.com Arena,partner_feed_a,False
L002241,Boston Celtics vs Los Angeles Lakers,2/22/26,crypto.com Arena,official_feed,False
L002242,Boston Celtics at Los Angeles Lakers,2/22/2026,crypto.com Arena,official_feed,False
L002243,  BOS  a LAL ,2026-02-22,,scraped_feed_b,False
L002244,Team Stripes vs Team Stars,2026-02-16,Intuit Dome,scraped_feed_b,False
L002245,Team tSripes v. Team Stars,2/16/2026,IDLA,scraped_feed_c,False
L002246,Team Stars v. Team Striprs,2026-02-15,Intuit Dome Los Angeles,scraped_feed_b,True
L002247,Team Stars at Team Stripes,2/16/2026,Intuit Dome,official_feed,False
L002248,&nbsp; Chicago  Bears vs Detroit Lions ,2026-01-04,,scraped_feed_c,False
L002249,CHI vs DET,"January 4, 2026",Soldier Field,partner_feed_a,False
L002250,Detroit Lions at Chicago Bears,January 4,Soldier Field,official_feed,False
L002251,Chicago Bears vs Detroit Lions,2026-01-05,Soldier Field,scraped_feed_b,True
L002252,Chicago Bears vs Green Bay Packwrs,12/21/25,Soldier Field,scraped_feed_c,False
L002253,Green Bay Packers vs Chicago Bears,December 21,Soldier Field,partner_feed_a,False
L002254,  Chicago  Bearsvs Green Bay Paclers ,"December 23, 2025",Soldier Field,scraped_feed_b,True
L002255,Chicago Bears vs Green Bay Packers,"December 21, 2025",Soldier Field,official_feed,False
L002256,OKC vs BKN,2/21/2026,,scraped_feed_c,False
L002257,oklahoma city thunder vs brooklyn nets,2/21/26,Paycom Center,partner_feed_a,False
L002258,BKN VS OKC,"February 21, 2026",,scraped_feed_c,False
L002259,BROOKLYN NETS AT OKLAHOMA CITY THUNDER,2/21/26,Paycom Center,partner_feed_a,False
L002260,Toronto Raptors v. Boston Celtics,April 5,TD Garden,scraped_feed_b,False
L002261,TOR at BOS,2026-04-05,Fleet Center,partner_feed_a,False
L002262,Boston Celtics vs Toronto Raptors,2026-04-05,TD Garden,official_feed,False
L002263,BOS v. TOR,2026-04-06,TD Garden,scraped_feed_b,True
L002264,  SACRAMENTO  KINGS VS PORTLAND TRAIL BLAZERS ,1/19/2026,Golden 1 Center Sacramento,scraped_feed_c,False
L002265,SACRAMENTO KINGS VS PORTLAND TRAIL BLAZERS,"January 19, 2026",Golden 1 Center,partner_feed_a,False
L002266,POR at SAC,January 19,Golden 1 Center,partner_feed_a,False
L002267,PORTLAND TRAIL BLAZERS VS SACRAMENTO KINGS,"January 19, 2026",Golden 1 Center,partner_feed_a,False
L002268,Jacksonville Jaguars vs New York Jets,December 14,TIAA Bank Field,partner_feed_a,False
L002269,JAX vNs YJ,12/14/25,EverBank Stadium,scraped_feed_c,False
L002270,NYJ vs JAX,12/14/2025,,partner_feed_a,False
L002271,New York Jets vs Jacksonville Jaguars,2025-12-14,EverBank Stadium,official_feed,False
L002272,ATL VS POR,January 16,,scraped_feed_c,False
L002273,Atlanta Hawks vs Portland Trail Blazers,January 16,Moda Center,official_feed,False
L002274,  ATLANTA  HAWKS AT PORTLAND TRAIL BLAZERS ,1/16/2026,,scraped_feed_b,False
L002275,Atlanta Hawks vs Portland Trail Blazers,2026-01-16,Moda Center,official_feed,False
L002276,DENVER UGGETS VS MINNESOTA TIMBERWOLVSE,,,scraped_feed_b,False
L002277,den vs min,12/26/25,Ball Arena,partner_feed_a,False
L002278,DEN vs MIN,"December 26, 2025",Ball Arena,partner_feed_a,False
L002279,DEN v. MIN,December 26,Ball Arena,scraped_feed_b,False
L002280,Brooklyn Nets at Boston Celtics,2/28/26,Fleet Center,partner_feed_a,False
L002281,  BOS  vs BKN ,,Fleet Center,scraped_feed_c,False
L002282,KNat BOS,2/28/26,TD Garden,scraped_feed_b,False
L002283,BKNvs BOS,"March 2, 2026",TD Garden Boston,scraped_feed_b,True
L002284,  okc  v. tua ,"December 8, 2025",Delta Center,scraped_feed_b,False
L002285,Utah Jazz vs Oklahoma City Thunder,12/8/2025,Vivint Smart Home Arena,scraped_feed_b,False
L002286,utah jazz vs oklahoma city thunder,2025-12-08,Delta Center,partner_feed_a,False
L002287,Utah Jazz vs Oklahoma City Thunder,12/8/25,Delta Center,official_feed,False
L002288,Detroit Pistons at Cleveland Cavaliers,5/9/2026,Rocket Arena,partner_feed_a,False
L002289,Detroit Pistosn v. leveland Cavaliers,5/9/2026,Rocket Arena,scraped_feed_c,False
L002290,DET vs CLE,"May 9, 2026",,scraped_feed_b,False
L002291,Detroit Pistons at Cleveland Cavaliers,May 9,Rocket Arena,official_feed,False
L002292,Houston Rockets at Oklahoma City Thunder,2025-10-21,Paycom Center,official_feed,False
L002293,Houston Rockets at Oklahoma City Thunder,10/21/2025,Paycom Center,official_feed,False
L002294,HOU VS OKC,October 21,Paycom Center,scraped_feed_c,False
L002295,IKC V HOU,October 21,,scraped_feed_c,False
L002296,valtimore Ravens vs Cincinnati Bengals,2025-11-28,PSINet Stadium,scraped_feed_b,False
L002297,CINCINNATI BENGALS VS BALTIMORE RAVENS,11/27/2025,M&T Bank Stadium,scraped_feed_b,True
L002298,CIN AT BAL,"November 28, 2025",M&T Bank Stadium,scraped_feed_c,False
L002299,  Cincinnari  Bengals @ Baltimore Ravens ,2025-11-28,M&T Bank Stadium,scraped_feed_b,False
L002300,ATL vs MIA,2025-12-27,State Farm Arena,partner_feed_a,False
L002301,Miami Heat at Atlanta Hawks,2025-12-27,State Farm Arena,partner_feed_a,False
L002302,ATL vs MIA,2025-12-27,State Farm Arena,partner_feed_a,False
L002303,Atlanta Hawks vs Miami Heat,"December 27, 2025",State Farm Arena,scraped_feed_b,False
L002304,  Los  Angeles Lakes v sGolden State Warriors ,,crypto.com Arena,scraped_feed_b,False
L002305,lal vs gsw,February 8,crypto.com Arena,partner_feed_a,False
L002306,Golden State Warriors at Los Angeles Lakers,"February 8, 2026",crypto.com Arena,scraped_feed_b,False
L002307,GSW vs kAL,"February 8, 2026",crypto.com Arena,scraped_feed_b,False
L002308,Cleveland Browns at New York Jets,"November 9, 2025",MetLife Stadium,scraped_feed_b,False
L002309,CLE @ NYJ,2025-11-09,MetLife,scraped_feed_b,False
L002310,New York Jts v. Cleveland vrowns,11/9/2025,MetLife,scraped_feed_c,False
L002311,CLE vs NYJ,11/9/2025,MetLife Stadium,partner_feed_a,False
L002312,PIT vs BUF,November 30,,partner_feed_a,False
L002313,BUF vs PIT,11/30/25,,partner_feed_a,False
L002314,Pittsburgh Steelers vs Buffalo Bills,November 30,Acrisure Stadium,official_feed,False
L002315,Buffalo Bills vs Pittsburgh Steelers,11/30/25,Acrisure Stadium,official_feed,False
L002316,Memphis Grizzlies at Los Angele sLakers,"January 5, 2026",crypto.com Arena,scraped_feed_c,False
L002317,Los Angeles Lakers vs Memphis Grizzlies,1/5/26,crypto.com Arena,official_feed,False
L002318,Memphis Grizzlies vs Los Angeles Lakers,2026-01-05,crypto.com Arena,official_feed,False
L002319,mem v. lal,"January 5, 2026",,scraped_feed_b,False
L002320,hou vs nop,2025-12-19,Smoothie King Center,scraped_feed_b,False
L002321,NOP vs HOU,"December 19, 2025",Smoothie King Center,scraped_feed_c,False
L002322,  new  orleans pelicans v. huston rocket ,,SKC,scraped_feed_b,False
L002323,HOU VS NOP,12/19/25,Smoothie King Center New Orleans,partner_feed_a,False
L002324,phoenix suns v. indiana pacers,3/12/2026,Gainbridge Fieldhouse,scraped_feed_c,False
L002325,Phoenix Suns at Indiana Pacers,March 12,Gainbridge Fieldhouse,official_feed,False
L002326,Phoenix Suns at Indiana Pacers,3/12/2026,Bankers Life Fieldhouse,partner_feed_a,False
L002327,Phoeni xSuns at IndianaP acers,3/12/26,Gainbridge Fieldhouse,scraped_feed_b,False
L002328,WAS AT MEM,,FedExForum,partner_feed_a,False
L002329,Washington Wizards vs Memphis Grizzlies,December 21,FedExForum,official_feed,False
L002330,Memphis Grizzlies vs Washington Wizards,12/21/2025,FedExForum,scraped_feed_c,False
L002331,MEM vs WAS,December 21,FedExForum,partner_feed_a,False
L002332,Cleveland Cavaliers vs Charlotte Hornets,12/23/2025,Rocket Arena,official_feed,False
L002333,Cleveland Cavaliers vs Charlotte Hornets,"December 23, 2025",Rocket Arena,partner_feed_a,False
L002334,cha vs cle,December 23,,scraped_feed_b,False
L002335,CLE VS CHA,December 23,,partner_feed_a,False
L002336,sac at ind,December 9,,scraped_feed_b,False
L002337,Sacramento Kings vs Indiana Pacers,"December 9, 2025",Gainbridge Fieldhouse,partner_feed_a,False
L002338,Indiana Pacers vs Sacramento Kings,12/9/2025,Conseco Fieldhouse,scraped_feed_c,False
L002339,Sacramento Kings vs Indiana Pacers,2025-12-09,Gainbridge Fieldhouse,scraped_feed_b,False
L002340,Boston Celtics vs Brooklyn Nets,November 19,,official_feed,False
L002341,BKN s BSO,,Barclays Center Brooklyn,scraped_feed_c,False
L002342,BOS vs BKN,"November 19, 2025",Barclays Center Brooklyn,scraped_feed_b,False
L002343,Boston Celtics vs Brooklyn Nets,November 19,Barclays Center,scraped_feed_b,False
L002344,NYK at CHA,3/26/2026,Spectrum Center,scraped_feed_c,False
L002345,New York Knicks vs Charlotte Hornets,"March 26, 2026",Spectrum Center,official_feed,False
L002346,  Charlotte  Hornets vs New York Knicks ,"March 24, 2026",Spectrum Center,scraped_feed_c,True
L002347,NYK at CHA,March 26,Spectrum Center Charlotte,scraped_feed_b,False
L002348,&nbsp; NOP  at MIN ,2026-02-07,Target Center Minneapolis,scraped_feed_c,False
L002349,  MIN  v. NOP ,,Target Center Minneapolis,scraped_feed_c,False
L002350,New Orleans Pelicans at Minnesota Timberwolves,2/7/26,Target Center,official_feed,False
L002351,NOP @ MIN,"February 7, 2026",TCM,scraped_feed_c,False
L002352,Indiana Pacers at Brooklyn Nets,2026-04-09,Barclays Center,partner_feed_a,False
L002353,Brooklyn Nets vs Indiana Pacesr,4/9/26,Barclays Center,scraped_feed_c,False
L002354,IND @ BKN,4/9/2026,Barclays Center,scraped_feed_b,False
L002355,BKNv s INf,4/8/2026,Barclays Center,scraped_feed_b,True
L002356,Oklahoma City Thunder vs New Orleans Pelicans,11/2/2025,Paycom Center,official_feed,False
L002357,New Orleans Pelicans at Oklahoma City Thunder,"November 2, 2025",,scraped_feed_c,False
L002358,OKC vs NOP,11/2/2025,Paycom Center,partner_feed_a,False
L002359,OKC vs NOP,November 2,Paycom Center,partner_feed_a,False
L002360,Los Angeles Lakers vs Houston Rockets,2026-05-02,Toyota Center (Houston),partner_feed_a,False
L002361,HOU vs LAL,2026-05-02,Toyota Center (Houston),partner_feed_a,False
L002362,Houston Rockets vs Los Angeles Lakers,May 2,Toyota Center (Houston),official_feed,False
L002363,LAL vs HOU,5/2/26,Toyota Center (Houston),partner_feed_a,False
L002364,Sacramento Kings @ Portland Trail Blazers,12/19/2025,Moda Center Portland,scraped_feed_b,False
L002365,Portland Trail Blazers vs Sacramento Kings,"December 19, 2025",Moda Center,official_feed,False
L002366,Sacramento Kings at Portland Trail Blazers,12/19/25,Moda Center,official_feed,False
L002367,aScramento Kings at Portland Tril Blazers,12/21/25,Moda Center,scraped_feed_c,True
L002368,Sacramento Kings at Washington Wizards,"February 1, 2026",Capital One Arena,partner_feed_a,False
L002369,WASHINGTON WIZARDS VS SACRAMENTO KINGS,2026-02-01,COA,scraped_feed_c,False
L002370,SAC vs WAS,2026-02-01,Capital One Arena,partner_feed_a,False
L002371,sacramento kings at washington wizards,"February 1, 2026",,partner_feed_a,False
L002372,ATLANTA HAWKS VS BOSTON CELTICS,2026-01-18,SFA,scraped_feed_c,False
L002373,BOS&nbsp;vs ATL,1/18/26,,scraped_feed_b,False
L002374,BOS v. ATL,"January 20, 2026",SFA,scraped_feed_b,True
L002375,Boston Celtics at Atlanta Hawks,1/18/26,State Farm Arena,official_feed,False
L002376,TOR vs CHI,2/6/26,Scotiabank Arena,partner_feed_a,False
L002377,Chicago Bulls vs Toronto Raptors,2026-02-06,,partner_feed_a,False
L002378,Toronto Raptors vs Chicago Bulls,"February 6, 2026",Scotiabank Arena,official_feed,False
L002379,Chicago Bulls at Toronto Raptors,February 6,Scotiabank Arena,official_feed,False
L002380,Houston Rockets vs Dallas Mavericks,12/7/2025,American Airlines Center,official_feed,False
L002381,Dallas Mavericks vs Houston Rockets,12/7/25,American Airlines Center,official_feed,False
L002382,dallas mavericks v. houston rockets,12/7/2025,American Airlines Center,scraped_feed_c,False
L002383,Houston Rockets vs Dallas Mavericks,"December 7, 2025",AAC,scraped_feed_c,False
L002384,denver broncos v. kansas ity chiefs,12/26/25,Arrowhead Stadium,scraped_feed_b,False
L002385,Denver Broncos at Kansas City Chiefs,"December 26, 2025",Arrowhead Stadium,partner_feed_a,False
L002386,Denver Broncos at Kansas City Chiefs,12/27/25,AS,scraped_feed_c,True
L002387,  DENVER  BRONCOS VS KANSAS CITY CHIEFS ,12/26/2025,Arrowhead Stadium,scraped_feed_b,False
L002388,UTA t MIN,March 19,TCM,scraped_feed_c,False
L002389,Utah Jazz vs Minnesota Timberwolves,3/19/26,Target Center,official_feed,False
L002390,  Utah  Jazz vs Minnesota Timberwolves ,2026-03-19,TCM,scraped_feed_c,False
L002391,UTA vs MIN,March 19,Target Center Minneapolis,partner_feed_a,False
L002392,NYK at SAS,1/1/26,Frost Bank Center,scraped_feed_c,False
L002393,NEW YORK KNICKS VS SAN ANTONIO SPURS,1/1/26,Frost Bank Center,scraped_feed_c,False
L002394,SAS VS NYK,1/1/26,Frost Bank Center,scraped_feed_c,False
L002395,NEW YORK KNICKS VS SAN ANTONIO SPURS,"January 1, 2026",Frost Bank Center,partner_feed_a,False
L002396,Portland Trail Blazers vs Chicago Bulls,February 27,United Center Chicago,scraped_feed_c,False
L002397,Portland Trail Blazers vs Chicago Bulls,,United Center,partner_feed_a,False
L002398,Chicago Bulls v. Portland Trail Blazets,2026-02-27,United Center Chicago,scraped_feed_c,False
L002399,POR at CHI,2/27/2026,United Center,scraped_feed_b,False
L002400,Chicago Bulls vs New York Knicks,"November 3, 2025",Madison Square Garden,official_feed,False
L002401,  ci  vs nyk ,11/3/2025,Madison Square Garden Arena,scraped_feed_b,False
L002402,NEW YORK KNICKS VS CHICAGO BULLS,11/3/2025,Madison Square Garden,scraped_feed_c,False
L002403,Chicago Bulls vs New York Knicks,"November 5, 2025",The Garden,scraped_feed_c,True
L002404,IND at CLE,4/5/26,Rocket Mortgage FieldHouse,partner_feed_a,False
L002405,IND at CLE,April 5,Rocket Arena,partner_feed_a,False
L002406,IND vs CLE,April 5,Rocket Arena,scraped_feed_b,False
L002407,CL Evs IND,4/5/2026,Quicken Loans Arena,scraped_feed_b,False
L002408,  New  York Knicks vs Indiana Pacers ,February 11,Madison Square Garden,scraped_feed_b,False
L002409,Indiana Pacers vs New York Knicks,2/11/2026,Madison Square Garden,official_feed,False
L002410,Indiana Pacers @ New York Knicks,"February 11, 2026",The Garden,scraped_feed_c,False
L002411,ind @ nyk,"February 11, 2026",,scraped_feed_b,False
L002412,MIqv s WAS,2025-11-16,Santiago Bernabéu,scraped_feed_c,False
L002413,Washington Commanders at Miami Dolphins,,Santiago Bernabéu,scraped_feed_b,False
L002414,Washington Commanders at Miami Dolphins,November 16,Santiago Bernabéu,official_feed,False
L002415,Washington Commanders at Miami Dolphins,11/16/25,SB,scraped_feed_b,False
L002416,dallas mavericks at new orleans pelicana,"December 23, 2025",New Orleans Arena,scraped_feed_c,False
L002417,  ONP  v. DLA ,2025-12-23,,scraped_feed_b,False
L002418,Dallas Mavericks at New Orleans Pelicans,12/23/2025,Smoothie King Center,official_feed,False
L002419,DAL at NOP,12/23/25,Smoothie King Center,partner_feed_a,False
L002420,Utah Jazz vs Chicago Bulls,2026-01-15,United Center,official_feed,False
L002421,CHI v UTA,"January 15, 2026",UCC,scraped_feed_b,False
L002422,Utah Jazz at Chicago Bulls,January 15,,scraped_feed_b,False
L002423,Chicago Bulls vs Utah Jazz,,United Center,scraped_feed_c,False
L002424,Memphis Grizzlies vs Sacramento Kings,November 21,FedExForum,partner_feed_a,False
L002425,Sacramento Kings at Memphis Grizzlies,11/21/25,FedExForum,official_feed,False
L002426,Sacramento Kings vs Memphis Grizzlies,11/21/2025,FedExForum,official_feed,False
L002427,  aAC  at MEM ,"November 21, 2025",FedExForum,scraped_feed_b,False
L002428,DAL v. IND,2025-10-30,American Airlines Center,scraped_feed_b,False
L002429,DAL vs IND,2025-10-30,American Airlines Center,scraped_feed_c,False
L002430,indiana pacers vs dallas mavericks,10/30/2025,,scraped_feed_b,False
L002431,Dallas Mavericks vs Indiana Pacers,10/30/25,American Airlines Center,official_feed,False
L002432,Milwaukee Bucks at Atlanta Hawks,"March 14, 2026",State Farm Arena Atlanta,partner_feed_a,False
L002433,  MIL  v. ATL ,3/14/26,,scraped_feed_c,False
L002434,Atlanta Hawks vs Milwaukee Bucks,2026-03-14,State Farm Arena,official_feed,False
L002435,MIL v. ATL,March 14,State Farm Arena,scraped_feed_b,False
L002436,Memphis Grizzlies vs Chicago Bulls,March 17,United Center,official_feed,False
L002437,Memphis Grizzlies vs Chicago Bulls,3/17/2026,United Center,official_feed,False
L002438,CHI vs MEM,3/17/2026,United Center Chicago,partner_feed_a,False
L002439,MEM @ xHI,March 17,,scraped_feed_c,False
L002440,SAS vs NOP,11/9/2025,AT&T Center,partner_feed_a,False
L002441,SAS vs NOP,"November 9, 2025",,scraped_feed_c,False
L002442,NOP v. ASS,2025-11-09,AT&T Center,scraped_feed_c,False
L002443,das vs nop,"November 9, 2025",Frost Bank Center,scraped_feed_c,False
L002444,New Orleans Pelicans vs Dallas Mavericks,"March 17, 2026",Smoothie King Center,official_feed,False
L002445,Dallas Mavericks vs New Orleans Pelicans,March 15,Smoothie King Center,scraped_feed_b,True
L002446,DAL at NOP,3/17/2026,,scraped_feed_c,False
L002447,Dallas Mavericks s New Orleans Pelcans,2026-03-17,Smoothie King Center,scraped_feed_b,False
L002448,MEM vs UTA,2/21/2026,FedExForum,partner_feed_a,False
L002449,Memphis Grizzlies vs Utah Jazz,2026-02-21,FedEx Forum,partner_feed_a,False
L002450,  UTA  at MEM ,2/21/26,,scraped_feed_b,False
L002451,MEMPHIS GRIZZLIES VS UTAH JAZZ,,FedExForum,scraped_feed_b,True
L002452,CHI VS MEM,"March 29, 2026",,partner_feed_a,False
L002453,MEM vs CHI,3/29/26,FedEx Forum,scraped_feed_c,False
L002454,chicago bulls at memphis grizzlies,3/29/2026,,partner_feed_a,False
L002455,Memphis Grizzlies vs Chicago Bulls,3/29/26,FedExForum,official_feed,False
L002456,Miami&nbsp;Heat v. Atlata awks,2026-02-21,,scraped_feed_b,False
L002457,MAI vs ATL,2/21/2026,State Farm Arena,scraped_feed_c,False
L002458,Miami Hest vs Atlanta Hawks,February 21,State Farm Arena Atlanta,scraped_feed_b,False
L002459,Atlanta Hawks vs Miami Heat,2/21/26,State Farm Arena,official_feed,False
L002460,MIN vs OKC,3/17/2026,Paycom Center,scraped_feed_b,True
L002461,Oklahoma City Thunder vsMinnesota Timbrewolves,"March 15, 2026",Paycom Center,scraped_feed_b,False
L002462,Oklahoma City Thunder vs Minnesota Timberwolves,2026-03-15,Paycom Center,official_feed,False
L002463,Minnesota Timberwolves vs Oklahoma City Thunder,"March 15, 2026",Paycom Center,official_feed,False
L002464,Boston Celtics at Orlando Magic,11/8/25,Kia Center,scraped_feed_b,False
L002465,BOS v. ORL,"November 8, 2025",Kia Center,scraped_feed_c,False
L002466,boston celtics at orlando magic,November 8,AC,scraped_feed_c,False
L002467,Boston Celtics at Orlando Magic,November 8,Kia Center Orlando,partner_feed_a,False
L002468,CHI vs MIA,2/1/2026,Kaseya Center,scraped_feed_c,False
L002469,Miami Heat vs Chicago Bulls,2/1/26,Kaseya Center,official_feed,False
L002470,chicago bulls vs miami heat,"February 1, 2026",Kaseya Center,partner_feed_a,False
L002471,Miami Heat vs Chicago Bulls,"February 1, 2026",American Airlines Arena,scraped_feed_b,False
L002472,Utah Jazz vs New York Knicks,3/12/26,Vivint Smart Home Arena,partner_feed_a,False
L002473,NYK vs UTA,"March 12, 2026",DC,scraped_feed_b,False
L002474,new york knicks at utah jazz,March 12,Delta Center,partner_feed_a,False
L002475,NYK at UTA,2026-03-12,Delta Center,partner_feed_a,False
L002476,Miami Heat vs Orlando Magic,March 15,Kaseya Center,official_feed,False
L002477,Orlando Magic vs Miami Heat,3/15/26,Kaseya Center,partner_feed_a,False
L002478,MIAMI HEAT VS ORLANDO MAGIC,"March 15, 2026",FTX Arena,partner_feed_a,False
L002479,Miami Heat vs Orlando Magic,,Kaseya Center,scraped_feed_c,False
L002480,Philadelphia 76ers vs Memphis Grizzlies,December 31,FedExForum,official_feed,False
L002481,  PHI  vs MEM ,"December 31, 2025",FedExForum,scraped_feed_b,False
L002482,PHI at MEM,2025-12-31,FedExForum,scraped_feed_b,False
L002483,MEMPHIS&nbsp;GRIZZLIES VS PHILADELPHIA 76ERS,12/31/2025,FedExForum,scraped_feed_b,False
L002484,  NO  @ CHI ,"October 17, 2025",Soldier Field,scraped_feed_b,True
L002485,NO VS CHI,,Soldier Field,scraped_feed_c,False
L002486,New Orleans Saints at Chicago Bears,October 19,Soldier Field,partner_feed_a,False
L002487,chicago bears vs new orleans saints,10/19/25,Soldier Field,partner_feed_a,False
L002488,PHX at NOP,12/27/2025,Smoothie King Center,partner_feed_a,False
L002489,NOP vs PHX,"December 27, 2025",Smoothie King Center,partner_feed_a,False
L002490,New Orleans Pelicans vs Phoenix Suns,December 27,Smoothie King Center,official_feed,False
L002491,New Orleans Pleicans v. Phoenix Suns,12/27/2025,Smoothie King Center,scraped_feed_b,False
L002492,Golden State Warriors v. Cleveland aCvalirs,2025-12-07,Rocket Arena,scraped_feed_c,False
L002493,Golden State Warriors at Cleveland Cavalires,12/7/25,QLA,scraped_feed_c,False
L002494,GSW at CLE,12/7/2025,Rocket Arena,partner_feed_a,False
L002495,golden state warriors vs cleveland cavaliers,December 7,Rocket Arena Cleveland,scraped_feed_c,False
L002496,DAL vs NYJ,2025-10-05,MetLife,partner_feed_a,False
L002497,Dallas Cowboys at New York Jets,2025-10-05,MetLife Stadium,scraped_feed_c,False
L002498,Dallas Cowboys at New York Jets,"October 5, 2025",MetLife Stadium,official_feed,False
L002499,dal at nj,,MetLife,scraped_feed_b,False
L002500,washington wizards vs atlanta hawks,11/26/25,Capital One Arena,scraped_feed_c,False
L002501,ATL&nbsp;@ WAS,November 26,COA,scraped_feed_b,False
L002502,WAS v sATL,11/26/2025,MCI Center,scraped_feed_c,False
L002503,Atlanta Hawks at Washington Wizards,"November 26, 2025",,official_feed,False
L002504,Boston Celtics vs Portland Trail Blazers,January 27,TD Garden,official_feed,False
L002505,Portland Trail Blazers @ Boston Celtics,1/27/2026,TD Garden,scraped_feed_c,False
L002506,POR vs BOS,1/27/26,TD Garden,partner_feed_a,False
L002507,BOSTON CELTICS VS PORTLAND TRAIL BLAZERS,1/27/26,,scraped_feed_c,False
L002508,DEN at MIN,4/24/2026,Target Center,scraped_feed_b,False
L002509,Minnesota Timberwolves vs Denver Nuggets,2026-04-24,,scraped_feed_b,False
L002510,DEN at MI,"April 24, 2026",TCM,scraped_feed_c,False
L002511,  DEN  @ MIN ,4/24/2026,Target Center,scraped_feed_c,False
L002512,la clippers v. toronto raptors,,Intuit Dome,scraped_feed_c,False
L002513,TOR at LA Clippers,2026-03-26,Intuit Dome,scraped_feed_c,False
L002514,TO Rvs LA Clippesr,2026-03-27,Intuit Dome Los Angeles,scraped_feed_c,True
L002515,kA Clipper svs TOR,March 26,,scraped_feed_c,False
L002516,NOP v. PHX,,MMC,scraped_feed_b,False
L002517,Phoenix Suns vs New Orleans Pelicans,March 7,Mortgage Matchup Center,scraped_feed_b,False
L002518,New Orleans Pelicans vs Phoenix Suns,3/7/26,Mortgage Matchup Center,official_feed,False
L002519,New Orleans Pelicans vs Phoenix Suns,March 7,Mortgage Matchup Center,partner_feed_a,False
L002520,WAS VS TOR,,COA,scraped_feed_b,False
L002521,Toronto Raptors vs Washington Wizards,2025-10-12,Capital One Arena,official_feed,False
L002522,toronto raptors at washington wizards,"October 12, 2025",Capital One Arena,partner_feed_a,False
L002523,Torotno Raptors at Washington Wizards,"October 12, 2025",Capital One Arena,scraped_feed_c,False
L002524,MIA VS ATL,February 2,Kaseya Center,scraped_feed_b,True
L002525,MIA vs ATL,February 4,Kaseya Center,partner_feed_a,False
L002526,MIA VS ATL,2/4/26,Kaseya Center,partner_feed_a,False
L002527,Miami Heat vs Atlanta Hawks,February 4,Kaseya Center,official_feed,False
L002528,Arizona Cardinals vs Tampa Bay Buccaneers,"November 30, 2025",Raymond James Stadium,official_feed,False
L002529,Arizona Cardinals at Tampa Bay Buccaneers,11/30/25,Raymond James Stadium,official_feed,False
L002530,TB vs ARI,11/30/2025,,partner_feed_a,False
L002531,Tampa Bay Buccaneers v. Arizona Cardinals,"November 30, 2025",,scraped_feed_b,False
L002532,PHI at WAS,4/1/26,Capital One Arena,partner_feed_a,False
L002533,Philadelphia 76ers vs Washington Wizards,4/1/26,Capital One Arena,official_feed,False
L002534,Philadelphia 76ers at Washington Wizards,4/1/2026,Capital One Arena,official_feed,False
L002535,PHI at WAS,4/1/26,COA,scraped_feed_c,False
L002536,Los Angeles Rams at Philadelphia Eagles,September 21,Lincoln Financial Field,official_feed,False
L002537,LAR at PHI,,Lincoln Financial Field,scraped_feed_c,False
L002538,philadelphia eagles vs los angeles rams,September 21,LFF,scraped_feed_c,False
L002539,Philadelphia Eagles vs Los Angeles Rams,"September 21, 2025",Lincoln Financial Field,official_feed,False
L002540,POR t MEM,"December 7, 2025",F,scraped_feed_c,False
L002541,  MEM  vs POR ,2025-12-07,F,scraped_feed_b,False
L002542,MM VS PO,12/7/2025,,scraped_feed_c,False
L002543,PORTLAND TRAIL BLAEZRS AT MEMPHIS GRIZZLIES,2025-12-07,FedExForum,scraped_feed_b,False
L002544,CLE vs TOR,2026-05-01,Scotiabank Arena Toronto,partner_feed_a,False
L002545,  CLE  v. TOR ,"May 1, 2026",,scraped_feed_c,False
L002546,Toronto Raptors vs Cleveland Cavaliers,"May 1, 2026",Scotiabank Arena,official_feed,False
L002547,TOR vs CLE,May 1,Scotiabank Arena,partner_feed_a,False
L002548,Phoenix Suns vs Oklahoma City Thunder,2026-04-23,Paycom Center,official_feed,False
L002549,Oklahoma City Thunder s Phoenix Snus,4/23/26,Paycom Center,scraped_feed_c,False
L002550,Oklahoma&nbsp;Cit yThunder vs Phoenix Suns,4/23/26,PC,scraped_feed_c,False
L002551,PHX VS OKC,4/23/26,Paycom Center,partner_feed_a,False
L002552,  MIA  vsYK ,,FTX Arena,scraped_feed_c,False
L002553,  mia  vs nyk ,,Kaseya Center,scraped_feed_b,False
L002554,New York Knicks at Miami Heat,10/26/25,Kaseya Center,official_feed,False
L002555,Miami Heat vs New York Knicks,"October 26, 2025",Kaseya Center,official_feed,False
L002556,HOU at PHX,"November 25, 2025",Mortgage Matchup Center,scraped_feed_b,False
L002557,Houston Rockets vs Phoenix Suns,11/25/25,Mortgage Matchup Center,official_feed,False
L002558,Houston Rockets at Phoenix Suns,11/25/2025,Mortgage Matchup Center,partner_feed_a,False
L002559,Phoenix Suns vs Houston Rockets,2025-11-25,Mortgage Matchup Center,official_feed,False
L002560,POR vs SAS,,Moda Center,scraped_feed_b,False
L002561,Portland Trail Blazers v. San Antonio Spurs,November 27,Rose Garden,scraped_feed_c,False
L002562,SAN ANTONIO SPURS VS PORTLAND TRAIL BLAZERS,,Moda Center Portland,scraped_feed_b,False
L002563,San Antonio Spurs at Portland Trail Blazers,"November 27, 2025",,partner_feed_a,False
L002564,BOS at DET,1/20/26,,partner_feed_a,False
L002565,BOS v. DET,1/20/2026,Little Caesars Arena,scraped_feed_c,False
L002566,BOS VS DET,1/20/2026,,scraped_feed_c,False
L002567,  BOS  vs DET ,2026-01-20,Little Caesars Arena,scraped_feed_c,False
L002568,Charlotte Hornets vs Phoenix Suns,2026-04-02,Time Warner Cable Arena,scraped_feed_b,False
L002569,Charlotte Hornets vs Phoenix Suns,"April 2, 2026",Spectrum Center,official_feed,False
L002570,  Phoenix  Suns vs Charlotte Hornets ,4/2/2026,Spectrum Center,scraped_feed_c,False
L002571,Phoenix Suns at Charlotte Hornets,4/2/26,Spectrum Center Charlotte,scraped_feed_b,False
L002572,WAS vs PHX,1/12/2026,Mortgage Matchup Center,partner_feed_a,False
L002573,ws at phx,January 12,Mortgage Matchup Center,scraped_feed_c,False
L002574,PHX vs WAS,"January 12, 2026",Mortgage Matchup Center,partner_feed_a,False
L002575,Phoenix Suns vs Washington Wizards,2026-01-12,Mortgage Matchup Center,official_feed,False
L002576,Tennessee Titans at Denver Broncos,9/7/25,Empower Field at Mile High,official_feed,False
L002577,Tennessee Titans at Denver Broncos,9/7/25,Empower Field at Mile High,official_feed,False
L002578,Tennessee Titans at Denver Broncos,9/7/2025,Empower Field at Mile High,partner_feed_a,False
L002579,Denver Broncos vs Tennessee Titans,2025-09-07,Empower Field at Mile High,official_feed,False
L002580,Phoenix Suns v sMiani Heat,,Mortgage Matchup Center,scraped_feed_c,False
L002581,  Maimi  Heat @ Phoenix Suns ,1/26/2026,Mortgage Matchup Center,scraped_feed_c,False
L002582,  Phoenix  Suns vs Miami Heat ,1/26/26,Mortgage Matchup Center,scraped_feed_c,False
L002583,Phoenix Suns vs Miami Heat,1/26/26,Mortgage Matchup Center,official_feed,False
L002584,Dallas Mavericks at Los Angeles Lakers,"February 13, 2026",crypto.com Arena,official_feed,False
L002585,Dallas Mavericks vs Los Angeles Lakers,February 13,crypto.com Arena,partner_feed_a,False
L002586,LAL vs DAL,2/13/26,crypto.com Arena,scraped_feed_c,False
L002587,Dallas Mavericks vs Los Angeles Lakers,"February 13, 2026",crypto.com Arena,partner_feed_a,False
L002588,DET vsYK,,Little Caesars Arena,scraped_feed_c,False
L002589,New York Knicks at Detroit Pistons,1/6/26,Little Caesars Arena,partner_feed_a,False
L002590,New York Knicks at Detroit Pistons,1/6/2026,Little Caesars Arena,official_feed,False
L002591,New York Knicks vs Detroit Pistons,1/6/26,Little Caesars Arena,partner_feed_a,False
L002592,Memphis Grizzlis vs Houston Rockets,2025-11-06,,scraped_feed_b,False
L002593,Houston Rocketsat Memphis Grizzlies,,FedExForum,scraped_feed_b,False
L002594,Houston Rockets at Memphis Grizzlies,2025-11-06,FedExForum,official_feed,False
L002595,MEM VS HOU,11/6/2025,FedExForum,scraped_feed_c,False
L002596,lal at den,"March 6, 2026",Ball Arena,scraped_feed_b,False
L002597,  LAL  at DEN ,3/6/26,BA,scraped_feed_c,False
L002598,LAL vs DEN,3/6/26,Ball Arena,scraped_feed_c,False
L002599,Los Angeles Lakers at Denver Nuggets,2026-03-06,Ball Arena,official_feed,False
L002600,GSW at POR,12/15/25,Moda Center,partner_feed_a,False
L002601,Portland Trail Blazers vs Golden State Warriors,"December 15, 2025",RG,scraped_feed_b,False
L002602,Golden State Warriors at Portland Trail Blazers,2025-12-15,Moda Center,official_feed,False
L002603,Portland Trail Blazers vs Golden State Warriors,December 15,Moda Center,official_feed,False
L002604,NEW ORLEANS PELICANS VS PHOENIX SUNS,December 28,Smoothie King Center,scraped_feed_c,False
L002605,PHX at NOP,2025-12-28,Smoothie King Center New Orleans,partner_feed_a,False
L002606,Phoenix Suns vs New Orleans Pelicans,"December 28, 2025",Smoothie King Center,official_feed,False
L002607,NEW ORLEANS PELICANS VS PHOENIX SUNS,December 28,Smoothie King Center,scraped_feed_b,False
L002608,Cleveland Cavaliers at LA Clippers,"February 5, 2026",Intuit Dome Los Angeles,partner_feed_a,False
L002609,Cleveland Cavaliers at LA Clippers,2/5/26,Intuit Dome,official_feed,False
L002610,la clippers vs cleveland cavaliers,,Intuit Dome,scraped_feed_c,False
L002611,Cleveland Cavaliers vs LA Clippers,February 5,Intuit Dome,scraped_feed_b,False
L002612,OKC vs LA Clippers,11/5/25,Intuit Dome,partner_feed_a,False
L002613,Oklahoma City Thunder at LA Clippers,2025-11-05,Intuit Dome,partner_feed_a,False
L002614,LA Clippers vs Oklahoma City Thunder,November 5,Intuit Dome,official_feed,False
L002615,OKC at A Clippers,2025-11-05,ID,scraped_feed_c,False
L002616,New England Patriots vs Carolina Panthers,"September 28, 2025",Gillette Stadium,official_feed,False
L002617,NE vs CAR,September 28,,partner_feed_a,False
L002618,NE&nbsp;vs CAe,September 28,Gillette,scraped_feed_b,False
L002619,carolina panthers at new england patriots,September 28,Gillette Stadium,scraped_feed_b,False
L002620,  Toronto  Raptors vs Oklagoma City Thunder ,January 26,Paycom Center,scraped_feed_b,False
L002621,Oklahoma City Thunder vs Troonto aRptors,2026-01-26,Paycom Center,scraped_feed_b,False
L002622,oTronto Raptors vsO klahoma City Thunder,1/26/26,Paycom Center,scraped_feed_b,False
L002623,TOR at OKC,"January 26, 2026",Paycom Center,partner_feed_a,False
L002624,Miami Heat at Toronto Raptors,2026-04-09,Scotiabank Arena,partner_feed_a,False
L002625,MIA at TOR,"April 9, 2026",Scotiabank Arena,partner_feed_a,False
L002626,MIA at TOR,4/9/2026,SA,scraped_feed_c,False
L002627,MIA vs TOR,April 9,Scotiabank Arena,scraped_feed_c,False
L002628,Portland Trail Blazers at Golden State Warriors,"October 9, 2025",Chase Center,official_feed,False
L002629,PORTLAND&nbsp;TRAIL BLAZERS AT GOLDEN STATE WARRIORS,10/9/2025,Chase Center,scraped_feed_b,False
L002630,POR at GSW,10/9/25,Chase Center Arena,partner_feed_a,False
L002631,Portland Trail Blazers vs Golden State Warriors,10/9/2025,Chase Center,official_feed,False
L002632,Carolina Panthes vs Ne York Jets,10/19/25,MetLife Stadium,scraped_feed_c,False
L002633,NYJ vs CAR,"October 19, 2025",MetLife Stadium,partner_feed_a,False
L002634,Carolina Panthers vs New York Jets,October 19,MetLife Stadium,official_feed,False
L002635,Carolina Panthers at New York Jets,October 19,MetLife Stadium,official_feed,False
L002636,AL vsC AR,September 21,Bank of America Stadium,scraped_feed_c,False
L002637,Carolina Panthers vs Atlanta Falcons,September 21,Bank of America Stadium,partner_feed_a,False
L002638,  ATLANTA  FALCONS VS CAROLINA PANTHERS ,2025-09-21,,scraped_feed_b,False
L002639,ATL vs CAR,9/21/2025,,partner_feed_a,False
L002640,Indianapolis Colts vs Houston Texans,1/4/2026,Reliant Stadium,partner_feed_a,False
L002641,IND vs HOU,"January 4, 2026",Reliant Stadium,partner_feed_a,False
L002642,ind @ hou,1/3/26,RS,scraped_feed_c,True
L002643,HOUSTON TEXANS VS INDIANAPOLIS COLTS,1/4/2026,Reliant Stadium,scraped_feed_b,False
L002644,Indianapolis Colts vs Jacksonville Jaguars,December 7,EverBank Stadium,official_feed,False
L002645,Indiaapolis Colts @ Jacksonvill Jaguars,12/7/2025,EverBank Stadium,scraped_feed_b,False
L002646,und at jac,December 7,EverBank Stadium,scraped_feed_c,False
L002647,Indianapolis Colts vs Jacksonville Jaguars,12/7/2025,Jacksonville Municipal Stadium,partner_feed_a,False
L002648,New York Jets vs New England Patriots,"December 28, 2025",MetLife Stadium,official_feed,False
L002649,New rngland Patriots vs New Yor Jets,"December 28, 2025",MS,scraped_feed_c,False
L002650,New&nbsp;England Patriots vs New York Jets,12/28/25,,scraped_feed_b,False
L002651,NEW ENGLAND PATRIOTS VS NEW YORK JETS,"December 28, 2025",,scraped_feed_c,False
L002652,GOLDEN STATE WARRIORS AT SAN ANTONIO SPURS,11/15/2025,AT&T Center,partner_feed_a,False
L002653,Golden State Warriors at San Antonio Spurs,11/15/2025,Frost Bank Center,official_feed,False
L002654,Sn Antonio Spurs v. GoldenState Warriors,November 15,Frost Bank Center,scraped_feed_b,False
L002655,  GSW  AT SAS ,11/15/25,,scraped_feed_c,False
L002656,Orlando Magic vs Brooklyn Nets,"January 8, 2026",Barclays Center,official_feed,False
L002657,BKN  vORL,2026-01-08,,scraped_feed_b,False
L002658,BKN&nbsp;v. ORL,2026-01-08,,scraped_feed_b,False
L002659,BKN vs ORL,1/8/26,Barclays Center Brooklyn,partner_feed_a,False
L002660,toronto aptors v. new orleans pelicans,3/28/26,SA,scraped_feed_c,False
L002661,NOP VS TOR,,Scotiabank Arena,scraped_feed_b,False
L002662,Toronto Raptors vs New Orleans Pelicans,2026-03-28,Scotiabank Arena,official_feed,False
L002663,  New  Orleans Pelicans vs Toronto Raptors ,,,scraped_feed_b,True
L002664,  Minnesota  Timberwolves vs Golden State Warriors ,December 13,Chase Center,scraped_feed_c,False
L002665,  Minnesota  Timberwolves v. olden State Warriors ,12/13/25,Chase Center Arena,scraped_feed_b,False
L002666,Monnesoat&nbsp;Timberwolves vs Golden State Warriors,2025-12-13,,scraped_feed_c,False
L002667,  MIN  VS GSW ,12/13/25,Chase Center,scraped_feed_b,False
L002668,lal v. min,2026-03-11,A,scraped_feed_b,False
L002669,Minnesota Timberwolves vs Los Angeles Lakers,3/11/2026,crypto.com Arena,partner_feed_a,False
L002670,  LAL  vs MIN ,"March 11, 2026",crypto.com Arena,scraped_feed_c,False
L002671,LOS ANGELES LAKERS VS MINNESOTA TIMBERWOLVES,3/11/26,crypto.com Arena,partner_feed_a,False
L002672,  dallas  mavericks v. sacramento ikngs ,January 7,Golden 1 Center,scraped_feed_c,False
L002673,Dallas&nbsp;Mavericks @ Sacramento Kings,"January 7, 2026",Golden 1 Center Sacramento,scraped_feed_b,False
L002674,Dallas Mavericks at Sacramento Kings,January 7,Golden 1 Center,official_feed,False
L002675,DAL AT SAC,2026-01-07,Golden 1 Center,scraped_feed_b,False
L002676,Dallas Mavericks vs San Antonio Spurs,October 23,American Airlines Center,official_feed,False
L002677,San Antonio Spurs vs Dallas Mavericks,2025-10-23,American Airlines Center,official_feed,False
L002678,San Antonio Spurs at Dallas Mavericks,2025-10-23,,partner_feed_a,False
L002679,  DAL  v. ASS ,"October 25, 2025",American Airlines Center,scraped_feed_c,True
L002680,BAL VS MIN,November 9,,scraped_feed_c,False
L002681,baltimore ravens @ minnesota vikings,11/7/2025,U.S. Bank Stadium,scraped_feed_b,True
L002682,BALTIMORE RAVENS VS MINNESOTA VIKINGS,"November 9, 2025",U.S. Bank Stadium,scraped_feed_b,False
L002683,Baltimore Ravens vs Minnesota Vikings,11/9/2025,U.S. Bank Stadium,official_feed,False
L002684,NO v. CAR,11/9/2025,Bank of America Stadium,scraped_feed_c,False
L002685,Carolinq&nbsp;oanthers v. New Orleans Saints,11/9/25,Bank of America Stadium,scraped_feed_b,False
L002686,CAR vs NO,11/9/2025,Bank of America Stadium,partner_feed_a,False
L002687,CAR vs NO,11/9/2025,Bank of America Stadium,partner_feed_a,False
L002688,phi v. uta,3/5/26,Xfinity Mobile Arena,scraped_feed_b,False
L002689,UTAH JAZZ AT PHILADELPHIA 76ERS,3/5/2026,Xfinity Mobile Arena,partner_feed_a,False
L002690,UTA v. PHI,,Xfinity Mobile Arena,scraped_feed_c,False
L002691,Utah Jazz vs Philadelphia 76ers,3/5/2026,XMA,scraped_feed_c,False
L002692,Portland Trail Blazers vs Orlando Magic,12/24/25,Moda Center,official_feed,False
L002693,Orlando Magic vs Portland Trail Blazers,12/24/2025,Moda Center,official_feed,False
L002694,  PORvs  ORL ,12/24/25,Moda Center,scraped_feed_c,False
L002695,Orlando&nbsp;Magic at Portland Trail Blazers,12/24/25,Rose Garden,scraped_feed_c,False
L002696,  Golden  atate Warriors at Orlando Magic ,November 19,Kia Center,scraped_feed_c,False
L002697,GSW at ORL,11/19/2025,Kia Center,partner_feed_a,False
L002698,Orlando Magic vs Golden State Warriors,2025-11-19,Kia Center,official_feed,False
L002699,Orlando&nbsp;Magic vs Golden Srte Warriors,11/19/2025,,scraped_feed_c,False
L002700,AT LVS WAS,"December 7, 2025",Verizon Center,scraped_feed_b,False
L002701,ATL @ WAS,2025-12-07,,scraped_feed_b,False
L002702,washington wizards vs atlanta hawks,,Capital One Arena Washington,partner_feed_a,False
L002703,ATLANTA HAWKSA T QASHINGTON WIZARDS,December 8,COA,scraped_feed_c,True
L002704,Golden State Warriors vs Utah Jazz,3/10/26,Vivint Smart Home Arena,scraped_feed_c,False
L002705,Golden State Warriors vs Utah Jazz,3/10/26,Delta Center,official_feed,False
L002706,GdW&nbsp;vs UTA,3/10/2026,Delta Center,scraped_feed_b,False
L002707,Utah Jazz vs Golden State Warriors,"March 10, 2026",Delta Center,official_feed,False
L002708,Philadelphia 76ers vs Dallas Mavericks,2025-12-21,Xfinity Mobile Arena,official_feed,False
L002709,  DAL  vs PHI ,12/21/25,Xfinity Mobile Arena,scraped_feed_b,False
L002710,Philadelphia 76ers vs Dallas Mavericks,"December 21, 2025",Xfinity Mobile Arena,official_feed,False
L002711,  Dallas  Mavericks v. Philadelphia 76ers ,2025-12-21,Xfinity Mobile Arena,scraped_feed_b,False
L002712,Denver Nuggets vs Houston Rockets,2026-03-12,Ball Arena,official_feed,False
L002713,DEN vs HOU,March 12,Ball Arena,partner_feed_a,False
L002714,HOU vs DEN,2026-03-12,Ball Arena,partner_feed_a,False
L002715,HOU AT DEN,3/12/26,,scraped_feed_b,False
L002716,la clippers vs milwaukee bucks,March 29,Fiserv Forum,partner_feed_a,False
L002717,la clippers vs mil,"March 29, 2026",FF,scraped_feed_c,False
L002718,Milwaukee Bucks vs LA Clippers,3/29/2026,Fiserv Forum,official_feed,False
L002719,LA Clippers at Milwaukee Bucks,2026-03-29,Fiserv Forum,official_feed,False
L002720,SF vs TEN,12/14/25,Levi's Stadium,scraped_feed_c,False
L002721,Tennessee Titans at San Francisco 49ers,12/14/2025,Levi's Stadium,partner_feed_a,False
L002722,Tennessee Titans vs San Francisco 49ers,12/14/2025,Levi's Stadium,official_feed,False
L002723,Tennessee Titans at San Francisco 49ers,12/14/2025,Levi's Stadium,partner_feed_a,False
L002724,Denver Nuggets at Washington Wizards,2026-01-23,Capital One Arena,official_feed,False
L002725,Denver Nuggets at Washington Wizards,1/23/2026,MCI Center,partner_feed_a,False
L002726,Washington Wizards vs Denver Nuggets,"January 23, 2026",Capital One Arena,official_feed,False
L002727,DEN VS WAS,"January 23, 2026",Capital One Arena,partner_feed_a,False
L002728,San Antonio Spurs at Memphis Grizzlies,"January 7, 2026",FedExForum,official_feed,False
L002729,SAS vs MEM,1/7/26,FedExForum,scraped_feed_b,False
L002730,San Antonio Spurs at Memphis Grizzlies,January 7,FedExForum,official_feed,False
L002731,SA&nbsp;vs MEM,1/7/2026,FedExForum,scraped_feed_b,False
L002732,Atlanta Hawks v. Charlotte Hornets,11/23/25,State Farm Arena Atlanta,scraped_feed_b,False
L002733,Charlotte Hornets at Atlanta Hawks,2025-11-23,State Farm Arena,official_feed,False
L002734,ATL VS CHA,"November 23, 2025",State Farm Arena,scraped_feed_c,False
L002735,Atlanta Hawks vs Charlotte Hornets,11/23/2025,State Farm Arena,partner_feed_a,False
L002736,Dallas Mavericks at Houston Rockets,"November 4, 2025",Toyota Center (Houston),partner_feed_a,False
L002737,hou vs dal,November 4,Toyota Center (Houston),partner_feed_a,False
L002738,HOU vs DAL,11/4/2025,Toyota Center (Houston),partner_feed_a,False
L002739,Houston Rockets sv Dallas Mavericks,November 4,Toyota Center (Houston),scraped_feed_c,False
L002740,Philadelphia 76ers vs Boston Celtics,2026-04-19,TD Garden,official_feed,False
L002741,Boston Celtics vs Philadelphia 76ers,4/19/26,TD Garden Boston,partner_feed_a,False
L002742,PHI at BOS,4/19/2026,,scraped_feed_b,False
L002743,Philadelphia 76ers at Boston Celtics,4/19/2026,TD Garden,official_feed,False
L002744,SAA ATDEN,2026-04-04,PC,scraped_feed_c,False
L002745,DEN v. SAS,4/4/2026,Ball Arena,scraped_feed_b,False
L002746,San Antonio Spurs at DenverNggets,4/4/2026,,scraped_feed_c,False
L002747,San Antonio Spirs vs Denver Nuggts,April 4,Ball Arena,scraped_feed_c,False
L002748,CHI at DET,2025-09-14,Ford Field,partner_feed_a,False
L002749,  Chicago  Beas vs Detroit Lions ,September 14,Ford Field,scraped_feed_b,False
L002750,chi v. fet,,FF,scraped_feed_b,False
L002751,CHICAGO BEARS AT DETROIT LIONS,9/14/25,Ford Field,partner_feed_a,False
L002752,la clippers vs phi,2025-11-18,Xfinity Mobile Arena,partner_feed_a,False
L002753,LA Clippers at PHI,11/18/2025,Xfinity Mobile Arena,scraped_feed_c,False
L002754,Pihladelphia 76ers s LA Clippers,,XMA,scraped_feed_c,False
L002755,Philadelphia 76ers vs LA Clippers,11/18/25,Xfinity Mobile Arena,official_feed,False
L002756,MIA @ UTA,1/25/26,,scraped_feed_c,False
L002757,Miami Heat vs Utah Jazz,"January 25, 2026",Delta Center,official_feed,False
L002758,Utah Jazz vs Miami Heat,1/25/2026,Delta Center,official_feed,False
L002759,utah jazz vs miami heat,"January 25, 2026",Delta Center,scraped_feed_c,False
L002760,Cleveland Cavaliers vs Dallas Mavericks,2026-03-15,Rocket Arena,official_feed,False
L002761,Dallas Mavericks vs Cleveland Cavaliers,"March 15, 2026",Rocket Arena,partner_feed_a,False
L002762,DAL at CLE,3/15/26,Rocket Arena,partner_feed_a,False
L002763,Dallas Mavericks vs Cleveland Cavaliers,3/15/2026,Rocket Arena,official_feed,False
L002764,gsw a okc,2025-11-12,,scraped_feed_c,False
L002765,Golden State Warriors vs Oklahoma City Thunder,,Paycom Center,partner_feed_a,False
L002766,gsw at okc,11/12/2025,Paycom Center,partner_feed_a,False
L002767,Oklahoma City Thunder vs Golden State Warriors,November 12,Paycom Center,official_feed,False
L002768,Atlanta Hawks vs New York Knicks,4/18/2026,Madison Square Garden,official_feed,False
L002769,Atlanta Hawks at New York Knicks,2026-04-18,Madison Square Garden,official_feed,False
L002770,atlanta hawks v. new yoek knicks,"April 18, 2026",Madison Square Garden,scraped_feed_c,False
L002771,  atl  v. nyk ,,Madison Square Garden,scraped_feed_b,False
L002772,  MIN  at LA Clippers ,"February 27, 2026",Intuit Dome,scraped_feed_b,False
L002773,LA Clippersv s MIN,2026-02-27,Intuit Dome,scraped_feed_b,False
L002774,Minnesota Timberwolves at LA Clippers,2026-02-27,Intuit Dome,official_feed,False
L002775,MIN @ LA Clippers,"February 27, 2026",Intuit Dome,scraped_feed_c,False
L002776,Chicago Bulls v. Milwaukee Bucks,,Fiserv Forum,scraped_feed_b,False
L002777,Chicago Bulls at Milwaukee Bucks,February 4,Fiserv Forum,official_feed,False
L002778,CHI at MIL,"February 4, 2026",Fiserv Forum,partner_feed_a,False
L002779,  CHI  vs MIL ,2/4/26,,scraped_feed_c,False
L002780,oklahoma city thunder @ sacramento kigs,November 8,,scraped_feed_b,False
L002781,SAC vs OKC,2025-11-08,Golden 1 Center,scraped_feed_c,False
L002782,Sacramento Kings v. Oklahoma City Thunder,11/8/2025,Golden 1 Center,scraped_feed_b,False
L002783,Oklahoma City Thunder vs Sacramento Kings,November 8,Golden 1 Center,scraped_feed_c,False
L002784,Atlanta Hawks vs Brooklyn Nets,"February 22, 2026",State Farm Arena,official_feed,False
L002785,Brooklyn Nets at Atlanta Hawks,2/22/26,State Farm Arena,official_feed,False
L002786,Brooklyn Nets at Atlanta Hawks,2/22/2026,State Farm Arena,partner_feed_a,False
L002787,Atlanta Hawks vs Brooklyn Nets,2/22/2026,State Farm Arena,official_feed,False
L002788,Atlanta Hawks at Boston Celtics,"March 27, 2026",TD Garden,partner_feed_a,False
L002789,ATL v. BOS,3/27/26,TG,scraped_feed_b,False
L002790,Atlanta Hawks at Boston Celtics,2026-03-27,TD Garden,official_feed,False
L002791,ATLANTA HAWKS VS BOSTON CELTICS,3/27/26,TD Garden,partner_feed_a,False
L002792,Denver Nuggets at LA Clippers,"February 20, 2026",Intuit Dome,partner_feed_a,False
L002793,denver nuggets at la clippers,"February 20, 2026",Intuit Dome Los Angeles,partner_feed_a,False
L002794,DEN vs LA Clippers,,Intuit Dome Los Angeles,partner_feed_a,False
L002795,Denver Nuggets at LA Clippers,"February 20, 2026",Intuit Dome,official_feed,False
L002796,Indiana Pacers at Boston Celtics,1/22/2026,TD Garden,official_feed,False
L002797,Indiana&nbsp;Pacers vs Boston Celtics,1/22/26,FC,scraped_feed_b,False
L002798,boston celtics vs indiana pacers,January 22,,partner_feed_a,False
L002799,IND at BOS,1/22/2026,TD Garden Boston,partner_feed_a,False
L002800,new orleans pelicans v. portland trail blazers,11/13/25,Smoothie King Center,scraped_feed_b,False
L002801,Portland Trail Blazers vs New Orleans Pelicans,2025-11-13,Smoothie King Center,official_feed,False
L002802,New Orleans Pelicans vs Portland Trail Blazers,2025-11-13,Smoothie King Center,partner_feed_a,False
L002803,POR at NOP,2025-11-13,SKCNO,scraped_feed_b,False
L002804,  gsw  at lal ,,crypto.com Arena,scraped_feed_c,False
L002805,Los Angeles Lakers vs Golden State Warriors,2025-10-22,crypto.com Arena,official_feed,False
L002806,Golden State Warriors at Los Angeles Lakers,,A,scraped_feed_c,False
L002807,LAL vs GSW,"October 22, 2025",crypto.com Arena,partner_feed_a,False
L002808,Deroit Pistons vs Denver Nuggets,2/4/26,,scraped_feed_b,False
L002809,Denver Nuggets at Detroit Pistons,"February 4, 2026",Little Caesars Arena,official_feed,False
L002810,denver nuggets at detroit pistons,2/4/26,Little Caesars Arena Detroit,partner_feed_a,False
L002811,Denver&nbsp;Nuggets vs Detroit Pistons,2/4/26,Little Caesars Arena,scraped_feed_c,False
L002812,MEMPHIS GRIZZLIES AT NEW ORLEANS PELICANS,January 31,Smoothie King Center,scraped_feed_c,False
L002813,nop vs mem,January 31,Smoothie King Center,partner_feed_a,False
L002814,MEMPHIS GRIZZLIES AT NEW ORLEANS PELICANS,2026-01-31,Smoothie King Center,partner_feed_a,False
L002815,Memphis Grizzlies vs New Orleans Pelicans,"January 31, 2026",Smoothie King Center,official_feed,False
L002816,Philadelphia 76ers at Milwaukee Bucks,11/21/2025,Fiserv Forum,partner_feed_a,False
L002817,Philadelphia 76ers vs Milwaukee Bucks,"November 21, 2025",Fiserv Forum,partner_feed_a,False
L002818,Milwaukee Bucks vs Philadelphia 76ers,11/21/25,Fiserv Forum,official_feed,False
L002819,nilwaukee Bucks vs Philadelphia 76ers,November 21,,scraped_feed_c,False
L002820,  Cleveland  Cavsliers @ Miami Heat ,11/13/2025,Kaseya Center,scraped_feed_b,False
L002821,  Cleveland  Cavaliers vs Miami Heat ,2025-11-13,Kaseya Center,scraped_feed_b,False
L002822,MIA vs CLE,2025-11-13,Kaseya Center,scraped_feed_b,False
L002823,Miami Heat vs Cleveland Cavaliers,"November 13, 2025",Kaseya Center,scraped_feed_c,False
L002824,Oklahoma City Thunder vs Indiana Pacers,10/11/25,Gainbridge Fieldhouse,official_feed,False
L002825,OKC sv IND,"October 11, 2025",Gainbridge Fieldhouse,scraped_feed_b,False
L002826,IND v. OKC,10/11/2025,Gainbridge Fieldhouse,scraped_feed_c,False
L002827,IND vs OKC,2025-10-11,Gainbridge Fieldhouse,partner_feed_a,False
L002828,BROOKLYN NETS VS BOSTON CELTICS,November 22,Fleet Center,partner_feed_a,False
L002829,bos&nbsp;vs bkn,"November 22, 2025",Fleet Center,scraped_feed_c,False
L002830,BKN at BOS,"November 22, 2025",TD Garden,scraped_feed_b,False
L002831,Bostno Celtics vs Brooklyn eNts,,FC,scraped_feed_c,False
L002832,IND at LA Clippers,3/5/2026,,partner_feed_a,False
L002833,ind vs la clippers,March 5,,scraped_feed_b,False
L002834,  la  clippwrs v. indiana pacers ,3/5/2026,Intuit Dome Los Angeles,scraped_feed_c,False
L002835,Indiana Pacers at LA Clippers,3/5/26,Intuit Dome,official_feed,False
L002836,ORLANDO MAGIC AT WSHINGTON WIZARDS,"January 7, 2026",Capital One Arena,scraped_feed_b,False
L002837,Orlanod Magic v Washington Wizards,January 7,Capital One Arena,scraped_feed_c,False
L002838,  Orlando  Magic v. Washington Wizards ,1/7/2026,,scraped_feed_b,False
L002839,Orlando Magic vs Washington Wizards,"January 7, 2026",Capital One Arena,official_feed,False
L002840,  MIL  v. ATL ,January 19,Philips Arena,scraped_feed_c,False
L002841,  Milwaukee  Bucks @ Atlanta Hawks ,2026-01-19,Philips Arena,scraped_feed_c,False
L002842,ATL vs MIL,"January 19, 2026",State Farm Arena Atlanta,partner_feed_a,False
L002843,MIL v dATL,1/19/2026,State Farm Arena Atlanta,scraped_feed_b,False
L002844,&nbsp; detroit  pistons vs houstpn rockets ,"January 22, 2026",LCAD,scraped_feed_b,True
L002845,DET vs HOU,January 24,Little Caesars Arena,scraped_feed_b,False
L002846,Detroit Pistons vs Houston Rockets,January 24,Little Caesars Arena,official_feed,False
L002847,Detroit Pistons v. Houston Rockts,1/24/26,LCAD,scraped_feed_c,False
L002848,Minnesota Vkings v. Green Bay Packers,11/23/2025,Lambeau Field,scraped_feed_b,False
L002849,Green Bay Packers vs Minnesota Vikings,2025-11-23,Lambeau Field,official_feed,False
L002850,Green Bay Packers vs Minnesota Vikings,11/23/25,Lambeau Field,official_feed,False
L002851,MIN VS GB,November 23,Lambeau Field,partner_feed_a,False
L002852,PHX vs kAk,2025-10-06,AA,scraped_feed_b,True
L002853,  PHX  at LAL ,2025-10-04,Acrisure Arena,scraped_feed_b,False
L002854,  PHX  NS LAL ,October 4,,scraped_feed_b,False
L002855,Phoenix Suns vs Los Angeles Lakers,2025-10-04,Acrisure Arena,official_feed,False
L002856,Indiana Pacers vs Utah Jazz,"February 4, 2026",Gainbridge Fieldhouse,partner_feed_a,False
L002857,Utah Jazz vs Indiana Pacers,February 4,Gainbridge Fieldhouse,official_feed,False
L002858,uta v. ind,2/4/2026,Gainbridge Fieldhouse,scraped_feed_c,False
L002859,  Utah  Jazz vs Indiana Pacers ,2/4/26,Gainbridge Fieldhouse,scraped_feed_b,False
L002860,Atlanta Hawks vs Toronto Raptors,10/22/25,State Farm Arena,official_feed,False
L002861,tor vstal,"October 22, 2025",State Farm Arena,scraped_feed_c,False
L002862,Toronto Raptors vs Atlanta Hawks,10/22/25,State Farm Arena,official_feed,False
L002863,  toronto  raptors at atlanthawks ,10/22/2025,State Farm Arena,scraped_feed_c,False
L002864,DEM VS TOR,1/1/26,,scraped_feed_b,False
L002865,Toronto Rapotrs v. Denver Nuggets,1/3/2026,,scraped_feed_b,True
L002866,Toronto Raptors vs Denver Nuggets,2026-01-01,Scotiabank Arena,partner_feed_a,False
L002867,EN vs OTR,January 1,Air Canada Centre,scraped_feed_b,False
L002868,Charlotte Hornets v New Orleans Pelicans,11/5/25,Smoothie King Center,scraped_feed_c,False
L002869,New Orleans Pelicans vs Charlotte Hornets,2025-11-05,Smoothie King Center,scraped_feed_b,False
L002870,CHA at NOP,11/5/2025,Smoothie King Center New Orleans,partner_feed_a,False
L002871,CHA at NOP,"November 5, 2025",Smoothie King Center,partner_feed_a,False
L002872,Toronto Raptors at Cleveland Cavaliers,4/20/26,Rocket Arena,partner_feed_a,False
L002873,Toronto Raptors at Cleveland Cavaliers,"April 20, 2026",Rocket Arena,partner_feed_a,False
L002874,Toronto Raptors vs Clevealnd Cavaliers,April 20,Rocket Arena,scraped_feed_b,False
L002875,Cleveland Cavaliers vs Toronto Raptors,4/20/26,Rocket Arena Cleveland,scraped_feed_b,False
L002876,Atlanta Hawks vs Cleveland Cavaliers,November 2,Rocket Arena,official_feed,False
L002877,Cleveland Cavaliers vs Atlanta Hawks,2025-11-02,Rocket Arena,partner_feed_a,False
L002878,ATL vs LE,November 2,RA,scraped_feed_c,False
L002879,Atlanta Hawks at Cleveland Cavaliers,11/2/2025,Rocket Arena,official_feed,False
L002880,ORL VS DAL,3/5/2026,Kia Center,scraped_feed_b,True
L002881,ORL VS DAL,March 6,Kia Center,partner_feed_a,False
L002882,Orlando Magic vs Dallas Mavericks,March 6,Kia Center,official_feed,False
L002883,Orlando Magic vs Dallas Mavericks,2026-03-06,Kia Center,official_feed,False
L002884,ALS VEGAS RAIDERS AT INDIANAPOLIS COLTS,2025-10-05,Lucas Oil Stadium,scraped_feed_c,False
L002885,las vegas raiders at indianapoli colts,10/5/25,LOS,scraped_feed_b,False
L002886,nd vs lv,October 5,Lucas Oil Stadium,scraped_feed_c,False
L002887,Indianapolis Colts vs Las Vegas Raiders,10/5/2025,Lucas Oil Stadium,official_feed,False
L002888,Seattle&nbsp;Seaawks vs Arizona Cardinals,9/26/25,University of Phoenix Stadium,scraped_feed_c,False
L002889,Seattle Seahawks at Arizona Cardinals,"September 26, 2025",State Farm Stadium,official_feed,False
L002890,arizona cardinals vs seattle seahawks,"September 24, 2025",SFS,scraped_feed_b,True
L002891,  SEA  VS ARI ,9/26/25,State Farm Stadium,scraped_feed_c,False
L002892,  SAS  v. LA Clippers ,3/7/26,FBC,scraped_feed_b,False
L002893,LA Clippers vs San Antonio Spurs,3/7/26,Frost Bank Center,official_feed,False
L002894,  LA  Clpipes at SAS ,"March 7, 2026",Frost Bank Center,scraped_feed_b,False
L002895,LA Clippers vs San Antonio Spurs,"March 7, 2026",Frost Bank Center,official_feed,False
L002896,IND vs MIA,1/13/2026,,scraped_feed_b,True
L002897,Indiana Pacers vs Miami Heat,January 11,Gainbridge Fieldhouse,official_feed,False
L002898,IND VS MIA,1/11/2026,Bankers Life Fieldhouse,partner_feed_a,False
L002899,Indiana Pacers vs Miami Heat,January 11,Gainbridge Fieldhouse,official_feed,False
L002900,WqS s CHI,"April 9, 2026",Verizon Center,scraped_feed_b,False
L002901,chicago bulls vs washington wizards,4/9/26,Capital One Arena,partner_feed_a,False
L002902,Chicago Bulls at Washington Wizards,4/9/26,Capital One Arena,official_feed,False
L002903,Washington Wizards vs Chicago Bulls,April 9,Capital One Arena,official_feed,False
L002904,Charlotte Hornets vs Philadelphia 76ers,2025-10-25,Xfinity Mobile Arena,official_feed,False
L002905,Charlotte Hornets at Philadelphia 76ers,10/25/25,Xfinity Mobile Arena,official_feed,False
L002906,  CHA  vs PHI ,,,scraped_feed_c,False
L002907,CHA at PHI,10/25/2025,Xfinity Mobile Arena,scraped_feed_b,False
L002908,atlanta awksa t charlotte hornets,2/12/2026,Spectrum Center,scraped_feed_b,False
L002909,Atlanta Hawks at Charlotte Hornets,2/12/2026,Time Warner Cable Arena,partner_feed_a,False
L002910,Charlotte Hornets vs Atlanta Hawks,2/12/26,Spectrum Center,official_feed,False
L002911,Atlanta Hawks vs Charlotte Hornets,2/12/2026,Spectrum Center,partner_feed_a,False
L002912,Chicago Bears a tSan Francisco 49erd,12/29/2025,Levi's Stadium,scraped_feed_c,False
L002913,CHI at SF,12/29/2025,Levi's Stadium,partner_feed_a,False
L002914,  CHI  v. SF ,2025-12-29,LS,scraped_feed_c,False
L002915,chi at sf,December 29,Levi's Stadium,partner_feed_a,False
L002916,SCA bs PHI,2026-03-20,Golden 1 Center,scraped_feed_c,False
L002917,SACRAMENTO IKNGS VSPHILADELPHIA 76ERS,2026-03-20,Golden 1 Center Sacramento,scraped_feed_b,False
L002918,Sacramento Kings v. Philadelphia 76ers,3/20/2026,Golden 1 Center Sacramento,scraped_feed_b,False
L002919,Philadelphia 76ers at Sacramento Kings,3/20/26,Golden 1 Center,official_feed,False
L002920,Memphis Grizzlies @ Los Angeles Lakers,January 3,crypto.com Arena,scraped_feed_b,False
L002921,MEM AT LAL,January 3,crypto.com Arena,partner_feed_a,False
L002922,MEM vs LAL,"January 3, 2026",crypto.com Arena,partner_feed_a,False
L002923,Memphis Grizzlies at Los Angeles Lakers,"January 3, 2026",crypto.com Arena,official_feed,False
L002924,Dallas Mavericks v. Mempihs Grizzlies,3/13/26,FedExForum,scraped_feed_c,False
L002925,Dallas Mavericks at Memphis Grizzlies,3/13/26,,official_feed,False
L002926,  dal  at mem ,3/13/2026,FF,scraped_feed_b,False
L002927,DALLAS MAVERICKS VS MEMPHIS GRIZZLIES,3/13/26,FedExForum,scraped_feed_c,False
L002928,Cleveland Cavaliers vs Washington Wizards,2025-12-13,Capital One Arena,scraped_feed_c,False
L002929,Cleveland Cavaliers vs Washington Wizards,"December 13, 2025",Capital One Arena,official_feed,False
L002930,WAS v. CLE,December 13,Capital One Arena,scraped_feed_c,False
L002931,Cleveland Cavaliers @ Washington Wizards,"December 13, 2025",Capital One Arena,scraped_feed_b,False
L002932,Phoenix Suns v. Houston Rockets,2026-01-06,,scraped_feed_c,False
L002933,Phoenix Suns at Houston Rockets,2026-01-06,Toyota Center (Houston),official_feed,False
L002934,phx vs hou,"January 6, 2026",Toyota Center (Houston),partner_feed_a,False
L002935,Phoenix&nbsp;Suns vs Houston Rocekts,"January 6, 2026",Toyota Center (Houston),scraped_feed_c,False
L002936,Uyah Jzaz v. Oklahoma City Thunder,November 22,Delta Center,scraped_feed_c,False
L002937,Oklahoma City Thunder at Utah Jazz,"November 22, 2025",Delta Center,scraped_feed_c,False
L002938,Oklahoma City Thunder vs Utah Jazz,2025-11-22,Vivint Smart Home Arena,scraped_feed_b,False
L002939,Utah Jazz vs Oklahoma City Thunder,"November 22, 2025",Delta Center,official_feed,False
L002940,Boston Celtics vs Detroit Pistons,12/16/2025,TD Garden,partner_feed_a,False
L002941,  Deteoit  Pistons at Boston Celtis ,2025-12-16,,scraped_feed_c,False
L002942,BOS vs DET,December 16,TD Garden Boston,scraped_feed_b,False
L002943,EDy @ BOS,12/16/2025,FC,scraped_feed_b,False
L002944,MIA vs CLE,March 25,Rocket Arena,partner_feed_a,False
L002945,Miami Heat at Cleveland Cavaliers,2026-03-25,Rocket Arena,official_feed,False
L002946,Miami Heat at Cleveland Cavaliers,2026-03-25,Rocket Arena,official_feed,False
L002947,  Cleevland  Cavaliers v. Miami Heat ,3/25/26,,scraped_feed_c,False
L002948,New Orleans Pelicans v. Detroit Pistons,"March 26, 2026",Little Caesars Arena,scraped_feed_c,False
L002949,NOP at DET,"March 26, 2026",Little Caesars Arena Detroit,partner_feed_a,False
L002950,Detroit Pistons vs New Orleans Pelicans,3/26/26,Little Caesars Arena,official_feed,False
L002951,New Orleans Pelicans vs Detroit Pistons,3/26/26,Little Caesars Arena,official_feed,False
L002952,hou v. cle,December 28,,scraped_feed_b,False
L002953,CLEVELAND CAVALIERS VS HOUSTON ROCKETS,2025-12-28,Toyota Center (Houston),partner_feed_a,False
L002954,Cleveland Cavaliers at Houston Rockets,2025-12-28,Toyota Center (Houston),official_feed,False
L002955,HOU vs CLE,2025-12-28,Toyota Center (Houston),scraped_feed_b,False
L002956,Utah Jazz vs Indiana Pacers,"November 12, 2025",Delta Center,partner_feed_a,False
L002957,IND vs UTA,11/12/2025,DC,scraped_feed_b,False
L002958,Utah Jazz vs Indiana Pacers,11/12/2025,Delta Center,official_feed,False
L002959,Indiana Pacers v. Utah Jazz,November 12,Delta Center Salt Lake,scraped_feed_b,False
L002960,NYK v. NOP,March 24,MSG,scraped_feed_b,False
L002961,nop vs nyk,3/24/2026,Madison Square Garden Arena,partner_feed_a,False
L002962,mew Orleans Pelicans at New Yor kKnicks,3/24/26,Madison Square Garden,scraped_feed_c,False
L002963,New Orleans Pelicans vs New York Knicks,3/24/2026,Madison Square Garden,partner_feed_a,False
L002964,  IND  vs TOR ,,Scotiabank Arena,scraped_feed_b,False
L002965,Indiana Pacers vs Toronto Raptors,2/8/26,Scotiabank Arena,partner_feed_a,False
L002966,Indiana Pacers at Toronto Raptors,,Scotiabank Arena,scraped_feed_b,False
L002967,Indiana Pacers at Toronto Raptors,"February 8, 2026",Scotiabank Arena,official_feed,False
L002968,Arizona Cardinals at New Orleans Saints,9/7/25,Caesars Superdome,official_feed,False
L002969,Arizona Cardinals vs New Orleans Saints,9/7/25,Caesars Superdome,official_feed,False
L002970,ARI vs NO,,Caesars Superdome,scraped_feed_c,False
L002971,New&nbsp;Orleans Saunts v. Arizona Cardinals,9/7/25,Caesars Superdome,scraped_feed_b,False
L002972,PHX vs MIN,"December 9, 2025",Target Center,scraped_feed_c,False
L002973,PHX v. MIN,2025-12-09,Target Center Minneapolis,scraped_feed_c,False
L002974,Phoenix Suns at Minnesota Timberwolves,12/9/25,Target Center,official_feed,False
L002975,Minnesota Timberwolves vs Phoenix Suns,12/9/2025,Target Center,official_feed,False
L002976,NEW ORLEANS PELICANS VS SACRAMENTO KINGS,,Golden 1 Center,scraped_feed_c,False
L002977,Sacramento jings vs New Orleans Pelicans,4/4/26,Golden 1 Center,scraped_feed_b,False
L002978,Sacramento Kings vs New Orleans Pelicans,4/4/26,Golden 1 Center,official_feed,False
L002979,Sacramento Kings vs New Orleans Pelicans,4/4/2026,Golden 1 Center,official_feed,False
L002980,Minnesota Timberwolves vs Denver Nuggets,10/28/2025,Target Center,official_feed,False
L002981,DEN vs MIN,"October 28, 2025",Target Center Minneapolis,partner_feed_a,False
L002982,DEN @ MIN,October 28,Target Center Minneapolis,scraped_feed_b,False
L002983,minnesota timberwolves vs denver nuggets,2025-10-26,,scraped_feed_c,True
L002984,LAL at bOP,11/15/25,Smoothie King Center New Orleans,scraped_feed_c,False
L002985,new orleans pelicans v. los angeles lakers,11/15/2025,New Orleans Arena,scraped_feed_b,False
L002986,NewOrleans Pelicans vs Los Angeles Lakers,11/13/2025,Smoothie King Center,scraped_feed_c,True
L002987,Los Angeles Lakers vs New Orleans Pelicans,11/15/25,Smoothie King Center,official_feed,False
L002988,DENVER NUGGETS VS CHICAGO BULLS,2026-02-08,United Center Chicago,partner_feed_a,False
L002989,Denver Nugget at Chicago Bulls,2/8/2026,United Center,scraped_feed_c,False
L002990,denver nuggets v. chicago bulls,2/8/26,United Center,scraped_feed_b,False
L002991,  Denver  Nuggets @ Chicago Bulls ,February 8,United Center,scraped_feed_c,False
L002992,Memphis Grizzlies vs Dallas Mavericks,November 23,American Airlines Center,official_feed,False
L002993,MEM v. DAL,November 23,American Airlines Center,scraped_feed_b,False
L002994,Memphis Grizzlies at Dallas Mavericks,November 23,,partner_feed_a,False
L002995,Memphis Grizzlies at Dallas Mavericks,"November 23, 2025",American Airlines Center,official_feed,False
L002996,  atk  v. nuk ,1/3/2026,Madison Square Garden,scraped_feed_b,False
L002997,ATLANTA HAWKS AT NEW YORK KNICKS,1/3/2026,,scraped_feed_c,False
L002998,Atlanta Hawks at New York Knicks,"January 3, 2026",Madison Square Garden,official_feed,False
L002999,Atlanta Hawks at New York Knicks,2026-01-03,MSG,scraped_feed_b,False
L003000,Minnesota Timberwolves vs Charlotte Hornets,11/1/25,Spectrum Center,official_feed,False
L003001,Minnesota Timberwolves vs Charlotte Hornets,November 2,Spectrum Center,scraped_feed_c,True
L003002,Minnesota Timberwolves vs Charlotte Hornets,"November 1, 2025",Time Warner Cable Arena,partner_feed_a,False
L003003,Minnesota Timberwolves vs Charlotte Hornets,2025-11-01,Spectrum Center,official_feed,False
L003004,Houston Rockets at Boston Celtics,2025-11-02,TD Garden,official_feed,False
L003005,gUO at BOS,"November 2, 2025",Fleet Center,scraped_feed_b,False
L003006,HOU at BOS,2025-11-02,TD Garden,scraped_feed_c,False
L003007,oston celtics vs houston rockets,,,scraped_feed_c,False
L003008,JqX vs IN,12/28/2025,LOS,scraped_feed_b,False
L003009,JAX at IND,12/28/25,,scraped_feed_c,False
L003010,jax v. ind,December 28,Lucas Oil Stadium,scraped_feed_c,False
L003011,jacv s ind,,Lucas Oil Stadium,scraped_feed_c,False
L003012,Oklahoma City Thunder at Los Angeles Lakers,April 8,,scraped_feed_c,False
L003013,OKLAHOMA CIRY THUNDER AT LOS ANGLEES LAKERS,,crypto.com Arena,scraped_feed_c,False
L003014,okc at lal,4/8/26,crypto.com Arena,scraped_feed_b,False
L003015,Oklahoma&nbsp;City Thunder @ Los Angeles Lakers,4/8/2026,crypto.com Arena,scraped_feed_b,False
L003016,Buffalo Bills vs Tampa Bay Buccaneers,2025-11-16,Highmark Stadium (Old),official_feed,False
L003017,Tampa&nbsp;Bay Buccaneers at Buffalo Bills,"November 16, 2025",Highmark Stadium (Old),scraped_feed_c,False
L003018,Tampa Bay Buccaneers vs Buffalo Bills,November 16,Highmark Stadium (Old),official_feed,False
L003019,BUFFALO BILLS VS TAMPA BAY BUCCANEERS,2025-11-16,Highmark Stadium (Old),partner_feed_a,False
L003020,LA Clippers vs BOS,1/4/2026,Intuit Dome,scraped_feed_c,False
L003021,Boston Celtics at LA Clippers,1/4/26,Intuit Dome Los Angeles,partner_feed_a,False
L003022,BOS at LA Clippers,1/4/2026,Intuit Dome,partner_feed_a,False
L003023,bos at la clippers,"January 4, 2026",Intuit Dome,partner_feed_a,False
L003024,MIAMI HEAT VS ORLANDO MAGIC,10/22/2025,KC,scraped_feed_c,False
L003025,MIA vs ORL,October 22,AC,scraped_feed_c,False
L003026,miami heat vs orlando magic,"October 22, 2025",Kia Center Orlando,partner_feed_a,False
L003027,Miami Heat vs Orlando Magic,10/22/25,Kia Center,official_feed,False
L003028,chi at atl,12/24/2025,SFAA,scraped_feed_b,False
L003029,CHI at ATL,12/24/25,,partner_feed_a,False
L003030,  CHI  at ATL ,12/24/2025,State Farm Arena Atlanta,scraped_feed_c,False
L003031,CHI s ATL,December 24,State Farm Arena Atlanta,scraped_feed_c,False
L003032,DAL AT OKC,December 6,PC,scraped_feed_b,False
L003033,Oklahoma City Thunder vs Dallas Mavericks,12/6/2025,Paycom Center,official_feed,False
L003034,Dallas Mavericks at Oklahoma City Thunder,12/6/25,Paycom Center,scraped_feed_c,False
L003035,DAL vs OKC,2025-12-06,Paycom Center,partner_feed_a,False
L003036,MEM at MIA,10/18/2025,Kaseya Center,partner_feed_a,False
L003037,Memphis Grizzlies at Miami Heat,2025-10-18,Kaseya Center,official_feed,False
L003038,Memphis&nbsp;Grizzlies @ Miami Heat,10/18/25,Kaseya Center,scraped_feed_b,False
L003039,mem vs mia,October 18,Kaseya Center,scraped_feed_c,False
L003040,Cleveland Cavaliers vs Toronto Raptors,"April 24, 2026",Scotiabank Arena,official_feed,False
L003041,CLE at TOR,"April 24, 2026",Scotiabank Arena,partner_feed_a,False
L003042,Clevland Cavaliers at Toronto Raptors,4/24/26,Scotiabank Arena Toronto,scraped_feed_b,False
L003043,Cleveland Cavaliers at Toronto Raptors,2026-04-24,Scotiabank Arena,official_feed,False
L003044,Charlotte Hornets vs San Antonio Spurs,"March 14, 2026",Frost Bank Center,official_feed,False
L003045,SAS VS CHA,"March 16, 2026",Frost Bank Center,scraped_feed_b,True
L003046,  SAS  v. CHA ,3/14/2026,Frost Bank Center,scraped_feed_c,False
L003047,san antonio spurs vs charlotte hornets,March 14,,partner_feed_a,False
L003048,  MIA  v. BKN ,3/6/2026,,scraped_feed_b,False
L003049,Brooklyn Nets at Miami Heat,3/6/2026,Kaseya Center,partner_feed_a,False
L003050,BKN at MIA,"March 6, 2026",American Airlines Arena,partner_feed_a,False
L003051,BKN vs MIA,3/6/26,FTX Arena,partner_feed_a,False
L003052,  GSW  @ POR ,10/15/25,MC,scraped_feed_c,False
L003053,Golden State Warriors at Portland Trail Blazers,October 15,Moda Center,official_feed,False
L003054,PORTLAND TRAIL BLAZERS VS GOLDEN STATE WARRIORS,2025-10-15,Moda Center Portland,partner_feed_a,False
L003055,  GSW  v. POR ,10/15/2025,,scraped_feed_c,False
L003056,SAS VS LAL,11/6/25,,partner_feed_a,False
L003057,SAS @ LAL,"November 6, 2025",crypto.com Arena,scraped_feed_b,False
L003058,SAN ANTONIO SPURS AT LOS ANGELES LAKERS,"November 6, 2025",A,scraped_feed_c,False
L003059,San Antonio Spurs vs Los Angeles Lakers,11/6/2025,crypto.com Arena,partner_feed_a,False
L003060,DET v. CLE,May 16,Little Caesars Arena,scraped_feed_b,True
L003061,Cleveland Cavaliers v. Detrpit Pistons,5/14/26,Little Caesars Arena,scraped_feed_b,False
L003062,cle vs det,5/14/26,Little Caesars Arena Detroit,partner_feed_a,False
L003063,  Detroit  Pistons v. Cleveland Cavaliers ,"May 14, 2026",Little Caesars Arena,scraped_feed_c,False
L003064,WAS VS MIA,,,scraped_feed_c,False
L003065,Washinfton&nbsp;Wizards @ Miami jeat,3/10/2026,Kaseya Center,scraped_feed_b,False
L003066,Washington Wizards at Miami Heat,2026-03-10,Kaseya Center,official_feed,False
L003067,WAS @ MIA,3/10/2026,Kaseya Center,scraped_feed_c,False
L003068,Atlanta Falcons vs Arizona Cardinals,"December 21, 2025",State Farm Stadium,official_feed,False
L003069,Atlanta Falcons at Arizona Cardinals,12/21/25,State Farm Stadium,official_feed,False
L003070,ARI vs ATL,2025-12-21,University of Phoenix Stadium,partner_feed_a,False
L003071,Atlanta Falcons at Arizoa Cardinals,2025-12-21,SFS,scraped_feed_c,False
L003072,MIN v. GSW,2026-03-14,Chase Center,scraped_feed_b,False
L003073,GSWvs nIN,"March 14, 2026",Chase Center Arena,scraped_feed_b,False
L003074,Minnesota Timberwolves at Golden State Warriors,3/14/26,,official_feed,False
L003075,GOLDEN STSTE WARRIORS VS MINNESOTA TIMBERWOLVES,3/16/2026,Chase Center,scraped_feed_b,True
L003076,DAL sv YNK,11/20/25,AAC,scraped_feed_b,False
L003077,New York Knicksa t Dallas Maveeicks,11/20/2025,,scraped_feed_b,False
L003078,Dallas Mavericks vs New York Kicks,,,scraped_feed_b,False
L003079,  NYK  at DAL ,"November 20, 2025",American Airlines Center,scraped_feed_c,False
L003080,cin vs ne,November 23,Paycor Stadium,scraped_feed_b,False
L003081,Cimcinnati Bengals cs New England Patriots,,Paul Brown Stadium,scraped_feed_c,False
L003082,New England Patriots @ Cincinnati Bengals,November 23,,scraped_feed_c,False
L003083,NE at CIN,"November 23, 2025",Paycor Stadium,partner_feed_a,False
L003084,San Francisco 49ers vs Indianapolis Colts,"December 23, 2025",Lucas Oil Stadium,official_feed,False
L003085,san francisco 49ers st indianapolis colts,"December 23, 2025",Lucas Oil Stadium,scraped_feed_c,False
L003086,  IND  vs SF ,December 23,Lucas Oil Stadium,scraped_feed_c,False
L003087,SF AT IND,12/23/25,,scraped_feed_c,False
L003088,Boston Celtics vs Detroit Pistons,"October 26, 2025",Little Caesars Arena,official_feed,False
L003089,BOS at DET,October 26,Little Caesars Arena,scraped_feed_b,False
L003090,  DE  vs BOS ,October 26,Little Caesars Arena,scraped_feed_c,False
L003091,BOS v. fET,,Little Caesars Arena,scraped_feed_b,False
L003092,LA CLIPPERS VS POR,4/1/26,IDLA,scraped_feed_c,False
L003093,LA Clippers vs Portland Trail Blazers,2026-04-01,Intuit Dome,official_feed,False
L003094,LA Clippers vs Portland Trail Blazers,April 1,Intuit Dome,official_feed,False
L003095,Portland Trail Blazers vs LA Clippers,April 1,Intuit Dome,official_feed,False
L003096,San Antonio Spurs vs Portland Trail Blazers,April 26,Moda Center,official_feed,False
L003097,POR vs SAS,2026-04-26,Moda Center,scraped_feed_b,False
L003098,San Antonio Spurs vs Portland Trail Blazers,2026-04-26,Moda Center,official_feed,False
L003099,San Antonio Spurs at Portland Trail Blazers,April 26,Moda Center,official_feed,False
L003100,Atlanta Hawks at Golden State Warriors,2026-01-12,Chase Center,official_feed,False
L003101,  atlanta  hawks v. golden state warriros ,1/12/2026,,scraped_feed_b,False
L003102,Golden State Warriors vs Atlanta Hawks,"January 12, 2026",Chase Center,official_feed,False
L003103,AT at GSW,1/12/26,CCA,scraped_feed_b,False
L003104,bkn vs cha,March 31,Barclays Center,scraped_feed_c,False
L003105,bkn vs cha,"March 31, 2026",Barclays Center,partner_feed_a,False
L003106,Charlotte Hornets at Brooklyn Nets,"March 31, 2026",Barclays Center,official_feed,False
L003107,Brooklyn Nets vs Charlotte Hornets,2026-03-31,Barclays Center,official_feed,False
L003108,  DEN  vs OKC ,2026-04-11,Ball Arena,scraped_feed_b,False
L003109,&nbsp; Denver  Nuggets v. Oklahoma City Thunder ,April 11,,scraped_feed_b,False
L003110,COK at DEN,4/11/26,BA,scraped_feed_b,False
L003111,Oklahoma City Thunder vs Denver Nuggets,4/11/26,Ball Arena,partner_feed_a,False
L003112,TOR vs WAS,"November 22, 2025",Scotiabank Arena,partner_feed_a,False
L003113,TORONTO RAPTORS VS WASHINGTON WIZARDS,11/22/2025,Scotiabank Arena,scraped_feed_c,False
L003114,Washington Wizards at Toronto Raptors,,Scotiabank Arena,scraped_feed_b,False
L003115,Toronto Raptors vs Washington Wizard,"November 22, 2025",Scotiabank Arena,scraped_feed_c,False
L003116,Cleveland Browns vs Baltimore Ravens,9/14/25,M&T Bank Stadium,official_feed,False
L003117,Baltimore Ravens vs Cleveland Browns,9/14/2025,M&T Bank Stadium,official_feed,False
L003118,Cleveland Browns vs Baltimore Ravens,"September 14, 2025",M&T Bank Stadium,partner_feed_a,False
L003119,Cleveland Browns at Baltimore Ravens,"September 14, 2025",M&T Bank Stadium,official_feed,False
L003120,DET at MIA,2026-03-08,FTX Arena,scraped_feed_b,False
L003121,Miami Heat vs Detroit Pistons,March 8,Kaseya Center,official_feed,False
L003122,detroit pistons vs miami heat,3/8/26,Kaseya Center,scraped_feed_c,False
L003123,  DETROIT  PISTONS AT MIAMI HEAT ,2026-03-08,Kaseya Center,scraped_feed_c,False
L003124,MIN vs Guangzhou Long-Lions,October 14,Target Center,scraped_feed_c,False
L003125,Guangzhou Loong-Lions v. Minnesota Timberwolves,October 14,TCM,scraped_feed_b,False
L003126,guangzhou loong-lions vs min,10/14/2025,Target Center,partner_feed_a,False
L003127,Guangzhou Loong-Lions at Minnesota Timberwolves,"October 14, 2025",Target Center,official_feed,False
L003128,Detroit Pistons at Atlanta Hawks,11/21/2025,,scraped_feed_b,True
L003129,det v. atl,"November 19, 2025",,scraped_feed_b,False
L003130,ATL v DTE,11/19/2025,,scraped_feed_c,False
L003131,Detroit Pistons vs Atlanta Hawks,11/19/25,State Farm Arena,official_feed,False
L003132,DET vd ORL,March 1,Kia Center,scraped_feed_c,False
L003133,Detroit Pistons vs Orlando Magic,,Kia Center,official_feed,False
L003134,detroit pistons vs orlando magic,3/1/26,Kia Center,scraped_feed_b,False
L003135,D Tvs ORL,2/28/26,Kia Center Orlando,scraped_feed_b,True
L003136,DAL @ MIL,4/1/26,,scraped_feed_c,False
L003137,Dallas Mavericks at Milwaukee Bucks,2026-04-01,Fiserv Forum,official_feed,False
L003138,milwaukee bucks vs dallas mavericks,April 1,Fiserv Forum,scraped_feed_c,False
L003139,DAL VS NIL,4/1/2026,Fiserv Forum,scraped_feed_c,False
L003140,NYKvsSAS,2026-06-14,Frost Bank Center,scraped_feed_b,False
L003141,NYK at SAS,2026-06-16,Frost Bank Center,scraped_feed_c,True
L003142,nyk at sad,"June 14, 2026",,scraped_feed_c,False
L003143,YK vs SS,6/14/26,Frost Bank Center,scraped_feed_b,False
L003144,CAR vs ARI,"September 14, 2025",State Farm Stadium,partner_feed_a,False
L003145,Carlina Panthers vs Arizona Cradinals,2025-09-14,State Farm Stadium,scraped_feed_b,False
L003146,Carolina Panthers at Arizona Cardinals,9/14/25,State Farm Stadium,official_feed,False
L003147,CAR at ARI,September 14,State Farm Stadium,partner_feed_a,False
L003148,Washington Wizards at Chicago Bulls,11/23/2025,United Center Chicago,partner_feed_a,False
L003149,CHI vs WAS,November 23,UCC,scraped_feed_b,False
L003150,  Washington  Wizards at Cicago Bulls ,"November 23, 2025",United Center,scraped_feed_b,False
L003151,Washington Wizards vs Chicago Bulls,November 23,United Center,partner_feed_a,False
L003152,Washington Wizards vs Boston Celtics,"November 6, 2025",TD Garden Boston,partner_feed_a,False
L003153,WAS atOS,11/6/2025,TD Garden,scraped_feed_c,False
L003154,Washington Wizards vs Boston Celtics,November 6,TD Garden,official_feed,False
L003155,AWS A TBOS,November 6,TD Garden,scraped_feed_c,False
L003156,NOP at ALL,"December 1, 2025",crypto.com Arena,scraped_feed_b,False
L003157,New Orleans Pelicans at Los Angeles Lakers,December 1,crypto.com Arena,partner_feed_a,False
L003158,Los Angeles Lakers vs New Orleans Pelicans,"December 1, 2025",crypto.com Arena,partner_feed_a,False
L003159,New Orleans Pelicans at Los Angeles Lakers,2025-12-01,crypto.com Arena,official_feed,False
L003160,DEN @ SAC,11/12/25,GC,scraped_feed_c,False
L003161,DEN at SAC,November 12,Golden 1 Center,partner_feed_a,False
L003162,DEN at SAC,11/12/25,,scraped_feed_c,False
L003163,DEN at SAC,11/12/25,Golden 1 Center,scraped_feed_c,False
L003164,Milwaukee Bucks vs Boston Celtics,4/4/26,Fiserv Forum,partner_feed_a,False
L003165,Milwaukee Bcks vs Boston Celtis,4/4/2026,Fiserv Forum Milwaukee,scraped_feed_c,False
L003166,Boston Celtics vs Milwaukee Bucks,April 4,Fiserv Forum,official_feed,False
L003167,BOS at MIL,,FF,scraped_feed_c,False
L003168,TB vd AT,9/7/25,,scraped_feed_b,False
L003169,TB vs ATL,2025-09-07,Mercedes-Benz Stadium,partner_feed_a,False
L003170,tampa bay buccaneers at atlanta falcons,September 7,Mercedes-Benz Stadium,partner_feed_a,False
L003171,Tampa Bay Buccaneers vs Atlanta Falcons,"September 7, 2025",Mercedes-Benz Stadium,official_feed,False
L003172,PHI vs ATL,March 7,,partner_feed_a,False
L003173,PHI vs ATL,"March 7, 2026",State Farm Arena,scraped_feed_c,False
L003174,Philadelphia 76ers vs Atlanta Hawks,3/7/2026,State Farm Arena,partner_feed_a,False
L003175,Philadelphia 76ers vs Atlanta Hawks,,State Farm Arena,scraped_feed_c,False
L003176,Denver Nuggets vs New Orleans Pelicans,2025-11-20,,partner_feed_a,False
L003177,DEN vs NOP,"November 20, 2025",Smoothie King Center,partner_feed_a,False
L003178,DNE a NOP,11/20/2025,Smoothie King Center,scraped_feed_b,False
L003179,DEN vs NOP,2025-11-20,Smoothie King Center,scraped_feed_b,False
L003180,Phoenix Suns at Milwaukee Bucks,3/11/2026,Fiserv Forum,official_feed,False
L003181,Phoenix Suns v. Milwaukee Bcuks,2026-03-11,Fiserv Forum Milwaukee,scraped_feed_b,False
L003182,Phoenix Suns at Milwaukee Bucks,"March 11, 2026",Fiserv Forum,official_feed,False
L003183,Milwauke Bucks v. hPoenix Suns,March 11,Fiserv Forum Milwaukee,scraped_feed_c,False
L003184,UTA vs SAS,12/28/25,,partner_feed_a,False
L003185,Utah Jazz at San Antonio Spurs,2025-12-28,Frost Bank Center,partner_feed_a,False
L003186,Utah Jazz a Sa Antonio Spurs,12/28/25,Frost Bank Center,scraped_feed_c,False
L003187,UTAH JAZZ AT SAN ANTONIO SPURS,December 28,Frost Bank Center,partner_feed_a,False
L003188,New York Giants vs New England Patriots,December 2,Gillette Stadium,official_feed,False
L003189,NYG v N,2025-12-03,,scraped_feed_b,True
L003190,ne vs nyg,"December 2, 2025",Gillette Stadium,partner_feed_a,False
L003191,NYG VS NE,12/2/25,Gillette,scraped_feed_b,False
L003192,CHA vs OKC,January 6,,partner_feed_a,False
L003193,Charlotte Hornets vs Oklahoma City Thunder,January 6,Paycom Center,scraped_feed_b,False
L003194,ca a tokc,1/7/2026,Chesapeake Energy Arena,scraped_feed_b,True
L003195,CHA @ OKC,January 6,Paycom Center,scraped_feed_b,False
L003196,BUFAFLO BILLS VS KANSAS CITY CHIFS,2025-11-02,Highmark Stadium (Old),scraped_feed_b,False
L003197,  Kansas  City Chiefs at Buffalo Bills ,,Highmark Stadium (Old),scraped_feed_b,False
L003198,KC at BUF,November 2,Highmark Stadium (Old),partner_feed_a,False
L003199,KC vs BUF,November 2,Highmark Stadium (Old),partner_feed_a,False
L003200,Memphis Grizzlies vs Detroit Pistons,March 13,Little Caesars Arena,official_feed,False
L003201,DT&nbsp;v. MEM,,Little Caesars Arena Detroit,scraped_feed_c,False
L003202,DET VS MEM,3/13/2026,Little Caesars Arena,scraped_feed_b,False
L003203,Detroit Pistons vs Memphis Grizzlies,"March 13, 2026",Little Caesars Arena,official_feed,False
L003204,team stars vs team stripes,"February 15, 2026",Intuit Dome Los Angeles,scraped_feed_b,False
L003205,Team Stripes v. Team Stars,2/15/26,Intuit Dome Los Angeles,scraped_feed_c,False
L003206,TEAM SATRS AT TEAM STRIOES,2026-02-15,Intuit Dome,scraped_feed_b,False
L003207,  Team  Stars at Team Stripes ,,Intuit Dome,scraped_feed_c,False
L003208,LAC vs PHI,12/9/2025,SoFi Stadium,partner_feed_a,False
L003209,Philadelphia Eagles vs Los Angeles Chargers,12/9/2025,SoFi Stadium,official_feed,False
L003210,LA v. PIH,12/9/25,SoFi Stadium,scraped_feed_c,False
L003211,Philadelphia Eagles v. Los Angeles Chargers,12/9/25,,scraped_feed_c,False
L003212,Seattle Seahawks vs San Francisco 49ers,January 4,Levi's Stadium,partner_feed_a,False
L003213,SEA vs SF,"January 2, 2026",Levi's Stadium,scraped_feed_c,True
L003214,SEATTLE SEAHAWKS VS SAN FRANCISCO 49ERS,1/4/26,Levi's Stadium,partner_feed_a,False
L003215,Seattle Seahawks vs San Francisco 49ers,2026-01-04,Levi's Stadium,official_feed,False
L003216,Houston Rockets at San Antobio Spurs,,Frost Bank Center,scraped_feed_c,False
L003217,  Houston  Rockets v. San Antonio Spurs ,11/8/25,Frost Bank Center,scraped_feed_b,False
L003218,Houston Rockets vs San Antonio Spurs,"November 8, 2025",Frost Bank Center,official_feed,False
L003219,HOU VS SAS,11/8/2025,Frost Bank Center,partner_feed_a,False
L003220,Chicago Bulls at Washington Wizards,April 7,Verizon Center,partner_feed_a,False
L003221,chicago bulls at washington wizards,4/7/2026,Verizon Center,partner_feed_a,False
L003222,  WAS  vs CHI ,2026-04-07,Capital One Arena,scraped_feed_b,False
L003223,Washington Wizards vs Chicago Bulls,"April 6, 2026",,scraped_feed_b,True
L003224,ce sv okc,2026-01-19,Rocket Arena,scraped_feed_c,False
L003225,Cleveland Cavaliers vs Oklahoma City Thunder,1/19/26,,scraped_feed_c,False
L003226,OKC AT CLE,1/19/2026,Quicken Loans Arena,partner_feed_a,False
L003227,okc at cle,1/19/2026,Rocket Arena,partner_feed_a,False
L003228,GSW at UTA,January 29,DCSL,scraped_feed_c,False
L003229,  GSW  at UTA ,1/29/26,Delta Center,scraped_feed_b,False
L003230,gsw vs uta,"January 29, 2026",Delta Center,partner_feed_a,False
L003231,Golden State Warriors vs Utah Jazz,1/29/2026,Delta Center,official_feed,False
L003232,JACKSONVILLE JAGUARS VS LOS ANGELES CHARGERS,11/16/25,,partner_feed_a,False
L003233,JAX vs LAC,"November 16, 2025",EverBank Stadium,partner_feed_a,False
L003234,Los Angeles Chargers at Jacksonville Jaguars,"November 16, 2025",EverBank Stadium,official_feed,False
L003235,jax vs lac,11/16/2025,EverBank Stadium,partner_feed_a,False
L003236,Charlotte Hornets vs Philadelphia 76ers,1/26/2026,Spectrum Center,partner_feed_a,False
L003237,cha vs phi,1/26/2026,,partner_feed_a,False
L003238,Charlotte Hornets vs Philadelphia 76ers,1/26/26,Spectrum Center,scraped_feed_c,False
L003239,Charlotte Hornets vs Philadelphia 76ers,1/26/26,Spectrum Center,official_feed,False
L003240,golden state wrriors v. memphis grizzles,2025-10-28,Chase Center Arena,scraped_feed_c,False
L003241,GSW&nbsp;v. MEM,,Chase Center,scraped_feed_c,False
L003242,Memphis Grizzlies at Golden State Warriors,10/28/25,Chase Center,official_feed,False
L003243,MEM vs GSW,October 28,Chase Center,partner_feed_a,False
L003244,IND v. PHI,,GF,scraped_feed_b,False
L003245,phi vs ind,April 10,Bankers Life Fieldhouse,partner_feed_a,False
L003246,IND VS PHI,4/10/26,Gainbridge Fieldhouse,scraped_feed_c,False
L003247,Philadelphia 76ers vs Indiana Pacers,4/10/26,Gainbridge Fieldhouse,official_feed,False
L003248,Miami Heat vs Charlotte Hornets,11/8/25,,official_feed,False
L003249,Charlotte Hornets at Miami Heat,"November 8, 2025",Kaseya Center,official_feed,False
L003250,Charlotte Hornets at Miami Heat,2025-11-08,Kaseya Center,official_feed,False
L003251,charlotte hornets vs miami heat,"November 8, 2025",Kaseya Center,partner_feed_a,False
L003252,Boston Celtics at Brooklyn Nets,1/24/2026,Barclays Center,official_feed,False
L003253,BOS at BKN,"January 24, 2026",,partner_feed_a,False
L003254,  Boston  Celtics at Brooklyn Nets ,January 24,BC,scraped_feed_b,False
L003255,Boston Celtics at Brooklyn Nets,2026-01-24,Barclays Center,partner_feed_a,False
L003256,&nbsp; portland  trail blazers at phoenix suns ,2026-02-23,Mortgage Matchup Center,scraped_feed_b,False
L003257,POR at PHX,,Mortgage Matchup Center,scraped_feed_b,False
L003258,PR @ PHX,2026-02-23,Mortgage Matchup Center,scraped_feed_b,False
L003259,Phoenix Suns vs Portland Trail Blazers,2/23/26,Mortgage Matchup Center,official_feed,False
L003260,LA Clippers vs IND,,Gainbridge Fieldhouse,partner_feed_a,False
L003261,LA Clippers vs Indiana Pacers,March 27,Gainbridge Fieldhouse,scraped_feed_c,False
L003262,  la  clippers at ind ,March 27,Gainbridge Fieldhouse,scraped_feed_b,False
L003263,  Inidana  Pacers vs LA Clippers ,,Gainbridge Fieldhouse,scraped_feed_b,False
L003264,Chicago Bears vs Las Vegas Raiders,,ASLV,scraped_feed_c,False
L003265,CHI vs LV,,,scraped_feed_c,False
L003266,CHI vs LV,September 28,Allegiant Stadium Las Vegas,partner_feed_a,False
L003267,Las Vegas Raiders vs Chicago Bears,9/28/2025,Allegiant Stadium,official_feed,False
L003268,Las Vegas Raiders at New England Patriots,September 7,Gillette Stadium,official_feed,False
L003269,LV vs NE,9/7/2025,Gillette,partner_feed_a,False
L003270,NE v. LV,"September 7, 2025",,scraped_feed_c,False
L003271,Las&nbsp;Vegas Raiders vsN ew England Patriots,9/7/2025,,scraped_feed_c,False
L003272,GSW at OKC,3/8/2026,Chesapeake Energy Arena,scraped_feed_c,False
L003273,Golden State Warriors vs Oklahoma City Thunder,3/8/26,Paycom Center,official_feed,False
L003274,  Golden  State Warriors at Oklahoma City Thunder ,3/8/2026,Paycom Center,scraped_feed_c,False
L003275,goldem state warriors vs oklahoma city thunder,,Paycom Center,scraped_feed_c,False
L003276,LA Clippers v. OKC,,Paycom Center,scraped_feed_c,False
L003277,LA Clippers vs Oklahoma City Thunder,"December 19, 2025",Chesapeake Energy Arena,partner_feed_a,False
L003278,Oklahoma City Thunder vs LA Clippers,"December 19, 2025",Paycom Center,official_feed,False
L003279,  la  clippers v. oklahoma city thunder ,2025-12-19,Paycom Center,scraped_feed_b,False
L003280,MIA AT IND,"March 29, 2026",Gainbridge Fieldhouse,partner_feed_a,False
L003281,MIA vs IND,3/29/26,Gainbridge Fieldhouse,partner_feed_a,False
L003282,MIA VS IND,2026-03-29,Gainbridge Fieldhouse,partner_feed_a,False
L003283,  nIAat  IND ,3/29/2026,Gainbridge Fieldhouse,scraped_feed_b,False
L003284,miami dolphins vs atlanta falcons,2025-10-26,Mercedes-Benz Stadium,partner_feed_a,False
L003285,MIA at ATL,10/26/25,Mercedes-Benz Stadium,scraped_feed_b,False
L003286,Atlanta Falcons vs Miami Dolphins,2025-10-26,Mercedes-Benz Stadium,partner_feed_a,False
L003287,Miami Dolphins vs Atlanta Falcons,"October 26, 2025",Mercedes-Benz Stadium,official_feed,False
L003288,BOS vs CHA,2026-04-08,TD Garden,partner_feed_a,False
L003289,Charlotte Hornets @ Boston Celrics,"April 10, 2026",,scraped_feed_b,True
L003290,BOS vs CHA,April 8,TD Garden Boston,partner_feed_a,False
L003291,CHA vs BOS,"April 8, 2026",TD Garden,scraped_feed_b,False
L003292,KC @ LV,,Allegiant Stadium Las Vegas,scraped_feed_b,False
L003293,Kansas City Chiefs vs Las Vegas Raiders,"January 4, 2026",Allegiant Stadium,partner_feed_a,False
L003294,Kansas City Chiefs at Las Vegas Raiders,2026-01-04,Allegiant Stadium,partner_feed_a,False
L003295,Kansas City Chiefs v. Las Vegas Raiders,"January 4, 2026",Allegiant Stadium,scraped_feed_c,False
L003296,CHI vd LAL,1/27/26,UCC,scraped_feed_b,False
L003297,CHICAGO BULLS VS LOS ANGELES LAKERS,1/27/26,,partner_feed_a,False
L003298,  Lso  ngeles Lakers v. Chicago Bulls ,,,scraped_feed_b,False
L003299,  LAL  @ CHI ,January 27,United Center,scraped_feed_b,False
L003300,CAR AT ATL,2025-11-16,Mercedes-Benz Stadium,partner_feed_a,False
L003301,car v. atl,11/16/25,,scraped_feed_b,False
L003302,Carolina Panthers at Atlanta Falcons,2025-11-16,Mercedes-Benz Stadium,official_feed,False
L003303,Carolina Panthers at Atlanta Falcons,11/16/25,Mercedes-Benz Stadium,official_feed,False
L003304,  DAL  vs LAL ,"November 29, 2025",crypto.com Arena,scraped_feed_c,False
L003305,DAL vs LAL,"November 29, 2025",crypto.com Arena,partner_feed_a,False
L003306,LAL s AL,11/29/2025,crypto.com Arena,scraped_feed_c,False
L003307,Los Angeles Lakers vs Dallas Mavericks,11/29/2025,crypto.com Arena,official_feed,False
L003308,Los Angeles Rams at Arizona Cardinals,12/7/25,State Farm Stadium,partner_feed_a,False
L003309,LAR vs ARI,December 7,University of Phoenix Stadium,partner_feed_a,False
L003310,Arizona Cardinals vs Los Angeles Rams,December 7,University of Phoenix Stadium,scraped_feed_b,False
L003311,LAR vs ARI,"December 7, 2025",,scraped_feed_c,False
L003312,SAS vs PHI,April 7,Frost Bank Center,scraped_feed_b,False
L003313,Philadelphia 76ers vs San Antonio Spurs,April 7,Frost Bank Center,official_feed,False
L003314,Philadelphia 76ers vs San Antonio Spurs,4/7/2026,Frost Bank Center,official_feed,False
L003315,philadelphia 76ers at san antonio spurs,April 7,AT&T Center,partner_feed_a,False
L003316,New York Knicks vs Atlanta Hawks,4/23/26,State Farm Arena,official_feed,False
L003317,New York Knicsk at Atlanta aHwks,"April 23, 2026",Philips Arena,scraped_feed_c,False
L003318,New York Knicks at Atlanta Hawks,2026-04-23,State Farm Arena,official_feed,False
L003319,Nwe Yrk Knicks @ Atlanta Hawks,2026-04-23,State Farm Arena,scraped_feed_c,False
L003320,CHA at POR,"March 11, 2026",Rose Garden,partner_feed_a,False
L003321,  Charlotte  Hornets at Portland Trail Blazers ,"March 11, 2026",Rose Garden,scraped_feed_b,False
L003322,portland trail blazers vs charlotte hornets,3/11/2026,Moda Center,scraped_feed_b,False
L003323,  Portland  Trail Blazers vs Charlotte Hornets ,"March 11, 2026",Moda Center,scraped_feed_b,False
L003324,Minnesota Timberwolves at Washington Wizards,,VC,scraped_feed_b,False
L003325,MIN at WAS,January 4,Verizon Center,partner_feed_a,False
L003326,Minnesota Timberwolves vs Washington Wizards,1/4/26,,scraped_feed_b,False
L003327,Minnesota Timberwolves at Washington Wizards,"January 4, 2026",,scraped_feed_b,False
L003328,San Antonio Spurs vs Milwaukee Bucks,1/16/2026,Frost Bank Center,official_feed,False
L003329,MIL at SAS,1/16/26,,scraped_feed_c,False
L003330,San Antonio Spurs vs Milwaukee Bucks,1/16/2026,Frost Bank Center,official_feed,False
L003331,  MILWAUEKE  BUCKS AT SAN ANTONIO SPURS ,"January 16, 2026",,scraped_feed_b,False
L003332,New England Patriots at New Orleans Saints,October 12,Caesars Superdome,official_feed,False
L003333,ne vs no,October 12,Caesars Superdome,scraped_feed_c,False
L003334,New England Patriots vs New Orleans Saints,"October 12, 2025",Caesars Superdome,partner_feed_a,False
L003335,New Orleans Saints vs New Enland Patriots,October 14,Caesars Superdome,scraped_feed_b,True
L003336,Dallas Coboys at Philadelphia Eqgles,"September 5, 2025",Lincoln Financial Field,scraped_feed_c,False
L003337,Philadelphia Eagles vs Dallas Cowboys,September 5,Lincoln Financial Field,official_feed,False
L003338,Philadelphia Eagles vs Dallas Cowboys,2025-09-05,Lincoln Financial Field,scraped_feed_c,False
L003339,DAL AT PHI,2025-09-05,,scraped_feed_c,False
L003340,dallas mavericks vs new york knicks,1/19/2026,Madison Square Garden,partner_feed_a,False
L003341,Dallas Maverics at Nww York Knicks,2026-01-19,Madison Square Garden Arena,scraped_feed_b,False
L003342,New York Knicks vs Dallas Mavericks,"January 19, 2026",Madison Square Garden,official_feed,False
L003343,Dallas Mavericks vs New York Knicks,2026-01-19,Madison Square Garden,official_feed,False
L003344,Mlwaukee Bucks @ Detrit Pistons,"December 7, 2025",,scraped_feed_c,False
L003345,Milwaukee Bucks vs Detroit Pistons,12/7/25,Little Caesars Arena,official_feed,False
L003346,DET vs MIL,12/7/2025,Little Caesars Arena,scraped_feed_c,False
L003347,MIL at DET,12/7/25,Little Caesars Arena,scraped_feed_c,False
L003348,LA Clippers vs ATL,11/12/25,Intuit Dome Los Angeles,scraped_feed_c,True
L003349,LA Clippers vs Atlamta Haks,,Intuit Dome Los Angeles,scraped_feed_c,False
L003350,  Atlanta  Hawks @ LA Ciplpers ,"November 11, 2025",,scraped_feed_c,False
L003351,Atlanta Hawks vs LA Clippers,2025-11-11,Intuit Dome,scraped_feed_b,False
L003352,laclippers at newo rleans pelicans,3/20/2026,Smoothie King Center,scraped_feed_c,False
L003353,LA Clippers vs New Orleans Pelicans,3/20/26,Smoothie King Center,official_feed,False
L003354,LA Clippers at New Orleans Pelicans,2026-03-20,Smoothie King Center,official_feed,False
L003355,np v la clippers,3/20/2026,Smoothie King Center,scraped_feed_c,False
L003356,Los Angeles Lakers vs Minnesota Timberwolves,"October 25, 2025",crypto.com Arena,official_feed,False
L003357,lal&nbsp;vs min,"October 25, 2025",,scraped_feed_b,False
L003358,Minnesota Timberwolves at Los Angeles Lakers,"October 25, 2025",crypto.com Arena,official_feed,False
L003359,innesota Timberwolves at Los Angeles Lakers,10/25/25,crypto.com Arena,scraped_feed_c,False
L003360,Indiana Pacers at Minnesota Timberwolves,"October 8, 2025",Target Center,official_feed,False
L003361,Indiana Pacers vs Minnesota Timberwolves,10/8/2025,Target Center,official_feed,False
L003362,indiana pacers vs minnesota timberwolves,10/8/25,Target Center Minneapolis,partner_feed_a,False
L003363,IND vs MIN,10/8/2025,Target Center Minneapolis,partner_feed_a,False
L003364,LA Clippers vs Phoenix Suns,February 2,Mortgage Matchup Center,official_feed,False
L003365,LA Clippers at Phoenix Suns,February 2,Mortgage Matchup Center,official_feed,False
L003366,LA Clippers at Phoenix Suns,February 2,,scraped_feed_b,False
L003367,  Phoenix  Suns v. LA Clippers ,2026-02-02,Mortgage Matchup Center,scraped_feed_c,False
L003368,NK VS SA,12/19/2025,T-Mobile Arena,scraped_feed_c,True
L003369,san antonio spurs at new york knicks,12/17/2025,T-Mobile Arena,partner_feed_a,False
L003370,new york knicks vs san antonio spurs,12/17/25,T-Mobile Arena,partner_feed_a,False
L003371,San Antonio Spurs at New York Knicks,December 17,T-Mobile Arena,official_feed,False
L003372,brooklyn nets vs philadelphia 76ers,2025-12-24,Xfinity Mobile Arena,scraped_feed_c,False
L003373,Brooklyn Nets vs Philadelphia 76ers,2025-12-24,Xfinity Mobile Arena,official_feed,False
L003374,BKN v. PHo,,Xfinity Mobile Arena,scraped_feed_b,True
L003375,BKN at PHI,12/24/25,Xfinity Mobile Arena,partner_feed_a,False
L003376,Charlotte Hornets v. Orlando Msigc,"January 23, 2026",,scraped_feed_b,False
L003377,Charlotte Hornets vs Orlando Magic,January 23,Kia Center,official_feed,False
L003378,  CHA  at ORL ,1/24/2026,,scraped_feed_b,True
L003379,cha at ol,1/23/26,AC,scraped_feed_b,False
L003380,  miami  heat vs pheonix suns ,1/14/26,Kaseya Center,scraped_feed_b,False
L003381,Phoeniz Suns vs Mimai Heat,"January 14, 2026",Kaseya Center,scraped_feed_b,False
L003382,MIAMI HEAT VS PHOENIX SUNS,1/14/2026,Kaseya Center,partner_feed_a,False
L003383,MI vs PHX,1/14/2026,,scraped_feed_c,False
L003384,JAX AT CIN,9/14/25,Paul Brown Stadium,partner_feed_a,False
L003385,Jacksonville Jaguars vs Cincinnati Bengals,9/14/25,Paycor Stadium,official_feed,False
L003386,jacksonville jaguars vs cincinnati bengals,2025-09-14,Paycor Stadium,scraped_feed_b,False
L003387,Jacksonville Jaguars vs Cincinnati Bengals,"September 14, 2025",Paycor Stadium,official_feed,False
L003388,  UTAH  JAZZ AT MILWAUKEE BUCKS ,3/8/2026,,scraped_feed_c,False
L003389,MILWAUKEE BUCKS VS UTAH JAZZ,3/8/2026,Fiserv Forum,scraped_feed_b,False
L003390,UTA vs IL,"March 8, 2026",Fiserv Forum Milwaukee,scraped_feed_c,False
L003391,MIL vs UTA,March 8,,partner_feed_a,False
L003392,ind at phx,11/14/25,Mortgage Matchup Center,partner_feed_a,False
L003393,Phoenix Suns vs Indiana Pacers,November 14,Mortgage Matchup Center,official_feed,False
L003394,  PHX  v. IND ,2025-11-14,Mortgage Matchup Center,scraped_feed_c,False
L003395,Indiana Pacers v. Phoenix Suns,11/14/25,Mortgage Matchup Center,scraped_feed_c,False
L003396,Oklahoma City Thunder at Philadelphia 76ers,March 23,Xfinity Mobile Arena,official_feed,False
L003397,okc vs phi,"March 23, 2026",XMA,scraped_feed_c,False
L003398,OKC vs PHI,March 24,Xfinity Mobile Arena,scraped_feed_b,True
L003399,OKC AT PHI,March 23,Xfinity Mobile Arena,partner_feed_a,False
L003400,  HOU  at BKN ,1/1/26,Barclays Center Brooklyn,scraped_feed_c,False
L003401,Houston Rockets vs Brooklyn Nets,1/1/2026,Barclays Center,partner_feed_a,False
L003402,BKN vs HOU,,,scraped_feed_c,False
L003403,HoustonRockets&nbsp;st Brooklyn Nets,,Barclays Center,scraped_feed_b,False
L003404,AtlantaFalcons v. Tampa Bay Buccaneers,12/12/2025,Raymond James Stadium,scraped_feed_b,False
L003405,ATLANTA&nbsp;FALCONS VS TAMPA AY BUCCANERS,12/12/2025,Raymond James Stadium,scraped_feed_b,False
L003406,Tampa Bay Buccaneers vs Atlanta Falcons,December 12,Raymond James Stadium,official_feed,False
L003407,ATL vs TB,12/12/2025,Raymond James Stadium,partner_feed_a,False
L003408,gsw vs sac,"April 8, 2026",,scraped_feed_c,False
L003409,Sacramento Kings vs Golden State Warriors,4/8/26,Chase Center,official_feed,False
L003410,Sacramento Kings vs Golden State Warriors,4/8/26,Chase Center,official_feed,False
L003411,SAC AT GSW,"April 8, 2026",Chase Center Arena,partner_feed_a,False
L003412,phenix suns at atlabta hawks,,State Farm Arena,scraped_feed_b,False
L003413,  PHX  @ ATL ,1/24/2026,SFA,scraped_feed_b,False
L003414,  Phonix  Suns vs Atlanta gawks ,"January 24, 2026",SFA,scraped_feed_c,False
L003415,Atlanta Hawks vs Phoenix Suns,"January 24, 2026",State Farm Arena,official_feed,False
L003416,  tampa  bay buccaneers vs ne york jets ,9/21/25,Raymond James Stadium,scraped_feed_b,False
L003417,tampa bay buccaneers vs new york jets,2025-09-21,RJS,scraped_feed_b,False
L003418,  NYJ  at TB ,9/21/2025,Raymond James Stadium,scraped_feed_c,False
L003419,TB vs NYJ,"September 21, 2025",Raymond James Stadium,partner_feed_a,False
L003420,milwaukee bucks vs toronto raptors,"October 24, 2025",Scotiabank Arena,partner_feed_a,False
L003421,Toronto Raptors vs Milwaukee Bucks,October 24,Scotiabank Arena,partner_feed_a,False
L003422,Milwaukee Bucks @ Toronto Raptors,"October 24, 2025",SA,scraped_feed_c,False
L003423,Toronto Raptors v. Milwaukee Bucks,2025-10-24,,scraped_feed_c,False
L003424,DET v. BKN,2025-11-08,Barclays Center,scraped_feed_c,False
L003425,brooklyn nets v. detroit pistons,11/8/25,,scraped_feed_c,False
L003426,Detroit Pistons at Brooklyn Nets,"November 8, 2025",Barclays Center,partner_feed_a,False
L003427,DET AT BKN,"November 8, 2025",,partner_feed_a,False
L003428,Dallas Mavericks vs Sacramento Kings,12/27/2025,Golden 1 Center,official_feed,False
L003429,SAC vs DAL,12/27/25,Golden 1 Center,scraped_feed_b,False
L003430,Sacramento Kings vs Dallas Mavericks,12/27/2025,Golden 1 Center,partner_feed_a,False
L003431,Dallas Mavericks at Sacramento Kings,12/27/25,Golden 1 Center,official_feed,False
L003432,mlwaukee bucks vs mami heat,,Kaseya Center,scraped_feed_c,False
L003433,MIA vs MIL,2025-10-06,Kaseya Center,partner_feed_a,False
L003434,MIL vs MIA,10/6/2025,Kaseya Center,scraped_feed_b,False
L003435,Milwaukee Bucks vs Miami Heat,10/6/2025,Kaseya Center,partner_feed_a,False
L003436,DEN at WS,,,scraped_feed_b,False
L003437,Denver Broncos at Washington Commanders,December 1,Northwest Stadium,partner_feed_a,False
L003438,DNE vs WAS,12/1/2025,Northwest Stadium,scraped_feed_b,False
L003439,sen at was,December 1,Northwest Stadium,scraped_feed_c,False
L003440,Utah Jazz at Los Angeles Lakers,2025-11-19,crypto.com Arena,official_feed,False
L003441,Los Angeles Lakers vs Utah Jazz,November 19,crypto.com Arena,scraped_feed_b,False
L003442,Los Angeles Lakers vs Utah Jazz,November 19,crypto.com Arena,partner_feed_a,False
L003443,Utah Jazz @ Los Angeles Lakers,November 19,,scraped_feed_c,False
L003444,LAL vs DEN,2026-01-21,Ball Arena,partner_feed_a,False
L003445,Los Angeles Lakers at Denver Nuggets,1/21/26,Ball Arena,official_feed,False
L003446,  Denver  Nuggets vs Los Angeles Lakers ,"January 21, 2026",Pepsi Center,scraped_feed_b,False
L003447,LAL at DEN,1/21/26,Ball Arena,partner_feed_a,False
L003448,  mia  vs min ,2026-01-07,,scraped_feed_c,False
L003449,MIN vs MIA,1/7/26,Target Center Minneapolis,partner_feed_a,False
L003450,Miami Heat vs Minnesota Timberwolves,"January 7, 2026",Target Center,official_feed,False
L003451,mia vd min,"January 6, 2026",Target Center,scraped_feed_c,True
L003452,Toronto Raptors at Philadelphia 76ers,11/20/25,,scraped_feed_c,False
L003453,PHI vs TOR,11/20/25,Xfinity Mobile Arena,partner_feed_a,False
L003454,Toronto Raptors at Philadelphia 76ers,"November 20, 2025",Xfinity Mobile Arena,official_feed,False
L003455,Philadelphia 76ers vs Toronto Raptors,11/20/2025,,scraped_feed_c,False
L003456,  Milwaukee  Bucks v. New York Knicks ,November 29,Madison Square Garden,scraped_feed_c,False
L003457,Milwaukee Bucks at New York Knicks,November 29,Madison Square Garden,official_feed,False
L003458,MIL AT NYK,"November 29, 2025",Madison Square Garden,scraped_feed_c,False
L003459,Milwaukee Bucks vs New York Knicks,November 29,Madison Square Garden,official_feed,False
L003460,Brooklyn Nets vs Washington Wizards,"November 16, 2025",Capital One Arena,official_feed,False
L003461,Wsahington Wizards vs Brooklyn Nets,"November 16, 2025",Capital One Arena,scraped_feed_c,False
L003462,BKN vs WAS,,Capital One Arena,scraped_feed_b,False
L003463,Brooklyn Nets at Washington Wizards,11/16/25,Capital One Arena,official_feed,False
L003464,Oklahoma&nbsp;CityThunder v. San Antonio Spurs,2026-05-29,Frost Bank Center,scraped_feed_b,False
L003465,Oklahoma City Thunder at San Antonio Spurs,May 29,Frost Bank Center,partner_feed_a,False
L003466,Oklahoma City Thunder vs San Antonio Spurs,5/29/2026,Frost Bank Center,official_feed,False
L003467,okca t sas,May 29,FBC,scraped_feed_c,False
L003468,Boston Celtics vs Cleveland Cavaliers,11/30/2025,Rocket Arena,official_feed,False
L003469,Cleveland Cavaliers vs Boston Celtics,11/30/25,Rocket Arena,official_feed,False
L003470,Boston Celtics at Cleveland Cavaliers,"November 30, 2025",Rocket Arena,official_feed,False
L003471,BOS vs CLE,November 30,,scraped_feed_b,False
L003472,San Francisco 49ers at Tampa Bay Buccaneers,,Raymond James Stadium,partner_feed_a,False
L003473,San Francisco 49ers at Tampa Bay Buccaneers,10/12/25,Raymond James Stadium,official_feed,False
L003474,  SF  VS TB ,October 12,Raymond James Stadium,scraped_feed_c,False
L003475,sf&nbsp;vs tb,October 12,Raymond James Stadium,scraped_feed_b,False
L003476,Brooklyn Nets vs Oklahoma City Thunder,March 18,Barclays Center,scraped_feed_b,False
L003477,  Oklahoma  City Thunder vs Brooklyn Nets ,3/18/2026,BCB,scraped_feed_b,False
L003478,Oklahoma City Thunder at Brooklyn Nets,3/18/2026,Barclays Center,partner_feed_a,False
L003479,Brooklyn Nets v. Oklahoma City Thunder,3/18/2026,Barclays Center,scraped_feed_c,False
L003480,NYG vs SF,2025-11-02,MetLife,partner_feed_a,False
L003481,San Francisco 49ers vs New York Giants,11/2/25,MetLife Stadium,official_feed,False
L003482,New York Giants vs San Francisco 49ers,November 2,MetLife Stadium,official_feed,False
L003483,san francisco 49ers at new yor giants,"November 2, 2025",MetLife,scraped_feed_b,False
L003484,IND vs CHI,April 2,United Center,scraped_feed_b,False
L003485,CHI vs IND,April 2,United Center Chicago,scraped_feed_b,False
L003486,CH vIs IND,4/2/2026,,scraped_feed_c,False
L003487,&nbsp; INDIANA  PACERS AT CHICAGO BULLS ,,United Center,scraped_feed_b,False
L003488,Golden State Warriors vs Memphis Grizzlies,2/10/26,Chase Center,official_feed,False
L003489,MEM @ GWS,February 10,Chase Center,scraped_feed_b,False
L003490,MEM vs GSW,February 10,,partner_feed_a,False
L003491,memphis grizzlies vs golden state warriors,February 10,Chase Center,partner_feed_a,False
L003492,  Golden  State Warriors v. Los Angeles Lakers ,2026-04-10,Chase Center Arena,scraped_feed_b,False
L003493,Los Angeles Lakers @ Golden State Warriors,"April 10, 2026",Chase Center Arena,scraped_feed_b,False
L003494,  Los  Angeles Lakers v. Golden State Warriors ,April 12,,scraped_feed_c,True
L003495,  GSWvs  kAL ,April 10,Chase Center Arena,scraped_feed_c,False
L003496,Toronto Raptors vs Boston Celtics,10/10/2025,Scotiabank Arena,official_feed,False
L003497,Boston Celtics vs Toronto Raptors,October 10,Scotiabank Arena,official_feed,False
L003498,Toronto Raptors v. Boston Celyics,"October 10, 2025",Air Canada Centre,scraped_feed_c,False
L003499,BOS AT TOR,"October 10, 2025",Scotiabank Arena,scraped_feed_b,False
L003500,Philadelphia 76ers vs Brooklyn Nets,November 29,Barclays Center,official_feed,False
L003501,Philadelphia 76ers at Brooklyn Nets,11/29/2025,Barclays Center,official_feed,False
L003502,PHI vs BKN,"November 29, 2025",Barclays Center,scraped_feed_b,False
L003503,Philadelphia 76ers vs Brooklyn Nets,"November 29, 2025",Barclays Center,official_feed,False
L003504,NOP vs SAC,3/6/2026,Golden 1 Center Sacramento,partner_feed_a,False
L003505,NOP AT SAC,2026-03-06,,scraped_feed_c,False
L003506,  NW  ORLEANS PELICANS VS SACRAMENTO KINGS ,"March 6, 2026",GCS,scraped_feed_b,False
L003507,New prleana Pelicans v. Sacramento Kings,"March 6, 2026",Golden 1 Center,scraped_feed_c,False
L003508,  ind  v. nop ,"January 17, 2026",Bankers Life Fieldhouse,scraped_feed_b,False
L003509,New Orleans Pelicans vs Indiana Pacers,January 17,Gainbridge Fieldhouse,official_feed,False
L003510,New Orleans Pelicans at Indiana Pacers,1/17/2026,Gainbridge Fieldhouse,official_feed,False
L003511,ID vs NOP,2026-01-17,Conseco Fieldhouse,scraped_feed_b,False
L003512,POR VS HOU,January 8,,scraped_feed_b,False
L003513,Houston Rockets v. Portland Trail Blazers,1/10/2026,Moda Center,scraped_feed_b,True
L003514,HUv s POR,,Moda Center,scraped_feed_b,False
L003515,Houston Rockets @ Portland Trail Blazers,1/8/26,,scraped_feed_b,False
L003516,DET vs MIN,2025-11-02,Ford Field,partner_feed_a,False
L003517,MIN vs DET,2025-11-03,Ford Field,scraped_feed_c,True
L003518,DET vs MIN,11/2/2025,Ford Field,scraped_feed_b,False
L003519,det vs min,2025-11-02,Ford Field,scraped_feed_c,False
L003520,San Antonio Spurs at Atlanta Hawks,12/20/25,State Farm Arena,official_feed,False
L003521,Atlanta&nbsp;Hawks v. San Antonio Spurs,12/20/25,,scraped_feed_c,False
L003522,San Antonio Spurs at Atlanta Hawks,December 20,State Farm Arena,official_feed,False
L003523,  Atlanta  Hawks v. San Antonio Spurs ,12/20/2025,,scraped_feed_c,False
L003524,MIL&nbsp;AT PHI,"January 27, 2026",Xfinity Mobile Arena,scraped_feed_b,True
L003525,Philaelphia 76ers vs Milwaykee Bucks,2026-01-28,,scraped_feed_b,False
L003526,Milwaukee Bucks at Philadelphia 76ers,January 28,Xfinity Mobile Arena,official_feed,False
L003527,MIL VS PHI,January 28,Xfinity Mobile Arena,partner_feed_a,False
L003528,Brooklyn Nets vs Orlando Magic,11/15/2025,Kia Center,official_feed,False
L003529,BROOLLYN NETS VS ORLANDO MAGIC,,Kia Center,scraped_feed_c,False
L003530,ORLANDOM AGIC VS BOROKLYN NETS,11/15/2025,KC,scraped_feed_b,False
L003531,Orlando Magic vs Brooklyn Nets,November 14,Kia Center,scraped_feed_b,True
L003532,Atlanta Hawks at Charlotte Hornets,12/19/2025,Spectrum Center,official_feed,False
L003533,Atlanta Hawks vs Charlotte Hornets,12/19/25,Time Warner Cable Arena,partner_feed_a,False
L003534,CHA vs ATL,12/19/25,Time Warner Cable Arena,partner_feed_a,False
L003535,atl v. cha,"December 17, 2025",,scraped_feed_c,True
L003536,Jacksonville Jaugars at Houston Texand,11/9/25,Reliant Stadium,scraped_feed_b,False
L003537,JAX vs HOU,"November 9, 2025",Reliant Stadium,scraped_feed_c,False
L003538,Houston Texans vs Jacksonville Jaguars,November 9,Reliant Stadium,official_feed,False
L003539,Jacksonville Jaguars at Houston Texans,"November 9, 2025",Reliant Stadium,official_feed,False
L003540,gree nbay packrs vs denver broncos,12/14/2025,Sports Authority Field,scraped_feed_b,False
L003541,Denver Broncos vs Green Bay Packers,2025-12-14,Mile High Stadium,scraped_feed_c,False
L003542,GB AT DEN,2025-12-14,Empower Field at Mile High,partner_feed_a,False
L003543,Green Bay Packers at Denver Broncos,2025-12-14,Empower Field at Mile High,partner_feed_a,False
L003544,Milwaukee Bucks vs Miami Heat,2026-02-25,Fiserv Forum,official_feed,False
L003545,MIA AT MIL,2/25/2026,Fiserv Forum,scraped_feed_b,False
L003546,mia at mil,2/25/26,Fiserv Forum,scraped_feed_c,False
L003547,  Milwaukee  Bcks v sMiami Heat ,2/25/26,FF,scraped_feed_b,False
L003548,Portland Trail Blazers vs Houston Rockets,November 15,Toyota Center (Houston),official_feed,False
L003549,POR at HOU,11/15/2025,Toyota Center (Houston),partner_feed_a,False
L003550,HOUbs POR,11/15/2025,TC,scraped_feed_c,False
L003551,POR TA HOU,November 15,,scraped_feed_b,False
L003552,OKC vs LAL,2026-02-10,crypto.com Arena,scraped_feed_c,False
L003553,LOS ANGELES LAKERS VS OKLAHOMA CITY THUNDER,2026-02-10,crypto.com Arena,partner_feed_a,False
L003554,Los Angeles Lakers vs Oklahoma City Thunder,"February 10, 2026",crypto.com Arena,scraped_feed_b,False
L003555,Los Angeles Lakers vs Oklahoma City Thunder,2/10/26,crypto.com Arena,official_feed,False
L003556,LAL vs DAL,2026-04-05,American Airlines Center,partner_feed_a,False
L003557,Los Angeles Lakers vs Dallas Mavericks,4/5/2026,American Airlines Center,scraped_feed_b,False
L003558,Dallas Mavericks v. Los Angeles Lakers,,American Airlines Center,scraped_feed_b,False
L003559,Dallas Mavericks vs Los Angeles Lakers,"April 5, 2026",,partner_feed_a,False
L003560,cha at tor,2025-11-18,ACC,scraped_feed_b,False
L003561,Charlotte Hornets at Toronto Raptors,11/18/25,Scotiabank Arena,partner_feed_a,False
L003562,CHA v. TOR,"November 18, 2025",Air Canada Centre,scraped_feed_c,False
L003563,Charlotte Hornets at Toronto Raptors,2025-11-18,Scotiabank Arena,partner_feed_a,False
L003564,New York Jets vs Baltimore Ravens,11/23/2025,M&T Bank Stadium,scraped_feed_c,False
L003565,NYJ at BAL,November 23,PSINet Stadium,scraped_feed_b,False
L003566,NYJ at BAL,November 23,M&T Bank Stadium,partner_feed_a,False
L003567,nAL&nbsp;vsNYJ,November 23,,scraped_feed_c,False
L003568,BOSTON CELTICS AT CHICAGO BULLS,1/25/26,United Center Chicago,partner_feed_a,False
L003569,Boston Celtics vs Chicago Bulls,1/25/2026,United Center,official_feed,False
L003570,Boston Celtics vs Chicago Bulls,"January 25, 2026",United Center,official_feed,False
L003571,Chicago Bulls vs Boston Celtics,January 25,United Center,official_feed,False
L003572,New York Knicks vs Detroit Pistons,February 7,Little Caesars Arena,official_feed,False
L003573,New York Knicks at Detroit Pistons,February 7,Little Caesars Arena,official_feed,False
L003574,NYK VS DET,2/7/2026,Little Caesars Arena,partner_feed_a,False
L003575,new york knicks at detroit pistons,2/7/26,Little Caesars Arena,partner_feed_a,False
L003576,Cleveland Cavaliers vs Charlotte Hornets,2025-12-14,Rocket Arena,scraped_feed_c,False
L003577,  CLE  vs CHA ,2025-12-14,Rocket Arena,scraped_feed_b,False
L003578,CHA AT CLE,December 14,Rocket Mortgage FieldHouse,scraped_feed_c,False
L003579,  CHA  at CLE ,12/13/25,,scraped_feed_c,True
L003580,Miami Heat vs Toronto Raptors,,Scotiabank Arena,scraped_feed_b,True
L003581,MIAMI HEAT AT TORONTO RAPTORS,"April 7, 2026",Scotiabank Arena Toronto,partner_feed_a,False
L003582,Toronto Raptors vs Miami Heat,4/7/2026,Scotiabank Arena,partner_feed_a,False
L003583,Totonto Raptors vs Miami Heat,"April 7, 2026",Scotiabank Arena,scraped_feed_b,False
L003584,&nbsp; Boston  Celtics vs Indiana acers ,2025-12-23,TD Garden,scraped_feed_c,False
L003585,Indiana Pacers at Boston Celtics,12/23/2025,Fleet Center,scraped_feed_c,False
L003586,indiana pacers vs boston celtics,12/23/2025,TD Garden,scraped_feed_c,False
L003587,Indiana Pacers at Boston Celtics,December 23,TD Garden Boston,partner_feed_a,False
L003588,Portland Trail Blazers at New York Knicks,,Madison Square Garden,scraped_feed_c,False
L003589,Portland Trail Blazers vs New York Knicks,1/31/2026,Madison Square Garden,official_feed,False
L003590,Portland Trail Blazers vs New York Knicks,January 31,Madison Square Garden,official_feed,False
L003591,Portland Trail Blazers vs New York Knicks,1/31/26,Madison Square Garden,official_feed,False
L003592,NYK at NOP,12/30/2025,,scraped_feed_b,False
L003593,New York Knicks at New Orleans Pelicans,2025-12-30,,scraped_feed_c,False
L003594,New Orleans Pelicans vs New York Knicks,12/30/25,Smoothie King Center,official_feed,False
L003595,New York Knicks vs New Orleans Pelicans,2025-12-30,Smoothie King Center,official_feed,False
L003596,PHI vs GSW,February 3,Chase Center,scraped_feed_b,True
L003597,Philadelphia&nbsp;76ers vs Golden State Warriors,"February 4, 2026",CC,scraped_feed_c,False
L003598,  philadelphia  76ers vs golden state warriors ,,Chase Center Arena,scraped_feed_c,False
L003599,Golden State Warriors vs Philadelphia 76ers,"February 4, 2026",Chase Center Arena,scraped_feed_b,False
L003600,&nbsp; HPI  at ORL ,January 10,Kia Center,scraped_feed_b,False
L003601,ORL vs PHI,1/10/26,Amway Center,partner_feed_a,False
L003602,PHI vs ORL,1/10/26,AC,scraped_feed_c,False
L003603,PHILADELPHIA 76ERS VS ORLANDO MAGIC,1/10/2026,Kia Center,scraped_feed_b,False
L003604,NOP vs OKC,November 18,,partner_feed_a,False
L003605,  okc  at nop ,November 18,,scraped_feed_b,False
L003606,Oklahoma City Thunder vs New Orleans Pelicans,11/18/25,Smoothie King Center,official_feed,False
L003607,New Orleans Pelicans v. Oklahoma City Thunder,"November 18, 2025",Smoothie King Center,scraped_feed_c,False
L003608,ATL vs LAL,"January 14, 2026",crypto.com Arena,partner_feed_a,False
L003609,Los Angeles Lakers vs Atlanta Hawks,January 14,crypto.com Arena,official_feed,False
L003610,Atlanta Hawks vs Los Angeles Lakers,2026-01-14,crypto.com Arena,partner_feed_a,False
L003611,Atlanta Hawks at Los Angeles Lakers,1/14/2026,crypto.com Arena,partner_feed_a,False
L003612,San Antonio Spurs vs Milwaukee Bucks,2026-03-28,Fiserv Forum,partner_feed_a,False
L003613,SAS vs MIL,3/28/26,Fiserv Forum,partner_feed_a,False
L003614,San Antonio Spurs at Milwaukee Bucks,3/28/26,Fiserv Forum,official_feed,False
L003615,MIL&nbsp;v. SAS,3/28/26,Fiserv Forum,scraped_feed_b,False
L003616,DET vs SAC,"January 25, 2026",Little Caesars Arena Detroit,scraped_feed_c,False
L003617,Sacramento Kings at Detroit Pistons,2026-01-25,Little Caesars Arena Detroit,scraped_feed_b,False
L003618,Sacramento Kings at Detroit Pistons,January 25,Little Caesars Arena,official_feed,False
L003619,Sacramento Kings at Detroit Pistons,1/25/2026,Little Caesars Arena,official_feed,False
L003620,Cleveland Cavaliers vs Philadelphia 76ers,11/6/25,Rocket Arena,official_feed,False
L003621,CLEVELAND CAVALIERS VS PHILADELPHIA 76ERS,2025-11-06,Rocket Arena,partner_feed_a,False
L003622,PHI vs CLE,11/6/25,Rocket Arena,scraped_feed_b,False
L003623,PHI vs CLE,11/6/25,Rocket Mortgage FieldHouse,partner_feed_a,False
L003624,  detroit  pistons at orlando magic ,"April 29, 2026",Kia Center Orlando,scraped_feed_b,True
L003625,Detroit Pistons at Orlando Magic,2026-04-28,Kia Center,scraped_feed_c,False
L003626,  DET  vs ORL ,April 28,Kia Center,scraped_feed_c,False
L003627,ORL vs DET,4/28/2026,Amway Center,partner_feed_a,False
L003628,Oklahoma City Thunder at Dallas Mavericks,3/2/26,American Airlines Center,official_feed,False
L003629,Oklahoma City Thunder vs Dallas Mavericks,"March 2, 2026",American Airlines Center,official_feed,False
L003630,Okkahoma City Thunder @ Dallas Mavericks,3/2/26,AAC,scraped_feed_b,False
L003631,Dallas Mavericks vs Oklahoma City Thunder,2026-03-02,American Airlines Center,official_feed,False
L003632,min at det,2026-04-02,Little Caesars Arena,partner_feed_a,False
L003633,MIN at DET,"April 2, 2026",Little Caesars Arena,partner_feed_a,False
L003634,Minnesota Timberwolves at Detroit Pistons,April 2,Little Caesars Arena,official_feed,False
L003635,MIN at DET,2026-04-02,Little Caesars Arena,partner_feed_a,False
L003636,PHOENIX SUNS VS GOLDEN STATE WARRIORS,December 19,,partner_feed_a,False
L003637,Phoenix Suns vs Golden State Warriors,"December 19, 2025",Mortgage Matchup Center,official_feed,False
L003638,GOLDEN STATE WARRIORS AT PHOENIX SUS,2025-12-19,MMC,scraped_feed_c,False
L003639,  sw  at pxh ,12/19/2025,MMC,scraped_feed_b,False
L003640,Atlanta Hawks @ Dallas Mavericks,2026-03-19,American Airlines Center,scraped_feed_b,False
L003641,Atlanta Hawks vs Dallas Mavericks,3/19/2026,American Airlines Center,scraped_feed_b,False
L003642,atlanta hawks vs dallas mavericks,3/19/2026,American Airlines Center,scraped_feed_c,False
L003643,dallas mavericks vs atlanta hawks,3/19/2026,,partner_feed_a,False
L003644,Oklahoma City Thunder vs Miami Heat,2026-01-12,Chesapeake Energy Arena,partner_feed_a,False
L003645,MA TA OKC,1/12/2026,,scraped_feed_b,False
L003646,Oklahoma City Thunder vs Miami Heat,2026-01-12,Paycom Center,scraped_feed_c,False
L003647,Miami Heat vs Oklahoma City Thunder,January 12,Paycom Center,official_feed,False
L003648,Detroit Pistons vs Atlanta Hawks,12/2/2025,Little Caesars Arena,official_feed,False
L003649,Atlanta Hawks at Detroit Pistons,12/2/25,Little Caesars Arena,official_feed,False
L003650,DET vs ATL,"December 2, 2025",Little Caesars Arena,partner_feed_a,False
L003651,detroit&nbsp;pistons v. atlanta hawks,"December 2, 2025",Little Caesars Arena,scraped_feed_c,False
L003652,ORLANDO MAGIC VS NEW YORK KNICKS,"December 13, 2025",T-Mobile Arena,scraped_feed_c,False
L003653,New York Knicks at Orlando Magic,"December 13, 2025",T-Mobile Arena,partner_feed_a,False
L003654,ORL vsN YK,12/13/2025,,scraped_feed_b,False
L003655,New York Knicks vs Orlando Magic,,T-Mobile Arena,partner_feed_a,False
L003656,Charlotte Hornets vs Washington Wizards,"October 26, 2025",Capital One Arena,official_feed,False
L003657,Charlotte Hornets at Washington Wizards,2025-10-26,Capital One Arena,official_feed,False
L003658,CHARLOTTE HORNETS VS WASHINGTON WIZARDS,10/26/2025,MCI Center,scraped_feed_c,False
L003659,charlotte hornets vs washington wizards,10/26/2025,Capital One Arena,scraped_feed_b,False
L003660,philadelphia 76ers vs detroit pistons,4/4/2026,Xfinity Mobile Arena,scraped_feed_c,False
L003661,DETROIT PISTONS AT PHILADELPHIA 76ERS,"April 4, 2026",Xfinity Mobile Arena,partner_feed_a,False
L003662,Detroit Pistons @ Philadelphia 76ers,4/4/26,Xfinity Mobile Arena,scraped_feed_c,False
L003663,PHI v. DET,4/4/2026,Xfinity Mobile Arena,scraped_feed_b,False
L003664,golden state warriors vs phoenix suns,February 6,,partner_feed_a,False
L003665,Golden State Warriors v. Phoenox Suns,,Mortgage Matchup Center,scraped_feed_b,False
L003666,Golden State Warriors @ Phoenix Suns,2/6/26,Mortgage Matchup Center,scraped_feed_b,False
L003667,PHX VS GSW,2/6/26,Mortgage Matchup Center,partner_feed_a,False
L003668,Mlwaukee Bucks at Phoenix Suns,March 22,,scraped_feed_b,False
L003669,Phoenix Suns vs Milwaukee Bucks,"March 22, 2026",Mortgage Matchup Center,official_feed,False
L003670,  Milwaukee  Bucks va Phoenix Sus ,March 22,,scraped_feed_c,False
L003671,Milwaukee Bucks at Phoenix Suns,"March 22, 2026",Mortgage Matchup Center,official_feed,False
L003672,sac at nop,2026-02-10,New Orleans Arena,scraped_feed_b,False
L003673,sacramento kings at new orleans pelicans,2026-02-10,Smoothie King Center,partner_feed_a,False
L003674,Sacramento Kings at New Orleans Pelicans,2/10/26,Smoothie King Center,partner_feed_a,False
L003675,Sacramento Kings vs New Orleans Pelicans,2026-02-10,Smoothie King Center,official_feed,False
L003676,  chi  @ gsw ,March 11,Chase Center,scraped_feed_b,False
L003677,Chicago Bulls at Golden State Warriots,3/11/26,Chase Center,scraped_feed_c,False
L003678,CHI&nbsp;at GSW,March 11,,scraped_feed_b,False
L003679,CHI vs GSW,3/11/2026,,scraped_feed_c,False
L003680,phoenix suns vs oklahoma city thunder,"November 29, 2025",Chesapeake Energy Arena,scraped_feed_c,False
L003681,oklahoma city thunder vs phoenix suns,November 29,Paycom Center,scraped_feed_c,False
L003682,phoenix suns vs oklahoma city thunder,November 29,Paycom Center,partner_feed_a,False
L003683,PHX vs OKC,11/29/25,Paycom Center,scraped_feed_b,False
L003684,MIN vs LAC,October 24,SoFi Stadium Los Angeles,scraped_feed_c,False
L003685,Minnesota Vikings at Los Angeles Chargers,October 24,SoFi Stadium,official_feed,False
L003686,Minnesota Vikings vs Los Angeles Chargers,October 24,SoFi Stadium,official_feed,False
L003687,MINNESOTA VIKINGS AT LOS ANGELES CHARGERS,October 24,,scraped_feed_c,False
L003688,Houston Rockets vs Los Angeles Lakers,December 26,crypto.com Arena,official_feed,False
L003689,HOU v. LA,"December 25, 2025",crypto.com Arena,scraped_feed_c,True
L003690,HOU vs LLA,2025-12-26,crypto.com Arena,scraped_feed_c,False
L003691,Houston Rockets at Los Angeles Lakers,12/26/25,,scraped_feed_c,False
L003692,New York Knicks vs Atlanta Hawks,2026-04-29,Madison Square Garden,official_feed,False
L003693,New York Knicks vs Atlanta Hawks,4/29/2026,Madison Square Garden,official_feed,False
L003694,atlanta hawks at new york knicks,,Madison Square Garden,partner_feed_a,False
L003695,Atlanta Hawks vs New York Knicks,2026-04-29,Madison Square Garden,official_feed,False
L003696,HPI v WAS,December 3,Xfinity Mobile Arena,scraped_feed_c,False
L003697,WAS at PHI,December 3,Xfinity Mobile Arena,partner_feed_a,False
L003698,Philadelphia 76ers vs Washington Wizards,"December 3, 2025",Xfinity Mobile Arena,official_feed,False
L003699,Washington Wizards at Philadelphia 76ers,12/3/2025,Xfinity Mobile Arena,scraped_feed_c,False
L003700,PHX at LAL,4/11/2026,crypto.com Arena,scraped_feed_b,False
L003701,Phoenix Suns at Los Angeles Lakers,"April 11, 2026",crypto.com Arena,partner_feed_a,False
L003702,  PHX  @ LAL ,April 11,,scraped_feed_c,False
L003703,phoenix usns at los angeles lakes,2026-04-11,A,scraped_feed_b,False
L003704,DEN vs DAL,3/26/26,Ball Arena,partner_feed_a,False
L003705,DAL vs DEN,3/26/26,Pepsi Center,scraped_feed_c,False
L003706,DAL at DEN,"March 26, 2026",Ball Arena,partner_feed_a,False
L003707,Dallas Mavericks vs Denver Nuggets,2026-03-26,Ball Arena,official_feed,False
L003708,Phoenix Suns @ Washington Wizards,,COA,scraped_feed_c,True
L003709,PHX vs WAS,"December 30, 2025",MCI Center,partner_feed_a,False
L003710,Phoenix Suns at Washington Wizards,"December 30, 2025",COA,scraped_feed_c,False
L003711,  phoenix  suns vs washington wizards ,2025-12-30,Capital One Arena,scraped_feed_b,False
L003712,TOR vs CHA,2025-11-29,Spectrum Center,partner_feed_a,False
L003713,Charlotte Hornets vs Toronto Raptors,November 29,Spectrum Center,official_feed,False
L003714,Toronto&nbsp;Raptors at Charlotte Hornets,11/29/25,Spectrum Center,scraped_feed_b,False
L003715,CHA vs TOR,2025-11-29,Spectrum Center Charlotte,scraped_feed_c,False
L003716,GOLDEN STATE WARRIORS VS LOS ANGELES LAKERS,"October 11, 2025",crypto.com Arena,scraped_feed_b,True
L003717,GSW VS LAL,,,scraped_feed_b,False
L003718,Los&nbsp;Angeles Laker svs Golden State Warriors,,crypto.com Arena,scraped_feed_c,False
L003719,Los Angeles Lakers vs Golden State Warriors,10/13/25,crypto.com Arena,official_feed,False
L003720,NEW ORLEANS PELICANS VD PHILADELPHIA 76ERS,2026-02-01,,scraped_feed_b,False
L003721,NOP at PHI,2/1/2026,Xfinity Mobile Arena,partner_feed_a,False
L003722,PHI VS NOP,2/2/26,Xfinity Mobile Arena,scraped_feed_b,True
L003723,New Orleans Pelicans vs Philadelphia 76ers,"February 1, 2026",Xfinity Mobile Arena,official_feed,False
L003724,  Portland  Trail Blazers @ New Orleans Pelicans ,1/3/26,Smoothie King Center,scraped_feed_b,False
L003725,Portland Trail Blazers vs New Orleans Pelicans,,Smoothie King Center,partner_feed_a,False
L003726,Portland Trail Blazers at New Orlrans Pelicans,,NOA,scraped_feed_b,False
L003727,Portland Trail Blazers at New Orleans Pelicans,"January 3, 2026",Smoothie King Center,official_feed,False
L003728,New Orleans Pelicans at Charlotte Hornets,"February 2, 2026",,scraped_feed_c,False
L003729,NOP AT CHA,"February 2, 2026",Spectrum Center Charlotte,partner_feed_a,False
L003730,  NOP  v. CHA ,2/2/26,Spectrum Center,scraped_feed_c,False
L003731,Charlotte Hornets vs New Orleans Pelicans,February 2,Spectrum Center,official_feed,False
L003732,LAL vs POR,2025-10-28,crypto.com Arena,partner_feed_a,False
L003733,PO AT LAL,2025-10-28,A,scraped_feed_b,False
L003734,Portland Trail Blazers at Los Angeles Lakers,October 28,crypto.com Arena,partner_feed_a,False
L003735,POR AT LAL,"October 28, 2025",crypto.com Arena,partner_feed_a,False
L003736,DET vs IND,April 12,Conseco Fieldhouse,partner_feed_a,False
L003737,Detroit Pistons vs Indiana Pacers,April 12,Gainbridge Fieldhouse,official_feed,False
L003738,DETROIT PISTONS VA INDIANA PACERS,4/12/2026,GF,scraped_feed_c,False
L003739,  DET  v. IND ,,Gainbridge Fieldhouse,scraped_feed_c,False
L003740,NOP VS MIN,4/13/2026,Target Center Minneapolis,partner_feed_a,False
L003741,new orleans pelicans vs minnesota timberwolves,4/13/26,Target Center Minneapolis,partner_feed_a,False
L003742,New Orleans Pelicans at Minnesota Timberwolves,4/13/2026,Target Center,official_feed,False
L003743,New Orleans Pelicans vs Minnesota Timberwolves,4/13/26,Target Center,official_feed,False
L003744,Brooklyn Nets vs Chicago Bulls,2026-01-19,United Center,official_feed,False
L003745,CH Ivs BKN,"January 19, 2026",United Center,scraped_feed_b,False
L003746,CHI vs BKN,"January 19, 2026",United Center Chicago,scraped_feed_b,False
L003747,Chicago Bulls vs Brooklyn Nets,January 19,United Center,partner_feed_a,False
L003748,Detroit Lions at Green Bay Packers,9/7/2025,Lambeau Field,official_feed,False
L003749,Detorit Lios at Green Bay Packers,9/7/2025,L,scraped_feed_b,False
L003750,  DETROIT  LIONS VS GEEN VAY PACKERS ,9/7/25,Lambeau,scraped_feed_b,False
L003751,Detroit Lions vs Green Bay Packers,9/7/2025,Lambeau Field,official_feed,False
L003752,Chicago Bulls vs Los Angeles Lakers,3/13/26,crypto.com Arena,partner_feed_a,False
L003753,Chicago Bulls at Los Angeles Lakers,3/13/26,crypto.com Arena,official_feed,False
L003754,CHI VS LAL,"March 13, 2026",crypto.com Arena,partner_feed_a,False
L003755,Los Angeles Lakers v. Chicago Bulls,3/13/26,crypto.com Arena,scraped_feed_b,False
L003756,tor at orl,1/31/2026,Kia Center Orlando,scraped_feed_c,False
L003757,Toronto Raptors at Orlando Magic,1/31/2026,Kia Center,official_feed,False
L003758,Orlando Magic vs Torotno Raptors,2026-01-31,Kia Center,scraped_feed_b,False
L003759,orlando magic vs toronto raptors,"January 31, 2026",Amway Center,partner_feed_a,False
L003760,Miami Heat at Golden State Warriors,"January 20, 2026",Chase Center,official_feed,False
L003761,MIA&nbsp;at GSW,"January 18, 2026",Chase Center,scraped_feed_c,True
L003762,Miami&nbsp;Hest vs Golden State Warrirs,1/21/26,Chase Center,scraped_feed_b,True
L003763,Miami Heat vs Golden State Warriors,1/20/26,Chase Center,official_feed,False
L003764,IND vs MIN,2026-04-07,Gainbridge Fieldhouse,partner_feed_a,False
L003765,IND sv MIN,4/7/26,Gainbridge Fieldhouse,scraped_feed_b,False
L003766,MIN at IND,2026-04-07,,scraped_feed_c,False
L003767,MINA T IND,"April 7, 2026",,scraped_feed_c,False
L003768,Los Angeles Lakers at Houston Rockets,2026-03-17,Toyota Center (Houston),official_feed,False
L003769,la at hou,2026-03-17,TC,scraped_feed_c,False
L003770,Los Angeles Lakers vs Houston Rockest,"March 17, 2026",,scraped_feed_b,False
L003771,Houston Rockets vs Los Angeles Lakers,2026-03-17,Toyota Center (Houston),partner_feed_a,False
L003772,Indiana Pacers vs Los Angeles Lakers,March 25,Gainbridge Fieldhouse,official_feed,False
L003773,Indiana Pacers vs Los Angeles Lakers,March 25,Gainbridge Fieldhouse,official_feed,False
L003774,Los Angeles Lakers vs Indiana Pacers,3/25/2026,Gainbridge Fieldhouse,official_feed,False
L003775,Los Angeles Lakers vs Indiana Pacers,3/25/26,Gainbridge Fieldhouse,partner_feed_a,False
L003776,WAS sv BKN,2/7/26,Barclays Center,scraped_feed_b,False
L003777,  WASHINGTON  WIZARDS AT BROOKLYN NETS ,2/7/2026,Barclays Center,scraped_feed_c,False
L003778,Washington Wizards vs Brooklyn Nets,February 5,BC,scraped_feed_c,True
L003779,Washington Wizards vs Brooklyn Nets,2/7/2026,Barclays Center,official_feed,False
L003780,Chicago Bulls at Oklahoma City Thunder,"March 28, 2026",Paycom Center,official_feed,False
L003781,Chicago Bulls vs Oklahoma City Thunder,3/28/2026,Paycom Center,official_feed,False
L003782,CHI @ OKC,3/28/2026,Paycom Center,scraped_feed_c,False
L003783,Oklahoma City Thunder vs Chicago Bulls,2026-03-28,,scraped_feed_c,False
L003784,Utah Jazz vs Portland Trail Blazers,"January 6, 2026",Moda Center,partner_feed_a,False
L003785,Utah Jazz vs Portland Trail Blazers,"January 6, 2026",Moda Center,official_feed,False
L003786,Portland Trail Blazers vs Utah Jazz,1/6/26,Rose Garden,partner_feed_a,False
L003787,UTA at POR,1/4/26,,scraped_feed_c,True
L003788,Philadelphia 76ers at Boston Celtics,10/22/25,TD Garden,official_feed,False
L003789,Philadelphia 76ers at Boston Celtics,10/22/25,TD Garden Boston,scraped_feed_b,False
L003790,Philadelphia 76ers at Boston Celtics,"October 22, 2025",TD Garden,official_feed,False
L003791,Philadelphia 76ers vs Boston Celtics,October 22,TD Garden,official_feed,False
L003792,sallas Mavericks v. Washington Wiards,November 9,Capital One Arena,scraped_feed_b,False
L003793,Dallas Mavericks vs Washington Wizards,2025-11-09,Capital One Arena,official_feed,False
L003794,Dallas Mavericks at Wshington Wizards,11/9/2025,COA,scraped_feed_c,False
L003795,Washington Wizards vs Dallas Mavericks,"November 9, 2025",Capital One Arena,official_feed,False
L003796,San Antonio Spurs at LA Clippers,4/3/26,Intuit Dome,scraped_feed_c,False
L003797,San Antonio Spurs vs LA Clippers,April 3,,partner_feed_a,False
L003798,San Antonio Spurs at LA Clippers,2026-04-03,,partner_feed_a,False
L003799,San Antonio Spurs at LA Clippers,"April 3, 2026",Intuit Dome Los Angeles,partner_feed_a,False
L003800,CHICAGO&nbsp;BULLS V INDIANA PACERS,December 6,United Center Chicago,scraped_feed_b,False
L003801,  HvI  vs IND ,"December 6, 2025",United Center,scraped_feed_c,False
L003802,Indiana Pacers at Chicago Bulls,,United Center,scraped_feed_c,False
L003803,IND @ CHI,12/6/2025,,scraped_feed_c,False
L003804,OKC&nbsp;at GSW,12/3/2025,Chase Center Arena,scraped_feed_b,False
L003805,Oklahoma City Thuner vs Golden State Warriors,12/3/2025,Chase Center Arena,scraped_feed_c,False
L003806,Golden State Warriors vs Oklahoma City Thunder,"December 3, 2025",Chase Center,official_feed,False
L003807,Oklahoma City Thunder @ Golden State Warriors,12/3/25,Chase Center,scraped_feed_c,False
L003808,New England Patriots vs Tennessee Titans,10/19/25,Nissan Stadium,official_feed,False
L003809,Tennessee Titans v. New England Patriots,10/19/2025,Nissan Stadium,scraped_feed_b,False
L003810,  New  Englnad Patriots at Tennessee Titans ,10/19/2025,Nissan Stadium,scraped_feed_b,False
L003811,  TEN  vs NE ,October 19,Nissan Stadium,scraped_feed_c,False
L003812,NEW YORK KNICKS VS PHOENIX SUNS,1/18/2026,Madison Square Garden,partner_feed_a,False
L003813,PHXat NYK,1/18/26,,scraped_feed_b,False
L003814,phx vs nyk,1/18/26,MSG,scraped_feed_b,False
L003815,phx vs nyk,1/18/26,MSG,scraped_feed_c,False
L003816,Utah Jazz vs Golden State Warriors,1/4/26,Chase Center,official_feed,False
L003817,UTA VS GSW,1/4/26,Chase Center Arena,partner_feed_a,False
L003818,uta at gsw,1/4/26,Chase Center,scraped_feed_c,False
L003819,Utah Jazz at Golden State Warriors,"January 4, 2026",Chase Center,scraped_feed_b,False
L003820,SAS ar oHX,November 23,Mortgage Matchup Center,scraped_feed_c,True
L003821,  Phoenix  Suns vs San Antonio Spurs ,11/24/25,Mortgage Matchup Center,scraped_feed_b,False
L003822,SAS vs PHX,11/24/25,Mortgage Matchup Center,partner_feed_a,False
L003823,Phoenix Suns vs San Antonio Spurs,11/24/25,Mortgage Matchup Center,partner_feed_a,False
L003824,PHX at BOS,2026-03-16,,scraped_feed_c,False
L003825,PHX vs BOS,March 16,Fleet Center,scraped_feed_b,False
L003826,phx vs bos,3/16/26,Fleet Center,partner_feed_a,False
L003827,Phoenix Suns at Boston Celtics,"March 16, 2026",TD Garden,official_feed,False
L003828,Charlotte Hornets vs Oklahoma City Thunder,October 10,,scraped_feed_c,False
L003829,Charlotte Hornets at Oklahom qCity Thunder,"October 10, 2025",Chesapeake Energy Arena,scraped_feed_b,False
L003830,Charlotte Hornets vs Oklahoma City Thunder,2025-10-10,Paycom Center,partner_feed_a,False
L003831,Charlotte Hornets at Oklahoma City Thunder,"October 10, 2025",Paycom Center,official_feed,False
L003832,Tennessee Titans at Cleveland Browns,12/7/2025,Huntington Bank Field,official_feed,False
L003833,Tennessee Titans vs Cleveland Browns,"December 7, 2025",CBS,scraped_feed_c,False
L003834,CLE vs TEN,December 7,,partner_feed_a,False
L003835,Tennessee Titans at Cleveland Browns,"December 7, 2025",Huntington Bank Field,official_feed,False
L003836,Tampa Bay Buccaneers s Detroit Lions,10/20/25,,scraped_feed_b,False
L003837,Detroit Lions vs Tampa Bay Buccaneers,"October 20, 2025",Ford Field,official_feed,False
L003838,T at DET,10/20/2025,Ford Field,scraped_feed_b,False
L003839,Tampa Bay Buccaneers at Detroit Lions,2025-10-20,Ford Field,official_feed,False
L003840,  mil  v. det ,"April 8, 2026",Little Caesars Arena,scraped_feed_c,False
L003841,Milwaukee Bucks @ Detroit Pistons,4/8/2026,LCA,scraped_feed_b,False
L003842,MIL vs DET,"April 8, 2026",Little Caesars Arena,scraped_feed_b,False
L003843,MILWAUKEE BUCKS AT DETROIT PISTONS,4/8/26,Little Caesars Arena,partner_feed_a,False
L003844,Denver Nuggets vs Minnesota Timberwolves,4/18/2026,Ball Arena,scraped_feed_c,False
L003845,  Minnesota  Tinberwolves vs Debver Nuggets ,2026-04-18,PC,scraped_feed_b,False
L003846,Minnesota Timberwolves at Denver Nuggets,"April 18, 2026",,scraped_feed_c,False
L003847,Denver Nuggets vs Minnesota Timberwolves,2026-04-18,Ball Arena,official_feed,False
L003848,Utah Jazz vs Atlanta Hawks,February 6,State Farm Arena,partner_feed_a,False
L003849,Atlanta Hawks vs Utah Jazz,2/6/26,State Farm Arena,official_feed,False
L003850,UA vs ATk,2026-02-04,,scraped_feed_b,True
L003851,Utah Jazz at Atlanta Hawks,2/6/2026,State Farm Arena,official_feed,False
L003852,ORLANDO&nbsp;MAGIC VS CHARLOTTE HORNETS,4/17/26,Amway Center,scraped_feed_c,False
L003853,Charlotte Hornets vs Orlando Magic,"April 17, 2026",Kia Center,official_feed,False
L003854,Charlotte Hornets vs Orlando Magic,2026-04-17,Kia Center,official_feed,False
L003855,ORL vs CHA,April 18,,scraped_feed_b,True
L003856,Denver Nuggets vs Minnesota Timberwolves,3/1/26,Ball Arena,official_feed,False
L003857,MIN vs DEN,3/1/26,Pepsi Center,partner_feed_a,False
L003858,MIN vs DEN,3/1/2026,Ball Arena Denver,partner_feed_a,False
L003859,Minnesota Timberwolves at Denver Nuggets,3/1/2026,Ball Arena,official_feed,False
L003860,Indianapolis Colts at Seattle Seahawks,12/14/2025,Lumen Field,official_feed,False
L003861,  Indianapolis  Colts at Seattle Seahawks ,December 14,Lumen Field,scraped_feed_b,False
L003862,SAE v IND,12/14/25,CenturyLink Field,scraped_feed_c,False
L003863,  SEA  VS IND ,"December 12, 2025",Lumen Field,scraped_feed_b,True
L003864,Miami Dolphins vs Los Angeles Chargers,10/12/25,Hard Rock Stadium,partner_feed_a,False
L003865,Los Angeles Chargers at Miami Dolphins,10/12/2025,Hard Rock Stadium,official_feed,False
L003866,LAC vs MIA,October 12,Hard Rock Stadium,partner_feed_a,False
L003867,Los Angeles Chargers v. Miami Dolpgins,2025-10-12,Sun Life Stadium,scraped_feed_b,False
L003868,Oklahoma City Thunder vs Utah Jazz,1/7/26,,scraped_feed_b,True
L003869,Utah Jazz vs Oklahoma City Thunder,2026-01-08,Paycom Center,official_feed,False
L003870,  OKC  sv UTA ,1/8/2026,Paycom Center,scraped_feed_c,False
L003871,  OKC  vs UTA ,1/8/26,Paycom Center,scraped_feed_b,False
L003872,  MEM  vs PHX ,1/8/2026,F,scraped_feed_c,False
L003873,MEM vs PHX,January 8,FedExForum,partner_feed_a,False
L003874,MEM VS PG,2026-01-08,FedEx Forum,scraped_feed_c,False
L003875,MEM vs PHX,January 8,FedEx Forum,scraped_feed_c,False
L003876,Los Angeles Lakers @ Houston Rockets,April 25,TC,scraped_feed_c,False
L003877,  Houston  Rockets vs Los Anheles Lakers ,April 25,Toyota Center (Houston),scraped_feed_b,False
L003878,LAL vs HOU,4/25/26,TC,scraped_feed_b,False
L003879,  ll  @ hou ,"April 25, 2026",Toyota Center (Houston),scraped_feed_c,False
L003880,Houston Rockets vs Utah Jazz,"December 2, 2025",Delta Center,official_feed,False
L003881,  HOUSTON  ROCKETS AT UTAH JAZZ ,"December 2, 2025",DC,scraped_feed_c,False
L003882,  Uyah  Jazz v. Houston Rockets ,11/30/2025,EnergySolutions Arena,scraped_feed_c,True
L003883,Houston Rockets at Utah Jazz,12/2/25,Delta Center,official_feed,False
L003884,MIA vs CHI,"January 30, 2026",United Center Chicago,partner_feed_a,False
L003885,Miami Heat at Chicago Bulls,"January 30, 2026",,scraped_feed_c,False
L003886,Chicago Bulls vs Miami Heat,1/30/2026,United Center,scraped_feed_b,False
L003887,CHICAGO BULLS VS MIAMI HEAT,1/30/2026,UCC,scraped_feed_c,False
L003888,Baltimore Ravens vs Kansas City Chiefs,9/28/25,Arrowhead Stadium,official_feed,False
L003889,BALTIMORE RAVNES VS KANSAS CITY CHIEFS,2025-09-28,Arrowhead Stadium,scraped_feed_b,False
L003890,bal vs kc,2025-09-28,AS,scraped_feed_c,False
L003891,lC va BAL,9/28/25,Arrowhead Stadium,scraped_feed_c,False
L003892,San Antonio Spurs vs Chicago Bulls,3/29/26,,scraped_feed_c,True
L003893,CHI vs AS,,Frost Bank Center,scraped_feed_b,False
L003894,CHI vs SAS,3/31/2026,AT&T Center,scraped_feed_c,False
L003895,Chicago Bulls at San Antonio Spurs,3/31/2026,Frost Bank Center,partner_feed_a,False
L003896,Seattle Seahawks at Atlanta Falcons,"December 7, 2025",Mercedes-Benz Stadium,official_feed,False
L003897,atlanta falcons vs seattle seahawks,,,scraped_feed_b,False
L003898,Seattle Seahawks at Atlanta Falcons,12/7/25,Mercedes-Benz Stadium,official_feed,False
L003899,ATLANTA FALCONS VS SEATTLE SEAHAWKS,12/7/25,Mercedes-Benz Stadium,partner_feed_a,False
L003900,New York Knicks vs Cleveland Cavaliers,May 22,Madison Square Garden,partner_feed_a,False
L003901,Cleveland Cavaliers at New York Knicks,5/22/26,Madison Square Garden,official_feed,False
L003902,CLEVELAND CAVALIERS AT NEW YORK KNICKS,May 22,Madison Square Garden,partner_feed_a,False
L003903,  Cleveland  Cavaliers @ New York Knicks ,,,scraped_feed_c,False
L003904,  HCA  VS POR ,"March 2, 2026",,scraped_feed_c,True
L003905,  PORTLAND  TRAIL BLAZERS AT CHARLOTTE HORNETS ,2026-03-01,Spectrum Center,scraped_feed_b,True
L003906,  Portland  Trail Bslzers @ Charlotte Hornets ,2026-02-27,,scraped_feed_b,True
L003907,Portland Trail Blazers at Charlotte Hornets,2026-02-28,Spectrum Center,official_feed,False
L003908,  atl  at cl ,,Rocket Arena,scraped_feed_c,False
L003909,CLEVELAND CAVALIERS VS ATLANTA HAWKS,4/8/2026,Rocket Arena Cleveland,partner_feed_a,False
L003910,Atlanta Hawks v. Cleveland Cavaliers,"April 8, 2026",Rocket Arena Cleveland,scraped_feed_b,False
L003911,  Cleveland  Cavaliers v. Atlanta Hawks ,2026-04-07,Rocket Arena,scraped_feed_c,True
L003912,ATL vs NYK,2026-04-25,State Farm Arena Atlanta,partner_feed_a,False
L003913,NYK at ATL,"April 25, 2026",State Farm Arena,partner_feed_a,False
L003914,New York Knicks vs Atlanta Hawks,4/25/2026,State Farm Arena,official_feed,False
L003915,New YorkKnicks vs stlanta Hawks,4/23/26,SFA,scraped_feed_c,True
L003916,PHI vs CLE,1/17/26,XMA,scraped_feed_c,False
L003917,Philadelphia 76ers vs Cleveland Cavaliers,January 17,Xfinity Mobile Arena,official_feed,False
L003918,PH v. CLE,,Xfinity Mobile Arena,scraped_feed_c,False
L003919,  Cleveland  Cavaliers at Phladelphia 76ers ,January 19,Xfinity Mobile Arena,scraped_feed_b,True
L003920,Green Bay Packers at Minnesota Vikings,January 4,U.S. Bank Stadium,official_feed,False
L003921,MIN vs GB,1/4/2026,U.S. Bank Stadium,partner_feed_a,False
L003922,Green Bay Packers @ Minnesota Vikings,"January 4, 2026",US Bank Stadium,scraped_feed_c,False
L003923,GB at MIN,January 4,,partner_feed_a,False
L003924,Houston Rockets at Toronto Raptors,2025-10-29,Scotiabank Arena,partner_feed_a,False
L003925,Huston Rockets at Toronto Raptors,2025-10-29,Scotiabank Arena Toronto,scraped_feed_c,False
L003926,Houston Rockets at Toronto Raptors,"October 29, 2025",Scotiabank Arena,official_feed,False
L003927,HOU vs TOR,"October 29, 2025",Scotiabank Arena,partner_feed_a,False
L003928,DEN at LA Clippers,"November 13, 2025",Intuit Dome,partner_feed_a,False
L003929,DEN vs LA Clippers,November 13,Intuit Dome,partner_feed_a,False
L003930,Denver Nuggets at LA Clippers,11/13/2025,Intuit Dome,partner_feed_a,False
L003931,denver nuggets v. la clippers,November 13,,scraped_feed_c,False
L003932,Dallas Mavericks vs Detroit Pistons,November 2,Arena CDMX,official_feed,False
L003933,Dallas Mavericks at Detroit Pistons,2025-11-02,Arena CDMX,official_feed,False
L003934,Dallas Mavericks at Detroit Pistons,11/2/25,Arena CDMX,partner_feed_a,False
L003935,  DALLAS  MAVEEICLS AT DETROIT PISTONS ,2025-11-02,Arena CDMX,scraped_feed_c,False
L003936,SC A TGSW,January 10,Chase Center,scraped_feed_c,False
L003937,sac tg sw,,Chase Center,scraped_feed_b,False
L003938,Sacramento Kings at Golden State Warriors,January 10,Chase Center Arena,scraped_feed_c,False
L003939,  sacramento  kings vs golden state warriors ,January 10,CC,scraped_feed_b,False
L003940,OBS bs MEM,"October 9, 2025",FF,scraped_feed_b,False
L003941,MEM VS BOS,2025-10-09,FedExForum,partner_feed_a,False
L003942,BOS vs MEM,October 9,FedEx Forum,partner_feed_a,False
L003943,  BOS  at MEM ,October 9,FedEx Forum,scraped_feed_c,False
L003944,  Minnesota  Viikngs cs Detroit Lions ,2025-12-25,U.S. Bank Stadium,scraped_feed_b,False
L003945,Detroit Lions vs Minnesota Vikings,12/25/25,U.S. Bank Stadium,official_feed,False
L003946,Minnesota Vikings vs Detroit Lions,12/25/2025,U.S. Bank Stadium,partner_feed_a,False
L003947,detroit lions vs minnesota vikings,12/25/2025,U.S. Bank Stadium,partner_feed_a,False
L003948,washington wizards at cleveland cavaliers,April 12,Rocket Arena,scraped_feed_b,False
L003949,Washington Wizards at Cleveland Cavaliers,4/12/2026,Rocket Arena,official_feed,False
L003950,  washington  wizards vd cleveland cavaliers ,4/12/2026,Rocket Arena,scraped_feed_b,False
L003951,cle vs was,4/12/2026,,partner_feed_a,False
L003952,SAC at MIN,2025-11-15,Target Center Minneapolis,scraped_feed_b,False
L003953,SACRAMENTO KINGS BS MINNESOTS TIMBERWOLVES,"November 15, 2025",Target Center,scraped_feed_c,False
L003954,sac v. min,11/15/25,Target Center Minneapolis,scraped_feed_c,False
L003955,  nI  v. SAC ,November 15,,scraped_feed_c,False
L003956,phi at nyg,October 10,MetLife,scraped_feed_b,False
L003957,New York Giants vs Philadelphia Eagles,October 10,MetLife Stadium,scraped_feed_b,False
L003958,NYG vs PHI,10/10/25,MetLife,partner_feed_a,False
L003959,NYG vs PHI,10/10/25,MetLife Stadium,scraped_feed_c,False
L003960,Utah Jazz vs San Antonio Spurs,,,scraped_feed_c,False
L003961,UTAH JAZZ VS SAN ANTONOI SPURS,2025-10-11,Frost Bank Center,scraped_feed_b,False
L003962,UTA at SAS,2025-10-11,AT&T Center,scraped_feed_c,False
L003963,San Antonio Spurs vs Utah Jazz,10/11/25,Frost Bank Center,official_feed,False
L003964,LA&nbsp;Clippers @ UTA,"January 28, 2026",Delta Center,scraped_feed_c,False
L003965,  Utah  kazz v. kA Clippers ,2026-01-28,Delta Center,scraped_feed_b,False
L003966,LA Clippers vs Utah Jazz,1/28/2026,Delta Center,official_feed,False
L003967,Utah Jazz vs LA Clippers,January 28,Delta Center,official_feed,False
L003968,LA Clippers vs Denver Nuggets,2025-10-13,Intuit Dome,official_feed,False
L003969,Denver Nuggets v. LA Clippers,10/13/25,Intuit Dome Los Angeles,scraped_feed_b,False
L003970,DEN at LA Clippers,10/13/2025,Intuit Dome,scraped_feed_c,False
L003971,DENVERN UGGETS VS LA CLIPPERS,2025-10-13,,scraped_feed_b,False
L003972,  POR  bs GSW ,1/14/2026,Chase Center Arena,scraped_feed_b,False
L003973,Golden State Warriors v. Portland Trail Blazers,1/14/2026,Chase Center Arena,scraped_feed_c,False
L003974,Portland Trail Blazers vs Golden State Warriors,"January 14, 2026",Chase Center,official_feed,False
L003975,Portland Trail Blazers vs Golden State Warriors,2026-01-14,Chase Center,official_feed,False
L003976,Portland Trail Blazers vs Atlanta Hawks,2026-03-01,State Farm Arena,official_feed,False
L003977,Portland Trail Blazers vs Atlanta Hawks,March 1,State Farm Arena,partner_feed_a,False
L003978,Portland Trail Blazers vs Atlanta Hawks,3/1/26,Philips Arena,partner_feed_a,False
L003979,Atlanta Hawks vs Portland Trail Blazers,March 1,State Farm Arena,official_feed,False
L003980,BOS at PHI,5/1/2026,Xfinity Mobile Arena,partner_feed_a,False
L003981,PHIv&nbsp;s BOS,5/1/2026,Xfinity Mobile Arena,scraped_feed_c,False
L003982,Boston Celtics vs Philadelphia 76ers,5/1/2026,Xfinity Mobile Arena,partner_feed_a,False
L003983,Philadelphia 76ers vs Boston Celtics,5/3/2026,Xfinity Mobile Arena,scraped_feed_b,True
L003984,Sacramento Kings vs Los Angeles Lakers,October 18,crypto.com Arena,scraped_feed_b,False
L003985,LAL vs SAC,2025-10-18,crypto.com Arena,partner_feed_a,False
L003986,SAC vs LAL,2025-10-18,A,scraped_feed_b,False
L003987,los angeles lakers vs sacramento kings,October 18,crypto.com Arena,scraped_feed_c,False
L003988,SAS vs OKC,1/14/2026,Chesapeake Energy Arena,partner_feed_a,False
L003989,OKLAHOMA CITY THUNDER VS SAN ANTONIO SURS,1/14/26,PC,scraped_feed_c,False
L003990,San Antonio Spurs vs Oklahoma City Thunder,January 14,,scraped_feed_c,False
L003991,SAS at OKC,1/14/26,Paycom Center,partner_feed_a,False
L003992,PHX at CHI,April 5,UCC,scraped_feed_c,False
L003993,Phoenix Suns at Chicago Bulls,4/5/2026,United Center Chicago,partner_feed_a,False
L003994,  PHX  vCsHI ,4/5/26,United Center Chicago,scraped_feed_b,False
L003995,hoenix Suns at Chciago Bulls,"April 5, 2026",UC,scraped_feed_c,False
L003996,Milwaukee Bucks v. Brooklyn Nets,2025-11-30,Fiserv Forum,scraped_feed_b,False
L003997,milwaukee bucks vs brooklyn nts,11/29/2025,Fiserv Forum Milwaukee,scraped_feed_b,True
L003998,  brooklyn  nets @ milwaukee buck ,,Fiserv Forum,scraped_feed_b,False
L003999,brooklyn nets at milwaukee bucks,11/30/2025,Bradley Center,scraped_feed_b,False
L004000,  DET  vs SAS ,3/6/26,,scraped_feed_c,False
L004001,DET VS SAS,"March 6, 2026",AT&T Center,scraped_feed_c,False
L004002,Detroit Pistons at San Antonio Spurs,3/6/26,Frost Bank Center,official_feed,False
L004003,Detroit Pistons vs San Antonio Spurs,2026-03-06,Frost Bank Center,scraped_feed_c,False
L004004,LSO ANGELES LAKERS AT PHOENIX SUNS,2025-10-15,Mortgage Matchup Center,scraped_feed_b,False
L004005,  lal  v phx ,"October 14, 2025",Mortgage Matchup Center,scraped_feed_c,True
L004006,  Los  Angeles Lakers v. Phoenix Suns ,October 15,Mortgage Matchup Center,scraped_feed_c,False
L004007,Los Angeles Lakers at Phoenix Suns,10/15/25,Mortgage Matchup Center,partner_feed_a,False
L004008,Seattle Seahawks at Tennessee Titans,"November 23, 2025",Nissan Stadium,scraped_feed_c,False
L004009,Seattle Seahawks at Tennessee Titans,2025-11-23,Nissan Stadium,official_feed,False
L004010,SEA AT TEN,11/23/2025,,partner_feed_a,False
L004011,Seattle Seahawks @ Tennessee Titans,"November 23, 2025",LP Field,scraped_feed_b,False
L004012,NYK vs SAC,January 28,Madison Square Garden,partner_feed_a,False
L004013,Sacramento Kings vs New York Knicks,January 28,,partner_feed_a,False
L004014,Sacramento Kings vs New York Knicks,2026-01-28,Madison Square Garden,official_feed,False
L004015,New York Knicks vs Sacramento Kings,1/28/2026,Madison Square Garden Arena,partner_feed_a,False
L004016,Memphis Grizzlies vs Milwaukee Bucks,"April 5, 2026",Fiserv Forum,official_feed,False
L004017,MIL vs MEM,April 5,,scraped_feed_c,False
L004018,MEM vs MIL,4/5/2026,Fiserv Forum Milwaukee,partner_feed_a,False
L004019,MEM at MIL,April 5,Bradley Center,partner_feed_a,False
L004020,New York Knicks at Brooklyn Nets,3/20/2026,Barclays Center,official_feed,False
L004021,new york knicks vs brooklyn nets,,Barclays Center,scraped_feed_b,False
L004022,YK vs BKN,2026-03-20,Barclays Center,scraped_feed_c,False
L004023,BKN vs NYK,3/20/2026,Barclays Center,partner_feed_a,False
L004024,SqC v. PHX,2025-10-22,Mortgage Matchup Center,scraped_feed_c,True
L004025,SAC at PHX,,Mortgage Matchup Center,scraped_feed_c,False
L004026,SAC vs PHX,2025-10-23,,scraped_feed_b,False
L004027,SAC at PHX,10/23/25,Mortgage Matchup Center,scraped_feed_b,False
L004028,Atlanta Hawks v. Charlotte Hornets,2026-02-08,State Farm Arena,scraped_feed_b,False
L004029,CH Aay ATL,"February 8, 2026",Philips Arena,scraped_feed_b,False
L004030,Charlotte Hornets at Atlanta Hawks,February 8,State Farm Arena,official_feed,False
L004031,Atlanta Hawks vs Charlotte Hornets,February 8,State Farm Arena,official_feed,False
L004032,Oklahoma City Thunder vs Charlotte Hornets,,Spectrum Center,scraped_feed_c,False
L004033,HCAv s OKC,,Spectrum Center,scraped_feed_b,False
L004034,Oklahoma City Thunder vs Charlotte Hornets,"November 16, 2025",Spectrum Center,official_feed,False
L004035,Charlotte Horners vs Oklahoma City Thudner,,Time Warner Cable Arena,scraped_feed_c,False
L004036,Dallas Mavericks @ LA Clippers,4/8/2026,Intuit Dome Los Angeles,scraped_feed_b,False
L004037,Dallas Mavericks vs LA Clippers,April 8,Intuit Dome,official_feed,False
L004038,Dallas Mavericks vs LA Clippers,2026-04-08,Intuit Dome,official_feed,False
L004039,LA Clippers vs Dallas Mavericks,2026-04-08,Intuit Dome,scraped_feed_b,False
L004040,sacramento kings v. charlotteh ornets,March 10,Golden 1 Center,scraped_feed_b,True
L004041,Sacramento Kings vs Charlotte Hornets,March 12,Golden 1 Center,official_feed,False
L004042,sac sv cha,3/12/2026,,scraped_feed_c,False
L004043,Sacramento Kings vs Charlotte Hornets,3/12/26,Golden 1 Center,official_feed,False
L004044,new orlaens pelicans vs utah jazz,March 1,,scraped_feed_c,False
L004045,UTA vs NOP,"March 1, 2026",Delta Center,partner_feed_a,False
L004046,&nbsp; New  Orleans Pelicans @ Utah Jazz ,"February 28, 2026",DC,scraped_feed_c,True
L004047,UTA vsNOP,3/1/2026,Delta Center,scraped_feed_b,False
L004048,DETRIT PISTONS VS DENVRE NUGGETS,2026-01-28,Ball Arena,scraped_feed_c,False
L004049,Denver Nuggets vs Detroit Pistons,1/28/2026,Ball Arena,official_feed,False
L004050,Detroit Pistons vs Denver Nuggets,1/28/2026,Ball Arena,official_feed,False
L004051,Denver Nuggets vs Detroit Pistons,1/28/2026,Ball Arena,official_feed,False
L004052,hou at cle,11/20/25,Rocket Arena,partner_feed_a,False
L004053,Cleveland Cavaliers vs Houston Rockets,"November 20, 2025",The Q,partner_feed_a,False
L004054,Houston Rockets at Cleveland Cavaliers,November 20,Rocket Arena,official_feed,False
L004055,HOUSTON ROCKETS AT CLEVELAND CAVALIERS,11/20/25,Quicken Loans Arena,scraped_feed_b,False
L004056,NE vs NYJ,"November 14, 2025",Gillette,partner_feed_a,False
L004057,New&nbsp;York ets @ New England Patriots,11/16/25,GS,scraped_feed_b,True
L004058,NEW ENGLAND PARRIOTS VS NEW YORK JETS,November 14,,scraped_feed_c,False
L004059,new york jets at new emgland patriots,November 14,Gillette Stadium,scraped_feed_b,False
L004060,Brooklyn Nets at Philadelphia 76ers,March 14,Xfinity Mobile Arena,scraped_feed_b,False
L004061,Brooklyn Nets at Philadelphia 76ers,March 14,,partner_feed_a,False
L004062,PHI v BK,3/14/26,Xfinity Mobile Arena,scraped_feed_b,False
L004063,philadelphia 76ers vsb rooklyn nets,March 14,XMA,scraped_feed_c,False
L004064,nyg at dal,September 14,AT&T Stadium,partner_feed_a,False
L004065,NEW YORK GIANTS AT DALLAS COWBOYS,9/14/2025,AT&T Stadium,partner_feed_a,False
L004066,DAL vs NYG,9/14/25,AS,scraped_feed_c,False
L004067,New York Giants at Dallas Cowboys,9/14/25,AT&T Stadium,official_feed,False
L004068,Charlotte Hornets vs Chicago Bulls,2025-11-29,Spectrum Center,scraped_feed_b,False
L004069,Chicago Bulls vs Charlotte Hornets,November 29,Spectrum Center,partner_feed_a,False
L004070,Chicago Bulls at Charlotte Hornets,2025-11-29,Spectrum Center,official_feed,False
L004071,Charlotte Hornets vs Chicago Bulls,"November 29, 2025",Spectrum Center,official_feed,False
L004072,Las Vegas Raiders v. Cleveland Browns,,Allegiant Stadium,scraped_feed_c,False
L004073,CLE at LV,2025-11-23,Allegiant Stadium Las Vegas,partner_feed_a,False
L004074,xL at LV,2025-11-23,,scraped_feed_c,False
L004075,Las Vegas Raiders vs Cleveland Browns,"November 23, 2025",Allegiant Stadium,official_feed,False
L004076,San Antonio Spurs vs Washington Wizards,2025-12-19,Frost Bank Center,official_feed,False
L004077,SAN ANTONIO SPURS VS WASHINGTON WIZARDS,12/19/2025,,partner_feed_a,False
L004078,San Antonio Spurs vs Washington Wizards,2025-12-19,Frost Bank Center,official_feed,False
L004079,Washington Wizards vs San Antonio Spurs,"December 19, 2025",Frost Bank Center,official_feed,False
L004080,Indiana Pacers v. Golden Stat Wariors,11/10/25,CC,scraped_feed_b,False
L004081,IND VS GSW,"November 10, 2025",Chase Center Arena,partner_feed_a,False
L004082,Indiana Pscers v. Golden State qarriors,November 10,Chase Center,scraped_feed_b,False
L004083,Indiana Pacers vs Golden State Warriors,11/10/2025,Chase Center,official_feed,False
L004084,new york knicks vs chslrotte hornets,11/27/2025,Time Warner Cable Arena,scraped_feed_b,False
L004085,CHARLOTTE HORNETS VS NEW YORK KNICKS,November 27,SC,scraped_feed_c,False
L004086,nyk at cha,,SC,scraped_feed_c,False
L004087,New York Knicks at Charlotte Hornets,,Spectrum Center,scraped_feed_c,True
L004088,Minnesota Timberwolves at Denver Nuggets,4/28/26,Ball Arena,official_feed,False
L004089,Minnesota Timberwolves at Denver Nuggets,"April 28, 2026",Pepsi Center,scraped_feed_b,False
L004090,DEN v. MIN,April 28,Ball Arena,scraped_feed_b,False
L004091,Minnesot Timberwolvse @ Denver Nuggets,4/28/26,,scraped_feed_c,False
L004092,ATL va NYK,12/28/2025,Philips Arena,scraped_feed_b,False
L004093,New&nbsp;York Knicks at Atlanta Hawks,2025-12-28,State Farm Arena,scraped_feed_c,False
L004094,  NYK  VS ATL ,2025-12-28,State Farm Arena,scraped_feed_c,False
L004095,Ay Lvs NYK,,State Farm Arena Atlanta,scraped_feed_c,False
L004096,San Francisco 49ers vs Atlanta Falcons,2025-10-20,Levi's Stadium,partner_feed_a,False
L004097,San Francisco 49ers vs Atlanta Falcons,October 20,Levi's Stadium,official_feed,False
L004098,SF cs TL,"October 20, 2025",Levi's Stadium,scraped_feed_b,False
L004099,Atlanta Falcons at San Francisco 49ers,10/20/2025,Levi's Stadium,partner_feed_a,False
L004100,Milwaukee Bucks vs Washington Wizards,2025-12-02,Capital One Arena,official_feed,False
L004101,Milwaukee Bucks vs Washington Wizards,"December 2, 2025",Capital One Arena,partner_feed_a,False
L004102,milwaukee bucks at washington wizards,2025-12-02,Capital One Arena,partner_feed_a,False
L004103,WAS VS MLI,December 2,Capital One Arena,scraped_feed_c,False
L004104,gsw @ nop,February 25,Smoothie King Center,scraped_feed_c,False
L004105,NEW ORLEANS PELICANS VS GOLDEN STATE WARRIORS,2/25/26,,partner_feed_a,False
L004106,Golden State Warriors vs New Oleans Pelicans,February 25,Smoothie King Center,scraped_feed_b,False
L004107,gsw vs nop,2/25/2026,Smoothie King Center,partner_feed_a,False
L004108,Denver Nuggets vs Chicago Bulls,11/18/2025,Ball Arena,official_feed,False
L004109,denver nuggets vs chicago bulls,"November 18, 2025",Ball Arena,scraped_feed_b,False
L004110,&nbsp; DEN  v. CHI ,2025-11-18,Ball Arena,scraped_feed_c,False
L004111,DEN vs CHI,November 18,Ball Arena Denver,partner_feed_a,False
L004112,DrNvs LV,11/7/2025,,scraped_feed_c,False
L004113,Las Vegas Raiders at Denver Broncos,2025-11-07,Empower Field at Mile High,official_feed,False
L004114,Las Vegas Raiders vs Denver Broncos,November 7,Empower Field at Mile High,official_feed,False
L004115,Las Vegas Raiders v. Denver Broncos,,EFMH,scraped_feed_c,False
L004116,Denver Ngugets vs Sacramento Kings,November 4,,scraped_feed_b,False
L004117,Sacramento Kings at Denver Nuggets,"November 4, 2025",Ball Arena,official_feed,False
L004118,sacramneto kings at denver nuggets,"November 3, 2025",,scraped_feed_b,True
L004119,SAC at EDN,"November 4, 2025",Pepsi Center,scraped_feed_c,False
L004120,New Orleans Pelicans vs Washington Wizards,"March 8, 2026",Smoothie King Center,official_feed,False
L004121,Washington Wizards vs New Orleans Pelicans,3/8/26,Smoothie King Center,scraped_feed_b,False
L004122,Washington Wizards at New Orleans Pelicans,3/8/2026,Smoothie King Center,official_feed,False
L004123,WAS at NOP,3/8/2026,Smoothie King Center,partner_feed_a,False
L004124,Brooklyn Nets @ Detroit Pistons,2/1/2026,,scraped_feed_b,False
L004125,Brpoklyn ets vs Detroit Pistons,,Little Caesars Arena Detroit,scraped_feed_c,False
L004126,Brooklyn Nets vs Detroit Pistons,2/1/26,Little Caesars Arena,official_feed,False
L004127,  BKN  vs DET ,2026-02-01,,scraped_feed_c,False
L004128,Toronto Raptors vs Boston Celtics,10/15/2025,TD Garden,official_feed,False
L004129,tor at bos,10/15/2025,TD Garden,partner_feed_a,False
L004130,  tor  vs bos ,10/15/25,TD Garden,scraped_feed_c,False
L004131,TOR vs BOS,October 15,TD Garden,scraped_feed_b,False
L004132,UTA VS HOU,"April 4, 2026",Toyota Center (Houston),scraped_feed_b,False
L004133,Utah&nbsp;Jazz vs Houston Rockets,"April 4, 2026",,scraped_feed_c,False
L004134,  HOU  vs UTA ,4/4/26,Toyota Center (Houston),scraped_feed_b,False
L004135,HOUvs UTA,April 4,Toyota Center (Houston),scraped_feed_b,False
L004136,WAS v. ATL,"February 27, 2026",SFAA,scraped_feed_c,False
L004137,qAS ar ATL,February 27,State Farm Arena,scraped_feed_c,False
L004138,WAS VS ATL,"February 27, 2026",,partner_feed_a,False
L004139,Washington Wizards vs Atlanta Hawks,2/27/2026,,partner_feed_a,False
L004140,Tampa Bay Buccaneers vs Philadelphia Eagles,"September 28, 2025",Raymond James Stadium,scraped_feed_c,False
L004141,Tampa Bay Buccaneers vs Philadelphia Eagles,September 28,Raymond James Stadium,official_feed,False
L004142,philadelphia eagles @ tampa bay buccaneers,September 28,Raymond James Stadium,scraped_feed_c,False
L004143,Tampa Bay Buccaneers vs Philadelphia Eagles,9/28/2025,Raymond James Stadium,official_feed,False
L004144,Portland Trail Blazers vs Phoeinx Suns,2/4/2026,Moda Center,scraped_feed_b,False
L004145,PHX v. POR,February 4,Moda Center,scraped_feed_c,False
L004146,Phoenx Suns vs Portland Trail Blazers,2026-02-04,,scraped_feed_c,False
L004147,POR vs PHX,2/4/2026,Moda Center,scraped_feed_b,False
L004148,OU va MIN,1/17/2026,Toyota Center (Houston),scraped_feed_b,False
L004149,Houdton Rockets v. Minnesota Tmberwolves,January 18,Toyota Center (Houston),scraped_feed_b,True
L004150,MIN vsgOU,1/17/26,,scraped_feed_c,False
L004151,MIN v. HOU,January 17,Toyota Center (Houston),scraped_feed_b,False
L004152,Denver Nuggets vs LA Clippers,2026-01-31,Ball Arena,official_feed,False
L004153,la clippers v. denver nuggeys,1/31/26,Ball Arena Denver,scraped_feed_b,False
L004154,LA Clippers at DEN,"January 31, 2026",Pepsi Center,partner_feed_a,False
L004155,LA Clippers at Denver Nuggets,"January 31, 2026",Ball Arena,official_feed,False
L004156,WAS v. DET,"October 16, 2025",Little Caesars Arena Detroit,scraped_feed_b,False
L004157,Detroit Pistons v. Washington Wizards,,Little Caesars Arena,scraped_feed_b,False
L004158,DETROT PISTONS VS WASHNGTON WIZARDS,"October 16, 2025",Little Caesars Arena,scraped_feed_b,False
L004159,WAS&nbsp;@ DET,October 16,Little Caesars Arena,scraped_feed_c,False
L004160,Philadelphia 76ers vs New York Knicks,"May 5, 2026",Madison Square Garden,official_feed,False
L004161,New York Knicks vs Philadelphia 76ers,5/5/2026,Madison Square Garden,official_feed,False
L004162,  New  York Knicks v. Philadelpiha 76ers ,2026-05-05,The Garden,scraped_feed_c,False
L004163,Philadelphia 76ers at New York Kniks,May 5,,scraped_feed_c,False
L004164,Milwaukee Bucks at Oklahoma City Thunder,February 13,Paycom Center,partner_feed_a,False
L004165,Milwaukee&nbsp;Bucks at Oklahoma City Thunder,2/13/26,Paycom Center,scraped_feed_b,False
L004166,MIL AT OKC,2/13/26,PC,scraped_feed_c,False
L004167,Milwaukee Bucks vs Oklahoma City Thunder,2/13/26,Paycom Center,official_feed,False
L004168,Sacramento Kings @ LA Clippers,12/31/2025,Intuit Dome,scraped_feed_b,False
L004169,LA Clippers vs Sacramento Kings,December 31,Intuit Dome,official_feed,False
L004170,Sacramento Kings at LA Clippers,2025-12-31,Intuit Dome,official_feed,False
L004171,SAC at LA Clippers,December 31,Intuit Dome,partner_feed_a,False
L004172,New Orleans Saints vs Los Angeles Rams,11/2/2025,SoFi Stadium,scraped_feed_c,False
L004173,New Orleans Saints vs Los Angeles Rams,11/2/2025,SoFi Stadium Los Angeles,scraped_feed_c,False
L004174,O a LAR,11/2/25,,scraped_feed_c,False
L004175,NO at LAR,November 2,,partner_feed_a,False
L004176,PHX vs SAC,"March 4, 2026",Golden 1 Center Sacramento,partner_feed_a,False
L004177,  Phoenix  Suns at Sacramento Kings ,3/4/2026,Golden 1 Center,scraped_feed_c,False
L004178,Phoenix Suns at Sacramento Kings,2026-03-04,Golden 1 Center,scraped_feed_c,False
L004179,SAC sv PHX,2026-03-04,Golden 1 Center,scraped_feed_c,False
L004180,Carolina Panthers vs Tampa Bay Buccaneers,12/21/2025,Bank of America Stadium,official_feed,False
L004181,Tampa Bay Buccaneers at Carolina Panthers,12/21/2025,Bank of America Stadium,official_feed,False
L004182,car vs tb,"December 21, 2025",,scraped_feed_c,False
L004183,Carolina Panthers vs Tampa Bay Buccaneers,2025-12-21,Bank of America Stadium,scraped_feed_b,False
L004184,Pittsburgh Steelers vs Los Angeles Chargers,11/10/25,SoFi Stadium,partner_feed_a,False
L004185,PIT v. LAC,"November 10, 2025",SoFi Stadium,scraped_feed_b,False
L004186,Pittsburgh Steelers vs Los Angees Chargers,"November 10, 2025",SSLA,scraped_feed_b,False
L004187,LAC vs oIT,"November 12, 2025",SoFi Stadium,scraped_feed_b,True
L004188,Detroit Pistons vs Golden State Warriors,2026-01-31,Chase Center Arena,partner_feed_a,False
L004189,Golden State Warriors vs Detroit Pistons,"January 31, 2026",Chase Center,official_feed,False
L004190,Golden State Warriors vs Detroit Pistons,2026-01-31,Chase Center,official_feed,False
L004191,Golden State Warriors vs Detroit Pistons,2026-01-31,Chase Center,official_feed,False
L004192,Tennessee Titans at Las Vegas Raiders,10/12/25,Allegiant Stadium,official_feed,False
L004193,  TEN  vs LV ,10/12/25,Allegiant Stadium Las Vegas,scraped_feed_b,False
L004194,Tennesee Titans @ Las Veags Raiders,10/10/25,Allegiant Stadium,scraped_feed_b,True
L004195,TNEvs LV,"October 12, 2025",ASLV,scraped_feed_c,False
L004196,MIA VS SAC,"January 21, 2026",Golden 1 Center,partner_feed_a,False
L004197,  sacramento  kings v. miami heat ,1/21/26,GCS,scraped_feed_c,False
L004198,Sacramento Kings vs Miami Heat,"January 21, 2026",Golden 1 Center,official_feed,False
L004199,Miami Heat vs Sacramento Kings,January 21,,scraped_feed_b,False
L004200,Detroit Pistons @ Memphis Grizzlies,2025-10-07,FedExForum,scraped_feed_c,False
L004201,MEM&nbsp;v. DET,2025-10-07,,scraped_feed_c,False
L004202,MEM vs DET,2025-10-08,FedExForum,scraped_feed_b,True
L004203,  det  at mem ,October 7,FedEx Forum,scraped_feed_c,False
L004204,san antonio spurs at portland trail blazers,April 25,Moda Center,partner_feed_a,False
L004205,San Antonio Spurs vs Portland Trail Blazers,2026-04-25,Moda Center,official_feed,False
L004206,San Antonio Spurs ay Portland Trail Blazers,,Moda Center,scraped_feed_c,False
L004207,PORTLAND TRAIL BLAZERS VS SAN ANTONIO SPURS,April 25,,scraped_feed_c,False
L004208,Dallas Mavericks vs Minnesota Timberwolves,1/29/26,American Airlines Center,official_feed,False
L004209,Minnesota Timberwolves vs Dallas Mavericks,1/29/26,American Airlines Center,partner_feed_a,False
L004210,min vs dal,2026-01-29,AAC,scraped_feed_c,False
L004211,Minnesota Timberwolves at Dallas Mavericks,"January 29, 2026",American Airlines Center,official_feed,False
L004212,Chicago Bulls vs Milwaukee Bucks,10/12/25,United Center,official_feed,False
L004213,MILWAUKEE BUCKS AT CHICAGO BULLS,10/12/25,United Center,scraped_feed_b,False
L004214,Milwaukee Bucks at Chicago Bulls,2025-10-12,United Center,official_feed,False
L004215,  MIL  at CHI ,2025-10-12,United Center Chicago,scraped_feed_b,False
L004216,  brookly  nnets at utahjazz ,January 31,Delta Center,scraped_feed_b,False
L004217,Utah Jazz vs Brooklyn Nets,"January 31, 2026",EnergySolutions Arena,partner_feed_a,False
L004218,Brooklyn&nbsp;Nets vs Utah Jazz,January 31,Delta Center,scraped_feed_b,False
L004219,Brooklyn Nets vs Utah Jazz,1/31/26,Delta Center,official_feed,False
L004220,BOSTON CELTICS VS NEW YORK KNICKS,2026-02-08,TD Garden,partner_feed_a,False
L004221,nyk at vos,"February 8, 2026",Fleet Center,scraped_feed_b,False
L004222,  YNK  vs OS ,2/10/2026,TD Garden,scraped_feed_b,True
L004223,NEW YORK KNICKS AT BOSTON CELTICS,2/8/26,,scraped_feed_c,False
L004224,phivs la,"December 8, 2025",Xfinity Mobile Arena,scraped_feed_b,False
L004225,  Philadelphia  76ers vs Los Angeles Lakers ,"December 9, 2025",Xfinity Mobile Arena,scraped_feed_b,True
L004226,Los Angeles Lakers at Philadelphia 76ers,"December 8, 2025",Xfinity Mobile Arena,official_feed,False
L004227,los angeles lakers @ philadelphia 76ers,,Xfinity Mobile Arena,scraped_feed_c,True
L004228,  OKC  v SAC ,10/29/2025,PC,scraped_feed_b,False
L004229,Sacramento Kings vs Oklahoma City Thunder,10/29/25,Paycom Center,official_feed,False
L004230,Sacramento Kings at Oklahoma City Thunder,October 29,Paycom Center,official_feed,False
L004231,Sacramento Kings at Oklahoma City Thunder,2025-10-29,Paycom Center,partner_feed_a,False
L004232,Houston Rockets at Oklahoma City Thunder,"February 7, 2026",Paycom Center,official_feed,False
L004233,OKC v. HOU,2026-02-07,Paycom Center,scraped_feed_b,False
L004234,Oklahoma City Thunder vs Houston Rockets,"February 7, 2026",Paycom Center,official_feed,False
L004235,  Oklahoma  Ciry Thunder vs Houstom Rockets ,2/7/2026,Chesapeake Energy Arena,scraped_feed_c,False
L004236,DEN vs BOS,2026-02-26,Ball Arena,scraped_feed_b,False
L004237,boston celtics at denver nuggets,2/26/26,Ball Arena,partner_feed_a,False
L004238,  Denver  Nuggets vs Boston Celtics ,"February 26, 2026",Pepsi Center,scraped_feed_c,False
L004239,  BOSat  DEN ,2/25/26,Ball Arena,scraped_feed_c,True
L004240,MIA VS BOS,"January 16, 2026",Kaseya Center,partner_feed_a,False
L004241,BOS v. MIA,"January 16, 2026",American Airlines Arena,scraped_feed_b,False
L004242,MIA vs BOS,1/16/26,Kaseya Center,scraped_feed_b,False
L004243,Miami Heat vs Boston Celtics,2026-01-16,Kaseya Center,official_feed,False
L004244,Sacramento Kings vs Memphis Grizzlies,2/5/2026,Golden 1 Center,official_feed,False
L004245,Sacramento Kings vs Memphis Grizzlies,February 5,Golden 1 Center,partner_feed_a,False
L004246,SAC v MEM,"February 5, 2026",,scraped_feed_b,False
L004247,MEM AT SAC,2/5/2026,Golden 1 Center,scraped_feed_b,False
L004248,LA Clippers at Sacramento Kings,February 7,Golden 1 Center,official_feed,False
L004249,LA CLIPPERS VS SAC,2/7/26,Golden 1 Center,partner_feed_a,False
L004250,Sacramento Kings vs LA Clippers,2/7/2026,Golden 1 Center,official_feed,False
L004251,Sacramento Kings vs LA Clippers,2/7/2026,Golden 1 Center,partner_feed_a,False
L004252,Houston Texans at Los Angeles Chargers,December 27,SoFi Stadium,official_feed,False
L004253,LAC vs HOU,12/27/25,SoFi Stadium Los Angeles,partner_feed_a,False
L004254,HOU vs LAC,12/27/2025,SoFi Stadium Los Angeles,partner_feed_a,False
L004255,Houston Texans at Los Angeles Chargers,2025-12-27,SoFi Stadium,official_feed,False
L004256,Houston Texans vs Los Angeles Rams,"September 7, 2025",SoFi Stadium,official_feed,False
L004257,Houston Texans at Los Angeles Rams,9/7/25,SS,scraped_feed_c,False
L004258,  LAR  vs HOU ,"September 7, 2025",SoFi Stadium,scraped_feed_c,False
L004259,Houston Texans vs Los Angeles Rams,"September 7, 2025",SoFi Stadium,official_feed,False
L004260,Sacramento Kings vs Denver Nuggets,11/23/25,Pepsi Center,partner_feed_a,False
L004261,  aacramento  kings at dnver nuggets ,November 25,BA,scraped_feed_c,True
L004262,Sacramento Kings vs Denver Nuggets,2025-11-23,Ball Arena,scraped_feed_c,False
L004263,den v. sac,2025-11-23,BA,scraped_feed_c,False
L004264,  qTL  vsHOU ,1/30/26,State Farm Arena,scraped_feed_c,False
L004265,Houston Rockets vs Atlanta Hawks,"January 30, 2026",State Farm Arena,official_feed,False
L004266,Houston Rockets at Atlanta Hawks,January 30,State Farm Arena,official_feed,False
L004267,Atlanta Hawks vs Houston Rockets,1/30/2026,Philips Arena,scraped_feed_c,False
L004268,MIA at BOS,December 20,TD Garden,partner_feed_a,False
L004269,&nbsp; MIA  VS BOS ,12/20/2025,Fleet Center,scraped_feed_b,False
L004270,BOS vs MIA,2025-12-20,,scraped_feed_c,False
L004271,Miami Heat at Boston Celtics,2025-12-20,TD Garden,official_feed,False
L004272,ATL VS NP,11/23/25,Smoothie King Center,scraped_feed_b,False
L004273,New Orleans Pelicans vs Atlanta Hawks,11/23/2025,New Orleans Arena,partner_feed_a,False
L004274,ATL at NOP,"November 23, 2025",,partner_feed_a,False
L004275,Atlanta Hawks a tNew Orlenas Pelicans,,Smoothie King Center,scraped_feed_c,False
L004276,JAX AT LB,2025-11-02,Allegiant Stadium,scraped_feed_c,False
L004277,Las Vegas Raiders vs Jacksonville Jaguars,"November 2, 2025",Allegiant Stadium,official_feed,False
L004278,lv vs jax,11/2/25,Allegiant Stadium,partner_feed_a,False
L004279,Jacksonville Jaguars vs Las Vegas Raiders,"November 2, 2025",Allegiant Stadium,official_feed,False
L004280,Minnesota Timberwolves at Brooklyn Nets,November 4,Barclays Center,partner_feed_a,False
L004281,Minnesota Timberwolves at Brooklyn Nets,11/4/2025,Barclays Center,official_feed,False
L004282,Minnesota Timberwolves at Brooklyn Nets,11/4/2025,Barclays Center,official_feed,False
L004283,Brooklyn Nets vs Minnesota Timberwolves,11/4/2025,Barclays Center,official_feed,False
L004284,Houston Rockets at Sacramento Kings,"January 12, 2026",Golden 1 Center Sacramento,partner_feed_a,False
L004285,Sacramento Kings vs Houston Rockets,January 12,Golden 1 Center,partner_feed_a,False
L004286,SAC VS HOU,1/10/2026,Golden 1 Center,scraped_feed_b,True
L004287,HOU vs SAC,"January 12, 2026",Golden 1 Center Sacramento,scraped_feed_c,False
L004288,TOR vs LA Clippers,1/17/2026,Scotiabank Arena,partner_feed_a,False
L004289,LA Clippers vs Toronto Raptors,January 17,Air Canada Centre,partner_feed_a,False
L004290,la clippers @ tor,1/17/26,Air Canada Centre,scraped_feed_c,False
L004291,LA Clippers at Toronto Raptors,1/17/26,Scotiabank Arena,official_feed,False
L004292,boston celtics at utah jazz,1/2/2026,Delta Center Salt Lake,scraped_feed_b,True
L004293,UTA vs BOS,12/31/25,Vivint Arena,scraped_feed_b,False
L004294,BOS at UTA,"December 31, 2025",Delta Center,scraped_feed_b,False
L004295,&nbsp; BOS  VS UTA ,,Delta Center,scraped_feed_c,False
L004296,Toront oRaptors vsB oston Celtics,"December 21, 2025",Scotiabank Arena,scraped_feed_c,False
L004297,BOS vs TR,2025-12-19,,scraped_feed_b,True
L004298,Toronto Raptors vs Boston Celtics,"December 21, 2025",,partner_feed_a,False
L004299,TORvs BOS,2025-12-21,SAT,scraped_feed_b,False
L004300,  Atlanta  aHwks vs Toronto Raptors ,1/3/2026,Scotiabank Arena Toronto,scraped_feed_b,True
L004301,TOR vs ATL,1/4/2026,Scotiabank Arena,scraped_feed_b,False
L004302,Atlanta Hawks vs Tironto Raptors,"January 4, 2026",Air Canada Centre,scraped_feed_c,False
L004303,Atlanta Hawks at Toronto Raptors,1/4/2026,Scotiabank Arena,official_feed,False
L004304,PHI vs BKN,November 2,BC,scraped_feed_c,False
L004305,Brooklyn Nets vs Philadelphia 76ers,2025-11-02,Barclays Center,official_feed,False
L004306,Brooklyn Nets v. Pgiladelphia 76ers,"November 2, 2025",Barclays Center,scraped_feed_b,False
L004307,philadelpha 76ers v. brooklyn nets,,Barclays Center Brooklyn,scraped_feed_b,False
L004308,Brooklyn Nets vs Cleveland Cavaliers,2/20/26,Rocket Arena,partner_feed_a,False
L004309,Cleveland Cavaliers v. Brooklyn Nets,2/20/2026,,scraped_feed_b,False
L004310,  BrooklynNets  at vleveland Cavaliers ,2/20/26,Rocket Arena Cleveland,scraped_feed_c,False
L004311,BKN VS CLE,February 20,Rocket Mortgage FieldHouse,scraped_feed_b,False
L004312,oHX v. CkE,12/31/25,The Q,scraped_feed_b,False
L004313,Phoenix Suns at Cleveland Cavaliers,2025-12-31,Rocket Arena,official_feed,False
L004314,PHX vs CLE,2025-12-31,Rocket Arena,partner_feed_a,False
L004315,PHX at CLE,12/31/2025,Rocket Arena,partner_feed_a,False
L004316,  Toronto  Raptors @ Brooklyn Nets ,,Barclays Center Brooklyn,scraped_feed_b,True
L004317,  Brooklyn  Nets v. Toronto Raptors ,2025-12-21,Barclays Center Brooklyn,scraped_feed_c,False
L004318,TOR s BNK,December 21,Barclays Center,scraped_feed_b,False
L004319,  TORONTO  RAPTORS AT BROOKLYN NETS ,December 21,Barclays Center,scraped_feed_c,False
L004320,Washington Wizards at Orlando Magic,2026-03-04,Kia Center,official_feed,False
L004321,Washington Wizards at Orlando Magic,"March 4, 2026",Kia Center,official_feed,False
L004322,WAS @ ORL,2026-03-04,Kia Center,scraped_feed_b,False
L004323,Washington Wizards vs Orlando Magic,2026-03-04,Kia Center,official_feed,False
L004324,BOS VS OKC,3/13/26,,scraped_feed_c,False
L004325,OKC VS BOS,3/13/26,,scraped_feed_c,False
L004326,Boston Celtics at Oklahoma City Thunder,March 13,Paycom Center,scraped_feed_c,False
L004327,Boston Celtics at Oklahoma City Thunder,"March 13, 2026",Paycom Center,official_feed,False
L004328,POR vs OKC,1/1/26,Paycom Center,scraped_feed_b,False
L004329,OKC vs POR,1/1/2026,CEA,scraped_feed_c,False
L004330,Portland Trail Blazers at Oklahoma City Thunder,January 1,Paycom Center,partner_feed_a,False
L004331,Portland Trail Blazers at Oklahoma City Thunder,1/1/26,,partner_feed_a,False
L004332,Toronto Raptors at Miami Heat,December 24,Kaseya Center,partner_feed_a,False
L004333,Miami Heat vs Toronto Raptors,12/24/2025,Kaseya Center,scraped_feed_c,False
L004334,ror vs mia,December 24,KC,scraped_feed_c,False
L004335,Miami Heat vs Toronto Raptors,12/24/25,Kaseya Center,official_feed,False
L004336,  DEN  at eOL ,"December 28, 2025",,scraped_feed_b,False
L004337,den vs orl,12/28/2025,Kia Center,partner_feed_a,False
L004338,ORL VS EN,12/28/25,Kia Center,scraped_feed_c,False
L004339,Dener Nuggets v. Orlando Magic,,Kia Center Orlando,scraped_feed_c,False
L004340,DET at CHI,2026-02-22,United Center,partner_feed_a,False
L004341,Detroit Pistons @ Chicago Bulls,February 22,,scraped_feed_c,False
L004342,Chicago Bulls vs Detroit Pistons,2/22/2026,United Center,official_feed,False
L004343,chicago bulls vs detroit pistons,2/22/26,United Center Chicago,scraped_feed_b,False
L004344,WAS v. TOR,2/27/2026,Verizon Center,scraped_feed_c,True
L004345,Washington Wizards vs Toronto Raptors,2026-03-01,Capital One Arena,partner_feed_a,False
L004346,TOR vs WAS,March 3,,scraped_feed_c,True
L004347,TOR @ WAS,"March 2, 2026",Capital One Arena,scraped_feed_b,True
L004348,Memphis Grizzlies vs Denver Nuggets,November 25,FedExForum,official_feed,False
L004349,DRNVER NUGGETS VS MEMPHIS GRIZZLIES,"November 25, 2025",F,scraped_feed_c,False
L004350,  MEMPHIS  GRIZZLIES VS DENVER NUGGETS ,11/25/2025,,scraped_feed_c,False
L004351,DEN vs MEM,11/25/2025,FedEx Forum,scraped_feed_c,False
L004352,DAL at MIN,February 21,Target Center Minneapolis,scraped_feed_c,False
L004353,Dallas Mavericks at Minnesota Timberwolves,"February 21, 2026",Target Center,official_feed,False
L004354,Dallas Mavericks at Minnesota Timberwolves,2/21/26,Target Center,scraped_feed_b,False
L004355,Dallas Mavericks vs Minnesota Timberwolves,,Target Center Minneapolis,scraped_feed_c,False
L004356,PHI s POR,2/10/26,Moda Center,scraped_feed_c,False
L004357,Portland Trail Blazers vs Philadelphia 76ers,2026-02-10,Moda Center,official_feed,False
L004358,POR vs PHI,February 10,Moda Center,scraped_feed_c,False
L004359,POR vs PHI,2/10/26,Moda Center,partner_feed_a,False
L004360,MIL VS ORL,2026-03-09,Fiserv Forum,partner_feed_a,False
L004361,Orlando Magic at Milwaukee Bucks,3/9/2026,Fiserv Forum,official_feed,False
L004362,Orlando Magic at Milwaukee Bucks,2026-03-09,Fiserv Forum,official_feed,False
L004363,Orlando Magic vs Milwaukee Bucks,,Fiserv Forum,partner_feed_a,False
L004364,boston celtics at golden state warriors,2026-02-20,Chase Center,scraped_feed_c,False
L004365,Boston Celtics vs Golden State Warriors,2/20/26,Chase Center,official_feed,False
L004366,GSW VS BOS,"February 20, 2026",Chase Center,partner_feed_a,False
L004367,BOS vs GSW,2026-02-20,,scraped_feed_b,False
L004368,Minnesota Timberwolves vs San Antonio Spurs,1/12/2026,Target Center,official_feed,False
L004369,Minnesota Timberwolves vs San Antonio Spurs,1/12/2026,Target Center,official_feed,False
L004370,  San  Antonio Spurs vsMinnesoat Timberwolves ,1/12/2026,Target Center Minneapolis,scraped_feed_b,False
L004371,San Antonio Spurs vs Minnesota Timberwolves,1/12/2026,Target Center,official_feed,False
L004372,Los Angeles Lakers vs Oklahoma Ciy Thunder,5/8/2026,Chesapeake Energy Arena,scraped_feed_b,False
L004373,lal at okc,"May 8, 2026",Paycom Center,partner_feed_a,False
L004374,Los Angeles Lakers vs Oklahoma City Thunder,2026-05-08,Paycom Center,official_feed,False
L004375,Los Angeles Lakers vs Oklahoma City Thunder,5/8/26,Paycom Center,official_feed,False
L004376,orlando magic vs oklahoma city thunder,3/17/26,Kia Center,partner_feed_a,False
L004377,Orlando Mgaic v. Oklahoms City Thunder,2026-03-17,,scraped_feed_c,False
L004378,Orlando Magic vs Oklahoma City Thunder,3/17/2026,Kia Center,official_feed,False
L004379,Oklahoma City Thunder at Orlando Magic,2026-03-17,Kia Center,official_feed,False
L004380,MIA VS NYK,11/18/25,,scraped_feed_b,False
L004381,MIAMI HEAT VS NEW YORK KNICKS,11/17/25,Kaseya Center,scraped_feed_b,True
L004382,NYK AT MIA,11/18/2025,Kaseya Center,scraped_feed_b,False
L004383,NYK&nbsp;at MIA,11/20/25,Kaseya Center,scraped_feed_c,True
L004384,LA Clippers vs Orlando Magic,2/23/26,Intuit Dome,official_feed,False
L004385,Orlando Magic v. LA Clippers,,Intuit Dome,scraped_feed_b,False
L004386,LA Clippers vs ORL,2/23/2026,Intuit Dome,scraped_feed_c,False
L004387,ORLANDO&nbsp;MAGIC AT LA CLIPPERS,"February 23, 2026",Intuit Dome,scraped_feed_c,False
L004388,miami heat vs new york knicks,11/15/25,Madison Square Garden,scraped_feed_b,False
L004389,Miami Heat vs New Yorl Knicks,2025-11-15,Madison Square Garden,scraped_feed_b,False
L004390,New York Knicks v. Miami Heat,,Madison Square Garden,scraped_feed_c,False
L004391,Miami Heat vs New York Knicks,2025-11-15,Madison Square Garden,official_feed,False
L004392,los angeles lakers vs hoenix suns,2025-12-24,Mortgage Matchup Center,scraped_feed_c,False
L004393,Los Angeles Lakers vs Phoenix Suns,12/24/2025,Mortgage Matchup Center,official_feed,False
L004394,Los Angeles Lakers at Phoenix Suns,12/24/2025,Mortgage Matchup Center,official_feed,False
L004395,phoenix suns vs los angeles lakers,"December 24, 2025",,partner_feed_a,False
L004396,Oklahoma City Thunder at Phoenix Suns,"April 25, 2026",Mortgage Matchup Center,official_feed,False
L004397,  Phoenix  Suns v. Okahoma City Thunder ,4/25/26,,scraped_feed_c,False
L004398,OKC at PHX,"April 25, 2026",Mortgage Matchup Center,scraped_feed_c,False
L004399,OKC at PHX,4/25/26,Mortgage Matchup Center,partner_feed_a,False
L004400,GSW vs MEM,2026-02-26,FedExForum,partner_feed_a,False
L004401,Memphis Grizzlies v. Golden State Warriors,2/26/26,FedExForum,scraped_feed_b,False
L004402,golden state warriors at memphis grizzlies,,FedEx Forum,scraped_feed_b,True
L004403,GOLDEN STATE WARRIORS VS MEMPHIS GRIZZLIES,2/26/26,FedExForum,partner_feed_a,False
L004404,DET vs PHI,3/12/2026,Little Caesars Arena,partner_feed_a,False
L004405,PHI AT DET,"March 12, 2026",Little Caesars Arena,partner_feed_a,False
L004406,PHI AT DET,2026-03-12,Little Caesars Arena,scraped_feed_c,False
L004407,Philadelphia 76ers vs Detroit Pistons,March 12,,partner_feed_a,False
L004408,Dever Nuggets vs Phoenix Suns,November 30,MMC,scraped_feed_c,False
L004409,Phoenix Suns vs Denver Nuggets,November 30,Mortgage Matchup Center,partner_feed_a,False
L004410,DEN @ PHX,,Mortgage Matchup Center,scraped_feed_b,False
L004411,DEN vs PHX,11/30/25,Mortgage Matchup Center,partner_feed_a,False
L004412,BKN v. MIL,12/14/2025,,scraped_feed_c,False
L004413,Milwaukee Bucks vs Brooklyn Nets,2025-12-14,Barclays Center,official_feed,False
L004414,Brooklyn Nets vs Milwaukee Bucks,December 14,,scraped_feed_c,False
L004415,Brookltn Nets vs Milwaukee Bucks,"December 14, 2025",Barclays Center Brooklyn,scraped_feed_c,False
L004416,DEN vs CEL,"February 10, 2026",Pepsi Center,scraped_feed_c,False
L004417,  Cleveland  Cavaliers v. Denver Nuggets ,2/9/26,Ball Arena,scraped_feed_b,True
L004418,Cleveland Cavaliers vs Denver Nuggets,February 10,Ball Arena,official_feed,False
L004419,CLEVELAND CAVALIERS AT DENVER NUGGETS,2026-02-10,Ball Arena,scraped_feed_b,False
L004420,Los Angeles Lakers vs Charlotte Hornets,11/11/2025,Spectrum Center,official_feed,False
L004421,Los Angeles Lakers at Charlotte Hornets,"November 11, 2025",,partner_feed_a,False
L004422,LAL vs CHA,"November 11, 2025",,partner_feed_a,False
L004423,KAL VS VHA,2025-11-11,,scraped_feed_c,False
L004424,Houston Rockets vs Atlanta Hawks,10/7/2025,Toyota Center (Houston),official_feed,False
L004425,ATL vs HOU,October 7,Toyota Center (Houston),partner_feed_a,False
L004426,atlanta hawks vs houston rockets,October 7,Toyota Center (Houston),partner_feed_a,False
L004427,Atlanta Hawks @ Houston Rocekts,October 7,,scraped_feed_c,False
L004428,Minnesota Timberwolves at Phoenix Suns,"November 22, 2025",Mortgage Matchup Center,partner_feed_a,False
L004429,Minnesota Timberwolves at Phoenix Suns,November 22,Mortgage Matchup Center,official_feed,False
L004430,Minnesota Timberwolves vs Phoenix Suns,11/22/2025,Mortgage Matchup Center,official_feed,False
L004431,Minnesota Timberwolves vs Phoenix Suns,11/22/2025,Mortgage Matchup Center,official_feed,False
L004432,ORL vs GSW,December 23,Chase Center,partner_feed_a,False
L004433,Orlando Magic vs Golden Sttae Warriord,12/23/2025,Chase Center,scraped_feed_c,False
L004434,Orlando Magic vs Golden Stae Warroirs,12/23/25,Chase Center,scraped_feed_c,False
L004435,Golden State Warriors vs Orlando Magic,"December 23, 2025",Chase Center,official_feed,False
L004436,UTA VS PHX,3/29/2026,Mortgage Matchup Center,scraped_feed_c,False
L004437,UTA&nbsp;at PHX,3/29/26,MMC,scraped_feed_c,False
L004438,phx vs uta,March 29,Mortgage Matchup Center,partner_feed_a,False
L004439,Phoenix Suns vs Utah Jazz,3/29/2026,Mortgage Matchup Center,official_feed,False
L004440,  Chicago  Bulls at Phoenix Suns ,March 6,Mortgage Matchup Center,scraped_feed_b,False
L004441,Chicago Bulls vs Phoenix Suns,March 6,Mortgage Matchup Center,official_feed,False
L004442,Chicago Bulls at Phoenix Suns,3/6/2026,Mortgage Matchup Center,official_feed,False
L004443,Chicago Bulls at Phoenix Suns,3/6/26,Mortgage Matchup Center,official_feed,False
L004444,Charlotte&nbsp;Hornets at Dallas Mavericks,January 30,American Airlines Center,scraped_feed_b,False
L004445,  Charlotte  Hones vs Dallas Mavericks ,2026-01-30,American Airlines Center,scraped_feed_b,False
L004446,  CH  Aat sAL ,,American Airlines Center,scraped_feed_c,False
L004447,Charlotte Hornets at Dallas Mavericks,,American Airlines Center,official_feed,False
L004448,Minnesota Timberwolves vs New Orleans Pelicans,2025-12-05,Smoothie King Center,partner_feed_a,False
L004449,New Orleans Pelicans vs Minnesota Timberwolves,12/5/2025,Smoothie King Center,official_feed,False
L004450,Minnesota Timberwolves vs New Orleans Pelicans,December 5,Smoothie King Center,official_feed,False
L004451,Minnesota Timberwolves at New Orleans Pelicans,2025-12-05,Smoothie King Center,official_feed,False
L004452,MEM AT POR,2/7/26,,scraped_feed_b,False
L004453,Portland Trail Blazers vs Memphis Grizzlies,February 7,Rose Garden,partner_feed_a,False
L004454,MEM @ POR,2/7/26,,scraped_feed_c,False
L004455,MEM VS POR,"February 7, 2026",Moda Center,scraped_feed_b,False
L004456,Chicago Bulls vs New York Knicks,2/23/26,United Center,official_feed,False
L004457,&nbsp; CHI  vs NYK ,2026-02-23,United Center,scraped_feed_b,False
L004458,New York Knicks vs Chicago Bulls,2/23/26,United Center,official_feed,False
L004459,chicago bulls vs new york knicks,2/23/2026,,scraped_feed_c,False
L004460,Dnever Nuggets @ Portland Trali Blazers,2025-11-01,,scraped_feed_c,False
L004461,DEN vs POR,"November 1, 2025",Moda Center Portland,partner_feed_a,False
L004462,Denver&nbsp;Nuggets @ oPrtland Trail Blazers,11/1/2025,Moda Center Portland,scraped_feed_b,False
L004463,DEN at POR,November 1,Rose Garden,partner_feed_a,False
L004464,LAR VS IND,9/28/2025,SoFi Stadium Los Angeles,scraped_feed_c,False
L004465,IND at LAR,September 28,SoFi Stadium,partner_feed_a,False
L004466,  Idnianapolis  Colys vs Los Angeles Rams ,,SoFi Stadium,scraped_feed_b,False
L004467,IND vs LAR,2025-09-28,SoFi Stadium Los Angeles,scraped_feed_c,False
L004468,  ARI  VS JAX ,"November 23, 2025",State Farm Stadium,scraped_feed_c,False
L004469,Jacksonville Jaguars vs Arizona Cardinals,November 23,University of Phoenix Stadium,partner_feed_a,False
L004470,Jacksonville Jaguars @ Arizona Cardinals,"November 24, 2025",,scraped_feed_c,True
L004471,JAX VS ARI,11/23/25,State Farm Stadium,partner_feed_a,False
L004472,Dallas Mavericks v. Washington Wizards,October 25,American Airlines Center,scraped_feed_b,False
L004473,WAS vs DAL,2025-10-25,American Airlines Center,scraped_feed_b,False
L004474,Washington Wizards at Dallas Mavericks,October 25,American Airlines Center,official_feed,False
L004475,DAL vs WAS,10/25/2025,,scraped_feed_c,False
L004476,Boston Celtics vs Miami Heat,"April 1, 2026",Kaseya Center,official_feed,False
L004477,Boston Celtics vs Miami Heat,April 1,Kaseya Center,official_feed,False
L004478,Miami Heat vs Boston Celtics,,Kaseya Center,partner_feed_a,False
L004479,Miami Heat vs Boston Celtics,"April 1, 2026",Kaseya Center,partner_feed_a,False
L004480,NOP v. DAL,,American Airlines Center,scraped_feed_c,False
L004481,New Orleans Pelicans vs Dallas Mavericks,November 22,,scraped_feed_c,False
L004482,nop at dal,"November 22, 2025",,partner_feed_a,False
L004483,New Orleans Pelicans at Dallas Mavericks,2025-11-22,American Airlines Center,official_feed,False
L004484,Cleveland Browns at Pittsburgh Steelers,October 12,Acrisure Stadium,official_feed,False
L004485,CLE at PIT,,Acrisure Stadium,scraped_feed_b,False
L004486,PIT vs CLE,,AS,scraped_feed_c,False
L004487,Cleveland Browns vs Pittsburgh Steelers,10/10/2025,Heinz Field,scraped_feed_b,True
L004488,Washington Commanders vs Minnesota Vikings,12/7/2025,U.S. Bank Stadium,scraped_feed_c,False
L004489,WAS at MIN,2025-12-07,UBS,scraped_feed_b,False
L004490,WAS at MIN,12/7/2025,U.S. Bank Stadium,partner_feed_a,False
L004491,MN vsW AS,"December 7, 2025",U.S. Bank Stadium,scraped_feed_c,False
L004492,PHz vs NKY,2026-01-10,Mortgage Matchup Center,scraped_feed_c,False
L004493,New York Knicks at Phoenix Suns,January 10,Mortgage Matchup Center,partner_feed_a,False
L004494,  NYK  AT PHX ,2026-01-10,Mortgage Matchup Center,scraped_feed_c,False
L004495,New York Knicks at Phoenix Suns,January 10,Mortgage Matchup Center,scraped_feed_c,False
L004496,Denver Nuggets vs Minnesota Timberwolves,April 21,BA,scraped_feed_b,False
L004497,DENVER NUGGETS VS MINNESOTA TIMBERWOLVES,,,partner_feed_a,False
L004498,Minnesota Timberwolves v. Denver Nuggets,4/21/2026,,scraped_feed_c,False
L004499,Minnesota Timberwolves at Denver Nuggets,4/21/26,,official_feed,False
L004500,PHI at bYl,May 7,Madison Square Garden Arena,scraped_feed_c,True
L004501,PHILADELPHIA 76ERS VS NEW YORK KNICKS,5/6/26,The Garden,scraped_feed_b,False
L004502,&nbsp; philadelphia  76ers vs new york knicks ,"May 6, 2026",Madison Square Garden,scraped_feed_c,False
L004503,NYK vs PHI,2026-05-06,Madison Square Garden,partner_feed_a,False
L004504,CHI at BKN,2026-01-17,Barclays Center Brooklyn,partner_feed_a,False
L004505,Brooklyn Nets vs Chicago Bulls,1/17/26,,scraped_feed_c,False
L004506,CHI v. BKN,,Barclays Center,scraped_feed_b,False
L004507,Chicago Bulls at Brooklyn Nets,January 17,Barclays Center,official_feed,False
L004508,New Orleans Pelicans vs Toronto Raptors,3/12/26,Smoothie King Center,official_feed,False
L004509,Toronto Raptors at New Orleans Pelicans,3/12/26,Smoothie King Center,official_feed,False
L004510,Toronto Raptors at New Orleans Pelicans,2026-03-12,Smoothie King Center,scraped_feed_b,False
L004511,Toronto Raptors vs New Orleans Pelicans,2026-03-12,Smoothie King Center,partner_feed_a,False
L004512,  Oklahoma  City Thunder @ Golden State Warriors ,1/3/2026,Chase Center Arena,scraped_feed_c,False
L004513,Golden State Warriors vs Oklahoma City Thunder,1/3/2026,Chase Center,official_feed,False
L004514,Oklahoma City Thunder at Golden State Warriors,"January 3, 2026",Chase Center,official_feed,False
L004515,GSW vs OKC,January 1,Chase Center Arena,scraped_feed_c,True
L004516,MIA at LA Clippers,2025-11-04,Intuit Dome,partner_feed_a,False
L004517,MIA T LA CLIPPERS,"November 4, 2025",,scraped_feed_c,False
L004518,LA Clippers vs Miami Heat,2025-11-04,Intuit Dome Los Angeles,partner_feed_a,False
L004519,Miami Heat at LA Clippers,"November 4, 2025",Intuit Dome,official_feed,False
L004520,Indiana Pacers v. Washington Wizards,11/29/25,Gainbridge Fieldhouse,scraped_feed_b,False
L004521,Washington Wizards vs Indiana Pacers,11/29/25,Gainbridge Fieldhouse,official_feed,False
L004522,IND vs WAS,2025-11-29,Conseco Fieldhouse,partner_feed_a,False
L004523,WASHINGTON WIZARDS AT INDIANA PACERS,2025-11-29,Gainbridge Fieldhouse,scraped_feed_b,False
L004524,  OKC  v DEN ,2026-02-28,Paycom Center,scraped_feed_c,False
L004525,DEN at OKC,"February 28, 2026",,partner_feed_a,False
L004526,Denver Nuggets vs Oklahoma City Thunder,February 28,,scraped_feed_b,False
L004527,OKC vs DEN,"February 28, 2026",Paycom Center,partner_feed_a,False
L004528,  DAL  at ATL ,2026-03-10,State Farm Arena Atlanta,scraped_feed_c,False
L004529,DAL @ ATL,3/10/26,State Farm Arena,scraped_feed_c,False
L004530,Atlanta Hawks vs Dallas Mavericks,3/10/26,State Farm Arena,official_feed,False
L004531,dallas mavericks at atlanta hawks,March 10,State Farm Arena,partner_feed_a,False
L004532,  OLR  at DET ,5/3/2026,LCAD,scraped_feed_c,False
L004533,Detroit Pistons vs Orlando Magic,5/3/26,Little Caesars Arena,official_feed,False
L004534,Orlando Magic at Detroit Pistons,May 3,Little Caesars Arena,official_feed,False
L004535,  Orlando  Magic @ Detroit Pistons ,May 3,Little Caesars Arena,scraped_feed_c,False
L004536,Phoenix Suns vs San Antonio Spurs,2026-02-20,Moody Center,partner_feed_a,False
L004537,phoenix suns vs san antonio spurs,"February 20, 2026",Moody Center,scraped_feed_b,False
L004538,PHOENIX SUNS VS SAN ANTONIO SPURS,2026-02-20,Moody Center,partner_feed_a,False
L004539,PHX at SAS,2026-02-20,Moody Center,partner_feed_a,False
L004540,Utah Jazz vs Oklahoma City Thunder,4/5/2026,Paycom Center,scraped_feed_b,False
L004541,UTA s OKC,2026-04-05,Paycom Center,scraped_feed_b,False
L004542,Utah Jazz at Oklahoma City Thunder,2026-04-05,Paycom Center,official_feed,False
L004543,Utah Jazz at Oklahoma City Thunder,4/5/2026,Paycom Center,official_feed,False
L004544,SAC AT HOU,2/26/2026,Toyota Center (Houston),partner_feed_a,False
L004545,SACRAMENTO KINGS VS HOUSTON ROCKETS,2/26/2026,,scraped_feed_b,False
L004546,Houston Rockets vs Sacramento Kings,"February 26, 2026",Toyota Center (Houston),partner_feed_a,False
L004547,SAC at HOU,2026-02-26,Toyota Center (Houston),partner_feed_a,False
L004548,LAL vs SAC,January 13,Golden 1 Center,partner_feed_a,False
L004549,Los Angeles Lakers vs Sacramento Kings,1/13/2026,Golden 1 Center,official_feed,False
L004550,&nbsp; SAC  vs LAL ,2026-01-13,Golden 1 Center,scraped_feed_b,False
L004551,LOS ANGELES LAKERS AT SACRAMENTO KINGS,,Golden 1 Center,scraped_feed_b,False
L004552,  TOR  at MEM ,April 4,FedExForum,scraped_feed_b,False
L004553,TOR vs MEM,4/4/26,,partner_feed_a,False
L004554,Memphis Grizzlies vs Toronto Raptors,April 4,FedExForum,partner_feed_a,False
L004555,MEM VS TOR,April 4,,partner_feed_a,False
L004556,NEW ORLEANS PELICANS VS PORTLAND TRAIL BLAZERS,4/3/26,Moda Center,partner_feed_a,False
L004557,Portland Trail Blazers vs New Orleans Pelicans,April 3,,scraped_feed_c,False
L004558,  nop  @ por ,April 3,MC,scraped_feed_c,False
L004559,Portland Trail Blazers vs New Orleans Pelicans,4/3/2026,Moda Center,official_feed,False
L004560,PORTLAND TRAIL BLAZERS VS SAN ANTONIO SPURS,1/6/26,,scraped_feed_b,True
L004561,San Antonio Spurs vs Portland Trail Blazers,January 4,Frost Bank Center,official_feed,False
L004562,  por  v sas ,January 4,Frost Bank Center,scraped_feed_b,False
L004563,POR at SAS,1/3/2026,Frost Bank Center,scraped_feed_b,True
L004564,  LOS  ANGELES LAKERS AT SAN ANTONIO SPURS ,1/8/2026,Frost Bank Center,scraped_feed_c,False
L004565,San Antonio Spurs vs Los Angeles Lakers,1/8/2026,,scraped_feed_c,False
L004566,Los Angeles Lakers vs San Antonio Spurs,1/8/26,Frost Bank Center,official_feed,False
L004567,San Antonio Spurs v. Los Angeles Lakers,"January 8, 2026",,scraped_feed_b,False
L004568,PH vs NY,10/2/25,,scraped_feed_b,False
L004569,  Philadelphia  76ers @ New York Knicks ,"October 2, 2025",Etihad Arena,scraped_feed_c,False
L004570,Philadelphia 76ers vs New York Knicks,2025-10-02,Etihad Arena,official_feed,False
L004571,PHI vs NYK,October 2,Etihad Arena,scraped_feed_b,False
L004572,Milwaukee Bucks vs Utah Jazz,"March 20, 2026",Delta Center,scraped_feed_b,False
L004573,MIL at UTA,"March 20, 2026",Delta Center,partner_feed_a,False
L004574,&nbsp; Utha  Jaz v. Milwaukee Bucks ,March 20,Delta Center,scraped_feed_c,False
L004575,MILQT UTA,March 20,Delta Center,scraped_feed_c,False
L004576,Houston Rockets vs Boston Celtics,2026-02-05,Toyota Center (Houston),official_feed,False
L004577,Houston Rockets vs Boston Celtics,"February 5, 2026",Toyota Center (Houston),official_feed,False
L004578,Boston Celtics @ Houston Rpcktes,2/5/2026,Toyota Center (Houston),scraped_feed_c,False
L004579,  BOS  v. HOU ,,Toyota Center (Houston),scraped_feed_c,False
L004580,DEN vs BOS,1/8/2026,TD Garden,partner_feed_a,False
L004581,den at bos,January 8,TG,scraped_feed_b,False
L004582,Denver Nuggets vs Boston Celtics,"January 8, 2026",TD Garden,official_feed,False
L004583,Boston Celtics vs Denver Nuggets,1/8/26,TD Garden,partner_feed_a,False
L004584,Chicago Bulls vs Indiana Pacers,11/30/2025,Gainbridge Fieldhouse,official_feed,False
L004585,Chicago Bulls vs Indiana Pacers,11/30/2025,Gainbridge Fieldhouse,official_feed,False
L004586,CHICAGO BULLS AT INDIANA PACERS,"November 29, 2025",Gainbridge Fieldhouse,scraped_feed_b,True
L004587,  CHICAGO  BULLS VS INFIANA ACERS ,November 30,CF,scraped_feed_b,False
L004588,orlando magic vs detroit pistons,2026-05-01,Kia Center Orlando,partner_feed_a,False
L004589,  DET  VS ORL ,2026-05-01,,scraped_feed_c,False
L004590,Detroit Pistons at Orlando Magic,5/1/2026,Kia Center,partner_feed_a,False
L004591,ORL VS DET,"May 1, 2026",Kia Center,partner_feed_a,False
L004592,Miami Heat at Washington Wizards,February 8,Capital One Arena,official_feed,False
L004593,Miami Heat vsW ashington Wizards,2/8/26,,scraped_feed_b,False
L004594,was vs mia,2/8/26,Capital One Arena,scraped_feed_c,False
L004595,  IA  at WAS ,February 8,Capital One Arena,scraped_feed_b,False
L004596,  NYK  vs CLE ,May 20,MSG,scraped_feed_c,False
L004597,Cleveland Cavaliers at New York Knicks,2026-05-20,Madison Square Garden,official_feed,False
L004598,New York Knicks vs Cleveland Cavaliers,5/20/2026,Madison Square Garden,partner_feed_a,False
L004599,CLE vs NYK,5/20/26,Madison Square Garden,scraped_feed_b,False
L004600,Milwaukee Bucks vs Los Angeles Lakers,11/16/2025,Fiserv Forum,official_feed,False
L004601,LAL vs MIL,2025-11-16,Fiserv Forum,scraped_feed_b,False
L004602,Los Angeles Lakers v. Milwaukee Bucks,,Fiserv Forum Milwaukee,scraped_feed_c,False
L004603,Milwaukee Bucks vs Los Angeles Lakers,2025-11-16,Fiserv Forum,official_feed,False
L004604,Boston Celtics at New York Knicks,2026-04-09,Madison Square Garden,scraped_feed_b,False
L004605,Boston Celtics vs New York Knicks,"April 9, 2026",Madison Square Garden,official_feed,False
L004606,  Boston  Celtics at New York Knicks ,4/7/2026,Madison Square Garden,scraped_feed_c,True
L004607,Boston Celtics vs New York Knicks,4/9/2026,Madison Square Garden,official_feed,False
L004608,Golden State Warriors vs LA Clippers,"January 6, 2026",Intuit Dome,official_feed,False
L004609,Golden State Warriors at LA Clippers,1/6/26,Intuit Dome,official_feed,False
L004610,LA Clippers vs Golden State Warriors,January 6,Intuit Dome,official_feed,False
L004611,LA Clippers vs Golden State Warriors,January 6,Intuit Dome,official_feed,False
L004612,Cleveland Cavaliers vs New York Knicks,5/24/26,Rocket Arena,official_feed,False
L004613,Cleveland Cavaliers vs New York Knicks,"May 24, 2026",Rocket Arena,official_feed,False
L004614,Cleveland Cavaliers vs New York Knicks,May 24,Rocket Arena,official_feed,False
L004615,New York Knicks at Cleveland Cavaliers,May 24,Rocket Arena,official_feed,False
L004616,Toronto Raptors vs Indiana Pacers,January 15,Gainbridge Fieldhouse,official_feed,False
L004617,toronto raptors vs indiana pacers,"January 15, 2026",Gainbridge Fieldhouse,scraped_feed_b,False
L004618,INDIANA PACERS VS TORONTO EAPTORS,1/15/2026,Gainbridge Fieldhouse,scraped_feed_c,False
L004619,TOR VSIND,2026-01-15,Bankers Life Fieldhouse,scraped_feed_b,False
L004620,  det  v. ws ,2/6/2026,Little Caesars Arena Detroit,scraped_feed_c,False
L004621,Detroit Pistons vs Washington Wizards,2/6/2026,Little Caesars Arena,partner_feed_a,False
L004622,DET VS WAS,2/6/26,Little Caesars Arena Detroit,partner_feed_a,False
L004623,WAS at DET,February 6,Little Caesars Arena,partner_feed_a,False
L004624,OKC aMt EM,2026-01-10,FedExForum,scraped_feed_b,False
L004625,MEM&nbsp;VS OKC,,FedEx Forum,scraped_feed_c,False
L004626,Memphis Grizzlies vs Oklahoma City Thunder,1/10/2026,FedExForum,partner_feed_a,False
L004627,Oklahoma City Thunder vs Memphis Grizzlies,January 10,FedExForum,official_feed,False
L004628,Cleveland Cavaliers vs Philadelphia 76ers,3/9/2026,Rocket Arena,official_feed,False
L004629,Philadelphia 76ers vs Cleveland Cavaliers,March 9,Rocket Arena,official_feed,False
L004630,CLEVELAND CAVALIERS VS PHILADELPHIA 76ERS,3/9/26,Rocket Arena,partner_feed_a,False
L004631,Philadelphia 76ers vs Cleveland Cavaliers,"March 9, 2026",Rocket Arena,scraped_feed_b,False
L004632,PHI vs SW,2026-01-08,Xfinity Mobile Arena,scraped_feed_c,False
L004633,WAS at PHI,1/8/2026,Xfinity Mobile Arena,partner_feed_a,False
L004634,Philadelphia 76ers vs Washington Wizards,"January 8, 2026",Xfinity Mobile Arena,partner_feed_a,False
L004635,Philadelphia 76ers vs Washington Wizards,2026-01-08,Xfinity Mobile Arena,official_feed,False
L004636,  NYG  vs WAS ,"December 14, 2025",MetLife,scraped_feed_c,False
L004637,Washington Commanders vs New York Giants,12/14/2025,MetLife Stadium,official_feed,False
L004638,New York Giants v. Washington Commanders,12/14/2025,,scraped_feed_c,False
L004639,WAa vs NYG,12/14/2025,MetLife,scraped_feed_b,False
L004640,MEM vs HOU,3/28/26,FedEx Forum,partner_feed_a,False
L004641,Memphis Grizzlies vs Houston Rockets,"March 28, 2026",FedExForum,official_feed,False
L004642,  hou  vs mem ,2026-03-28,,scraped_feed_b,False
L004643,hou @ mem,March 28,,scraped_feed_c,False
L004644,Los Angeles Rams at Tennessee Titans,9/14/25,Nissan Stadium,official_feed,False
L004645,  Los  Angeles Rams v. Tennessee Titans ,9/14/25,Nissan Stadium,scraped_feed_c,False
L004646,Los Angeles Rams vs Tennessee Titans,9/14/2025,Nissan Stadium,partner_feed_a,False
L004647,Los Angeles Rams vs Tennessee Titans,2025-09-14,Nissan Stadium,scraped_feed_b,False
L004648,Indiana Pacers vs Atlanta Hawks,"October 31, 2025",Gainbridge Fieldhouse,partner_feed_a,False
L004649,IND v. ATL,October 31,GF,scraped_feed_b,False
L004650,ATL vs IND,2025-10-31,Gainbridge Fieldhouse,scraped_feed_c,False
L004651,ATL vs IND,10/31/25,,partner_feed_a,False
L004652,NYK VS PHI,2/12/26,XMA,scraped_feed_b,False
L004653,Philadelphia 76ers vs New York Knicks,"February 12, 2026",Xfinity Mobile Arena,official_feed,False
L004654,phi v snyk,2/12/26,Xfinity Mobile Arena,scraped_feed_c,False
L004655,philadelphia7 6ers v new york knicks,"February 12, 2026",Xfinity Mobile Arena,scraped_feed_c,False
L004656,New York Knicks at Philadelphi a76ers,January 24,XMA,scraped_feed_b,False
L004657,NYK v. PHI,January 24,Xfinity Mobile Arena,scraped_feed_b,False
L004658,Philadelphia 76ers vs New York Knicks,1/24/2026,Xfinity Mobile Arena,scraped_feed_c,False
L004659,New York Knicks at Philadelphia 76ers,2026-01-24,Xfinity Mobile Arena,partner_feed_a,False
L004660,POR atDET,December 6,LCAD,scraped_feed_c,False
L004661,DET vs POR,,Little Caesars Arena,partner_feed_a,False
L004662,PORTLAND TRAIL BLAZERS VS DETROIT PISTONS,December 6,Little Caesars Arena,scraped_feed_b,False
L004663,Portland Trail Blazers at Detroit Pistons,December 6,Little Caesars Arena,partner_feed_a,False
L004664,IND vs NYK,"March 17, 2026",Madison Square Garden,partner_feed_a,False
L004665,IBDIANA PACERS VS NEW YORK KNICKS,"March 17, 2026",MSG,scraped_feed_c,False
L004666,Indiana Pacers @ New York Knicks,3/17/2026,Madison Square Garden,scraped_feed_b,False
L004667,IND AT NYK,March 17,Madison Square Garden Arena,partner_feed_a,False
L004668,MIL at MIA,"March 12, 2026",Kaseya Center,partner_feed_a,False
L004669,MIAMI&nbsp;HEAT VS MILWAUKEE BUCKS,2026-03-14,American Airlines Arena,scraped_feed_b,True
L004670,Milwaukee Bucks at Miami Heat,3/12/2026,Kaseya Center,scraped_feed_c,False
L004671,mil at mia,3/12/2026,KC,scraped_feed_c,False
L004672,  New  York Knicks v. Philadelphia 76ers ,10/4/2025,EA,scraped_feed_c,False
L004673,  Pgildaelphia  76ers vs New York Knicks ,10/4/25,Etihad Arena,scraped_feed_c,False
L004674,Philadelphia 76ers vs Nw York Kmicks,10/4/25,,scraped_feed_b,False
L004675,New York Knicks vs Philadelphia 76ers,"October 4, 2025",Etihad Arena,partner_feed_a,False
L004676,Miami Heat at Cleveland Cavaliers,3/27/2026,Rocket Arena,official_feed,False
L004677,Cleveland Cavaliers vs Miami Heat,2026-03-27,Rocket Arena,official_feed,False
L004678,IMA VS CLE,3/27/26,Rocket Arena,scraped_feed_c,False
L004679,IA at CLE,3/27/2026,,scraped_feed_b,False
L004680,CLEVELAND CAVALIERS AT MEMPHIS GRIZZLIES,,FedExForum,scraped_feed_c,False
L004681,MEM vs CLE,2026-04-07,FedEx Forum,partner_feed_a,False
L004682,CLE at MEM,4/7/2026,FedExForum,scraped_feed_c,False
L004683,MEM vs CLE,4/7/2026,FedEx Forum,partner_feed_a,False
L004684,orlando magic vs charlotte hornets,"December 27, 2025",Amway Center,partner_feed_a,False
L004685,Orlando Magic vs Charlotte Hornets,December 27,Kia Center,official_feed,False
L004686,CHA vs ORL,2025-12-29,Kia Center,scraped_feed_b,True
L004687,orl vs cha,December 27,Kia Center,partner_feed_a,False
L004688,Dallas Cowboys vs New York Giants,January 4,MetLife Stadium,official_feed,False
L004689,New York Giants vs Dallas Cowboys,January 4,MetLife Stadium,official_feed,False
L004690,DAL vs NYG,1/4/2026,MetLife Stadium,scraped_feed_c,False
L004691,DAL @ YG,1/4/26,MetLife,scraped_feed_c,False
L004692,lar vs ari,1/4/26,SoFi Stadium Los Angeles,partner_feed_a,False
L004693,Los Angeles Rasm vs Arizona Cardinals,1/4/2026,SSLA,scraped_feed_c,False
L004694,Los Angeles Rams vs Arizona Cardinals,1/4/26,SoFi Stadium,partner_feed_a,False
L004695,ARI vs LAR,"January 4, 2026",SoFi Stadium,partner_feed_a,False
L004696,  Phoenix  Suns at Oklahoma CityThunder ,"April 19, 2026",Paycom Center,scraped_feed_c,False
L004697,Oklahoma City Thunder vs Phoenix Suns,April 19,Paycom Center,scraped_feed_c,False
L004698,Phoenix Suns vs Oklahoma City Thunder,"April 19, 2026",Paycom Center,partner_feed_a,False
L004699,PHX a OKC,4/19/26,Paycom Center,scraped_feed_c,False
L004700,HOU v. TOR,3/13/2026,Toyota Center (Houston),scraped_feed_c,True
L004701,Toronto Raptors at Houston Rockets,"March 11, 2026",Toyota Center (Houston),official_feed,False
L004702,HU vs TOR,2026-03-11,Toyota Center (Houston),scraped_feed_b,False
L004703,Toronto Raptors vs Houston Rockets,3/11/26,Toyota Center (Houston),official_feed,False
L004704,Portland Trail Blazers vs Utah Jazz,2026-02-13,Delta Center,official_feed,False
L004705,uta vs por,"February 13, 2026",Delta Center,partner_feed_a,False
L004706,Portland&nbsp;Trail vlazers vs Utah Jazz,2026-02-13,Vivint Smart Home Arena,scraped_feed_b,False
L004707,Portland Trail Blazers vs Utah Jazz,2/13/26,Delta Center,official_feed,False
L004708,Minnesota Timberwolves vs Denver uNggets,,Target Center,scraped_feed_c,False
L004709,DEN AT MIN,April 26,Target Center,scraped_feed_b,False
L004710,  Denver  Nuggets @ Minnesota Timberwolves ,2026-04-26,Target Center,scraped_feed_b,False
L004711,Minnesota Timberwolves vs Denver Nuggets,2026-04-26,Target Center,official_feed,False
L004712,Washington Wizards vs LA Clipoers,1/19/26,,scraped_feed_b,False
L004713,LA Clippers at Washington Wizards,2026-01-19,MCI Center,partner_feed_a,False
L004714,  LA  Clippes at WAS ,January 19,Verizon Center,scraped_feed_c,False
L004715,WAS vs LA Clippers,,MCI Center,partner_feed_a,False
L004716,SAC at UTA,2/12/26,Delta Center,partner_feed_a,False
L004717,sac at uta,2/12/2026,Delta Center,partner_feed_a,False
L004718,UTA vs SAC,2/12/2026,Vivint Arena,partner_feed_a,False
L004719,SACRAMENTO KINGS AT UTAH JAZZ,2/12/2026,Delta Center,scraped_feed_c,False
L004720,CHI vs SAS,2025-11-11,UCC,scraped_feed_b,False
L004721,Chicago Bulls vs San Antonio Spurs,11/11/2025,United Center,official_feed,False
L004722,SAS VA CHI,11/11/2025,United Center,scraped_feed_c,False
L004723,San Antonio Spurs vs Chicago Bluls,11/11/2025,United Center,scraped_feed_c,False
L004724,DET at CHI,October 23,UCC,scraped_feed_c,False
L004725,Detroit Pistons vs Chicago Bulls,2025-10-23,United Center,official_feed,False
L004726,det vs chi,,UC,scraped_feed_b,False
L004727,DET vs CHI,,United Center,scraped_feed_b,False
L004728,MEM at UTA,4/11/26,Delta Center,partner_feed_a,False
L004729,UTA vs MEM,"April 11, 2026",Delta Center,partner_feed_a,False
L004730,Utah Jazz vs Memphis Grizzlies,2026-04-11,Delta Center,partner_feed_a,False
L004731,Memphis Grizzlies at Utah Jazz,April 11,Delta Center,official_feed,False
L004732,Buffalo Bills v. Atlanta Falcons,October 13,Mercedes-Benz Stadium,scraped_feed_c,False
L004733,Buffalo Bills v. Atlanta Falcons,October 13,Mercedes-Benz Stadium,scraped_feed_c,False
L004734,BUF vs ATL,2025-10-13,,partner_feed_a,False
L004735,&nbsp; buffalo  bills at atlanta falcons ,October 13,,scraped_feed_c,False
L004736,Phoenix Suns vs Portland Trail Blazers,2026-04-15,Mortgage Matchup Center,scraped_feed_b,False
L004737,Portland Trail Blazers at Phoenix Suns,April 15,Mortgage Matchup Center,scraped_feed_c,False
L004738,PHX ba POR,April 15,,scraped_feed_c,False
L004739,Portland Trail Blazers @ Phoenix Snus,April 15,,scraped_feed_b,False
L004740,Atlanta Hawks at Miami Heat,,Kaseya Center,scraped_feed_b,False
L004741,Atlanta Hawks at Miami eHat,4/12/2026,FA,scraped_feed_c,False
L004742,Atlanta Hawks at Miami Heat,April 12,Kaseya Center,partner_feed_a,False
L004743,Atlanta Hawks vs Miami Heat,"April 12, 2026",Kaseya Center,official_feed,False
L004744,Sacrament oKings vs LA Clippers,,GC,scraped_feed_b,False
L004745,la clippers at sac,October 16,Golden 1 Center,partner_feed_a,False
L004746,  la  clippers @ sac ,10/16/25,Golden 1 Center,scraped_feed_b,False
L004747,LA Clippers at SacramentoK ings,2025-10-16,Golden 1 Center Sacramento,scraped_feed_b,False
L004748,Hoiston Rockets vs Okkahoma City Thunder,1/16/2026,Toyota Center (Houston),scraped_feed_b,False
L004749,Oklahoma City Thunder vs Houston Rockets,1/16/26,Toyota Center (Houston),official_feed,False
L004750,&nbsp; Houston  Rockets vs Oklahoma City Thunder ,"January 16, 2026",TC,scraped_feed_b,False
L004751,Oklahoma City Thunder at Houston Rockets,1/16/26,Toyota Center (Houston),official_feed,False
L004752,Cleveland Cavaliers vs Detroit Pistons,5/18/2026,Little Caesars Arena,official_feed,False
L004753,  CLE  atD ET ,May 18,,scraped_feed_c,False
L004754,Detroit Pistons vs Cleveland Cavaliers,5/18/2026,Little Caesars Arena Detroit,partner_feed_a,False
L004755,DET vs CLE,May 18,Little Caesars Arena,partner_feed_a,False
L004756,LA Clippers vs Philadelphia 76ers,2/3/2026,Intuit Dome,official_feed,False
L004757,  Philadelphia  76ers @ LA Clippers ,"February 3, 2026",,scraped_feed_b,False
L004758,LA CLIPPERS VS PHI,2/3/26,Intuit Dome Los Angeles,partner_feed_a,False
L004759,LA Clippers vs Philadelphia 76ers,2/1/2026,Intuit Dome,scraped_feed_b,True
L004760,Denver Broncos vs Houston Texans,November 2,,partner_feed_a,False
L004761,Houston Texans vs Denver Broncos,"November 2, 2025",Reliant Stadium,partner_feed_a,False
L004762,den vs hou,11/2/25,Reliant Stadium,partner_feed_a,False
L004763,DEN @ HOU,2025-11-02,Reliant Stadium,scraped_feed_b,False
L004764,golden state warriors vs toronto raptors,January 21,Chase Center,partner_feed_a,False
L004765,toronto raptors vs golden state warriors,2026-01-21,Chase Center,partner_feed_a,False
L004766,Golden State Warriors vs Toronto Raptors,"January 21, 2026",Chase Center,official_feed,False
L004767,Toronto Raptors vs Golden State Warriors,"January 21, 2026",Chase Center Arena,partner_feed_a,False
L004768,Boston Celtics vs Sacramento Kings,1/2/26,Golden 1 Center,official_feed,False
L004769,Boston Celtics vs Sacramento Kings,January 2,Golden 1 Center,official_feed,False
L004770,BO ay SAC,"January 2, 2026",Golden 1 Center Sacramento,scraped_feed_b,False
L004771,Boston Celtics vs Sacramento Kings,2026-01-02,Golden 1 Center,official_feed,False
L004772,Pittsburgh Steelers vs Baltimore Ravens,12/7/2025,M&T Bank Stadium,partner_feed_a,False
L004773,Baltimore Ravens vs Pittsburgh Steelers,12/7/2025,M&T Bank Stadium,official_feed,False
L004774,AL vs PIT,12/7/25,M&T Bank Stadium,scraped_feed_b,False
L004775,Baltimore Ravens vs Pittsburgh Steelers,"December 7, 2025",M&T Bank Stadium,scraped_feed_c,False
L004776,Oklahoma City Thunder vs San Antonio Spurs,2026-05-31,Paycom Center,official_feed,False
L004777,OKC v sSAS,2026-05-31,Chesapeake Energy Arena,scraped_feed_b,False
L004778,Oklahoma City Thunder vs San Antonio Spurs,5/31/26,Paycom Center,official_feed,False
L004779,&nbsp; Oklahoma  City Thunder vd San Antonio Spurs ,2026-05-31,Paycom Center,scraped_feed_c,False
L004780,Denver Nuggets vs Dallas Mavericks,"January 15, 2026",American Airlines Center,official_feed,False
L004781,Denver Nugegts @ Dallas Mavericks,1/15/2026,,scraped_feed_c,False
L004782,DENvs DAL,2026-01-15,American Airlines Center,scraped_feed_c,False
L004783,Denver Nuggets vs Dallas Mavericks,January 15,American Airlines Center,official_feed,False
L004784,INDvd HOU,February 3,Gainbridge Fieldhouse,scraped_feed_c,False
L004785,OU v. IND,2/3/26,GF,scraped_feed_c,False
L004786,Houston Rockets at Indiana Pacers,2/3/2026,Gainbridge Fieldhouse,official_feed,False
L004787,Houston Rockets vs Indiana Pacers,February 3,Gainbridge Fieldhouse,scraped_feed_b,False
L004788,Boston Celtics vs Washington Wizards,"December 5, 2025",Capital One Arena,partner_feed_a,False
L004789,OBS vs WAS,12/5/25,Capital One Arena,scraped_feed_b,False
L004790,  WSA  VSBOS ,"December 5, 2025",COAW,scraped_feed_b,False
L004791,BOS at WAS,"December 5, 2025",Capital One Arena,partner_feed_a,False
L004792,Cleveland Cavaliers vs Detroit Pistons,2025-10-14,Rocket Arena,official_feed,False
L004793,Cleveland Cavaliers vs Detroit Pistons,10/14/2025,Rocket Arena Cleveland,partner_feed_a,False
L004794,cleveland cavaliers cs detroit istons,10/14/2025,,scraped_feed_b,False
L004795,DET vs CLE,10/14/25,Rocket Mortgage FieldHouse,scraped_feed_b,False
L004796,Houston Rockets at Denver Nuggets,12/16/2025,Ball Arena Denver,scraped_feed_c,False
L004797,HOUSTON ROCKETS VS DENVER NUGGETS,12/16/2025,Ball Arena,partner_feed_a,False
L004798,Houston Rockets at Denver Nuggets,12/16/2025,Ball Arena,scraped_feed_c,False
L004799,Houston Rocktes v. Denevr Nuggets,December 16,Ball Arena Denver,scraped_feed_b,False
L004800,MIA&nbsp;ta NYJ,2025-12-05,MetLife Stadium,scraped_feed_c,True
L004801,MIA&nbsp;at NYJ,12/9/2025,MetLife,scraped_feed_c,True
L004802,Miami Dolphins at New York Jwts,"December 7, 2025",MetLife,scraped_feed_c,False
L004803,Miami Dolphins at New York Jets,12/7/2025,MetLife Stadium,official_feed,False
L004804,IND at CHA,1/9/26,Spectrum Center Charlotte,partner_feed_a,False
L004805,&nbsp; Charlotte  Hornets vs Indiana Pacers ,2026-01-09,Spectrum Center Charlotte,scraped_feed_c,False
L004806,CHA vs IND,2026-01-09,Time Warner Cable Arena,partner_feed_a,False
L004807,IND at CHA,1/9/2026,Spectrum Center Charlotte,partner_feed_a,False
L004808,SAS VS HOU,1/21/2026,Toyota Center (Houston),scraped_feed_b,False
L004809,San Antonio Spurs vs Houston Rockets,January 21,Toyota Center (Houston),official_feed,False
L004810,San Antonio Spurs at Houston Rockets,2026-01-21,Toyota Center (Houston),scraped_feed_b,False
L004811,SAS at fOU,"January 21, 2026",Toyota Center (Houston),scraped_feed_b,False
L004812,NEW YORK KNICKS AT CLEVELAND CAVALIERS,,Rocket Arena,scraped_feed_c,False
L004813,New York Knicks vs Cleveland Cavaliers,2026-02-25,Rocket Arena,official_feed,False
L004814,NYK at CLE,2/25/26,Rocket Arena,partner_feed_a,False
L004815,NYK at CLE,2/25/2026,Rocket Arena,partner_feed_a,False
L004816,LA Clippers at MEM,12/6/25,FedExForum,partner_feed_a,False
L004817,LA Clippers at Memphis Grizzlies,"December 6, 2025",FedExForum,official_feed,False
L004818,Memphis Grzizkies vs LA Clippers,2025-12-06,FedEx Forum,scraped_feed_c,False
L004819,LA&nbsp;Clippera vs MEM,12/6/2025,FedExForum,scraped_feed_b,False
L004820,Dallas Mavericks at Utah Jazz,"December 16, 2025",Vivint Arena,partner_feed_a,False
L004821,DA&nbsp;qt UTA,December 16,,scraped_feed_b,False
L004822,DLA at UTA,"December 16, 2025",Delta Center,scraped_feed_c,False
L004823,Dallas Mavericks at Utah Jazz,12/16/25,Delta Center,official_feed,False
L004824,New Orleans Pelicans at Utah Jazz,"February 27, 2026",Delta Center,partner_feed_a,False
L004825,Uta Jazz vs Neq Orleans Pelicans,2/27/2026,Vivint Arena,scraped_feed_c,False
L004826,Utah Jazz va Nwe Orleans Pelicans,2026-02-27,DC,scraped_feed_c,False
L004827,New Orleans Pelicans vs Utah Jazz,February 27,Delta Center,scraped_feed_b,False
L004828,New Orleans Pelicans vs Memphis Grizzlies,10/23/25,FedExForum,official_feed,False
L004829,New Orleans Pelicans at Memphis Grizzlies,"October 23, 2025",FedExForum,scraped_feed_b,False
L004830,New Orleans Pelicans vs Memphis Grizzlies,"October 23, 2025",FedExForum,official_feed,False
L004831,NOP vs MEM,"October 23, 2025",FedEx Forum,partner_feed_a,False
L004832,washingtn wizars vs milwaukee bucks,1/30/26,MCI Center,scraped_feed_c,False
L004833,Washington Wizards vs Milwaukee Bucks,2026-01-30,Capital One Arena,official_feed,False
L004834,milwaukee bucks vs washington wizards,"January 30, 2026",Capital One Arena,partner_feed_a,False
L004835,WASHNGTON WIZARDS VS MILWAUEE BUCKS,January 30,Capital One Arena Washington,scraped_feed_c,False
L004836,  CLE  at MIA ,11/11/2025,Kaseya Center,scraped_feed_c,False
L004837,miami heat vs cleveland cavaliers,November 11,FTX Arena,partner_feed_a,False
L004838,cle vs mia,11/11/25,Kaseya Center,scraped_feed_c,False
L004839,  MIAMI  HEAT VS CLEVELAND CAVALIERS ,11/11/25,Kaseya Center,scraped_feed_c,False
L004840,JAX&nbsp;at DEN,2025-12-21,Empower Field at Mile High,scraped_feed_b,False
L004841,JAX AT DEN,12/21/2025,Empower Field at Mile High,scraped_feed_c,False
L004842,den vs jax,"December 21, 2025",SAF,scraped_feed_b,False
L004843,Jacksonville Jaguars vs Denver Broncos,12/21/25,Empower Field at Mile High,official_feed,False
L004844,Green Bay Packers vs Arizona Cardinals,10/19/25,,partner_feed_a,False
L004845,  Green  Bay Packers at Arizona Cardinals ,2025-10-19,State Farm Stadium,scraped_feed_b,False
L004846,Green ay Packers vs Arizona Cardinals,10/19/25,State Farm Stadium,scraped_feed_b,False
L004847,Green Bay Packers vs Arizona Cardinals,October 19,State Farm Stadium,official_feed,False
L004848,New York Knicks at Minnesota Timberwolves,December 24,Target Center,official_feed,False
L004849,New York Knicks vs Minnesota Timberwolves,December 24,Target Center,official_feed,False
L004850,MIN VS BYK,2025-12-24,Target Center,scraped_feed_c,False
L004851,Minnesota Timberwolves vs New York Knicks,December 24,Target Center,official_feed,False
L004852,  Philadelphia  76ers @ Los Angeles aLkers ,February 6,crypto.com Arena,scraped_feed_c,False
L004853,Los Angeles Lakers vs Philadelphia 76ers,February 6,crypto.com Arena,official_feed,False
L004854,philadelphia 76ers vs los angeles lakers,2026-02-06,crypto.com Arena,scraped_feed_c,False
L004855,PHI vs LAL,2/6/2026,A,scraped_feed_b,False
L004856,  Dallas  Mavericks v. Utah Jazz ,2026-01-16,American Airlines Center,scraped_feed_c,False
L004857,UTA @ DAL,1/16/26,A,scraped_feed_b,False
L004858,Utah Jazz vs Dallas Mavericks,January 16,American Airlines Center,official_feed,False
L004859,Utah Jazz at Dallas Mavericks,,American Airlines Center,partner_feed_a,False
L004860,SAS vs MIN,"December 1, 2025",Target Center,partner_feed_a,False
L004861,sas at min,"December 1, 2025",Target Center,partner_feed_a,False
L004862,SAS at MIN,2025-12-01,Target Center,partner_feed_a,False
L004863,minnesota timberwolves vs san antonio spurs,12/1/2025,Target Center Minneapolis,partner_feed_a,False
L004864,  okc  vs mil ,,Fiserv Forum Milwaukee,scraped_feed_b,True
L004865,Oklahoma City Thunder vs Milwaukee Bucks,"October 15, 2025",Fiserv Forum,official_feed,False
L004866,Oklahoma City Thunder vs Milwaukee Bucks,"October 15, 2025",Fiserv Forum,partner_feed_a,False
L004867,Oklahoma City Thunder vs Milwaukee Bucks,10/15/2025,Fiserv Forum,official_feed,False
L004868,  Boston  Celtics vs Miami Heat ,2/7/26,TD Garden,scraped_feed_c,False
L004869,MIANI&nbsp;HEAT VS BOSTON CELTOCS,"February 7, 2026",,scraped_feed_c,False
L004870,Miami Heat vs Boston Celtics,2026-02-07,TD Garden Boston,partner_feed_a,False
L004871,MIA vs BOS,2/7/26,Fleet Center,scraped_feed_b,False
L004872,Houston Rockets at Utah Jazz,November 30,Delta Center,official_feed,False
L004873,Houston Rockets vs Utah Jazz,November 30,Delta Center,partner_feed_a,False
L004874,  Houston  Rockets at Utah Jzz ,11/30/25,DC,scraped_feed_b,False
L004875,Utah Jazz vs Houston Rockets,2025-11-30,Delta Center,official_feed,False
L004876,orl ar phi,"November 26, 2025",Xfinity Mobile Arena,scraped_feed_c,False
L004877,Orlando Magic vs Philadelphia 76ers,11/26/2025,Xfinity Mobile Arena,official_feed,False
L004878,ORLANDO MAGIC VS PHILADELPHIA 76ERS,November 26,,scraped_feed_c,False
L004879,PH Ivs ORL,,Xfinity Mobile Arena,scraped_feed_c,False
L004880,lal v. okc,5/4/2026,Paycom Center,scraped_feed_c,True
L004881,Oklahoma City Thunder v. Los Angeles Lakers,,CEA,scraped_feed_b,False
L004882,Oklahoma City Thunder vs Los Angeles Lakers,5/6/2026,Paycom Center,official_feed,False
L004883,  Los  Angeles Lakers @ Oklahoma City Thunder ,5/6/26,,scraped_feed_b,False
L004884,Cleveland Cavaliers vs LA Clippers,November 23,Rocket Arena,official_feed,False
L004885,  LA  CLIPPERS TA CEL ,November 23,Rocket Mortgage FieldHouse,scraped_feed_c,False
L004886,LA Clippers vs Cleveland Cavaliers,November 23,Rocket Arena,official_feed,False
L004887,Cleveland Cavaliers vs LA Clippers,11/23/25,Rocket Arena,official_feed,False
L004888,  San  Antonio Spurs vs Minnesota Timberwolves ,5/5/2026,AT&T Center,scraped_feed_c,False
L004889,SAS vs MIN,May 5,Frost Bank Center,scraped_feed_b,False
L004890,sas vs min,May 5,Frost Bank Center,partner_feed_a,False
L004891,San Antonio Spurs vs Minnesota Timberwolves,5/5/2026,Frost Bank Center,official_feed,False
L004892,Indiana Pacers at Orlando Magic,2026-03-23,Kia Center,official_feed,False
L004893,  IND  @ RL ,"March 23, 2026",Kia Center,scraped_feed_b,False
L004894,Orlando Magic vs Indiana Pacers,3/23/26,Kia Center,official_feed,False
L004895,Orlando Magic vs Indiana Pacers,3/23/26,Kia Center,official_feed,False
L004896,Memphis Grizzlies vs Atlanta Hawks,1/22/26,FedExForum,official_feed,False
L004897,MEMPHIS GRIZZLIES VS ATLANTA HAWKS,1/22/26,,partner_feed_a,False
L004898,Atlanta Hawks at Memphis Grizzlies,1/22/2026,FedExForum,official_feed,False
L004899,ATL @ MEM,1/22/2026,FedEx Forum,scraped_feed_c,False
L004900,Phoenix Suns at LA Clippers,11/9/2025,Intuit Dome,official_feed,False
L004901,Phoenix Suns vs LA Clippers,11/9/2025,Intuit Dome,partner_feed_a,False
L004902,PHX at LA Clippers,11/9/2025,Intuit Dome Los Angeles,partner_feed_a,False
L004903,PHX vs LA Clippers,2025-11-09,Intuit Dome Los Angeles,scraped_feed_b,False
L004904,san antonio spurs at minnesota timberwolves,2026-05-11,,scraped_feed_c,True
L004905,Minnesota Timberwolves v. San Antonio Spurs,"May 10, 2026",,scraped_feed_b,False
L004906,  San  Antonio Spurs at Minnesota Timberwolves ,May 10,,scraped_feed_c,False
L004907,San Antonio Spurs vs Minnesota Timberwolves,"May 10, 2026",Target Center,official_feed,False
L004908,  POHENIX  SUNS AT OKLAHOMA CITY THUNDER ,2025-12-11,Paycom Center,scraped_feed_b,False
L004909,Phoenix Suns at Oklahoma City Thunder,2025-12-11,Paycom Center,scraped_feed_b,False
L004910,  PHOENIX  SUNS VS OKLAHIMA CITY THUNDER ,,Paycom Center,scraped_feed_b,False
L004911,PHX vs OKC,December 11,Paycom Center,partner_feed_a,False
L004912,nIN vsC HI,January 23,Target Center,scraped_feed_c,False
L004913,CHI&nbsp;vs MIN,January 23,Target Center,scraped_feed_c,False
L004914,Chicago Bulls at Minnesota Timberwolves,1/23/26,Target Center Minneapolis,scraped_feed_c,False
L004915,Chicago Bulls @ Minnesota Timberwolves,1/23/26,Target Center,scraped_feed_b,False
L004916,Houston Rockets at Los Angeles Lakers,"April 19, 2026",crypto.com Arena,official_feed,False
L004917,HOU at LAL,,A,scraped_feed_c,False
L004918,Los Angeles Lakers vs Houston Rockets,"April 19, 2026",crypto.com Arena,official_feed,False
L004919,hou at lal,April 19,crypto.com Arena,partner_feed_a,False
L004920,  GOLDEN  STATE WARRIORS AT MINNESOTA TIMBERWOLVES ,January 24,Target Center,scraped_feed_c,False
L004921,Minnesta Timberwolves vs Golden tate Warriors,1/24/26,Target Center,scraped_feed_b,False
L004922,  GSW  vs MIN ,January 24,TCM,scraped_feed_b,False
L004923,Golden State Warriors at Minnesota Timberwolves,January 24,Target Center,partner_feed_a,False
L004924,NOP vs WAS,,Capital One Arena,scraped_feed_b,False
L004925,was vs nop,1/10/26,Verizon Center,scraped_feed_b,False
L004926,WAS vs NOP,"January 10, 2026",Verizon Center,scraped_feed_c,False
L004927,New Orleans Pelicans at Washington Wizards,1/10/2026,Verizon Center,partner_feed_a,False
L004928,Oklahoma City Thunder at Indiana Pacers,10/23/2025,,partner_feed_a,False
L004929,IDN vsO KC,2025-10-23,Conseco Fieldhouse,scraped_feed_c,False
L004930,  KC  s IND ,10/25/25,Gainbridge Fieldhouse,scraped_feed_b,True
L004931,Oklahoma xity Thunder vs Indiana Pacers,10/25/25,Gainbridge Fieldhouse,scraped_feed_c,True
L004932,DEN vs MIN,,Target Center Minneapolis,partner_feed_a,False
L004933,min vs den,2025-11-16,Target Center,scraped_feed_c,False
L004934,MIN vs DEN,2025-11-16,Target Center Minneapolis,partner_feed_a,False
L004935,Denver Nuggets at Minnesota Timberwolves,November 16,Target Center Minneapolis,partner_feed_a,False
L004936,Orlando Magic vs Milwaukee Bucks,"February 12, 2026",Kia Center,official_feed,False
L004937,orlando magic vs milwaukee bucks,2026-02-12,Kia Center,partner_feed_a,False
L004938,orl vs mil,2026-02-12,Kia Center,partner_feed_a,False
L004939,Milwaukee Bucks @ Orlando Magic,,Kia Center,scraped_feed_b,False
L004940,HOU vs EN,November 22,TC,scraped_feed_b,False
L004941,HOU vs DEN,2025-11-22,TC,scraped_feed_b,False
L004942,hou vs den,November 22,Toyota Center (Houston),scraped_feed_c,False
L004943,Denver Nuggets at Houston Rockets,"November 22, 2025",Toyota Center (Houston),official_feed,False
L004944,Memphis Grizzlies vs Charlotte Hornets,3/21/2026,,official_feed,False
L004945,Charlotte Hornets vs Memphis Grizzlies,March 21,Spectrum Center,official_feed,False
L004946,Memphis Grizzlies at Charlotte Hornets,3/21/2026,Spectrum Center,official_feed,False
L004947,Charlotte Hornets vs Memphis Grizzlies,March 21,Spectrum Center,official_feed,False
L004948,SACRAMENTO&nbsp;KINGS AT BROOKLYN NETS,3/29/26,Barclays Center,scraped_feed_c,False
L004949,SACRAMENTO KINGS VS BROOKLYN NETS,,BCB,scraped_feed_b,False
L004950,sac vs bkn,"March 29, 2026",Barclays Center,partner_feed_a,False
L004951,Sacramento Kings vs Brooklyn Nets,3/29/2026,Barclays Center,official_feed,False
L004952,Orlando Magic at Chicago Bulls,April 11,United Center Chicago,partner_feed_a,False
L004953,Orlando Magic vs Chicago Bulls,"April 11, 2026",United Center,official_feed,False
L004954,ORLANDO MAGIC AT CHICAGO BULLS,2026-04-13,United Center,scraped_feed_b,True
L004955,Orlando Magic vs Chicago Bulls,4/11/2026,United Center Chicago,partner_feed_a,False
L004956,  CL  at NY ,"October 22, 2025",Madison Square Garden,scraped_feed_b,False
L004957,New York Knicks vs Cleveland Cavaliers,"October 22, 2025",Madison Square Garden,official_feed,False
L004958,Cleveland Cavaliers vs New York Knicks,10/22/2025,Madison Square Garden,official_feed,False
L004959,CLE VS NYK,"October 22, 2025",Madison Square Garden,partner_feed_a,False
L004960,Washington Wizards vs Detroit Pistons,3/19/2026,Capital One Arena,official_feed,False
L004961,Washington Wizards vs Detroit Pistons,3/19/2026,Capital One Arena,official_feed,False
L004962,Washington Wizards vs Detroit Pistons,March 19,Capital One Arena,official_feed,False
L004963,WAS vs DET,March 19,MCI Center,partner_feed_a,False
L004964,Portland Trail Blazers vs Golden State Warriors,2025-11-22,Chase Center,partner_feed_a,False
L004965,Portland Trail Blazers vs Golden State Warriors,2025-11-22,Chase Center,official_feed,False
L004966,GSW vs POR,2025-11-22,Chase Center Arena,partner_feed_a,False
L004967,  golden  state warriors vs portland trail blazers ,,Chase Center,scraped_feed_c,True
L004968,YNK vs HPI,5/10/26,Xfinity Mobile Arena,scraped_feed_c,False
L004969,PHI vs NYK,5/10/26,XMA,scraped_feed_b,False
L004970,nyk at phi,May 10,Xfinity Mobile Arena,partner_feed_a,False
L004971,New York Knicks vs Philadelphia 76ers,May 10,Xfinity Mobile Arena,official_feed,False
L004972,Los Angeles Rams at Jacksonville Jaguars,2025-10-19,Wembley Stadium,official_feed,False
L004973,los angeles rams at jacksonville jaguar,"October 19, 2025",Wembley Stadium,scraped_feed_c,False
L004974,Los Angeles Rams vs Jacksonville Jaguars,"October 19, 2025",Wembley Stadium,partner_feed_a,False
L004975,lar at jax,2025-10-19,Wembley Stadium,partner_feed_a,False
L004976,SF vs CAR,11/25/25,Levi's Stadium,scraped_feed_c,False
L004977,CAROLINA PANTHERS VS SAN FRANCISCO 49ERD,"November 25, 2025",,scraped_feed_b,False
L004978,San Francisco 49ers vs Carolina Panthers,"November 25, 2025",Levi's Stadium,official_feed,False
L004979,SanFrancisco 49ers vs Caroliba Panthers,"November 25, 2025",,scraped_feed_b,False
L004980,Miami Heat vs San Antonio Spurs,3/23/26,Kaseya Center,partner_feed_a,False
L004981,  MIA  CS SA ,2026-03-23,Kaseya Center,scraped_feed_b,False
L004982,San&nbsp;Antonio Spurs at Miami Heat,2026-03-23,Kaseya Center,scraped_feed_c,False
L004983,SAS AT MIQ,March 23,Kaseya Center,scraped_feed_b,False
L004984,hou vs la clpipers,February 9,,scraped_feed_b,True
L004985,LA Clippers vs Houston Rockets,2026-02-11,Toyota Center (Houston),official_feed,False
L004986,LA Clippers vs Houston Rockets,2026-02-11,TC,scraped_feed_c,False
L004987,LA Clippers vs Houston Rockets,"February 11, 2026",Toyota Center (Houston),partner_feed_a,False
L004988,  TOR  v. DEN ,2026-03-21,Pepsi Center,scraped_feed_b,False
L004989,TO Rvs DEN,3/21/2026,Ball Arena,scraped_feed_b,False
L004990,DEN vs TOR,2026-03-21,Ball Arena,partner_feed_a,False
L004991,Denver Nuggets vs Toronto Raptors,March 21,Ball Arena,official_feed,False
L004992,Chicago Bulls vs Toronto Raptors,2026-02-20,United Center,official_feed,False
L004993,CHI vs TOR,2026-02-20,United Center Chicago,scraped_feed_b,False
L004994,Toronto Raptors vs Chicago Bulls,2/20/26,United Center,official_feed,False
L004995,  Toronto  Raptors @ Chicago Bulls ,"February 20, 2026",United Center,scraped_feed_c,False
L004996,ARI AT IND,10/12/2025,Lucas Oil Stadium,partner_feed_a,False
L004997,IND&nbsp;VS ARI,,Lucas Oil Stadium,scraped_feed_c,True
L004998,IND vs ARI,2025-10-12,Lucas Oil Stadium,partner_feed_a,False
L004999,  ARI  at IND ,10/12/25,Lucas Oil Stadium,scraped_feed_b,False
L005000,Brooklyn Nets at Minnesota Timberwolves,12/28/2025,Target Center,official_feed,False
L005001,bkn at min,12/28/2025,Target Center Minneapolis,partner_feed_a,False
L005002,MIN vs BKN,December 28,Target Center,scraped_feed_c,False
L005003,Brooklyn Nets at Minnesota Timberwolves,2025-12-28,Target Center,official_feed,False
L005004,Portland Trail Blazres vs Dallas Mavericks,2025-11-17,American Airlines Center,scraped_feed_b,False
L005005,Portland Trail Blazers vs Dallas Mavericks,2025-11-17,,scraped_feed_c,False
L005006,DALLAS MAVWRICKS VS PORTLANF TRAIL BLAZERS,November 17,,scraped_feed_b,False
L005007,Portland Trail Blazers vs Dallas Mavericks,November 17,American Airlines Center,official_feed,False
L005008,CHA&nbsp;AT LAL,1/16/2026,crypto.com Arena,scraped_feed_b,False
L005009,CHA at LAL,1/16/26,crypto.com Arena,scraped_feed_c,False
L005010,  ALVS  CHA ,January 16,crypto.com Arena,scraped_feed_b,False
L005011,Charlotte Hornets @ Los Angeles Lakres,1/16/26,,scraped_feed_b,False
L005012,New Orleans Pelicans vs Melbourne Pnx,10/5/2025,Rod Laver Arena,scraped_feed_c,False
L005013,Melbourne Pnx at New Orleans Pelicans,October 5,Rod Laver Arena,scraped_feed_c,False
L005014,New Orleans Pelicans vs Melbourne Pnx,"October 5, 2025",Rod Laver Arena,official_feed,False
L005015,  Melborune  onx vs NOP ,October 5,RLA,scraped_feed_b,False
L005016,Boston Celtics vs New York Knicks,10/24/25,Madison Square Garden,official_feed,False
L005017,OBS at NYK,10/24/2025,Madison Square Garden Arena,scraped_feed_c,False
L005018,BOSTON CELTICS VS NEW YORK KNICKS,10/24/25,Madison Square Garden Arena,partner_feed_a,False
L005019,New York Knicks vs Boston Celtics,2025-10-24,Madison Square Garden,partner_feed_a,False
L005020,Milwaukee Bucks vs Washington Wizards,January 1,Fiserv Forum,official_feed,False
L005021,Washington Wizards vs Milwaukee Bucks,2026-01-01,Fiserv Forum,partner_feed_a,False
L005022,Washington Wizards vs Milwaukee Bucks,"January 1, 2026",Fiserv Forum,official_feed,False
L005023,Milwaukee Bucks vs Washington Wizards,1/1/26,Fiserv Forum,scraped_feed_c,False
L005024,Chicago Bears vs Philadelphia Eagles,11/28/2025,Lincoln Financial Field,official_feed,False
L005025,chiago bears vs phikadelphia eagles,"November 28, 2025",Lincoln Financial Field,scraped_feed_b,False
L005026,chicago bears at philadelphia eagles,11/28/25,Lincoln Financial Field,partner_feed_a,False
L005027,CHI VS PHI,2025-11-28,Lincoln Financial Field,scraped_feed_b,False
L005028,Los Angeles Rams at Seattle Seahawks,12/19/2025,Lumen Field,official_feed,False
L005029,LRA vs SrA,2025-12-19,CenturyLink Field,scraped_feed_b,False
L005030,Los Angeles Rams at Seattle Seahawks,2025-12-19,Lumen Field,official_feed,False
L005031,Seattle Seahawks vs Los Angeles Rams,12/19/2025,Lumen Field,official_feed,False
L005032,  BROOKLYN  NETS AT SAN ATONIO SURS ,2025-10-26,Frost Bank Center,scraped_feed_c,False
L005033,  BKN  AT DAS ,2025-10-24,,scraped_feed_b,True
L005034,BKN at SAS,"October 26, 2025",Frost Bank Center,partner_feed_a,False
L005035,Brooklun Nets @ San Antonio Spurs,10/26/2025,Frost Bank Center,scraped_feed_b,False
L005036,New York Giants vs Philadelphia Eagles,10/26/25,Lincoln Financial Field,official_feed,False
L005037,New York Giants v. Philadelphia Eagles,"October 26, 2025",The Linc,scraped_feed_c,False
L005038,New York Giants vs Philadelphia Eagles,10/26/2025,Lincoln Financial Field,official_feed,False
L005039,New York Giants vs Philadelphia Eagles,"October 26, 2025",Lincoln Financial Field,partner_feed_a,False
L005040,cincinnati brngals vs detroit lions,10/5/2025,Paycor Stadium,scraped_feed_b,False
L005041,DET at CIN,"October 5, 2025",Paycor Stadium,partner_feed_a,False
L005042,  DET  @ CIN ,2025-10-05,PBS,scraped_feed_b,False
L005043,DET VS CIN,October 5,PS,scraped_feed_b,False
L005044,&nbsp; POR  v. IND ,3/9/26,Moda Center,scraped_feed_b,False
L005045,Portland Trail Blazers vs Indiana Pacers,3/9/2026,Moda Center,official_feed,False
L005046,IND AT POR,3/9/2026,Moda Center,scraped_feed_b,False
L005047,IND v. POR,2026-03-09,Rose Garden,scraped_feed_b,False
L005048,Memphis Grizzlies at Washington Wizards,December 28,Capital One Arena,official_feed,False
L005049,MEM AT WAS,12/28/2025,Capital One Arena Washington,scraped_feed_c,False
L005050,washington wizards vs memphis grizzlies,12/28/25,Capital One Arena Washington,partner_feed_a,False
L005051,WAS v. MEM,12/28/25,COAW,scraped_feed_b,False
L005052,MIN vs LA Clippers,December 7,Target Center,scraped_feed_b,False
L005053,Minnesota Timberwolves vs LA Clippers,2025-12-07,Target Center,official_feed,False
L005054,Minnesota Timberwolves vs LA Clippers,12/9/25,Target Center,scraped_feed_c,True
L005055,LA Clippers vs Minnesota Timberwolves,December 7,Target Center,official_feed,False
L005056,CHA @ DEN,,PC,scraped_feed_c,False
L005057,CHA vsD EN,January 19,BA,scraped_feed_b,False
L005058,DEN vs CHA,January 19,Ball Arena,scraped_feed_c,False
L005059,DEN bs CHA,"January 19, 2026",,scraped_feed_b,False
L005060,  sa  sar lal ,,crypto.com Arena,scraped_feed_b,False
L005061,San Antonio Spurs at Los Angeles Lakrs,"December 11, 2025",crypto.com Arena,scraped_feed_c,False
L005062,LAL v. SAS,12/11/2025,A,scraped_feed_b,False
L005063,San Antonio Spurs at Los Angeles Lakers,December 11,crypto.com Arena,official_feed,False
L005064,Miami Heat vs Washington Wizards,"April 4, 2026",Kaseya Center,official_feed,False
L005065,Washington Wizards at Miami Heat,2026-04-04,Kaseya Center,partner_feed_a,False
L005066,Washington Wizards vs Miami Heat,"April 4, 2026",Kaseya Center,official_feed,False
L005067,WAS VS MIA,2026-04-04,FTX Arena,partner_feed_a,False
L005068,  chi  v. orl ,1/3/2026,United Center,scraped_feed_b,False
L005069,CHI vs ORL,January 3,United Center,partner_feed_a,False
L005070,  orlando  magic vs chicago bulls ,2026-01-03,United Center Chicago,scraped_feed_c,False
L005071,Chicago Bulls vs Orlando Magic,January 3,United Center,official_feed,False
L005072,LAL VS DET,12/31/25,,partner_feed_a,False
L005073,Detroit Pistons vs Los Angeles Lskers,December 31,crypto.com Arena,scraped_feed_b,False
L005074,Los Angeles Lakers vs Detroit Pistons,12/31/25,crypto.com Arena,partner_feed_a,False
L005075,Detroit Pistons at Los Angeles Lakers,December 31,crypto.com Arena,partner_feed_a,False
L005076,Kansas City Chiefs vs Tennessee Titans,"December 21, 2025",Nissan Stadium,official_feed,False
L005077,Kansas Citt Chiefs at Tennessee Titans,12/21/2025,NS,scraped_feed_b,False
L005078,C AT TWN,,LP Field,scraped_feed_c,False
L005079,KC vs TEN,"December 21, 2025",Nissan Stadium,partner_feed_a,False
L005080,NE VS CLE,2025-10-26,Gillette,partner_feed_a,False
L005081,New England Patriots vs Cleveland Browns,October 26,Gillette Stadium,official_feed,False
L005082,EN vsCLE,October 26,Gillette Stadium,scraped_feed_b,False
L005083,new england patriots vs cleveland browns,10/24/25,G,scraped_feed_c,True
L005084,Washington Wizards vs Detroit Pistons,"November 11, 2025",Little Caesars Arena,official_feed,False
L005085,Washington Wizards at Detroit Pistons,2025-11-11,,partner_feed_a,False
L005086,Washington Wizards at Detroit Pistons,November 11,Little Caesars Arena Detroit,partner_feed_a,False
L005087,WAS vs DET,11/11/2025,Little Caesars Arena,partner_feed_a,False
L005088,Memphis&nbsp;Grizzlies v. Boston Celtics,"November 13, 2025",TD Garden,scraped_feed_c,False
L005089,BOS  MEM,November 13,TGB,scraped_feed_b,False
L005090,Memphis Grizzlies @ Boston Celtics,"November 13, 2025",TD Garden,scraped_feed_c,False
L005091,Memphis Grizzlies vs Bostno Celtics,2025-11-13,Fleet Center,scraped_feed_b,False
L005092,DET vs LAR,12/14/25,SoFi Stadium,partner_feed_a,False
L005093,Los Angeles Rams vs Detroit Lions,2025-12-14,SoFi Stadium,official_feed,False
L005094,DETROIT LIONS AT LOS ANGELES RAMS,December 14,SoFi Stadium Los Angeles,partner_feed_a,False
L005095,Detroit&nbsp;Lions t Los Angeles Rams,2025-12-14,SoFi Stadium Los Angeles,scraped_feed_b,False
L005096,Minnesota Timberwolves v. Dallas Mavericks,2025-11-18,,scraped_feed_b,False
L005097,Dallas Mavericks vs Minnesota Timberwolves,November 18,,partner_feed_a,False
L005098,Minnesota Timberwolves vs Dallas Mavericks,2025-11-18,Target Center,official_feed,False
L005099,Dallas Mavericks vs Minnesota Timberwolves,2025-11-18,Target Center,scraped_feed_b,False
L005100,New York Knicks vs Brooklyn Nets,November 9,Madison Square Garden,official_feed,False
L005101,NYK v. BKN,November 9,,scraped_feed_c,False
L005102,Brooklyn Nets vs New York Knicks,"November 9, 2025",Madison Square Garden,official_feed,False
L005103,BKN vsN YK,2025-11-09,MSG,scraped_feed_b,False
L005104,  Toronto  Raptors @ Charlotte Hornets ,2026-01-08,Spectrum Center Charlotte,scraped_feed_b,False
L005105,CHA&nbsp;vs TOR,2026-01-08,Spectrum Center,scraped_feed_b,False
L005106,CHARLOTET&nbsp;HORNETS VS TORONOT RAPTORS,January 8,Time Warner Cable Arena,scraped_feed_b,False
L005107,tor vs cha,1/8/2026,Spectrum Center,partner_feed_a,False
L005108,MIA at OHU,3/22/26,Toyota Center (Houston),scraped_feed_c,False
L005109,  HOU  vs MIA ,2026-03-22,,scraped_feed_c,False
L005110,Miami Heat v Houston Rockets,3/22/2026,Toyota Center (Houston),scraped_feed_b,False
L005111,miq at hou,3/22/2026,Toyota Center (Houston),scraped_feed_c,False
L005112,CHICAGO BULLS VS CLEVELAND CAVALIERS,"October 7, 2025",Rocket Arena,partner_feed_a,False
L005113,Chicago Bulls at Cleveland Cavaliers,2025-10-07,Rocket Arena,official_feed,False
L005114,CHI AT CLE,"October 7, 2025",Rocket Arena,scraped_feed_c,False
L005115,CLE vsC HI,October 7,Rocket Arena,scraped_feed_b,False
L005116,BUF at CAR,10/26/2025,Bank of America Stadium,partner_feed_a,False
L005117,Buffalo Bills vs Carolina Panthers,10/26/25,Bank of America Stadium,scraped_feed_c,False
L005118,Buffalo Bills vs Carolina Pantehrs,2025-10-26,Bank of America Stadium,scraped_feed_c,False
L005119,BUF at CAR,10/26/25,Bank of America Stadium,partner_feed_a,False
L005120,ATLANTA HAWKS VS NE WYORK KNCKS,4/6/26,State Farm Arena Atlanta,scraped_feed_b,False
L005121,New York Knicks vs Atlanta Hawks,April 6,State Farm Arena,official_feed,False
L005122,New York Knicks at Atlanta Hawks,4/6/2026,State Farm Arena,official_feed,False
L005123,NEW YORK KNICKS VS ATLANTA HAWKS,4/6/2026,State Farm Arena,partner_feed_a,False
L005124,LA Clippers at New York Knicks,1/8/26,Madison Square Garden,official_feed,False
L005125,New York Knicks vs LA Clippers,January 8,Madison Square Garden,official_feed,False
L005126,NYK vs LA Clippers,1/8/26,Madison Square Garden,scraped_feed_b,False
L005127,LA Clippers vs New York Knicks,1/8/2026,Madison Square Garden,official_feed,False
L005128,NOP vsLA Clippers,2026-03-19,Smoothie King Center,scraped_feed_c,False
L005129,LA CLPIPERD VS NOP,March 19,Smoothie King Center,scraped_feed_b,False
L005130,  LA  Clippers atNOP ,March 19,New Orleans Arena,scraped_feed_b,False
L005131,New Orleans Pelicans v. LA Clippers,March 19,Smoothie King Center,scraped_feed_c,False
L005132,  dn  vs lv ,12/7/25,Allegiant Stadium,scraped_feed_c,False
L005133,Denver Broncos at Las Vegas Raiders,"December 7, 2025",Allegiant Stadium,official_feed,False
L005134,DEN vs LV,12/7/2025,,scraped_feed_b,False
L005135,Denver rBoncos v. Las Vegas Riders,,Allegiant Stadium Las Vegas,scraped_feed_c,False
L005136,lv&nbsp;s jc,October 19,,scraped_feed_c,False
L005137,LV at KC,10/20/25,Arrowhead Stadium,scraped_feed_c,True
L005138,LAS VEGAS RAIDERS AT KANSAS CITY CHIEFS,10/19/25,Arrowhead Stadium,partner_feed_a,False
L005139,Kansas City Chiefs vs Las Vegas Raiders,"October 19, 2025",Arrowhead Stadium,official_feed,False
L005140,MIA vs MIN,2026-01-03,Kaseya Center,partner_feed_a,False
L005141,min vs mia,January 3,FTX Arena,partner_feed_a,False
L005142,Miami Heat vs Minnesota Timberwolves,1/3/2026,Kaseya Center,partner_feed_a,False
L005143,Miami Heat vs Minnesota Timberwolves,"January 3, 2026",Kaseya Center,scraped_feed_c,False
L005144,New Orleans Pelicans at San Antonio Spurs,2026-01-26,Frost Bank Center,official_feed,False
L005145,  NEW  ORLEANS PELICANS VS SAN ANTONIO SPURS ,January 26,FBC,scraped_feed_b,False
L005146,NOP va SAS,"January 26, 2026",,scraped_feed_c,False
L005147,New Orleans Pelicans at San Antonio Spurs,"January 26, 2026",Frost Bank Center,partner_feed_a,False
L005148,det at por,December 23,Moda Center,partner_feed_a,False
L005149,Detroit Pistons vs Portland Trail Blazers,"December 23, 2025",Moda Center,official_feed,False
L005150,Detroit Pistons at Portland Trail Blazers,12/23/2025,Moda Center,scraped_feed_b,False
L005151,DET vs POR,12/23/25,Moda Center,partner_feed_a,False
L005152,HOU vs LAL,April 22,crypto.com Arena,scraped_feed_b,False
L005153,Houston Rockets at Los Angeles Lakers,"April 22, 2026",crypto.com Arena,official_feed,False
L005154,  HO  Uvs LAL ,April 22,crypto.com Arena,scraped_feed_b,False
L005155,Houston Rockets vs Los Angeles Lakers,4/22/2026,crypto.com Arena,official_feed,False
L005156,Philadelphia 76ers vs Phoenix Suns,2026-01-21,Xfinity Mobile Arena,official_feed,False
L005157,philadelphia 76ers v. phoenix suns,1/21/2026,Xfinity Mobile Arena,scraped_feed_c,False
L005158,Phoenix Suns vs Philadelphia 76ers,1/21/26,Xfinity Mobile Arena,official_feed,False
L005159,Philadelphia 76ers vs Phoenix Suns,January 21,Xfinity Mobile Arena,official_feed,False
L005160,IND at DET,11/18/2025,Little Caesars Arena Detroit,partner_feed_a,False
L005161,Detroit Pistons v. Indiana Pacers,November 18,Little Caesars Arena,scraped_feed_c,False
L005162,det vs ind,November 18,,scraped_feed_b,False
L005163,Indiana Pacers vs Detroit Pistons,2025-11-18,Little Caesars Arena,official_feed,False
L005164,  LAL  vs UTA ,4/11/2026,crypto.com Arena,scraped_feed_c,True
L005165,Utah Jazz vs Los Angeles Lakers,,crypto.com Arena,scraped_feed_b,False
L005166,Los Angeles Lakers vs Utah Jazz,4/13/2026,crypto.com Arena,scraped_feed_b,False
L005167,Los Angeles Lakers vs Utah Jazz,April 13,crypto.com Arena,official_feed,False
L005168,Sacramento Kings vs Chicago Bulls,2026-03-09,Golden 1 Center,partner_feed_a,False
L005169,Chicago Bulls at Sacramento Kings,March 9,Golden 1 Center,official_feed,False
L005170,Chicago Bulls vs Sacramento Kings,3/9/26,Golden 1 Center Sacramento,scraped_feed_b,False
L005171,Chicago Bulls at Sacramento Kings,"March 9, 2026",Golden 1 Center Sacramento,partner_feed_a,False
L005172,Charlotte Hornets v. Chicago Bulls,2025-12-15,SC,scraped_feed_c,True
L005173,CHI vs CHA,December 13,Spectrum Center,partner_feed_a,False
L005174,  Charlotte  Hornets v. Chicago Bulls ,12/13/25,Spectrum Center,scraped_feed_b,False
L005175,Chicago Bylls vs Charlotte Hornets,2025-12-13,,scraped_feed_c,False
L005176,DET t WAS,,Capital One Arena,scraped_feed_b,False
L005177,  WASvs  DET ,"March 17, 2026",COAW,scraped_feed_b,False
L005178,Detroit Pistons at Washington Wizards,March 17,Capital One Arena,official_feed,False
L005179,Detroit Pistons at Washington Wizarsd,"March 15, 2026",Capital One Arena,scraped_feed_b,True
L005180,  NOP  at A Clppers ,"November 1, 2025",ID,scraped_feed_c,False
L005181,  New  Orleans Pelicans at LA Clippers ,"November 1, 2025",Intuit Dome,scraped_feed_b,False
L005182,NOP AT LA CLIPPERS,2025-11-01,Intuit Dome,partner_feed_a,False
L005183,  LA  Clippers v. New Orleans Pelicans ,,Intuit Dome,scraped_feed_c,False
L005184,TORONTO RAPTORS AT PHILADELPHIA 76ERS,2025-11-09,Xfinity Mobile Arena,partner_feed_a,False
L005185,Philadelphia 76ers v. Toronto Raptors,November 9,Xfinity Mobile Arena,scraped_feed_c,False
L005186,TOR at PHI,"November 9, 2025",,partner_feed_a,False
L005187,&nbsp; toronot  raptros vs philadelphia 76ers ,"November 9, 2025",Xfinity Mobile Arena,scraped_feed_b,False
L005188,Portland Trail Blazers vs Brooklyn Nets,2026-03-24,Moda Center Portland,scraped_feed_b,False
L005189,Portland Trail Blazers vs Brooklyn Nets,3/24/26,Moda Center,official_feed,False
L005190,POR vs BKN,March 24,Moda Center Portland,partner_feed_a,False
L005191,Brooklyn Nets vs Portland Trail Blazers,"March 24, 2026",Moda Center,official_feed,False
L005192,OKC vs LA Clippers,April 9,Intuit Dome,partner_feed_a,False
L005193,OKC&nbsp;at LA Clippers,4/9/26,ID,scraped_feed_b,False
L005194,OKLAHOMA CITY THUNDER VS LA CLIPPERS,4/9/2026,Intuit Dome,scraped_feed_b,False
L005195,OKC at LA Clippers,April 9,,scraped_feed_b,False
L005196,philadelphia 76ers at indiana pacers,February 25,Gainbridge Fieldhouse,partner_feed_a,False
L005197,PHI vs IND,2026-02-25,Gainbridge Fieldhouse,partner_feed_a,False
L005198,Indiana Pacers vs Philadelphia 76ers,2/25/2026,Gainbridge Fieldhouse,official_feed,False
L005199,Philadelphia 76ers vs Indiana Pacers,"February 25, 2026",Gainbridge Fieldhouse,partner_feed_a,False
L005200,Houston Rockets vs Utah Jazz,10/9/25,Toyota Center (Houston),official_feed,False
L005201,UTAH JAZZ VS HOUSTON ROCKETS,2025-10-09,,partner_feed_a,False
L005202,Utah Jazz vs Houston Rockets,October 9,Toyota Center (Houston),partner_feed_a,False
L005203,Houston Rockets vs Utah Jazz,October 9,Toyota Center (Houston),official_feed,False
L005204,Utah Jazz vs Phoenix Suns,November 1,Mortgage Matchup Center,official_feed,False
L005205,&nbsp; PHX  vs UTA ,"November 1, 2025",Mortgage Matchup Center,scraped_feed_c,False
L005206,  Phoenix  Suns vs tiah Jazz ,"November 1, 2025",Mortgage Matchup Center,scraped_feed_c,False
L005207,Phoenix Suns vs Utah Jazz,11/1/25,Mortgage Matchup Center,official_feed,False
L005208,  WAS  atDAL ,October 19,CS,scraped_feed_b,False
L005209,Dallas Cowboys vs Washington Commanders,October 19,,partner_feed_a,False
L005210,Washington Commanders vs Dallas Cowboys,October 19,AT&T Stadium,scraped_feed_c,False
L005211,Washington Commanders at Dallas Cowboys,2025-10-19,AT&T Stadium,official_feed,False
L005212,  Sacramento  Kings vs Memphis Grizzlies ,February 24,FedExForum,scraped_feed_b,False
L005213,sac vs mem,February 24,FedExForum,scraped_feed_b,False
L005214,SAC vs MEM,2026-02-24,,scraped_feed_b,False
L005215,SAC vs MEM,February 24,FedExForum,partner_feed_a,False
L005216,CHI at DET,January 8,Little Caesars Arena,scraped_feed_b,False
L005217,Chicago Bulls vs Detroit Pistons,"January 8, 2026",Little Caesars Arena Detroit,scraped_feed_b,False
L005218,Chicago Bulls vs Detroit Pistons,2026-01-08,Little Caesars Arena,official_feed,False
L005219,Deroit&nbsp;Pistons vs Chiacgo Bulls,1/8/26,Little Caesars Arena Detroit,scraped_feed_c,False
L005220,Atlanta Hawks vs Phoenix Suns,11/17/2025,Mortgage Matchup Center,official_feed,False
L005221,Phoenix Suns v. Atlanta Hawks,11/17/25,Mortgage Matchup Center,scraped_feed_b,False
L005222,  PHOENIX  SUNS VS ATLANTA HAKWS ,11/17/2025,Mortgage Matchup Center,scraped_feed_b,False
L005223,ATL AT PHX,11/17/2025,,scraped_feed_b,False
L005224,PHI at GB,2025-11-11,Lambeau Field,partner_feed_a,False
L005225,PHI vs GB,2025-11-11,Lambeau Field,scraped_feed_c,False
L005226,PHI AT GB,November 11,Lambeau,partner_feed_a,False
L005227,Philadelphia Eagle vs Green Bqy Packers,"November 11, 2025",Lambeau,scraped_feed_c,False
L005228,New York Knicks at Atlanta Hawks,2026-04-30,State Farm Arena,official_feed,False
L005229,NYK AT ATL,2026-04-30,Philips Arena,partner_feed_a,False
L005230,NYK at ATL,"April 30, 2026",,partner_feed_a,False
L005231,NYK&nbsp;vs ATL,4/30/26,State Farm Arena Atlanta,scraped_feed_b,False
L005232,vhi at al,,State Farm Arena,scraped_feed_c,False
L005233,Chicago Bulls vs Atlanta Hawks,12/21/2025,State Farm Arena,scraped_feed_c,False
L005234,Chicago Bulls vs Atlant aHawks,"December 21, 2025",State Farm Arena,scraped_feed_c,False
L005235,Atlanta Hawks vs Chicago Bulls,2025-12-21,State Farm Arena,official_feed,False
L005236,dallas mavericks at chicago bulls,1/11/2026,United Center Chicago,partner_feed_a,False
L005237,Dallas Mavericks at Chicago Bulls,,United Center,scraped_feed_c,False
L005238,Dallas Mavericks @ Chicago Bulls,2026-01-11,,scraped_feed_c,False
L005239,CHI vs DAL,"January 11, 2026",,partner_feed_a,False
L005240,ORL vs NYK,December 7,Madison Square Garden Arena,partner_feed_a,False
L005241,orl vs nyk,12/7/25,Madison Square Garden,partner_feed_a,False
L005242,Orlando Magic vs New uork Knicks,12/7/2025,MSGA,scraped_feed_c,False
L005243,Orlando Magic at New York Knicks,"December 7, 2025",,official_feed,False
L005244,MIL AT CHI,2025-12-28,United Center Chicago,partner_feed_a,False
L005245,Chicago Bulls vs Milwaukee Bucks,"December 28, 2025",United Center,official_feed,False
L005246,Milwaukee Bucks vs Chicago Bulls,"December 28, 2025",United Center,official_feed,False
L005247,Milwaukee Bucks vs Chicago Bulls,12/28/25,United Center Chicago,partner_feed_a,False
L005248,TOR vs PHI,January 11,Scotiabank Arena Toronto,partner_feed_a,False
L005249,Toronto Raptors vs Philadelphia 76ers,2026-01-11,Scotiabank Arena,official_feed,False
L005250,Toronto Raptors vs Philadelphia 76ers,January 11,Scotiabank Arena,official_feed,False
L005251,TOR v. PHI,,Scotiabank Arena Toronto,scraped_feed_c,False
L005252,Indiana Pacers vs New York Knicks,3/13/2026,Gainbridge Fieldhouse,official_feed,False
L005253,indv s nyk,March 13,GF,scraped_feed_b,False
L005254,New York Knicks at Indiana Pacers,3/13/2026,Gainbridge Fieldhouse,official_feed,False
L005255,IbD vs NYl,3/13/2026,GF,scraped_feed_b,False
L005256,Orlando Magic vs Cleveland Cavaliers,3/25/2026,Rocket Arena,partner_feed_a,False
L005257,Orlando Magic vs Cleveland Cavaliers,2026-03-25,Rocket Arena,scraped_feed_b,False
L005258,Cleveland Cavaliers vs Orlando Magic,3/25/26,Rocket Arena,official_feed,False
L005259,ORL vs CLE,"March 25, 2026",,partner_feed_a,False
L005260,Arizona Cardinals at Dallas Cowboys,November 4,AT&T Stadium,official_feed,False
L005261,Arizona Cardinals at Dallas Cowboys,11/4/25,AT&T Stadium,official_feed,False
L005262,DALLAS COWBOSY VS ARIZONA CARDINALS,,AT&T Stadium,scraped_feed_c,False
L005263,ARI @ DAL,"November 4, 2025",AS,scraped_feed_c,False
L005264,  Memphis  Grizzlies at Protland Trail Blazers ,2/8/2026,Rose Garden,scraped_feed_b,False
L005265,Memphis Grizzlies vs Portland Trail Blazers,2/8/2026,,scraped_feed_c,False
L005266,&nbsp; memphis  grizzlies @ portland trail blazers ,2/8/2026,Rose Garden,scraped_feed_c,False
L005267,mem vs por,2026-02-08,Rose Garden,partner_feed_a,False
L005268,Utah Jazz at Boston Celtics,11/4/2025,TD Garden,official_feed,False
L005269,utah jazz at boston celtics,11/4/2025,Fleet Center,partner_feed_a,False
L005270,boston celtics vs utah jazz,November 4,TD Garden,partner_feed_a,False
L005271,Boston Celtics vs Utah Jazz,2025-11-04,TD Garden,partner_feed_a,False
L005272,Orlando Magic vs Minnesota Timberwolves,4/8/26,Kia Center,official_feed,False
L005273,Minnesota Timberwolves vs Orlando Magic,4/10/26,Kia Center,scraped_feed_b,True
L005274,Minnesota Timberwolves v. Orlando Magic,April 8,Kia Center,scraped_feed_b,False
L005275,Orlando Magic vs Minnesota Timberwolves,"April 8, 2026",Kia Center,official_feed,False
L005276,la clpipers vs uta,"October 23, 2025",Delta Center,scraped_feed_b,False
L005277,LA Clippers vs UTA,2025-10-23,Delta Center,scraped_feed_c,False
L005278,  Utah  Jazz v. LA lCippers ,10/23/25,Delta Center,scraped_feed_b,False
L005279,LA Clippers at UTA,10/23/25,Delta Center,scraped_feed_b,False
L005280,New York Knicks vs Memphis Grizzlies,4/2/26,FedExForum,official_feed,False
L005281,MEM vs NYK,,FedEx Forum,partner_feed_a,False
L005282,  NYK  s MEM ,4/2/26,FedExForum,scraped_feed_b,False
L005283,New York Knicks at Memphis Grizzlies,4/2/26,FedExForum,partner_feed_a,False
L005284,DET QT IN,"March 28, 2026",Target Center Minneapolis,scraped_feed_c,False
L005285,Detroit Pistons at Minnesota Timberwolves,3/28/2026,Target Center Minneapolis,partner_feed_a,False
L005286,DETROIT PISTONS VS MINNESOTA TIMBERWOLVES,March 28,Target Center Minneapolis,partner_feed_a,False
L005287,det vs min,2026-03-28,,scraped_feed_c,False
L005288,New Oreans Pelicans vs Cleveland Cvaaliers,12/24/25,Rocket Arena,scraped_feed_b,False
L005289,NOP @ CLE,12/24/25,Rocket Arena,scraped_feed_b,False
L005290,nop vs cle,"December 24, 2025",Rocket Arena,partner_feed_a,False
L005291,CLE vs NOP,12/24/25,Rocket Arena,partner_feed_a,False
L005292,Houston Rockets at Minnesota Timberwolves,2026-03-26,Target Center,official_feed,False
L005293,Houston Rockets at Minnesota Timberwolves,3/26/2026,Target Center,partner_feed_a,False
L005294,Houston Rockets at Minnesota Timberwolves,2026-03-26,TC,scraped_feed_b,False
L005295,MIN vs HOU,3/26/26,Target Center,partner_feed_a,False
L005296,  TOR  v. CLE ,11/14/2025,Rocket Arena,scraped_feed_b,False
L005297,TOR v. CLE,2025-11-14,RA,scraped_feed_b,False
L005298,  CLE  vs TOR ,2025-11-15,Rocket Arena,scraped_feed_c,True
L005299,Toronto Raptors vs Cleveland Cavaliers,2025-11-13,Rocket Arena,scraped_feed_b,True
L005300,Orlando Magic at Oklahoma City Thunder,2026-02-04,Paycom Center,official_feed,False
L005301,OKLAHONA CITY THUNDER VS PRLANDO MAGIC,2026-02-04,Paycom Center,scraped_feed_b,False
L005302,Orlando Magic at Oklahoma City Thunder,February 4,CEA,scraped_feed_c,False
L005303,Orlando Magic at Oklahoma City Thunder,2/4/26,Paycom Center,partner_feed_a,False
L005304,Indiana Pacers at New Orleans Pelicans,"December 21, 2025",Smoothie King Center,official_feed,False
L005305,ind vs nop,12/21/25,Smoothie King Center New Orleans,partner_feed_a,False
L005306,  Indiana  Pacers vs New Orleans Pelicans ,"December 21, 2025",NOA,scraped_feed_c,False
L005307,new orleans pelicans v. indiana pacers,12/21/25,,scraped_feed_c,False
L005308,Orlando Magic at Charlotte Hornets,2025-10-30,Spectrum Center,official_feed,False
L005309,ORL at CHA,"October 30, 2025",Spectrum Center Charlotte,partner_feed_a,False
L005310,CHARLOTTE HORNETS VS ORLANDO MAGIC,10/30/25,,partner_feed_a,False
L005311,Orlando Magic at Charlotte Hornets,"October 30, 2025",Spectrum Center,official_feed,False
L005312,TOR vs SAC,2026-04-02,Scotiabank Arena,partner_feed_a,False
L005313,Sacramento Kings vs Toronto Raptors,4/2/2026,Scotiabank Arena,partner_feed_a,False
L005314,TORONTO RAPTORS VS SACRAMENTO KINGS,2026-03-31,Scotiabank Arena,scraped_feed_b,True
L005315,Sacramento Kings vs Toronto Raptors,April 2,Scotiabank Arena,partner_feed_a,False
L005316,  MIL  vs GSW ,"October 31, 2025",BC,scraped_feed_c,False
L005317,GSW VS MIL,10/31/2025,Fiserv Forum,partner_feed_a,False
L005318,  GSW  at MIL ,10/31/2025,Fiserv Forum Milwaukee,scraped_feed_b,False
L005319,Golden State Warriros vs Milwaukee Bucks,2025-10-31,Fiserv Forum,scraped_feed_b,False
L005320,Toronto Raptors vs Portland Trail Blazers,12/3/25,Scotiabank Arena,scraped_feed_b,False
L005321,Toronto Raptors vs Portland Trail Blazers,12/3/2025,Scotiabank Arena,partner_feed_a,False
L005322,POR @ TOR,2025-12-03,Scotiabank Arena,scraped_feed_c,False
L005323,POR at TOR,12/3/25,Scotiabank Arena Toronto,scraped_feed_b,False
L005324,niami Heat vs Los Angeles Lakers,11/5/25,crypto.com Arena,scraped_feed_c,True
L005325,MIA @ LAL,11/4/2025,crypto.com Arena,scraped_feed_b,True
L005326,MIA vs LAL,,crypto.com Arena,scraped_feed_b,False
L005327,MIA vs LAL,November 3,,scraped_feed_c,False
L005328,DEN SV OKC,March 9,PC,scraped_feed_b,False
L005329,denver nuggets vs oklahoma city thunder,"March 9, 2026",Paycom Center,scraped_feed_c,False
L005330,Oklahoma City Thunder vs Denver Nuggets,3/9/26,Paycom Center,official_feed,False
L005331,OKC VS DEN,3/9/2026,,partner_feed_a,False
L005332,Brooklyn Nets vs Houston Rockets,10/28/25,Toyota Center (Houston),scraped_feed_b,False
L005333,houston rockets vs brooklyn nets,10/28/2025,Toyota Center (Houston),partner_feed_a,False
L005334,Brooklyn Nets @ Houston Rockets,2025-10-28,Toyota Center (Houston),scraped_feed_b,False
L005335,  Houston  Rockets vs Brooklyn Nets ,10/27/2025,TC,scraped_feed_c,True
L005336,Cleveland Cavaliers at Toronto Raptors,"November 25, 2025",Scotiabank Arena,official_feed,False
L005337,Toronto Raptors vs Cleveland Cavaliers,11/25/2025,Scotiabank Arena Toronto,partner_feed_a,False
L005338,  CLEVELAND  CAVALIERS VS TORONTO RAPTORS ,,Scotiabank Arena,scraped_feed_b,False
L005339,Cleveland Cavaliers ta Toronto Raptors,"November 25, 2025",,scraped_feed_c,False
L005340,Indiana Pacers vs Milwaukee Bucks,3/15/26,Fiserv Forum Milwaukee,partner_feed_a,False
L005341,Indiana Pacers vs Milwaukee Bucks,March 15,Fiserv Forum,official_feed,False
L005342,Indiana Pacers at Milwaukee Bucks,March 15,Fiserv Forum,partner_feed_a,False
L005343,indiana pacers at milwaukee bucks,March 15,Fiserv Forum,partner_feed_a,False
L005344,LAL vs NYK,3/8/26,crypto.com Arena,partner_feed_a,False
L005345,nyk&nbsp;vs lal,3/8/26,,scraped_feed_c,False
L005346,NYK at LAL,"March 8, 2026",crypto.com Arena,partner_feed_a,False
L005347,nyk&nbsp;@ lal,"March 8, 2026",crypto.com Arena,scraped_feed_b,False
L005348,  Cleveland  Cavaliers @ Brooklyn Nets ,2026-03-01,BC,scraped_feed_c,False
L005349,Brooklyn Nets vs Cleveland Cavaliers,March 1,Barclays Center,official_feed,False
L005350,CLE at BKN,3/1/2026,,partner_feed_a,False
L005351,BKN VS CLE,"March 1, 2026",Barclays Center,partner_feed_a,False
L005352,HOUSTON ROCKETS VS NEW ORLEANS PELICANS,3/29/26,New Orleans Arena,partner_feed_a,False
L005353,HOU at bOP,3/29/26,Smoothie King Center,scraped_feed_c,False
L005354,Indiana Pacers at Memphis Grizzlies,10/26/25,FedExForum,partner_feed_a,False
L005355,Indiana Pacers vs Memphis Grizzlies,,FedExForum,scraped_feed_c,False
L005356,  Boston  Celtics v. New Orleans Pelcians ,,SKC,scraped_feed_b,False
L005357,NOP VS BOS,"October 28, 2025",,partner_feed_a,False
L005358,vOS vs SS,"January 11, 2026",TD Garden,scraped_feed_b,False
L005359,Boston Celtics vs San Antonio Spurs,"January 11, 2026",TD Garden,official_feed,False
L005360,SAS vs OKC,5/25/2026,Frost Bank Center,partner_feed_a,False
L005361,San Antonio Spurs vs Oklahoma City Thunder,"May 25, 2026",Frost Bank Center,partner_feed_a,False
L005362,Toronto Raptors vs Chicago Bulls,3/19/26,United Center,official_feed,False
L005363,TOR vs CHI,3/19/2026,United Center,partner_feed_a,False
L005364,Charlotte Hornets vs Philadelphia 76ers,3/28/26,Spectrum Center,official_feed,False
L005365,Philadelphia 76ers at Charlotte Hornets,March 28,Spectrum Center,official_feed,False
L005366,DAL vs OKC,2025-10-28,,scraped_feed_c,False
L005367,OKC vs DAL,"October 28, 2025",AAC,partner_feed_a,False
L005368,WAS at IND,2025-12-14,Gainbridge Fieldhouse,partner_feed_a,False
L005369,Indiana Pacers vs Washington Wizards,12/14/2025,Gainbridge Fieldhouse,partner_feed_a,False
L005370,CLE vs IND,"January 7, 2026",Gainbridge Fieldhouse,partner_feed_a,False
L005371,  ND  v CLE ,2026-01-07,Gainbridge Fieldhouse,scraped_feed_c,False
L005372,LA Clippers vs Atlanta Hawks,2025-12-04,,partner_feed_a,False
L005373,LA Clippers at Atlanta Hawks,December 4,State Farm Arena,official_feed,False
L005374,Brooklyn Nets at Toronto Raptors,11/24/25,ACC,scraped_feed_c,True
L005375,Brooklyn ts vs Toronto Raptors,11/23/2025,Scotiabank Arena,scraped_feed_c,False
L005376,Oklahoma City Thunder at Chicago Bulls,2026-03-04,United Center Chicago,partner_feed_a,False
L005377,chicago&nbsp;bulls vs oklahoma city thunder,March 4,United Center,scraped_feed_b,False
L005378,Utah Jazz vs Philadelphia 76ers,"March 22, 2026",Delta Center,official_feed,False
L005379,Philadelphia 76ers @ Utah Jzz,2026-03-22,VA,scraped_feed_c,False
L005380,BUF vs NO,September 28,HS,scraped_feed_b,False
L005381,New Orleans Saints at Buffalo Bills,2025-09-28,Highmark Stadium (Old),partner_feed_a,False
L005382,Philadelphia 76ers at New York Knicks,2026-01-04,Madison Square Garden,official_feed,False
L005383,NYK VS PHI,"January 5, 2026",Madison Square Garden,scraped_feed_b,True
L005384,Philadelphia 76ers @ Minnesota Timberwolves,February 23,Target Center,scraped_feed_b,False
L005385,Philadelphia 76ers vs Minnesota Timberwolves,"February 23, 2026",Target Center,official_feed,False
L005386,Sacramento Kings vs Los Angeles Lakers,December 29,crypto.com Arena,official_feed,False
L005387,Sacramento Kings vs Los Angeles Lakers,"December 29, 2025",crypto.com Arena,partner_feed_a,False
L005388,CHARLOTTE HORNETS VS SAN ANTONIO SPURS,"January 31, 2026",Spectrum Center,scraped_feed_c,False
L005389,CHA vs SAS,1/31/2026,Spectrum Center,partner_feed_a,False
L005390,  BKN  vs Hapoel Jerusalem ,"October 5, 2025",,scraped_feed_c,False
L005391,  BROOKLYN  NETS VS HAPOEL JERUSALEM ,,,scraped_feed_c,False
L005392,  Orlando  Magc cs Miami Heat ,January 29,KC,scraped_feed_b,False
L005393,Miami Heat vs Orlando Magic,2026-01-29,Kaseya Center,official_feed,False
L005394,Toronto Raptors vs Indiana Pacers,11/27/2025,Scotiabank Arena,official_feed,False
L005395,Toronto Raptors vs Indiana Pacers,2025-11-27,Scotiabank Arena,scraped_feed_c,False
L005396,  SEATTLE  SEAHAWKS AT PITTSBURGH STEELERS ,,Acrisure Stadium,scraped_feed_c,False
L005397,Seattle Seahawks at Pittsburgh Steelers,September 14,Acrisure Stadium,official_feed,False
L005398,sea&nbsp;vs lar,11/16/25,SoFi Stadium Los Angeles,scraped_feed_b,False
L005399,  Loa  Angeles Rams vs Seattle Seagawks ,11/16/2025,,scraped_feed_b,False
L005400,Atlanta Hawks at Detroit Pistons,"December 13, 2025",Little Caesars Arena Detroit,scraped_feed_b,False
L005401,Detroit Pistons vs Atlanta Hawks,"December 13, 2025",Little Caesars Arena,official_feed,False
L005402,Sacramento Kings at Los Angeles Lakers,"March 2, 2026",crypto.com Arena,partner_feed_a,False
L005403,Los Angeles Lakers vs Sacramento Kings,3/2/26,,partner_feed_a,False
L005404,Baltimore Ravens at Buffalo Bills,September 8,Highmark Stadium (Old),official_feed,False
L005405,Buffalo Bills vs Baltimroe Ravens,9/9/25,HS,scraped_feed_c,True
L005406,milwaukee bucks vs new orleans pelicans,2/5/26,Fiserv Forum Milwaukee,scraped_feed_c,False
L005407,NOP vs MIL,2026-02-05,Bradley Center,scraped_feed_c,False
L005408,HOU v. GSW,11/27/25,Chase Center Arena,scraped_feed_c,False
L005409,HOU @ GSW,November 27,CC,scraped_feed_b,False
L005410,GSW vs PHX,December 21,Chase Center,partner_feed_a,False
L005411,Golden State Warriors vs Phoenix Suns,"December 21, 2025",Chase Center Arena,scraped_feed_b,False
L005412,BUFv s PHI,December 30,Highmark Stadium (Old),scraped_feed_c,True
L005413,Philadelphia Eagles vs Buffalo Bills,2025-12-28,Highmark Stadium (Old),official_feed,False
L005414,iRL @ PHI,10/10/25,,scraped_feed_c,False
L005415,Orlando Magic at Philadelphia 76ers,October 10,Xfinity Mobile Arena,partner_feed_a,False
L005416,GOLDEN STATE WAREIORS VS BOSTON CELTICS,2026-03-18,TD Garden,scraped_feed_c,False
L005417,Golden State Warriors vs Boston Celtics,2026-03-18,TD Garden,official_feed,False
L005418,philadelphia 76ers vs boston celtics,4/24/26,Xfinity Mobile Arena,partner_feed_a,False
L005419,BOS at PHI,2026-04-24,Xfinity Mobile Arena,scraped_feed_b,False
L005420,Denver Nuggets v. Phoenix Suns,10/26/25,,scraped_feed_c,False
L005421,Phoenix Suns at Denver Nuggets,2025-10-26,Ball Arena Denver,partner_feed_a,False
L005422,Utah Jazz at Minnesota Timberwolves,11/8/2025,Target Center,official_feed,False
L005423,MIN vs UTA,"November 8, 2025",Target Center,partner_feed_a,False
L005424,Bpston Celtics at Memphis Gruzzlies,March 21,FedExForum,scraped_feed_c,False
L005425,MEMPHIS GRIZZLIES VS BOSTON CELTICS,March 21,FedEx Forum,partner_feed_a,False
L005426,orlando magic at sacramento kings,February 20,Golden 1 Center,partner_feed_a,False
L005427,Orlando Magic at Sacramento Kings,"February 20, 2026",Golden 1 Center,official_feed,False
L005428,Orlando Magic vs Washington Wizards,November 1,Capital One Arena,official_feed,False
L005429,Orlando Magic at Washington Wizards,"November 1, 2025",MCI Center,partner_feed_a,False
L005430,Memphis Grizzlies @ Utah Jazz,2025-12-24,Delta Center,scraped_feed_b,False
L005431,Memphis Grizzlies vs Utah Jazz,12/24/2025,Delta Center,official_feed,False
L005432,MIN a tPOe,"February 25, 2026",Moda Center,scraped_feed_b,False
L005433,Minnesota Timberwolves vs Portland Trail Blazers,"February 25, 2026",Moda Center,official_feed,False
L005434,GB vs WAS,9/12/2025,Lambeau Field,partner_feed_a,False
L005435,GB vs AWS,9/12/2025,Lambeau,scraped_feed_b,False
L005436,  chicago  bulls at orlando magic ,12/2/25,Kia Center Orlando,scraped_feed_c,False
L005437,ORL vs CHI,"December 2, 2025",,scraped_feed_b,False
L005438,Washington Commanders vs Kansas City Chiefs,2025-10-28,Arrowhead Stadium,official_feed,False
L005439,Washington Commanders at Kansas City Chiefs,2025-10-28,AS,scraped_feed_c,False
L005440,MIA vs GSW,2025-11-20,Kaseya Center,scraped_feed_b,False
L005441,  Golden  State Warriors vs Miami Heat ,November 20,,scraped_feed_c,False
L005442,ORL at PHX,2/21/2026,Mortgage Matchup Center,partner_feed_a,False
L005443,ORL vsPHX,2/21/26,MMC,scraped_feed_b,False
L005444,l vvs ohi,2025-12-14,,scraped_feed_c,False
L005445,  Phuladelphai  Eagles vs Las Vegas Raiders ,12/14/25,Lincoln Financial Field,scraped_feed_c,False
L005446,Miami Dolphins at Indianapolis Colts,September 7,Lucas Oil Stadium,official_feed,False
L005447,Miami Dolphins at Indianapolis Colts,September 7,Lucas Oil Stadium,official_feed,False
L005448,Milwaukee Bucks vs Detroit Pistons,"December 4, 2025",Fiserv Forum,partner_feed_a,False
L005449,Detroit Pistons vs Milwaukee Bucks,December 4,Bradley Center,partner_feed_a,False
L005450,Oklahoma City Thunder at San Antonio Spurs,December 24,Frost Bank Center,official_feed,False
L005451,Oklahoma City Thunder vs San Antonio Spurs,12/24/25,Frost Bank Center,official_feed,False
L005452,&nbsp; Milwaukee  Bucks @ Dallas Mavericks ,November 11,American Airlines Center,scraped_feed_b,False
L005453,Milwaukee Bucks vs Dallas Mavericks,November 11,AAC,partner_feed_a,False
L005454,MI VS OKC,1/18/26,Kaseya Center,scraped_feed_c,False
L005455,OKC at MIA,2026-01-18,Kaseya Center,partner_feed_a,False
L005456,BOS AT DAL,"February 4, 2026",,partner_feed_a,False
L005457,  DAL  vs BOS ,2/4/2026,American Airlines Center,scraped_feed_b,False
L005458,Philadelphia 76ers vs Washington Wizards,October 28,Capital One Arena,official_feed,False
L005459,philadelphia 76ees vs wadhington wizards,10/28/2025,Verizon Center,scraped_feed_b,False
L005460,DENVER NUGGETS VS GOLDEN STATE WARRIORS,November 8,Ball Arena,partner_feed_a,False
L005461,denver nuggets vs golden state warriors,11/8/2025,Ball Arena Denver,partner_feed_a,False
L005462,Portland Trail Blazers at San Antonio Spurs,4/20/26,Frost Bank Center,official_feed,False
L005463,POR v. SAS,April 20,Frost Bank Center,scraped_feed_b,False
L005464,Detroit Pistons at Orlando Magic,4/25/2026,Kia Center Orlando,partner_feed_a,False
L005465,DEr vs ORL,2026-04-25,Kia Center,scraped_feed_b,False
L005466,  LAL  s OK ,"May 12, 2026",crypto.com Arena,scraped_feed_b,False
L005467,OKC vs LAL,,crypto.com Arena,scraped_feed_b,False
L005468,  DAL  vs TOR ,October 26,American Airlines Center,scraped_feed_b,False
L005469,DAL v. TOR,,AAC,scraped_feed_c,False
L005470,  Philadelphia  76ees vs Miami Heat ,2/27/2026,Xfinity Mobile Arena,scraped_feed_b,False
L005471,Philadelphia 76ers vs Miami Heat,2026-02-27,Xfinity Mobile Arena,partner_feed_a,False
L005472,sas at dal,February 6,American Airlines Center,scraped_feed_c,False
L005473,San Antonio Spurs vs Dallas Mavericks,2026-02-06,AAC,scraped_feed_c,False
L005474,MIL at ORL,2/10/2026,Kia Center,partner_feed_a,False
L005475,MIL&nbsp;vs ORL,2026-02-10,KC,scraped_feed_c,False
L005476,NOP vs DET,"January 22, 2026",Smoothie King Center,partner_feed_a,False
L005477,Detroit Pistons vs New Orleans Pelicans,January 22,Smoothie King Center,official_feed,False
L005478,  Indiana  Pacers vs Brooklyn Nets ,2/12/26,Barclays Center,scraped_feed_b,False
L005479,IND VS BKN,2/11/2026,Barclays Center,scraped_feed_c,True
L005480,PHI vs BOS,4/28/26,TD Garden,partner_feed_a,False
L005481,Philadelphia 76ers at Boston Celtics,4/28/2026,TD Garden,official_feed,False
L005482,Dallas Cowboys vs Minnesota Vikings,2025-12-15,Cowboys Stadium,partner_feed_a,False
L005483,DALLAS COWBOYS VS MINNESOTA VIKINGS,2025-12-15,Cowboys Stadium,partner_feed_a,False
L005484,cleveland cavaliers vs washington wizards,,Verizon Center,partner_feed_a,False
L005485,Cleveland Cavaliers vs Washington Wizards,November 8,Capital One Arena,official_feed,False
L005486,  HCA  vs NYK ,"December 4, 2025",Madison Square Garden,scraped_feed_b,False
L005487,New York Knicks vs Charlotte Hornets,12/4/25,Madison Square Garden Arena,partner_feed_a,False
L005488,sas vs okc,2/5/2026,Frost Bank Center,partner_feed_a,False
L005489,SAS vs OKC,2026-02-05,Frost Bank Center,scraped_feed_c,False
L005490,New York Giants v. Detroit Lions,2025-11-23,Ford Field,scraped_feed_c,False
L005491,NYG vs DET,"November 23, 2025",Ford Field,partner_feed_a,False
L005492,uta at den,2025-12-23,Ball Arena,partner_feed_a,False
L005493,Denver Nuggets vs Utah Jazz,12/23/2025,Ball Arena,official_feed,False
L005494,Memphis Grizzleis vs Dallas Mavericks,2/28/26,AAC,scraped_feed_c,False
L005495,DL vs MEM,,American Airlines Center,scraped_feed_b,False
L005496,Utah Jazz vs Denver Nuggets,3/28/2026,Ball Arena,official_feed,False
L005497,Utah Jazz at Denver Nuggets,3/28/26,Ball Arena,official_feed,False
L005498,POR vs MIL,March 26,Moda Center,partner_feed_a,False
L005499,milwaukee bucks vs portland trail blazers,"March 26, 2026",Moda Center,partner_feed_a,False
L005500,Cleveland Cavaliers vs Milwaukee Bucks,"November 18, 2025",Rocket Arena,official_feed,False
L005501,Milwaukee Bucks at ClevelandCavaliers,2025-11-18,Rocket Arena Cleveland,scraped_feed_c,False
L005502,MIN at PIT,2025-09-28,Croke Park,scraped_feed_c,False
L005503,MINNESOTA VIKINGS VSPITTDBURGH STEELERS,2025-09-28,Croke Park,scraped_feed_b,False
L005504,Philadelphia 76ers vs Indiana Pacers,"December 13, 2025",Xfinity Mobile Arena,official_feed,False
L005505,philadelphia 76ers vs imdinaa pacers,"December 13, 2025",Xfinity Mobile Arena,scraped_feed_b,False
L005506,Toronto Raptors vs New York Knicks,2026-03-04,Scotiabank Arena,official_feed,False
L005507,  TOR  vs NYK ,2026-03-02,Scotiabank Arena Toronto,scraped_feed_b,True
L005508,CLE @ DET,,LCAD,scraped_feed_b,False
L005509,CLE vs DET,,Little Caesars Arena,scraped_feed_c,False
L005510,Philadelphia 76ers @ Dallas Mavericks,2026-01-02,AAC,scraped_feed_b,False
L005511,Dalas Mavericks s Philadelphia 76ers,"January 2, 2026",American Airlines Center,scraped_feed_c,False
L005512,Los&nbsp;Angeles Lakers vs LA Clippers,12/21/2025,,scraped_feed_b,False
L005513,LA Clippers v. Los Angeles Lakers,December 21,Intuit Dome,scraped_feed_c,False
L005514,SCA vs IND,3/11/26,Golden 1 Center Sacramento,scraped_feed_c,False
L005515,INDIANA PACERS AT SACRAMENTO KINGS,3/11/26,Golden 1 Center,partner_feed_a,False
L005516,DEN vs IND,,LOS,scraped_feed_b,False
L005517,Denver Broncos at Indianapolis Colts,September 14,Lucas Oil Stadium,official_feed,False
L005518,DET VS PHX,1/16/2026,Little Caesars Arena,partner_feed_a,False
L005519,PHOENIX SUNS VS DETROIT PISTONS,1/16/26,,partner_feed_a,False
L005520,Minnesota Timberwolves at Philadelphia 76ers,2025-10-17,Xfinity Mobile Arena,scraped_feed_b,False
L005521,Minnesota&nbsp;Timberwolves vs Phliadelphia 76ers,"October 17, 2025",,scraped_feed_c,False
L005522,Memphis Grizzlies vs Phoenix Suns,10/30/2025,Mortgage Matchup Center,partner_feed_a,False
L005523,phx vsem,2025-10-30,MMC,scraped_feed_c,False
L005524,Detroit&nbsp;Pistons at Dallas Mavericks,2025-12-19,AAC,scraped_feed_c,False
L005525,Dallas Mavericks vs Detroit Pistons,12/19/25,American Airlines Center,official_feed,False
L005526,PHOENIX SUNS VS UTAH JAZZ,2025-10-28,Delta Center,partner_feed_a,False
L005527,Phoenix Suns vs Utah Jazz,"October 28, 2025",EnergySolutions Arena,partner_feed_a,False
L005528,LA CLIPPERS AT PORTLAND TRAIL BLAZERS,April 11,Rose Garden,partner_feed_a,False
L005529,LA Clipprs v. Portland Trail Blazers,2026-04-11,MCP,scraped_feed_b,False
L005530,Cleveland avakiers vs Toronto Raptors,2025-10-31,RA,scraped_feed_b,False
L005531,Toronto Raptors vs Cleveland Cavaliers,10/31/2025,Rocket Arena,official_feed,False
L005532,dal vs okc,10/7/2025,Dickies Arena,scraped_feed_b,False
L005533,Oklahoma City Thunder at Dallas Mavericks,October 7,Dickies Arena,official_feed,False
L005534,Washington Commanders vs Dallas Cowboys,12/25/2025,,partner_feed_a,False
L005535,DAL @ WAS,2025-12-25,Northwest Stadium,scraped_feed_b,False
L005536,OKC v. DET,March 31,Paycom Center,scraped_feed_b,False
L005537,Oklahoma City Thunder vs Detroit Pistons,March 31,Paycom Center,official_feed,False
L005538,  Utah  Jazz vs Los Angeles Lakers ,12/19/2025,DC,scraped_feed_c,False
L005539,Utah Jazz vs Los Angeles Lakers,"December 19, 2025",Delta Center,official_feed,False
L005540,Golden State Warriors at Atlanta Hawks,3/22/2026,State Farm Arena,official_feed,False
L005541,Golden State Warriors vs Atlanta Hawks,"March 22, 2026",State Farm Arena,official_feed,False
L005542,Cleveland Cavaliers at Utah Jazz,"March 31, 2026",Delta Center,official_feed,False
L005543,Cleveland Cavaliers at Utah Jazz,"March 31, 2026",Delta Center,official_feed,False
L005544,nIA vd ATL,2025-10-13,State Farm Arena,scraped_feed_b,False
L005545,Miami Heat at Atlanta Hawks,2025-10-13,State Farm Arena,scraped_feed_b,False
L005546,Indiana Pacers vs Detroit Pistons,1/18/26,Little Caesars Arena,official_feed,False
L005547,Detroit Pistons vs Indiana Pacers,1/18/26,Little Caesars Arena,partner_feed_a,False
L005548,  orlando  magic vs detroit pistons ,,,scraped_feed_c,False
L005549,Orlando Magic at Detroit Pistons,"October 29, 2025",Little Caesars Arena Detroit,partner_feed_a,False
L005550,MMEa t MIN,"December 18, 2025",Target Center,scraped_feed_b,False
L005551,  Minnesota  Timberwolves vs Memphis Grizzlies ,2025-12-18,TC,scraped_feed_c,False
L005552,Denver Nuggets vs Dallas Mavericks,12/24/25,American Airlines Center,partner_feed_a,False
L005553,Dallas Mavericks vs Denver Nuggets,2025-12-24,American Airlines Center,official_feed,False
L005554,ATL v. UTA,11/14/2025,Vivint Smart Home Arena,scraped_feed_b,False
L005555,  UTAH  JAZZ SV ATLANTA HAWKS ,"November 14, 2025",Vivint Arena,scraped_feed_c,False
L005556,OKC vs CLE,2026-02-22,Paycom Center,scraped_feed_c,False
L005557,CLEVELAND CAVALIERS AT OKLAHOMA CITY THUNDER,"February 23, 2026",Chesapeake Energy Arena,scraped_feed_c,True
L005558,Minnesota Timberwolves at LA Clippers,3/12/26,ID,scraped_feed_c,False
L005559,MIN vs LA Clippers,3/12/2026,Intuit Dome,partner_feed_a,False
L005560,World at TeamStrpies,2/15/2026,Intuit Dome,scraped_feed_b,False
L005561,World at Team Stripes,2/15/2026,Intuit Dome Los Angeles,partner_feed_a,False
L005562,  HOYSTON  RCOKETS VS MEMPHIS GRIZZLIES ,January 27,Toyota Center (Houston),scraped_feed_b,False
L005563,MEMPHIS&nbsp;GRIZZLIES VS HOUSTON ROCJETS,"January 29, 2026",Toyota Center (Houston),scraped_feed_b,True
L005564,Baltimore Ravens at Green Bay Packers,"December 28, 2025",Lambeau Field,partner_feed_a,False
L005565,BALTIMORE RAVENS VS GREEN BAY PACKERS,"December 28, 2025",Lambeau Field,scraped_feed_b,False
L005566,Oklahoma City Thunder vs Los Angeles Lakers,2026-05-10,crypto.com Arena,official_feed,False
L005567,OKC at LAL,"May 10, 2026",,scraped_feed_b,False
L005568,Seattle Seahawks at ashingtonCommanders,,Northwest Stadium,scraped_feed_b,False
L005569,Washington Commanders vs Seattle Seahawks,11/3/2025,,partner_feed_a,False
L005570,Los Angeles Lakers vs Milwaukee Bucks,1/10/26,,scraped_feed_c,False
L005571,Milwaukee Bucks vs Los Angeles Lakers,2026-01-10,,scraped_feed_c,False
L005572,Brooklyn Nets vs New Orleans Pelicans,12/6/25,Barclays Center,official_feed,False
L005573,nop at bkn,12/6/2025,Barclays Center,partner_feed_a,False
L005574,sea vs sf,"September 7, 2025",Lumen Field,partner_feed_a,False
L005575,SF at SEA,2025-09-07,Lumen Field,partner_feed_a,False
L005576,Denver Broncos vs New York Jets,"October 12, 2025",,scraped_feed_c,False
L005577,Denver Broncos vs New York Jets,"October 12, 2025",Tottenham Hotspur Stadium,official_feed,False
L005578,  BOS  vsMIL ,"December 11, 2025",,scraped_feed_c,True
L005579,BOS at MIL,12/12/2025,Bradley Center,partner_feed_a,False
L005580,Utah Jazz v. Miami Heat,"February 10, 2026",Kaseya Center,scraped_feed_c,False
L005581,  Utah  Jazz at Miami Heat ,,American Airlines Arena,scraped_feed_c,False
L005582,  BKN  vs WS ,April 5,Barclays Center,scraped_feed_c,False
L005583,WASHINGTON WIZARDS VS BROOKLYN NETS,April 5,BC,scraped_feed_c,False
L005584,WA Sat BOS,3/12/2026,,scraped_feed_c,True
L005585,washington wizards at boston celtics,,TD Garden,scraped_feed_c,False
L005586,sea vs ari,11/9/25,Lumen Field,partner_feed_a,False
L005587,Seattle Seahawks vs Arizona Cardinals,11/9/25,LF,scraped_feed_c,False
L005588,Minnesota Timberwolves at Oklahoma City Thunder,"November 27, 2025",Paycom Center,official_feed,False
L005589,Minnesota Timberwolves vs Oklahoma City Thunder,11/27/2025,Paycom Center,official_feed,False
L005590,detroit pistons v. golen state warriors,March 20,LCAD,scraped_feed_c,False
L005591,Detroit Pistons vs Golden State Warriors,"March 20, 2026",Little Caesars Arena,official_feed,False
L005592,LAL AT GSW,3/1/26,Chase Center,partner_feed_a,False
L005593,GOLDEN STATE WARRIORS VS LOS ANGELES LAKERS,March 1,Chase Center Arena,partner_feed_a,False
L005594,  SAS  VS POR ,4/29/26,Frost Bank Center,scraped_feed_b,False
L005595,San Antonio Spurs vs Portland Trail Blazers,4/29/26,Frost Bank Center,official_feed,False
L005596,LA Clippers vs Boston Celtics,2025-11-16,TD Garden,official_feed,False
L005597,OBS s LA Clippers,11/16/25,TD Garden,scraped_feed_b,False
L005598,MEM at CLE,,Rocket Mortgage FieldHouse,scraped_feed_c,False
L005599,MEM at CLE,2025-11-15,,partner_feed_a,False
L005600,SA vs UTA,"March 16, 2026",Golden 1 Center,scraped_feed_c,False
L005601,Utah Jazz at Sacramento Kings,March 16,Golden 1 Center,official_feed,False
L005602,Washington Wizards at Oklahoma City Thunder,October 31,Paycom Center,official_feed,False
L005603,Washington Wizards vs Oklahoma City Thunder,October 31,Paycom Center,official_feed,False
L005604,San Antonio Spurs @ Philadelphia 76ers,3/4/2026,Xfinity Mobile Arena,scraped_feed_c,False
L005605,SsS v. PI,3/4/26,Xfinity Mobile Arena,scraped_feed_c,False
L005606,Orlando Magic at Atlanta Hawks,2025-11-05,State Farm Arena,official_feed,False
L005607,  Atlanta  Hawks v. Orlando Magic ,11/5/25,,scraped_feed_c,False
L005608,LAC vs KC,December 14,Arrowhead Stadium,partner_feed_a,False
L005609,los angeles chargers vs kansas city chiefs,"December 14, 2025",Arrowhead Stadium,partner_feed_a,False
L005610,  hcicago  bears vs minnesota vikings ,,UBS,scraped_feed_c,True
L005611,Chicago Bears at Minnesota Vikings,11/16/25,U.S. Bank Stadium,scraped_feed_b,False
L005612,Houston Rockets sv Sacramento Kings,December 20,Golden 1 Center,scraped_feed_c,True
L005613,  SACRAMENTO  KINGS VS HOUSTON ROCKETS ,December 22,Golden 1 Center,scraped_feed_c,False
L005614,Toronto Raptors vs San Antonio Spurs,10/28/2025,Frost Bank Center,scraped_feed_b,False
L005615,toronto raptors vs san antonio spurs,10/28/2025,,partner_feed_a,False
L005616,Miami Heat vs New York Knicks,2025-12-21,Madison Square Garden,official_feed,False
L005617,NEW&nbsp;YORK KNICKS VS MAM IHEAT,,MSG,scraped_feed_c,False
L005618,  BOS  vs TOR ,2026-01-10,TD Garden,scraped_feed_c,False
L005619,TOR at BOS,1/11/26,TD Garden,scraped_feed_b,True
L005620,  Portland  Trail Blazers vs Toronto Raptors ,2026-01-24,MC,scraped_feed_b,False
L005621,Toronto Raptors vs Portland Trail Blazers,,Rose Garden,partner_feed_a,False
L005622,Philadelphia 76ers vs Boston Celtics,11/12/2025,,official_feed,False
L005623,BOS at PHI,November 12,,scraped_feed_b,False
L005624,Boston Celtics vs Cleveland Cavaliers,"October 12, 2025",TD Garden,official_feed,False
L005625,cle ay vos,2025-10-12,TG,scraped_feed_c,False
L005626,Oklahoma City Thunder at New York Knicks,March 5,Madison Square Garden,official_feed,False
L005627,Oklahoma City Thunder vs New York Knicks,3/5/26,MSG,partner_feed_a,False
L005628,MIL vs MIN,1/14/2026,Fiserv Forum,scraped_feed_c,False
L005629,MI vs IL,2026-01-14,Fiserv Forum,scraped_feed_b,False
L005630,Cleveland Cavaliers vs Golden State Warriors,"April 3, 2026",Chase Center,official_feed,False
L005631,GSW vs vLE,April 3,Chase Center Arena,scraped_feed_b,False
L005632,New Orleans Pelicans vs Melbourne United,"October 3, 2025",Rod Laver Arena,official_feed,False
L005633,  Melbourne  United @ New Orleans Pelicans ,10/3/25,Rod Laver Arena,scraped_feed_b,False
L005634,Detroit Pistons at Toronto Raptors,"March 15, 2026",,partner_feed_a,False
L005635,DET at TOR,"March 15, 2026",ACC,scraped_feed_b,False
L005636,&nbsp; PHX  @ MIN ,3/18/2026,,scraped_feed_c,False
L005637,PHX t MIN,3/18/26,Target Center Minneapolis,scraped_feed_b,False
L005638,sacramento kings v. minnesota imberwolves,11/25/2025,Golden 1 Center,scraped_feed_c,False
L005639,  min  at sac ,2025-11-26,Golden 1 Center,scraped_feed_b,True
L005640,GSW vs MIN,2026-01-27,,partner_feed_a,False
L005641,Golden State Warriors vs Minnesota Timberwolves,1/27/26,Target Center,official_feed,False
L005642,NE atTB,11/9/2025,Raymond James Stadium,scraped_feed_c,False
L005643,New England Partiots v. Tampa Bay Buccaneers,11/9/25,Raymond James Stadium,scraped_feed_b,False
L005644,PITTSBURGH STEELERS AT CLEVELAND BROWNS,December 28,,scraped_feed_c,False
L005645,PIT at CLE,,Huntington Bank Field,scraped_feed_b,False
L005646,  Green  Bsy Packers at setroit Lions ,11/27/2025,Ford Field,scraped_feed_c,False
L005647,GB at DET,2025-11-27,FF,scraped_feed_c,False
L005648,Kansas City Chiefs vs Detroit Lions,"October 13, 2025",Arrowhead Stadium,official_feed,False
L005649,DETROIT LIONS VS KANSAS CITY CHIEFS,"October 13, 2025",Arrowhead Stadium,partner_feed_a,False
L005650,LAClippers v. Gloden State Warriors,"April 13, 2026",Intuit Dome,scraped_feed_c,False
L005651,LA Clippers vs GSW,"April 13, 2026",Intuit Dome Los Angeles,scraped_feed_c,False
L005652,NOP vs LAL,January 7,Smoothie King Center,partner_feed_a,False
L005653,  Los  Angeles Lakers at New Orleans Pelicans ,"January 9, 2026",Smoothie King Center New Orleans,scraped_feed_b,True
L005654,cha vs det,2026-04-08,,scraped_feed_c,True
L005655,Charlotte&nbsp;Hornets v. Detroit Pistons,April 11,Spectrum Center,scraped_feed_c,True
L005656,MIN VS SAC,,Golden 1 Center,scraped_feed_c,False
L005657,Sacramento Kings v. Minnesota Timberwolves,11/10/25,GC,scraped_feed_c,False
L005658,Memphis Grizzlies vs Brooklyn Nets,March 9,Barclays Center,partner_feed_a,False
L005659,MEM AT BKN,3/9/26,Barclays Center,partner_feed_a,False
L005660,Atlanta Hawks vs Philadelphia 76ers,November 30,Xfinity Mobile Arena,scraped_feed_b,False
L005661,Atlanta Hawks vs Philadelphia 76ers,11/30/2025,Xfinity Mobile Arena,official_feed,False
L005662,LA Clippers vs EM,3/8/26,FedExForum,scraped_feed_c,False
L005663,  Memphis  Grizxlies vs LA Clippers ,"March 8, 2026",FedEx Forum,scraped_feed_b,False
L005664,Oklahoma City Thunder vs Philadelphia 76ers,December 28,Paycom Center,partner_feed_a,False
L005665,philadelphia 76ers vs oklahoma city thunder,December 28,Paycom Center,partner_feed_a,False
L005666,ten vs ari,October 5,State Farm Stadium,partner_feed_a,False
L005667,Tennessee Titans at Arizona Cardinals,10/5/25,,official_feed,False
L005668,kansas city chiefs vs jacksonville jaguars,"October 7, 2025",EverBank Stadium,scraped_feed_b,False
L005669,JACKSONVILLE JAGUARS VS KANSAS CITY CHIEFS,,EverBank Stadium,scraped_feed_b,False
L005670,Denver Nuggets vs Minnesota Timberwolves,"October 5, 2025",Pechanga Arena,official_feed,False
L005671,  MIN  vs DEN ,October 5,PA,scraped_feed_b,False
L005672,cha vs was,2/22/2026,Capital One Arena Washington,scraped_feed_b,False
L005673,Washington Wizards vs Charlotte Hornets,2/22/2026,Capital One Arena,official_feed,False
L005674,  NKY  v. BK ,11/25/25,,scraped_feed_b,False
L005675,New York Knicks at Brooklyn Nets,"November 25, 2025",Barclays Center,official_feed,False
L005676,Memphis Grizzlies vs Denver Nuggets,2/12/2026,Ball Arena,official_feed,False
L005677,mem vs den,2/12/2026,Ball Arena Denver,partner_feed_a,False
L005678,ATL at TOR,1/6/26,,scraped_feed_c,False
L005679,toronto raptors vs atlata hawks,2026-01-06,Scotiabank Arena,scraped_feed_c,False
L005680,phi vs was,January 4,Lincoln Financial Field,scraped_feed_b,False
L005681,Washington Commanders vs Philadelphia Eagles,"January 4, 2026",Lincoln Financial Field,partner_feed_a,False
L005682,New York Jets vs New Orleans Saints,12/21/25,Caesars Superdome,official_feed,False
L005683,NYJ&nbsp;@ NO,2025-12-21,Caesars Superdome,scraped_feed_c,False
L005684,Philadelphia 76ers vs Orlando Magic,"April 15, 2026",Xfinity Mobile Arena,official_feed,False
L005685,Orlando Magic at Philadelphia 76ers,2026-04-15,Xfinity Mobile Arena,official_feed,False
L005686,  JAX  AT TEN ,11/30/2025,Nissan Stadium,scraped_feed_c,False
L005687,Tennessee Titnas vs Jacksonville Jaguars,11/30/2025,Nissan Stadium,scraped_feed_b,False
L005688,  Miami  Heat at Charlotte Hornets ,3/17/2026,Spectrum Center,scraped_feed_c,False
L005689,Miami Heat vs Charlotte Hornets,3/17/2026,Spectrum Center,official_feed,False
L005690,eNw York Knicks @ San Antonio Spurs,"June 4, 2026",Frost Bank Center,scraped_feed_b,False
L005691,New York Knicks vs San Antonio Spurs,6/4/2026,Frost Bank Center,official_feed,False
L005692,Chicago Bulls vs Detroit Pistons,2025-11-13,Little Caesars Arena,official_feed,False
L005693,Detroit Pistons vs Chicago Bulls,11/13/2025,Little Caesars Arena,official_feed,False
L005694,WAS at LAC,10/5/2025,SSLA,scraped_feed_c,False
L005695,WAS vs Av,2025-10-05,SoFi Stadium Los Angeles,scraped_feed_b,False
L005696,Baltimore Ravens at iMami Dolphins,10/31/2025,Hard Rock Stadium,scraped_feed_b,False
L005697,MIA cs BAL,October 30,Hard Rock Stadium,scraped_feed_c,True
L005698,minnesota timberwolves at new york knicks,10/9/25,Madison Square Garden,partner_feed_a,False
L005699,Minnesota Tinberwolves at New York Knicks,2025-10-09,,scraped_feed_c,False
L005700,NOPvs LCE,March 21,Smoothie King Center,scraped_feed_b,False
L005701,Cleveland Cavaliers at New Orleans Pelicans,3/21/26,Smoothie King Center,official_feed,False
L005702,houston rockets vs la clippers,12/24/25,Intuit Dome,partner_feed_a,False
L005703,LA Clippers vs Houston Rockets,12/24/25,Intuit Dome,partner_feed_a,False
L005704,Sacramento Kings vs LA Clippers,March 15,Intuit Dome,official_feed,False
L005705,Sacramento Kings at LA Clippers,3/15/2026,Intuit Dome,partner_feed_a,False
L005706,sas @ bkn,,Barclays Center,scraped_feed_c,False
L005707,San Antonio Spurs at Brooklyn Nets,2/27/2026,Barclays Center,official_feed,False
L005708,  HOU  vs MIL ,4/2/2026,Toyota Center (Houston),scraped_feed_c,False
L005709,MIL AT HOU,4/2/26,Toyota Center (Houston),scraped_feed_c,False
L005710,Houston Rockets vs San Antonio Spurs,1/29/2026,Toyota Center (Houston),official_feed,False
L005711,Houston Rockets vs San Antonio Spurs,1/29/26,Toyota Center (Houston),official_feed,False
L005712,det v. phx,1/30/26,Mortgage Matchup Center,scraped_feed_b,False
L005713,Detroit Pistons at Phoenix Suns,1/30/26,Mortgage Matchup Center,official_feed,False
L005714,BOS vs CLE,10/29/2025,TD Garden Boston,partner_feed_a,False
L005715,Boston Celtics vs Cleveland Cavaliers,2025-10-29,,partner_feed_a,False
L005716,Denver Nuggets vs Utah Jazz,April 2,Delta Center,scraped_feed_c,False
L005717,iyA vs DEN,April 2,DC,scraped_feed_b,False
L005718,Carolina Panthers vs Tampa Bay Buccaneers,"January 3, 2026",Raymond James Stadium,official_feed,False
L005719,car vs tb,2026-01-03,Raymond James Stadium,partner_feed_a,False
L005720,SAS at OKC,May 27,Paycom Center,partner_feed_a,False
L005721,oklahoma city thunder vs san antonio spurs,"May 27, 2026",Paycom Center,partner_feed_a,False
L005722,CHI vs NOP,11/25/25,Smoothie King Center,scraped_feed_b,False
L005723,CHU AT NOP,2025-11-27,Smoothie King Center New Orleans,scraped_feed_b,True
L005724,Toronto Raptors vs New York Knicks,4/10/2026,Madison Square Garden,official_feed,False
L005725,TOR at YNj,2026-04-10,Madison Square Garden Arena,scraped_feed_b,False
L005726,Miami Heat vs Philadelphia 76ers,"November 23, 2025",Xfinity Mobile Arena,official_feed,False
L005727,  Philadelphia  76ers vs Miami Heat ,2025-11-23,Xfinity Mobile Arena,scraped_feed_c,False
L005728,NOP at PHX,2025-11-11,,partner_feed_a,False
L005729,PHX vs NOP,November 11,Mortgage Matchup Center,partner_feed_a,False
L005730,Golden State Warriors vs Portland Trail Blazers,"October 25, 2025",Moda Center,official_feed,False
L005731,Golden State Warriors at Portland Trail Blazers,2025-10-25,Moda Center,official_feed,False
L005732,Dallas Mavericks vs New Orleans Pelicans,2025-11-06,American Airlines Center,scraped_feed_b,False
L005733,NOP vs DAL,2025-11-06,American Airlines Center,partner_feed_a,False
L005734,IMN vs TOe,March 6,Target Center,scraped_feed_b,False
L005735,Toronto Raptors at Minnesota Timberwolves,3/6/2026,Target Center,official_feed,False
L005736,Memphis Grizzlies vs Philadelphia 76ers,March 10,XMA,scraped_feed_b,False
L005737,PHI vs MEM,3/10/2026,Xfinity Mobile Arena,scraped_feed_c,False
L005738,POR V SPHX,11/19/2025,RG,scraped_feed_c,False
L005739,Portland Trail Blazers vs Phoenix Suns,11/19/2025,Moda Center,partner_feed_a,False
L005740,Pittsburgh&nbsp;Steelera v Chicago Bears,11/23/2025,Soldier Field,scraped_feed_c,False
L005741,&nbsp; PI  Tat CHI ,"November 23, 2025",Soldier Field,scraped_feed_c,False
L005742,IND at OKC,1/24/26,Chesapeake Energy Arena,partner_feed_a,False
L005743,Oklahoma City Thunder vs Indiana Pacers,"January 24, 2026",Paycom Center,official_feed,False
L005744,  MIN  AT MEM ,February 3,FedExForum,scraped_feed_b,False
L005745,Monnesota Timberwolves at Memphis Grizzlies,"February 5, 2026",FedExForum,scraped_feed_b,True
L005746,  Washington  Wizards vs Portlan dTrail Blazers ,,Rose Garden,scraped_feed_c,False
L005747,por v. was,"March 29, 2026",Moda Center,scraped_feed_b,False
L005748,San Antonio Spurs at Los Angeles Lakers,2026-02-10,crypto.com Arena,scraped_feed_c,True
L005749,SAS vsLAL,2026-02-12,,scraped_feed_c,True
L005750,New York Knicks vs Oklahoma City Thunder,2026-03-29,Paycom Center,official_feed,False
L005751,  nyk  vs okc ,3/31/2026,Paycom Center,scraped_feed_b,True
L005752,Pittsburgh Steelers vs Indianapolis Colts,11/2/25,Acrisure Stadium,scraped_feed_b,False
L005753,Indianapolis Colts vs Pittsburgh Steelers,11/2/25,Acrisure Stadium,partner_feed_a,False
L005754,GSW at TOR,12/28/25,Scotiabank Arena Toronto,partner_feed_a,False
L005755,GSW&nbsp;at TOR,12/27/2025,Scotiabank Arena Toronto,scraped_feed_b,True
L005756,Cleveland Cavaliers vs Milwaukee Bucks,"March 18, 2026",Fiserv Forum,partner_feed_a,False
L005757,mil v. cle,"March 18, 2026",Fiserv Forum,scraped_feed_c,False
L005758,tennessee titans vs new orleans saints,"December 28, 2025",LP Field,partner_feed_a,False
L005759,NO vs TEN,December 28,Nissan Stadium,scraped_feed_c,False
L005760,Carolina Panthers at Green Bay Packers,11/2/25,Lambeau Field,official_feed,False
L005761,CAR vs GB,November 2,Lambeau Field,partner_feed_a,False
L005762,Milwaukee Bucks vs Indiana Pacers,2025-12-24,Gainbridge Fieldhouse,official_feed,False
L005763,Milwaukee Bucks at Indiana Pacers,12/24/25,Gainbridge Fieldhouse,official_feed,False
L005764,NYJ vs BUF,1/4/2026,,partner_feed_a,False
L005765,Buffalo Bills vs New York Jets,1/4/2026,Highmark Stadium (Old),official_feed,False
L005766,LAClippers v. Detroit Pistons,2025-12-29,,scraped_feed_c,False
L005767,DET v. LA Clippers,December 29,Intuit Dome,scraped_feed_c,False
L005768,CHI @ POR,2025-11-20,,scraped_feed_b,False
L005769,Chicago Bulls at Portland Trail Blazers,November 20,Moda Center,official_feed,False
L005770,WAS VS ATL,"February 25, 2026",State Farm Arena Atlanta,partner_feed_a,False
L005771,  atlanta  hawks v. washington wizards ,,Philips Arena,scraped_feed_c,False
L005772,TOR at CLE,"April 18, 2026",The Q,partner_feed_a,False
L005773,CLE bs TOe,4/18/2026,Rocket Arena,scraped_feed_b,False
L005774,LAL at NYK,"February 1, 2026",Madison Square Garden,scraped_feed_b,True
L005775,Los Angeles akers vs eNw York Knicks,,,scraped_feed_c,False
L005776,orl stm in,March 7,Target Center,scraped_feed_b,False
L005777,ORL vs MIN,3/7/2026,Target Center,scraped_feed_b,False
L005778,TOR vs CLE,,Scotiabank Arena,scraped_feed_c,False
L005779,Cleveland Cavaliers at Toronto Raptors,April 26,Scotiabank Arena,official_feed,False
L005780,Denver Nuggets vs Sacramento Kings,December 12,Golden 1 Center,official_feed,False
L005781,Sacramento Kings vs Denver Nuggets,12/12/25,Golden 1 Center,official_feed,False
L005782,charlotte hornets at utah jazz,1/11/2026,Delta Center,scraped_feed_c,False
L005783,Utah Jazz vs Charlotte Hornets,2026-01-11,EnergySolutions Arena,partner_feed_a,False
L005784,denver broncos vs philadelphia eagles,2025-10-05,Lincoln Financial Field,partner_feed_a,False
L005785,Philadelphia Eagles vs Denver Broncos,October 5,Lincoln Financial Field,official_feed,False
L005786,PgI vs CHI,"March 25, 2026",Xfinity Mobile Arena,scraped_feed_b,False
L005787,chi @ ohi,2026-03-24,XMA,scraped_feed_c,True
L005788,LA Clippers vs Houston Rockets,December 12,Toyota Center (Houston),official_feed,False
L005789,  LA  CLIPPERS AT HOU ,,TC,scraped_feed_c,False
L005790,DENVER NUGGETS VS NEW ORLEANS PELICANS,10/30/25,Pepsi Center,partner_feed_a,False
L005791,Denver Nuggets vs New Orleans Pelicans,"October 30, 2025",Ball Arena,official_feed,False
L005792,Orlando Magic vs Toronto Raptors,December 30,Scotiabank Arena,official_feed,False
L005793,ORL at TOR,12/30/2025,Air Canada Centre,partner_feed_a,False
L005794,NYK VS WAS,,COA,scraped_feed_b,False
L005795,Washington Wizards vs New York Knicks,"February 4, 2026",Capital One Arena,official_feed,False
L005796,nem vs bkn,"January 11, 2026",F,scraped_feed_c,False
L005797,Memphis Grizzlies v. Brooklyn Nets,1/11/2026,FedExForum,scraped_feed_c,False
L005798,Los Angeles Rams vs Atlanta Falcons,12/30/25,Mercedes-Benz Stadium,official_feed,False
L005799,ATL vs LAR,December 30,Mercedes-Benz Stadium,partner_feed_a,False
L005800,Denevr Nuggeys vs Orlando Magic,"December 19, 2025",Ball Arena Denver,scraped_feed_b,False
L005801,Orlando Magic vs Denve tNuggets,December 19,Ball Arena,scraped_feed_c,False
L005802,ORL @ PHI,10/27/25,Xfinity Mobile Arena,scraped_feed_c,False
L005803,Philadelphia 76ers vs Orlando Magic,2025-10-27,Xfinity Mobile Arena,official_feed,False
L005804,Denver Nuggets vs New Orleans Pelicans,2026-01-14,Smoothie King Center,official_feed,False
L005805,Denver Nuggets vs New Orleans Pelicans,1/14/26,Smoothie King Center New Orleans,partner_feed_a,False
L005806,Kansas City Chiefs at Los Angeles Chargers,September 6,Corinthians Arena,official_feed,False
L005807,kc vs lac,9/6/2025,Corinthians Arena,scraped_feed_b,False
L005808,Sacramento Kings at Minnesota Timberwolves,"December 15, 2025",Target Center,official_feed,False
L005809,Sacramento Kings at Minnesota Timberwolves,2025-12-15,Target Center,partner_feed_a,False
L005810,portland trail blazers at denver nuggets,March 22,,partner_feed_a,False
L005811,POe vs DEN,3/22/2026,Ball Arena,scraped_feed_c,False
L005812,AWS VS NYG,2025-09-07,Northwest Stadium,scraped_feed_c,False
L005813,NYG VS WAS,2025-09-07,Northwest Stadium,partner_feed_a,False
L005814,MIA ATCHA,"April 14, 2026",Spectrum Center,scraped_feed_b,False
L005815,mia vs cha,April 14,Spectrum Center Charlotte,partner_feed_a,False
L005816,Oklahoma City Thunder vs Atlanta Hawks,12/30/2025,Paycom Center,official_feed,False
L005817,Atlanta Hawks vs Oklahoma City Thunder,"December 30, 2025",Paycom Center,official_feed,False
L005818,TOR vs NYK,1/29/2026,Scotiabank Arena,partner_feed_a,False
L005819,NYK vs TOR,January 29,Scotiabank Arena,partner_feed_a,False
L005820,Boston Celtics at Phoenix Suns,February 25,Mortgage Matchup Center,scraped_feed_c,False
L005821,Boston Celtics at Phoenix Snus,2026-02-25,Mortgage Matchup Center,scraped_feed_c,False
L005822,det vs bos,11/26/2025,Fleet Center,partner_feed_a,False
L005823,DET vs BOS,11/26/25,TD Garden Boston,partner_feed_a,False
L005824,Los Angeles Chargers vs Denver Broncos,1/4/26,Empower Field at Mile High,official_feed,False
L005825,LAC vs DEN,2026-01-04,,partner_feed_a,False
L005826,Chicago Bears v. Washington Commanders,2025-10-14,Northwest Stadium,scraped_feed_c,False
L005827,CHI AT WAS,October 14,Northwest Stadium,scraped_feed_b,False
L005828,POR vs BKN,"March 16, 2026",Barclays Center,partner_feed_a,False
L005829,  Portland  Trail Blazers v. Brooklny Nets ,March 16,Barclays Center,scraped_feed_b,False
L005830,Denver Nuggets v. SanAntonio Spurs,11/29/25,Ball Arena,scraped_feed_b,False
L005831,San Antonio Spurs at Denver Nuggets,11/29/2025,Ball Arena,official_feed,False
L005832,Philadelphia 76ers vs Milwaukee Bucks,"April 12, 2026",Xfinity Mobile Arena,official_feed,False
L005833,Milwaukee Bucks at Philadelphia 76ers,"April 12, 2026",Xfinity Mobile Arena,official_feed,False
L005834,Orlando Magic vs New Orleans Pelicans,4/5/26,Smoothie King Center,official_feed,False
L005835,New Orleans Pelicans vs Orlando Magic,April 5,Smoothie King Center,official_feed,False
L005836,CHI vs NYK,"November 1, 2025",United Center Chicago,scraped_feed_b,False
L005837,New York Knicks vs Chicago Bulls,11/1/25,United Center Chicago,partner_feed_a,False
L005838,PHI @ BOS,April 21,Fleet Center,scraped_feed_c,False
L005839,PHILADEPHIA 76ERS AT BOSTON CELTICS,April 21,TD Garden,scraped_feed_b,False
L005840,new york knicks vs san antonio spurs,June 11,Madison Square Garden,scraped_feed_b,False
L005841,San Antonio Spurs at New York Knicks,6/11/2026,Madison Square Garden,official_feed,False
L005842,Pittsburgh Steelers vs New England Patriots,9/21/2025,Gillette Stadium,official_feed,False
L005843,New England Patriots vs Pittsburgh Steelers,9/21/2025,Gillette Stadium,official_feed,False
L005844,Golden State Warriors at Brooklyn Nets,12/30/2025,Barclays Center,official_feed,False
L005845,Golden State Warriors vs Brooklyn Nets,"December 30, 2025",Barclays Center,official_feed,False
L005846,&nbsp; phi  vs nyk ,5/8/26,,scraped_feed_b,False
L005847,NYK vs PHI,5/8/2026,Xfinity Mobile Arena,scraped_feed_c,False
L005848,New York Knicks at Toronto Ratpors,12/10/25,,scraped_feed_b,False
L005849,new york knicks vs toronto raptors,12/10/25,Scotiabank Arena,scraped_feed_b,False
L005850,Sacramento Kings vs Toronto Raptors,1/22/2026,Golden 1 Center,official_feed,False
L005851,Toronto Raptors vs Sacramento Kings,"January 22, 2026",Golden 1 Center,official_feed,False
L005852,Brooklyn Nets at LA Clippers,January 26,Intuit Dome,official_feed,False
L005853,brooklyn nets ay la clippers,2026-01-26,Intuit Dome,scraped_feed_b,False
L005854,LA Clippers at Los Angeles Lakers,November 26,crypto.com Arena,official_feed,False
L005855,la clippers at lal,11/26/2025,crypto.com Arena,scraped_feed_b,False
L005856,CLEVELAND CAVALIERS AT ORLANDO MAGIC,1/25/26,Kia Center,scraped_feed_c,False
L005857,Orlando Magic vs Cleveland Cavaliers,January 25,Kia Center,partner_feed_a,False
L005858,TORONTO RAPTORS VS BROOKLYN NETS,"April 12, 2026",Scotiabank Arena,partner_feed_a,False
L005859,  Brooklyn  Nets @ Toronto Raptors ,4/12/2026,,scraped_feed_b,False
L005860,DAL vsIND,"February 22, 2026",Gainbridge Fieldhouse,scraped_feed_b,False
L005861,  DALLAS  MAVERICKS VS INDIANA PACERS ,February 22,Gainbridge Fieldhouse,scraped_feed_c,False
L005862,cin vs mia,12/21/2025,Hard Rock Stadium,partner_feed_a,False
L005863,Miami Dolphins vs Cincinnati Bengals,12/21/25,Hard Rock Stadium,official_feed,False
L005864,PIT vs MIA,2025-12-16,Acrisure Stadium,scraped_feed_c,False
L005865,Miami Dolphins at Pittsburgh Steelers,2025-12-16,Acrisure Stadium,official_feed,False
L005866,Chicagp Bulls at Cleveland Cavaliers,11/9/2025,Rocket Arena,scraped_feed_c,False
L005867,Chicago Bulls vs Cleveland Cavaliers,"November 9, 2025",Rocket Arena Cleveland,partner_feed_a,False
L005868,CAROLINA PANTHERS VS SEATTLE SEAHAWKS,2025-12-28,Bank of America Stadium,partner_feed_a,False
L005869,seattle seahawks vs carolina panthers,12/28/2025,Bank of America Stadium,partner_feed_a,False
L005870,San Antonio Spurs at Phoenix Suns,11/3/25,Mortgage Matchup Center,official_feed,False
L005871,  PHX  vs SAS ,"November 3, 2025",,scraped_feed_c,False
L005872,Indiana Pacers at Orlando Magic,"January 4, 2026",Kia Center,official_feed,False
L005873,indiana pacers at orlando magic,"January 4, 2026",Kia Center Orlando,partner_feed_a,False
L005874,San Francisco 49ers vs Cleveland Browns,"November 30, 2025",Huntington Bank Field,partner_feed_a,False
L005875,CLE VS SF,November 30,Huntington Bank Field,scraped_feed_c,False
L005876,Toronto Raptors at Milwaukee Bucks,12/19/2025,Fiserv Forum,official_feed,False
L005877,Milwaukee Bucks vs Toronto Raptors,"December 19, 2025",Fiserv Forum,official_feed,False
L005878,Houston Rockets at Los Angeles Lakers,"April 30, 2026",crypto.com Arena,official_feed,False
L005879,HOU vs LAL,4/30/26,crypto.com Arena,partner_feed_a,False
L005880,SAS at NOP,2025-10-25,New Orleans Arena,partner_feed_a,False
L005881,SAS vs NOP,10/25/25,Smoothie King Center,scraped_feed_b,False
L005882,MIA AT SSA,10/31/2025,Frost Bank Center,scraped_feed_c,False
L005883,MIA VS SAS,10/31/25,Frost Bank Center,partner_feed_a,False
L005884,JAX vs HOU,9/21/2025,EverBank Stadium,partner_feed_a,False
L005885,HOU vs JAX,,EverBank Stadium,scraped_feed_b,False
L005886,MIA vs DLA,12/4/2025,American Airlines Center,scraped_feed_c,False
L005887,MI Aat DL,12/4/2025,American Airlines Center,scraped_feed_c,False
L005888,portland trail blazers vs dallas mavericks,3/28/26,Moda Center,partner_feed_a,False
L005889,Dallas Mavericks vs Portland Trail Blazers,3/28/2026,Moda Center,official_feed,False
L005890,NPO vs ME,1/24/26,F,scraped_feed_c,False
L005891,Memphis Grizzlies vs New Orleans Pelicans,1/24/2026,FedExForum,official_feed,False
L005892,Phoenix Suns vs Houston Rockets,April 8,Mortgage Matchup Center,partner_feed_a,False
L005893,HOU vs PHX,4/8/2026,Mortgage Matchup Center,scraped_feed_b,False
L005894,BKN AT MIL,4/11/26,Fiserv Forum,scraped_feed_c,False
L005895,mil sv bln,4/11/2026,Bradley Center,scraped_feed_b,False
L005896,Chicago Bulls vs Boston Celtics,"January 6, 2026",TD Garden,partner_feed_a,False
L005897,Chicago Bulls vs Boston Celtics,"January 6, 2026",TD Garden,official_feed,False
L005898,OKC at WAS,"March 21, 2026",Capital One Arena,scraped_feed_c,False
L005899,  Oklahoma  City Thunder at Washington Wizards ,3/21/26,MCI Center,scraped_feed_b,False
L005900,Memphis Grizzlies vs Toronto Raptors,11/2/25,Scotiabank Arena,official_feed,False
L005901,Memphis Grizzlies at Toronto Raptors,11/2/25,,scraped_feed_c,False
L005902,Atlanta Hawks vs Boston Celtics,1/29/26,TD Garden,official_feed,False
L005903,ATL at BOS,1/29/26,TD Garden,partner_feed_a,False
L005904,  LA  Clippers vs DAL ,November 15,American Airlines Center,scraped_feed_c,False
L005905,la clippers @ dallas mavericks,2025-11-15,American Airlines Center,scraped_feed_c,False
L005906,LA Clippers vs San Antonio Spurs,"March 17, 2026",Intuit Dome Los Angeles,scraped_feed_b,False
L005907,SASa t LA Clipperd,3/17/2026,Intuit Dome,scraped_feed_b,False
L005908,Brooklyn Nets vs Dallas Mavericks,2/25/26,Barclays Center Brooklyn,scraped_feed_c,False
L005909,Brooklyn Nets vs Dallas Mavericks,February 25,Barclays Center,official_feed,False
L005910,Pittsburgh Steelers at Cincinnati Bengals,10/17/2025,Paycor Stadium,partner_feed_a,False
L005911,Pittsburgh Stelers vs Cincinnati Bengals,"October 19, 2025",Paycor Stadium,scraped_feed_c,True
L005912,iRL vs TL,October 24,Amway Center,scraped_feed_b,False
L005913,Orlando Magic vs Atlanta Hawks,2025-10-24,Kia Center,partner_feed_a,False
L005914,por v. vos,2025-12-28,Moda Center Portland,scraped_feed_c,False
L005915,  BOS  VS POR ,December 28,Moda Center,scraped_feed_c,False
L005916,olr vs dal,"April 4, 2026",American Airlines Center,scraped_feed_c,False
L005917,Orlando Magic vs Dallas Mavericks,4/4/2026,American Airlines Center,official_feed,False
L005918,LOS ANGELES LAKERS VS TORONTO RAPTORS,"January 19, 2026",,scraped_feed_c,False
L005919,Toronto Raptors at Los Angeles Lakers,January 19,crypto.com Arena,official_feed,False
L005920,PORTLAND TRAIL BLAZERS VS MIAMI HEAT,"January 23, 2026",Rose Garden,scraped_feed_b,False
L005921,MIAMI HEAT VS PORTLAND TRAIL BLAZERS,1/23/2026,Moda Center,scraped_feed_c,False
L005922,  Dallas  Mavericks vs Memphis Grizzlies ,11/8/25,FF,scraped_feed_b,False
L005923,DALat MEM,November 8,FedExForum,scraped_feed_c,False
L005924,Charlotte Hornets at Memphis Grizzlies,2026-01-29,FF,scraped_feed_b,False
L005925,Memphis Grizzlies vs Charlotte Hornets,"January 29, 2026",FedExForum,official_feed,False
L005926,Oklahoma City Thunder at Portland Trail Blazers,11/6/2025,Moda Center,partner_feed_a,False
L005927,  OKLAHOMA  CITY THUNDER VS PORTLAND TRQIL BLAZERS ,,MC,scraped_feed_c,False
L005928,TEN at JAX,2026-01-04,EverBank Stadium,partner_feed_a,False
L005929,Tennessee Titans at Jacksonville Jaguars,2026-01-04,EverBank Stadium,official_feed,False
L005930,Sacramento Kings vs Washington Wizards,1/17/26,Golden 1 Center,official_feed,False
L005931,dacramento Kings vs Washington Wiazrds,1/17/2026,Golden 1 Center Sacramento,scraped_feed_b,False
L005932,detroit lions vs philadelphia eagles,,Lincoln Financial Field,partner_feed_a,False
L005933,philadelphia eagles vs detroit lions,11/17/2025,The Linc,partner_feed_a,False
L005934,Utah Jazz at Memphis Grizzlies,"December 13, 2025",FedExForum,official_feed,False
L005935,uta at mem,2025-12-13,FedExForum,scraped_feed_b,False
L005936,Portland Trail Blazers @ Oklahoma City Thunder,11/24/25,Paycom Center,scraped_feed_c,False
L005937,Oklahoma City Thunder vs Portland Trail Blazers,"November 23, 2025",Paycom Center,scraped_feed_c,True
L005938,HOU v. LV,2025-12-21,Reliant Stadium,scraped_feed_b,False
L005939,Las&nbsp;Vegas Raiders at Houston Texans,12/21/25,Reliant Stadium,scraped_feed_b,False
L005940,CHARLOTTE HORNETS AT GOLDEN STATE WARRIORS,January 18,Chase Center,partner_feed_a,False
L005941,GSW v. CHA,1/18/26,CCA,scraped_feed_c,False
L005942,Chicago Bulls vs Brooklyn Nets,February 10,Barclays Center,official_feed,False
L005943,  Chicago  Bulls at Brooklyn Nets ,2/10/26,,scraped_feed_c,False
L005944,kansas city chiefs vs philadelphia eagles,9/14/25,Arrowhead Stadium,partner_feed_a,False
L005945,PHI vs KC,9/14/2025,Arrowhead Stadium,scraped_feed_b,False
L005946,OR v. MIL,11/25/2025,,scraped_feed_b,False
L005947,Portland Trail Blazers at Milwaukee Bucks,11/25/2025,Fiserv Forum,official_feed,False
L005948,HOU AT TEN,"November 16, 2025",NS,scraped_feed_b,False
L005949,HOU at TEN,November 16,Nissan Stadium,partner_feed_a,False
L005950,  GUANGZHOU  LOONG-LOONS VS SAN ANTONIO SPURS ,10/7/25,AT&T Center,scraped_feed_b,False
L005951,Guangzhou LonogL-ions v. San Antonio Spurs,10/7/25,Frost Bank Center,scraped_feed_c,False
L005952,miami heat at detroit pistons,2025-12-31,Little Caesars Arena,scraped_feed_b,True
L005953,Miami Heat at Detroit Pistons,1/2/26,Little Caesars Arena,official_feed,False
L005954,washington wizards @ los angeles lakers,"March 31, 2026",crypto.com Arena,scraped_feed_c,False
L005955,Los&nbsp;Angeles Lakers v. Washington Wizards,2026-03-31,,scraped_feed_b,False
L005956,NOP v. PHI,2/22/26,Smoothie King Center,scraped_feed_c,False
L005957,PH v sNOP,2/22/2026,Smoothie King Center,scraped_feed_b,False
L005958,Los Angeles Lakers at Phoenix Suns,12/15/2025,Mortgage Matchup Center,official_feed,False
L005959,PHX vs LAL,"December 15, 2025",,scraped_feed_c,False
L005960,Cleveland Cavaliers vs Sacramento Kings,2026-02-08,Golden 1 Center Sacramento,partner_feed_a,False
L005961,CLEVELAND CAVALIERS AT SACRAMENTO KINGS,February 8,Golden 1 Center,scraped_feed_c,False
L005962,Cleveland Browns at Cincinnati Bengals,January 4,Paycor Stadium,official_feed,False
L005963,  cleveland  browns @ cincinnati bengals ,1/4/2026,,scraped_feed_b,False
L005964,Cincinnati Bengals at Minnesota Vikings,9/21/2025,U.S. Bank Stadium,official_feed,False
L005965,Minnesota Vikings vs Cincinnati Bengals,September 21,U.S. Bank Stadium,scraped_feed_b,False
L005966,DET vs ORL,"April 22, 2026",Little Caesars Arena,scraped_feed_c,False
L005967,Orlando Magic at Detroit Pistons,April 22,,partner_feed_a,False
L005968,Minnesota Vikings at Cleveland Browns,10/5/25,Tottenham Hotspur Stadium,partner_feed_a,False
L005969,MIN v. CLE,10/5/25,Tottenham Hotspur Stadium,scraped_feed_c,False
L005970,Phoenix Suns vs Houston Rockets,12/6/2025,Toyota Center (Houston),official_feed,False
L005971,PHX vs HOU,December 6,Toyota Center (Houston),partner_feed_a,False
L005972,MEMPHIS GRIZZLIES VS ATLANTA HAWKS,3/23/2026,State Farm Arena Atlanta,partner_feed_a,False
L005973,Memphis Grizzlies at Atlanta Hawks,2026-03-23,State Farm Arena,official_feed,False
L005974,Memphis Grizzlies at Charlotte Hornets,October 15,First Horizon Coliseum,official_feed,False
L005975,MEMPHIS GRIZZLIES AT CHARLOTTE HORNETS,10/15/25,First Horizon Coliseum,scraped_feed_b,False
L005976,NYK VS CHI,2026-04-03,Madison Square Garden,partner_feed_a,False
L005977,chicago bulls vs new york knicks,4/3/2026,Madison Square Garden,partner_feed_a,False
L005978,HOU AT SAS,2026-03-09,AT&T Center,partner_feed_a,False
L005979,HOU v. SAS,3/9/26,Frost Bank Center,scraped_feed_c,False
L005980,Chicago Bulls vs Cleveland Cavaliers,2025-12-20,,partner_feed_a,False
L005981,  chi  vs cle ,2025-12-20,Rocket Arena,scraped_feed_b,False
L005982,Atlanat Hawks vs Philadelphia 76ers,"December 14, 2025",State Farm Arena,scraped_feed_b,False
L005983,Philadelphia 76ers at Atlanta Hawks,"December 14, 2025",State Farm Arena,official_feed,False
L005984,LA Clippers at Phoenux Sns,"November 7, 2025",Mortgage Matchup Center,scraped_feed_c,False
L005985,LA Clippers at Phoenix Suns,"November 7, 2025",,scraped_feed_c,False
L005986,MoN at CHI,10/18/25,United Center Chicago,scraped_feed_b,True
L005987,Minnesota Timnerwolves v. Chicago Bulls,2025-10-18,,scraped_feed_c,True
L005988,Charlotte Hornets vs New York Knicks,10/17/25,Madison Square Garden,official_feed,False
L005989,Charlotte Hornets vs NewY ork Knicks,10/18/2025,Madison Square Garden,scraped_feed_c,True
L005990,CgA v sDET,2/10/26,Time Warner Cable Arena,scraped_feed_b,False
L005991,detroit pistons @ charlotte hornets,2026-02-10,SCC,scraped_feed_c,False
L005992,Toronto Raptors at Detroit Pistons,"April 1, 2026",Little Caesars Arena,official_feed,False
L005993,Toronto Raptors vs Detroit Pistons,4/1/26,Little Caesars Arena,official_feed,False
L005994,&nbsp; golden  state warriors v. phoenix suns ,November 5,CCA,scraped_feed_c,False
L005995,Golden State Warriors vs Phoenix Suns,2025-11-05,Chase Center,partner_feed_a,False
L005996,Orlando Magic @ Charlotte Hornets,3/19/26,,scraped_feed_b,False
L005997,charlotte hornets vs orlando magic,3/19/2026,Time Warner Cable Arena,partner_feed_a,False
L005998,HOU va SF,October 26,RS,scraped_feed_c,False
L005999,SF at HOU,"October 26, 2025",Reliant Stadium,scraped_feed_c,False
L006000,OKC vs SA,5/19/26,Paycom Center,scraped_feed_c,False
L006001,San Antonio Spurs at Oklahoma City Thunder,2026-05-19,Paycom Center,official_feed,False
L006002,IND TA DEN,,BAD,scraped_feed_c,True
L006003,DNE vs NID,"November 9, 2025",BA,scraped_feed_b,False
L006004,Houston Texans vs Seattle Seahawks,"October 21, 2025",Lumen Field,official_feed,False
L006005,houston texans vs seattle seahawks,"October 21, 2025",Lumen Field,partner_feed_a,False
L006006,IND vs CHA,2025-11-18,Gainbridge Fieldhouse,scraped_feed_c,True
L006007,Charlotte Hornets vs Indiana Pacers,November 20,Gainbridge Fieldhouse,official_feed,False
L006008,MEM vs LA Clippers,12/16/25,Intuit Dome,partner_feed_a,False
L006009,Memphis Grizzlies at LA Clippers,12/16/25,Intuit Dome,partner_feed_a,False
L006010,WAS vs CHA,December 24,,scraped_feed_c,False
L006011,Washington Wizards vs Charlotte Hornets,"December 24, 2025",Spectrum Center,official_feed,False
L006012,Chicago Bulls vs New Orleans Pelicans,1/1/2026,United Center,official_feed,False
L006013,nop at chi,1/1/2026,,scraped_feed_b,False
L006014,dallas cowboys @ denver bronco,2025-10-26,Sports Authority Field,scraped_feed_b,False
L006015,Dallas Cowboys vs Denver Broncos,10/26/25,Empower Field at Mile High,scraped_feed_b,False
L006016,Chicago Bulls at Denver Nuggets,2025-10-15,Ball Arena,official_feed,False
L006017,Chicago Bulls v. Denver Nuggets,10/15/2025,BA,scraped_feed_c,False
L006018,MEM at NYK,2025-11-12,MSG,partner_feed_a,False
L006019,Memphis Grizzlies at New York Knicks,11/12/2025,Madison Square Garden,official_feed,False
L006020,  SAC  a POR ,"April 13, 2026",,scraped_feed_b,False
L006021,portland trail blazers sv sacramento kings,2026-04-13,Moda Center,scraped_feed_c,False
L006022,Portland Trail Blazers vs Toronto Raptors,"February 25, 2028",Scotiabank Arena,official_feed,False
L006023,TOR vs POR,"February 25, 2028",Scotiabank Arena,partner_feed_a,False
L006024,Denver Nuggets vs Phoenix Suns,2027-12-03,Mortgage Matchup Center,partner_feed_a,False
L006025,Denver Nuggets vs Phoenix Suns,12/3/2027,Mortgage Matchup Center,official_feed,False
L006026,New York Knicks vs Orlando Magic,2027-07-23,Madison Square Garden,partner_feed_a,False
L006027,Orlando Magic vs New York Knicks,2027-07-23,Madison Square Garden,official_feed,False
L006028,  atl  v. gb ,"December 13, 2027",Lambeau,scraped_feed_c,False
L006029,Atlanta Hawks at Green Bay Packers,12/13/27,Lambeau Field,official_feed,False
L006030,Boston Celtics vs Portland Trail Blazers,2/1/2027,Moda Center,official_feed,False
L006031,Boston Celtics at Portland Trail Blazers,2/1/27,Moda Center,partner_feed_a,False
L006032,Indiana Pacers at Washington Wizards,"May 4, 2028",Capital One Arena,official_feed,False
L006033,INDIANA PACERS AT WASHINGTON WIZARDS,May 4,Capital One Arena Washington,scraped_feed_b,False
L006034,Detroit Pistons vs Phoenix Suns,"July 15, 2027",Little Caesars Arena,partner_feed_a,False
L006035,PJX VS DE,,Little Caesars Arena,scraped_feed_b,False
L006036,Denver Nuggets v. Indiana Pacers,,Ball Arena,scraped_feed_b,False
L006037,Indiana Pacers vs Denver Nuggets,February 1,Ball Arena,partner_feed_a,False
L006038,ATL at BOS,October 20,,partner_feed_a,False
L006039,ATLvs BOS,October 20,TD Garden,scraped_feed_c,False
L006040,ARI VS DEN,January 10,State Farm Stadium,partner_feed_a,False
L006041,arizina cardinals vs denvrr nuggets,January 10,State Farm Stadium,scraped_feed_b,False
L006042,mem @ min,2027-12-18,Target Center,scraped_feed_b,False
L006043,Memphis Grizzlies at Minnesota Timberwolves,12/18/27,Target Center,official_feed,False
L006044,New York Knicks at Denver Nuggets,11/13/27,Ball Arena,official_feed,False
L006045,&nbsp; New  York Knicks vs fenver Nuggets ,2027-11-13,Ball Arena,scraped_feed_c,False
L006046,Indiana Pacers vs Houston Rockets,"May 9, 2028",Gainbridge Fieldhouse,official_feed,False
L006047,Indiana Pacers vs Houston Rockets,2028-05-09,Gainbridge Fieldhouse,official_feed,False
L006048,Brooklyn Nets at Houston Rockets,3/14/27,Toyota Center (Houston),official_feed,False
L006049,  Brooklyn  Nets at Houston Rpckets ,3/14/27,Toyota Center (Houston),scraped_feed_c,False
L006050,INDIANA PACERS VS TORONTO RAPTORS,,Scotiabank Arena,scraped_feed_c,False
L006051,Indiana Pacers at Toronto Raptors,"August 26, 2028",Scotiabank Arena,partner_feed_a,False
L006052,Oklahoma City Thunder vs Sacramento Kings,"April 24, 2028",Paycom Center,official_feed,False
L006053,okc v. sac,2028-04-24,Paycom Center,scraped_feed_c,False
L006054,Dallas Mavericks at Charlotte Hornets,2027-08-04,Spectrum Center,official_feed,False
L006055,  DAL  AT CHA ,,Spectrum Center Charlotte,scraped_feed_b,False
L006056,Denver Nuggers vs Milwakuee Bucks,"July 11, 2027",Ball Arena,scraped_feed_c,False
L006057,Denver Nuggets vs Milwaukee Bucks,"July 11, 2027",Ball Arena,official_feed,False
L006058,Denver Nuggets vs Charlotte Hornets,2028-08-11,Ball Arena,official_feed,False
L006059,CHA vs DEN,8/11/28,Ball Arena Denver,partner_feed_a,False
L006060,  Miami  Dolphins at Bosotn Celtics ,5/11/2027,TD Garden Boston,scraped_feed_b,False
L006061,Miami Dolphins vs Boston Celtics,2027-05-11,TD Garden,official_feed,False
L006062,Milwaukee Bucks vs San Francisco 49ers,August 11,Fiserv Forum,official_feed,False
L006063,SF at MIL,2027-08-11,Fiserv Forum,partner_feed_a,False
L006064,New Orleans Pelicans v. Cleveland Cavaliers,"May 24, 2028",Rocket Arena,scraped_feed_b,False
L006065,Cleveland Cavaliers vs New Orleans Pelicans,May 24,Rocket Arena,scraped_feed_b,False
L006066,Washington Wizards vs New Orleans Saints,2028-10-26,Caesars Superdome,official_feed,False
L006067,Washington Wizards vs New Orleans Saints,10/26/28,Caesars Superdome,partner_feed_a,False
L006068,NPO sv POR,5/27/28,Smoothie King Center,scraped_feed_b,False
L006069,POR AT NOP,5/27/2028,SKC,scraped_feed_c,False
L006070,tb vs dal,2028-02-19,Raymond James Stadium,scraped_feed_c,False
L006071,DLA vs TB,2/19/2028,Raymond James Stadium,scraped_feed_b,False
L006072,CLE vs MIL,11/25/2027,Fiserv Forum Milwaukee,partner_feed_a,False
L006073,Cleveland Cavaliers at Milwaukee Bucks,November 25,Fiserv Forum,official_feed,False
L006074,TOR at HOU,12/7/28,Toyota Center (Houston),partner_feed_a,False
L006075,HOU vs TOR,"December 7, 2028",Toyota Center (Houston),scraped_feed_c,False
L006076,Minnesota Vikings vs Team Stripes,12/3/2028,Intuit Dome,official_feed,False
L006077,Minnesota Vikings vs Team Stripes,December 3,,scraped_feed_c,False
L006078,Dallas Cowboys vs Buffalo Bills,November 16,AT&T Stadium,official_feed,False
L006079,Dallas Cowboys vs Buffalo Bills,"November 16, 2028",AT&T Stadium,official_feed,False
L006080,Detroit Pistons at Indiana Pacers,"April 9, 2028",Gainbridge Fieldhouse,official_feed,False
L006081,IND v. DET,2028-04-09,Bankers Life Fieldhouse,scraped_feed_c,False
L006082,ORL v. DE,"July 5, 2028",Pepsi Center,scraped_feed_c,True
L006083,Orlando&nbsp;Magic at enver Nuggtes,July 3,Ball Arena,scraped_feed_c,False
L006084,MINNESOTA&nbsp;TIMBERWOVES AT NEW ORLEASN PELICANS,"October 13, 2028",Smoothie King Center,scraped_feed_c,False
L006085,New Orleans Pelicans vs Minnesota Timberwolves,10/13/2028,Smoothie King Center,scraped_feed_b,False
L006086,BOS vs CHA,September 2,,scraped_feed_c,False
L006087,CHARLOTTE HORNETS AT BOSTON CELTICS,9/2/28,Fleet Center,partner_feed_a,False
L006088,  Los  AmgelesRams vs Houston Rockets ,"February 25, 2027",SSLA,scraped_feed_c,False
L006089,  HUO  @ kAR ,2/25/2027,,scraped_feed_c,False
L006090,Detroit Pistons at Minnesota Timberwolves,3/21/2028,Target Center,partner_feed_a,False
L006091,det vs min,March 21,Target Center,scraped_feed_b,False
L006092,BOS atM EM,6/26/28,FedEx Forum,scraped_feed_b,False
L006093,Memphis Grizzlies vs Boston Celtics,,FedExForum,scraped_feed_b,False
L006094,boston celtics v. indiana pacers,2/9/27,TD Garden,scraped_feed_b,False
L006095,Indiana Pacers at Boston Celtics,2027-02-09,TD Garden Boston,partner_feed_a,False
L006096,WAS at MIA,2027-08-12,,scraped_feed_c,False
L006097,Washington Wizards at Miami Heat,August 12,Kaseya Center,scraped_feed_c,False
L006098,PHI VS ORL,June 1,Xfinity Mobile Arena,scraped_feed_b,False
L006099,PHI v. ORL,2027-06-01,,scraped_feed_b,False
L006100,UTAH JAZZ VS OKLAHOMA CITY THUNDER,"July 3, 2028",Delta Center,scraped_feed_c,False
L006101,OKC a UTA,July 3,EA,scraped_feed_b,False
L006102,ar at mia,June 12,Kaseya Center,scraped_feed_b,True
L006103,LAR @ MIA,June 10,American Airlines Arena,scraped_feed_b,False
L006104,Denver Nuggets vs New York Knicks,9/16/2027,Ball Arena,official_feed,False
L006105,NYK at EDN,"September 16, 2027",,scraped_feed_c,False
L006106,san antonio spurs at golden state warriors,2027-08-24,Chase Center Arena,partner_feed_a,False
L006107,SAS vsG SW,August 24,,scraped_feed_c,False
L006108,  to  vs bal ,2/10/28,M&T Bank Stadium,scraped_feed_b,False
L006109,Toronto Raptors vs Baltimore Ravens,,M&T Bank Stadium,official_feed,False
L006110,no at hou,"January 28, 2027",Toyota Center (Houston),scraped_feed_b,False
L006111,HOU vs NO,1/28/2027,Toyota Center (Houston),scraped_feed_b,False
L006112,PHI VS DEN,2027-11-26,Ball Arena Denver,scraped_feed_c,False
L006113,phi vs den,November 24,Pepsi Center,scraped_feed_b,True
L006114,San Francisco 49ers at Miami Heat,"September 6, 2027",Kaseya Center,partner_feed_a,False
L006115,Miami Heat v. aSn Francisco 49ers,2027-09-06,Kaseya Center,scraped_feed_b,False
L006116,Chicago Bulls vs Washington Wizards,2028-09-14,,scraped_feed_c,False
L006117,CHI t WAS,,COA,scraped_feed_b,False
L006118,Phoenix Suns vs Philadelphia 76ers,11/6/28,Mortgage Matchup Center,official_feed,False
L006119,PHI vs PHX,November 6,Mortgage Matchup Center,scraped_feed_c,False
L006120,portland trail blazers vs boston celtics,July 1,Fleet Center,partner_feed_a,False
L006121,BOS vs POR,2028-07-01,TD Garden Boston,partner_feed_a,False
L006122,Chicago Bulls va Atlanta Falcons,8/19/27,Mercedes-Benz Stadium,scraped_feed_c,False
L006123,chicago bulls at atlanta falcons,2027-08-19,Mercedes-Benz Stadium,partner_feed_a,False
L006124,LA Clippers v. Cleveland Cavaliers,"December 5, 2027",,scraped_feed_b,True
L006125,  CLE  vs LA Clippers ,December 6,RA,scraped_feed_c,True
L006126,Memphis Grizzlies vs Philadelphia 76ers,2027-10-04,FedExForum,official_feed,False
L006127,PIH at MEM,2027-10-04,FedEx Forum,scraped_feed_b,False
L006128,Detroit Lions vs Miami Heat,6/11/2027,Ford Field,official_feed,False
L006129,Miami Heat at Detroit Lions,6/11/2027,Ford Field,official_feed,False
L006130,DET VS UTA,May 22,Little Caesars Arena,partner_feed_a,False
L006131,DET v. UTA,5/22/2027,Little Caesars Arena,scraped_feed_c,False
L006132,WASHINGTNO WUZARDS AT PHILADELPHIA 76ERS,2028-10-13,Xfinity Mobile Arena,scraped_feed_c,False
L006133,WAS vs PHI,"October 13, 2028",Xfinity Mobile Arena,scraped_feed_c,False
L006134,Golden State Warriors vs Minnesota Timberwolves,6/12/2027,Chase Center,partner_feed_a,False
L006135,MIN AT GSW,6/12/2027,,scraped_feed_b,False
L006136,HOU vs OKC,"November 21, 2027",,scraped_feed_b,True
L006137,Oklahoma City Thunder ay Housyon Rockets,2027-11-23,TC,scraped_feed_c,False
L006138,SAS VS BAL,2027-11-05,M&T Bank Stadium,partner_feed_a,False
L006139,SAS vs BAL,November 5,M&T Bank Stadium,partner_feed_a,False
L006140,Detroit Pistons vs Phoenix Suns,2027-05-04,Little Caesars Arena,official_feed,False
L006141,  Phoenix  Suns at Detroit Pistons ,5/6/27,Little Caesars Arena,scraped_feed_b,True
L006142,Memphis Grizzlies at Miami Heat,September 13,Kaseya Center,official_feed,False
L006143,Memphis Grizzlies vs Miami Heat,September 13,Kaseya Center,partner_feed_a,False
L006144,Denver Nugges vs Los Angeles Lskers,10/13/27,crypto.com Arena,scraped_feed_b,False
L006145,Denver Nuggets at Los Angeles Lakers,"October 13, 2027",crypto.com Arena,official_feed,False
L006146,Miami Heat vs Portland Trail Blazers,2028-11-18,Kaseya Center,official_feed,False
L006147,  POR  t MIA ,November 18,Kaseya Center,scraped_feed_b,False
L006148,Phoenix Suns vs Detroit Lions,2027-09-06,Ford Field,scraped_feed_c,False
L006149,PHX&nbsp;vs DET,9/6/2027,Ford Field,scraped_feed_b,False
L006150,Detroit Pistons at Philadelphia 76ers,March 11,Xfinity Mobile Arena,partner_feed_a,False
L006151,Philadelphia 76ers vs Detroit Pistons,3/11/27,Xfinity Mobile Arena,official_feed,False
L006152,  MIN  v. NYK ,June 1,MSG,scraped_feed_b,False
L006153,New York Knicks vs Minnesota Timberwolves,6/1/2027,Madison Square Garden,official_feed,False
L006154,  BOS  VS ORL ,2027-07-18,KC,scraped_feed_b,False
L006155,BOS AT ORL,"July 18, 2027",,scraped_feed_c,False
L006156,SAS vs POR,7/22/28,MC,scraped_feed_c,False
L006157,PORTLAND TRAIL BLAZERS VS SAN ANTONIO SPURS,"July 22, 2028",Moda Center,partner_feed_a,False
L006158,Houston Rockets vs Washington Wizards,8/6/28,Capital One Arena,official_feed,False
L006159,Houston Rockets vs Washington Wizards,8/6/2028,Capital One Arena,official_feed,False
L006160,HOUSTON ROCKETS VS ORLANDO MAGIC,April 10,Toyota Center (Houston),partner_feed_a,False
L006161,Houston Rockets vs Orlando Magic,4/10/27,,partner_feed_a,False
L006162,MIA v sPHX,"September 10, 2027",,scraped_feed_b,False
L006163,Phoenix Suns vs Miami Heat,9/10/2027,Kaseya Center,official_feed,False
L006164,Brooklyn Nets vs Tennessee Titans,10/24/2028,Barclays Center,official_feed,False
L006165,BKN vs TEN,10/24/2028,Barclays Center,partner_feed_a,False
L006166,New York Giants at Philadelphia Eagles,2028-09-17,Lincoln Financial Field,partner_feed_a,False
L006167,Philadelphia Eagles vs New York Giants,2028-09-17,Lincoln Financial Field,official_feed,False
L006168,NOP vs UTA,"May 25, 2027",Delta Center,partner_feed_a,False
L006169,UTA v. NOP,2027-05-25,Delta Center,scraped_feed_c,False
L006170,New Orleans Pelicans vs Sacramento Kings,12/15/27,Smoothie King Center,official_feed,False
L006171,SAC v. NOP,2027-12-15,Smoothie King Center,scraped_feed_b,False
L006172,Philadelphia 76ers v. Miami Heat,2028-02-24,Kaseya Center,scraped_feed_b,False
L006173,niami heat vs philadelphia 76ers,2/24/28,Kaseya Center,scraped_feed_b,False
L006174,new york giants vs orlando magic,"May 28, 2027",Amway Center,scraped_feed_c,False
L006175,ORL vs NYG,"May 28, 2027",Kia Center Orlando,partner_feed_a,False
L006176,Miami Heat v. Detroit Pistons,6/28/2028,Kaseya Center,scraped_feed_b,False
L006177,MIAMI HEAT VS DETROIT PISTONS,"June 28, 2028",,scraped_feed_c,False
L006178,PIT v. PHX,2028-02-25,Acrisure Stadium,scraped_feed_b,False
L006179,PHX VS PIT,2028-02-25,,partner_feed_a,False
L006180,Orlando&nbsp;Magic @ New York Giants,12/19/27,MetLife,scraped_feed_c,False
L006181,New York Giants vs Orlando Magic,2027-12-19,MetLife Stadium,partner_feed_a,False
L006182,DEN vs LAL,3/20/2028,Empower Field at Mile High,partner_feed_a,False
L006183,DEN vs LAL,,Empower Field at Mile High,partner_feed_a,False
L006184,  HOU  vs IND ,4/26/2027,Gainbridge Fieldhouse,scraped_feed_b,False
L006185,IND vs HOU,2027-04-26,Gainbridge Fieldhouse,partner_feed_a,False
L006186,Dallas Mavericks vs Minnesota Timberwolves,2028-09-09,Target Center,official_feed,False
L006187,  Dallas  Maverikcs at Minnesota Tiberwolves ,September 9,Target Center,scraped_feed_c,False
L006188,Golden State Warriors vs Cleveland Cavaliers,2027-06-23,Chase Center,partner_feed_a,False
L006189,GSW vs CEL,"June 23, 2027",Chase Center,scraped_feed_b,False
L006190,indiana paecrs v. detroit pistons,9/22/28,Little Caesars Arena,scraped_feed_b,False
L006191,Detroit Pistons vs Indiana Pacers,9/22/28,Little Caesars Arena,official_feed,False
L006192,DET vs LAR,"July 2, 2027",SoFi Stadium,scraped_feed_c,False
L006193,Detroit Pistons v. Lis Angeles Rams,"July 2, 2027",SoFi Stadium Los Angeles,scraped_feed_c,False
L006194,  SAS  at OKC ,,Paycom Center,scraped_feed_b,False
L006195,Oklahoma City Thunder vs San Antonio Spurs,December 28,Paycom Center,official_feed,False
L006196,MEM&nbsp;VS DET,2027-12-11,Little Caesars Arena Detroit,scraped_feed_b,False
L006197,Memphis Grizzlies vs Detroit Pistons,December 11,Little Caesars Arena,official_feed,False
L006198,  SEA  vs MI ,8/5/28,Kaseya Center,scraped_feed_c,False
L006199,Seatrle Seagawks vs Miami Heat,"August 4, 2028",Kaseya Center,scraped_feed_b,True
L006200,POR vs ORL,"November 14, 2028",Rose Garden,partner_feed_a,False
L006201,orlando magic v. portland trail blazers,"November 14, 2028",,scraped_feed_c,False
L006202,PHILADELPHIA&nbsp;76ERS VS BROOKLYN NETS,"November 26, 2027",,scraped_feed_c,False
L006203,Brooklyn Nets vs Philadelphia 76ers,,Xfinity Mobile Arena,scraped_feed_b,False
L006204,ARIZONA CARFINALS VS GOLDEN STATE WARRIORS,9/24/28,University of Phoenix Stadium,scraped_feed_b,False
L006205,GSW @ ARI,2028-09-24,UPS,scraped_feed_b,False
L006206,ne v. det,8/16/2028,Little Caesars Arena,scraped_feed_c,False
L006207,Detroit Pistons vs New England Patriots,8/16/28,Little Caesars Arena,scraped_feed_b,False
L006208,mai&nbsp;ay chi,12/3/27,United Center,scraped_feed_c,False
L006209,Chicago Bulls v. Miami Heat,12/3/27,,scraped_feed_c,False
L006210,CHI v. PHI,2/26/2028,Soldier Field,scraped_feed_b,False
L006211,Chicago Bears vs Philadelphia 76ers,February 26,Soldier Field,official_feed,False
L006212,ilC vs BOS,"July 27, 2027",,scraped_feed_c,False
L006213,boston celitcs vs oklahoma city rhunder,7/27/27,TD Garden Boston,scraped_feed_c,False
L006214,LAL at MIL,2028-06-27,Fiserv Forum,partner_feed_a,False
L006215,LAL VS MIL,6/27/28,Bradley Center,scraped_feed_b,False
L006216,phx v sos,10/28/27,Mortgage Matchup Center,scraped_feed_b,False
L006217,BOSTON&nbsp;CELTICS VS PHOENIX SUNS,October 28,Mortgage Matchup Center,scraped_feed_b,False
L006218,Washington Commanders at Miami Heat,11/25/2028,Kaseya Center,official_feed,False
L006219,was at mia,November 25,Kaseya Center,partner_feed_a,False
L006220,Washington Wizards vs Orlando Magic,2027-11-26,,official_feed,False
L006221,Orlando Magic vs Washington Wizards,"November 26, 2027",Kia Center,official_feed,False
L006222,Toronto Raptors vs Oklahoma City Thunder,2027-03-15,Scotiabank Arena,official_feed,False
L006223,Oklahoma City Thunder at Toronto Raptors,3/15/2027,Scotiabank Arena,official_feed,False
L006224,Melbourne United v. LA Clipoers,,Intuit Dome,scraped_feed_b,False
L006225,LA Clippers vs Melbourne United,2028-04-23,Intuit Dome Los Angeles,scraped_feed_b,False
L006226,  PHX  at CkE ,3/28/28,Quicken Loans Arena,scraped_feed_c,False
L006227,Phoenix Suns vs Cleveland Cavaliers,3/28/2028,Rocket Arena,official_feed,False
L006228,LA Clipers v. Indiana Pacers,5/3/2028,Gainbridge Fieldhouse,scraped_feed_c,False
L006229,IND vs LA Clippers,5/3/2028,Gainbridge Fieldhouse,partner_feed_a,False
L006230,Los Angeles Lakers @ Cleveland Cavaliers,1/13/2027,Quicken Loans Arena,scraped_feed_b,False
L006231,Cleveland Cavaliers vs Los Angeles Lakers,"January 13, 2027",Rocket Arena,official_feed,False
L006232,Indiana Pacers vs Washington Wizards,"July 21, 2027",Capital One Arena,official_feed,False
L006233,oND at WAS,,Capital One Arena,scraped_feed_c,False
L006234,Atlanta Falcons at Dallas Mavericks,1/7/2027,American Airlines Center,partner_feed_a,False
L006235,Atlants Falcons vs Dallas Mavericks,January 7,American Airlines Center,scraped_feed_c,False
L006236,Utah Jazz vs Brooklyn Nets,2027-10-08,Barclays Center,partner_feed_a,False
L006237,BrooklynNets vs Utah Jazz,,BC,scraped_feed_c,False
L006238,New York Knicks at Atlanta Hawks,2028-01-01,State Farm Arena,official_feed,False
L006239,New York Knicks vs Atlanta Hawks,January 1,State Farm Arena,official_feed,False
L006240,Portland Trail Bkazers v. New York Jets,"July 23, 2027",MetLife,scraped_feed_c,False
L006241,NYJ VS POR,July 23,MetLife Stadium,scraped_feed_c,False
L006242,  in  vs cl ,2027-04-13,Rocket Arena,scraped_feed_b,False
L006243,  minnesota  timberwolves at cleveland cavaliers ,2027-04-13,Rocket Arena,scraped_feed_c,False
L006244,IbD vsN O,2027-02-11,Gainbridge Fieldhouse,scraped_feed_c,False
L006245,NO vsI Ns,February 11,Gainbridge Fieldhouse,scraped_feed_b,False
L006246,Memphis Grizzlies vs Dallas Mavericks,July 24,FedExForum,scraped_feed_b,True
L006247,DAL VS MEM,7/25/27,FedExForum,partner_feed_a,False
L006248,  BUd  vs NE ,2027-11-22,Highmark Stadium (Old),scraped_feed_b,False
L006249,BUF c sNE,November 22,HS,scraped_feed_b,False
L006250,Golden State Warriors vs Portland Trail Blazers,10/21/27,MC,scraped_feed_b,False
L006251,Portland Trail Blazers vs Golden State Warriors,"October 21, 2027",Moda Center,partner_feed_a,False
L006252,Atlanta Hawks at Miami Heat,12/7/2028,Kaseya Center,official_feed,False
L006253,Atlanta Hawks at Miami Heat,12/7/2028,Kaseya Center,official_feed,False
L006254,NO at CHI,July 20,United Center Chicago,partner_feed_a,False
L006255,  NO  at vHo ,2027-07-20,UCC,scraped_feed_b,False
L006256,Boston Celtics vs New England Patriots,2/4/2027,Gillette Stadium,partner_feed_a,False
L006257,BOS at NE,2/4/27,Gillette Stadium,partner_feed_a,False
L006258,PHI v. CLE,2027-10-24,Xfinity Mobile Arena,scraped_feed_b,False
L006259,Philadelphia 76ers vs Cleveland Browns,2027-10-24,Xfinity Mobile Arena,partner_feed_a,False
L006260,Dallas Mavericks vs Toronto Raptors,2028-06-26,American Airlines Center,official_feed,False
L006261,TiR vs DsL,,American Airlines Center,scraped_feed_b,False
L006262,Denver Nuggets vs Philadelphia 76ers,2028-11-03,Xfinity Mobile Arena,scraped_feed_b,False
L006263,PHI vs DEN,,Xfinity Mobile Arena,scraped_feed_c,False
L006264,  Cleveland  Cavaliers @ Minnesota Timberwolves ,12/1/28,Target Center Minneapolis,scraped_feed_c,False
L006265,  Minnesota  Timberwolves vs Cleveland Cavaliers ,"December 1, 2028",Target Center,scraped_feed_b,False
L006266,New Orleans Pelicans vs Denver Nuggets,,Ball Arena Denver,scraped_feed_b,False
L006267,Denver Nuggets vs New Orleans Pelicans,9/20/2027,Ball Arena,official_feed,False
L006268,Denver Nuggets vs Philadelphia 76ers,May 21,,scraped_feed_b,False
L006269,Philadelphia 76ers vs Denver Nuggets,May 21,Xfinity Mobile Arena,partner_feed_a,False
L006270,LA Clippers vs Chicago Bears,August 13,Intuit Dome,scraped_feed_c,False
L006271,LA Clippers vs Chicago Bears,August 13,Intuit Dome,official_feed,False
L006272,Oklahoma City Thunder vs Houston Rockets,11/20/2028,Paycom Center,official_feed,False
L006273,HOU vsOKC,11/20/2028,Paycom Center,scraped_feed_c,False
L006274,  CLE  vs ORL ,"June 11, 2027",Rocket Arena,scraped_feed_b,False
L006275,Orlando Magic at Cleveland Cavaliers,2027-06-11,Rocket Arena,partner_feed_a,False
L006276,Sacramento Kings vs Cleveland Cavaliers,June 18,Rocket Arena,official_feed,False
L006277,CLE&nbsp;vs SAC,June 18,Rocket Arena,scraped_feed_c,False
L006278,MEM vs NYK,February 1,Madison Square Garden Arena,partner_feed_a,False
L006279,Memphis Grizzlies at New York Knicks,2/1/28,Madison Square Garden,official_feed,False
L006280,Memphis Grizzlies vs San Antonio Spurs,"May 7, 2027",Frost Bank Center,partner_feed_a,False
L006281,San Antonio Spurs vs Memphis Grizzlies,"May 7, 2027",FBC,scraped_feed_b,False
L006282,Portland Trail Blazers vs Utah Jazz,September 10,Delta Center,scraped_feed_b,False
L006283,Portland Trail Blazers @ Utah Jazz,9/10/28,Vivint Smart Home Arena,scraped_feed_c,False
L006284,Jacksonville Jaguars at Milwaukee Bucks,7/23/2028,Fiserv Forum,official_feed,False
L006285,MIL v. JAX,7/23/28,Fiserv Forum,scraped_feed_b,False
L006286,Washington Wizards at Miami Heat,2027-05-03,Kaseya Center,scraped_feed_b,False
L006287,WAS vs MIA,"May 3, 2027",Kaseya Center,scraped_feed_c,False
L006288,mem vs den,3/18/27,Ball Arena,scraped_feed_b,False
L006289,Memphis Grizzlies @ Denver Nuggets,"March 18, 2027",Ball Arena Denver,scraped_feed_b,False
L006290,  philadelphia  76ers vs atlanta hawks ,"May 23, 2027",Xfinity Mobile Arena,scraped_feed_c,False
L006291,atlanta hawks vs philadelphia 76ers,"May 23, 2027",,partner_feed_a,False
L006292,Team Stars vs Pittsburgh Steelers,1/8/27,Intuit Dome,official_feed,False
L006293,Pittsburgh Steelers at Team Stars,2027-01-08,Intuit Dome,partner_feed_a,False
L006294,Sacramento Kings at Chicago Bulls,August 20,United Center,official_feed,False
L006295,&nbsp; Sacramento  Kings at Chicago Bulls ,"August 20, 2027",,scraped_feed_c,False
L006296,Los Angeles Lakers vs Minnesota Timberwolves,11/24/2028,Target Center,official_feed,False
L006297,Los Angeles Lakers vs Minnesota Timberwolves,"November 24, 2028",Target Center,official_feed,False
L006298,Phoenix Suns vs San Francisco 49ers,February 1,Mortgage Matchup Center,official_feed,False
L006299,San Francisco 49ers vs Phoenix Suns,2/1/27,MMC,scraped_feed_c,False
L006300,EMM at RAI,March 16,State Farm Stadium,scraped_feed_b,False
L006301,Memphis Grizzlies at Arizona Cardinals,"March 16, 2027",State Farm Stadium,official_feed,False
L006302,PHOENIX SUNS AT PHILADELPHIA 76ERS,2028-03-12,Xfinity Mobile Arena,partner_feed_a,False
L006303,phoenix suns vs philadelphia 76ers,"March 12, 2028",Xfinity Mobile Arena,partner_feed_a,False
L006304,ARI ta IND,12/4/28,GF,scraped_feed_c,False
L006305,Arizona Cardinals at Indiana Pacers,12/4/28,Gainbridge Fieldhouse,official_feed,False
L006306,Houston Rockets vs Detroit Lions,2028-07-09,Ford Field,partner_feed_a,False
L006307,  Houston  Rockets at Detroit Lions ,2028-07-09,Ford Field,scraped_feed_b,False
L006308,Dallas Mavericks vs Cleveland Cavaliers,12/19/2028,American Airlines Center,official_feed,False
L006309,CLE v. DA,2028-12-19,American Airlines Center,scraped_feed_c,False
L006310,New Orleans Pelicans at New York Knicks,,Madison Square Garden,partner_feed_a,False
L006311,New York Knicks vs New Orleans Pelicans,August 17,Madison Square Garden,partner_feed_a,False
L006312,CLE at ATL,10/6/2028,State Farm Arena,scraped_feed_b,False
L006313,Atlanta Hawks vs Cleveland Cavaliers,10/6/2028,State Farm Arena,scraped_feed_c,False
L006314,MIN VS CLE,February 19,Target Center,scraped_feed_b,False
L006315,Cleveland Cavaliers at Minnesota Timberwolves,2/19/28,Target Center,official_feed,False
L006316,DEN AT SAS,"April 22, 2027",AT&T Center,scraped_feed_b,True
L006317,DEN AT SAS,4/24/27,Frost Bank Center,partner_feed_a,False
L006318,Orlando Magic at LA Clippers,January 8,Intuit Dome,official_feed,False
L006319,LA Clippers vs Orlando Magic,1/8/27,Intuit Dome,official_feed,False
L006320,DAL vs BKN,7/5/2028,American Airlines Center,partner_feed_a,False
L006321,Brooklyn Nrts v sDallas Mavericks,July 5,AAC,scraped_feed_c,False
L006322,Portland Trail Blazers vs Golden State Warriors,"April 11, 2028",MCP,scraped_feed_c,False
L006323,Portland Trail Blazers vs Golden State Warriors,2028-04-11,Moda Center,official_feed,False
L006324,minnesota timberwolves vs dallas mavericks,"May 27, 2028",Target Center Minneapolis,partner_feed_a,False
L006325,MIN vs DAL,May 27,Target Center,scraped_feed_c,False
L006326,Toronto Raptors vsCharlotte Horners,2/17/2028,,scraped_feed_b,False
L006327,cha vs tor,"February 17, 2028",Time Warner Cable Arena,partner_feed_a,False
L006328,New York Knicks @ Cleveland Cavaliers,4/26/2027,Rocket Arena Cleveland,scraped_feed_b,False
L006329,CLE vs NYK,4/26/2027,Rocket Arena,scraped_feed_b,False
L006330,  iath  Jazz vs Washington Wizards ,2/15/2028,Delta Center,scraped_feed_b,False
L006331,was at uta,"February 15, 2028",Delta Center,partner_feed_a,False
L006332,JAX at MIL,6/3/28,,partner_feed_a,False
L006333,JAX vs MIL,"June 3, 2028",,partner_feed_a,False
L006334,Orlando Magic vs San Antonio Spurs,June 7,Kia Center,official_feed,False
L006335,orl vs sas,"June 7, 2027",Kia Center,partner_feed_a,False
L006336,MIL AT SAC,"December 20, 2028",,scraped_feed_b,False
L006337,SACRAMENTO KINGS VS MILWAUKEE BUCKS,12/20/2028,Golden 1 Center,partner_feed_a,False
L006338,SAS VS NOP,October 16,Smoothie King Center,partner_feed_a,False
L006339,San Antonio Spurs v. New Orleans Pelicans,2028-10-16,Smoothie King Center,scraped_feed_c,False
L006340,  LAR  at PHI ,,Lincoln Financial Field,scraped_feed_b,True
L006341,Los Angeles Rams vs Philadelphia Eagles,12/18/27,Lincoln Financial Field,official_feed,False
L006342,Pittsburgh Steelers vs Kansas City Chiefs,3/1/27,Acrisure Stadium,official_feed,False
L006343,Kansas City Chiefs at Pittsburgh Steelers,"March 1, 2027",Acrisure Stadium,scraped_feed_b,False
L006344,Detroit Pistons vs Toronto Raptors,9/12/2027,Scotiabank Arena,partner_feed_a,False
L006345,  DET  v. TR ,September 12,,scraped_feed_b,False
L006346,  Dallas  Mavericks vs ChucagoB ears ,"June 2, 2027",AAC,scraped_feed_c,True
L006347,CHI vs DAL,6/1/27,AAC,partner_feed_a,False
L006348,DET at TEN,2028-12-24,,partner_feed_a,False
L006349,Tennessee Titans vs Detroit Pistons,"December 24, 2028",Nissan Stadium,official_feed,False
L006350,Brooklyn Nets at Boston Celtics,2027-09-08,,partner_feed_a,False
L006351,oBston Celtics vs Brooklyn Nets,9/8/27,TD Garden,scraped_feed_c,False
L006352,UTA VS SAC,3/23/27,Golden 1 Center,partner_feed_a,False
L006353,  UA  vs SAx ,2027-03-23,,scraped_feed_b,False
L006354,Indiana Pacers vs Golden State Warriors,April 28,Gainbridge Fieldhouse,official_feed,False
L006355,Indiana Pacers v. Golden Satte Warriors,4/28/27,Gainbridge Fieldhouse,scraped_feed_b,False
L006356,MIA vs NYK,2028-08-24,,partner_feed_a,False
L006357,NEW YORK KNICKS AT MIAMI HEAT,8/24/28,Kaseya Center,partner_feed_a,False
L006358,Utah Jazz vs LA Clippers,September 5,Intuit Dome,official_feed,False
L006359,UTA at LA Clippers,"September 5, 2027",Intuit Dome Los Angeles,partner_feed_a,False
L006360,Oklahoma City Thunder vs Chicago Bulls,10/19/27,Paycom Center,official_feed,False
L006361,Chicago Bulls vs Oklahoma City Thunder,2027-10-19,Paycom Center,official_feed,False
L006362,MEM at OKC,"April 10, 2027",Paycom Center,partner_feed_a,False
L006363,mem at okc,"April 10, 2027",Paycom Center,scraped_feed_c,False
L006364,Chicago Bulls vs New Orleans Pelicans,12/27/28,United Center,official_feed,False
L006365,New Orleans Pelicans at Chicago Bulls,12/27/28,United Center,official_feed,False
L006366,Toronto Raptors at San Francisco 49ers,August 9,Levi's Stadium,partner_feed_a,False
L006367,Toronto Raptors vs San Francisco 49ers,"August 9, 2028",Levi's Stadium,official_feed,False
L006368,MINNESOTA TIMBWRWOLVES VS DENVER NUGGETS,March 25,Ball Arena,scraped_feed_b,False
L006369,Minnesota Timberwolves at Denver Nuggets,March 25,Ball Arena,official_feed,False
L006370,New York Knicks at Los Angeles Rams,3/4/2027,SoFi Stadium Los Angeles,scraped_feed_b,False
L006371,New York Knicks vs Los Angeles Rams,3/4/27,SoFi Stadium,official_feed,False
L006372,emphis Grizzlied vs Miami Heat,June 14,,scraped_feed_b,False
L006373,  MIA  V MEM ,6/14/2028,Kaseya Center,scraped_feed_c,False
L006374,Los Angeles Lakers at Utah Jazz,4/15/28,Delta Center,official_feed,False
L006375,Utah Jazz vs Los Angeles Lakers,2028-04-15,,scraped_feed_c,False
L006376,Orlando Magic at Washington Wizards,"February 3, 2028",MCI Center,partner_feed_a,False
L006377,Orlando Magic vs Washington Wizards,2/3/2028,Capital One Arena,official_feed,False
L006378,NYG at RO,12/23/28,Scotiabank Arena,scraped_feed_b,False
L006379,New York Giants vs Toronto Raptors,12/23/2028,,partner_feed_a,False
L006380,San Antonio Spurs vs Milwaukee Bucks,2027-06-05,Fiserv Forum,partner_feed_a,False
L006381,San Antonio Spurs vs Milwaukee Bucks,"June 5, 2027",Fiserv Forum,official_feed,False
L006382,PHI VS DAL,2027-06-13,American Airlines Center,partner_feed_a,False
L006383,Dallas Mavericks vs Philadelphia Eagles,2027-06-13,,partner_feed_a,False
L006384,Oklahoma City Thunder vs Portland Trail Blazers,5/27/28,Moda Center,partner_feed_a,False
L006385,OKC&nbsp;AT POR,5/27/2028,Moda Center,scraped_feed_c,False
L006386,BROOKYLN NETSVS INDIANA PACERS,8/18/2028,Gainbridge Fieldhouse,scraped_feed_c,False
L006387,  bkn  @ ind ,8/18/28,Gainbridge Fieldhouse,scraped_feed_c,False
L006388,Atlanta Hawks at Los Angeles Rams,2/15/27,SoFi Stadium,official_feed,False
L006389,ATL at LAR,2/15/2027,SoFi Stadium,partner_feed_a,False
L006390,SAS vs ARI,2027-02-01,Frost Bank Center,partner_feed_a,False
L006391,SAN ANTONIO SPURS VS ARIZONA CARDINALS,February 2,Frost Bank Center,scraped_feed_c,True
L006392,Washington Commanders v. Milwaukee Bucks,March 9,Fiserv Forum,scraped_feed_b,True
L006393,Washington Commanders at Milwaukee Bucks,3/7/2027,Fiserv Forum,official_feed,False
L006394,PORTLAND TRAIL BLAZERS VS INDIANA PACERS,October 19,,partner_feed_a,False
L006395,Portland Trail Bazers @ Indoana Pacers,"October 19, 2027",Gainbridge Fieldhouse,scraped_feed_c,False
L006396,IND s ORL,2027-01-03,Kia Center Orlando,scraped_feed_b,False
L006397,ORL vs IND,January 3,Kia Center Orlando,partner_feed_a,False
L006398,new yor kknicks vs orlando magic,,MSG,scraped_feed_c,False
L006399,NYK vs ORL,"March 3, 2028",Madison Square Garden,partner_feed_a,False
L006400,Milwaukee Bucks at Atlanta Falcons,2027-01-15,Mercedes-Benz Stadium,official_feed,False
L006401,Milwaukee Bucks vs Atlanta Falcons,2027-01-15,Mercedes-Benz Stadium,scraped_feed_c,False
L006402,Philadelphia 76ers at Denver Nuggets,12/13/28,Ball Arena,official_feed,False
L006403,PHI at DEN,12/13/28,Pepsi Center,partner_feed_a,False
L006404,Charkotte Hornets vs ouston Rockets,"November 14, 2028",SC,scraped_feed_b,False
L006405,HOU at CHA,November 14,Spectrum Center,partner_feed_a,False
L006406,Atlanta Hawjs vs LA Clippers,3/9/2027,Intuit Dome,scraped_feed_c,False
L006407,LA Clippers vs Atlanta Hawks,3/9/2027,Intuit Dome,official_feed,False
L006408,Indiana Pacers vs Dallas Mavericks,January 20,Gainbridge Fieldhouse,official_feed,False
L006409,indiana pacers vs dallas mavericks,,Gainbridge Fieldhouse,scraped_feed_c,False
L006410,orl vs sac,2027-11-10,,partner_feed_a,False
L006411,SACRAMENTO KINGS VS ORLANDO MAGIC,2027-11-10,Kia Center Orlando,partner_feed_a,False
L006412,  Philadelphia  76er svs Los Angele sLakers ,January 3,crypto.com Arena,scraped_feed_b,False
L006413,Philadelphia 76ers at Los Angeles Lakers,1/3/28,crypto.com Arena,official_feed,False
L006414,LA Clippers vs Houston Rockets,"July 7, 2027",Intuit Dome,partner_feed_a,False
L006415,houston rockets vs la clippers,7/7/27,Intuit Dome Los Angeles,partner_feed_a,False
L006416,cle vsn yj,November 26,The Q,scraped_feed_b,False
L006417,CLE VS NYJ,November 26,Rocket Arena,partner_feed_a,False
L006418,Green Bay Packers at Dallas Mavericks,7/26/27,American Airlines Center,official_feed,False
L006419,GB ar DAL,7/25/27,American Airlines Center,scraped_feed_b,True
L006420,Miami Heat vs Kansas City Chiefs,9/26/28,,partner_feed_a,False
L006421,MIA at KC,9/26/28,Arrowhead Stadium,partner_feed_a,False
